0.53,0.53,1.0,1.0,1.0,1.0,0.16,0.16,0.3,0.3,0.34,0.38,0.02,0.02,1.0,0.22,0.99,0.63,0.25,0.99,0.99,0.25,0.25,0.56,0.45,0.56,0.45,0.01,0.65,0.57,0.488,0.393
0.53,0.53,1.0,1.0,1.0,1.0,0.16,0.16,0.29,0.29,0.35,0.38,0.03,0.02,1.0,0.23,0.99,0.63,0.25,0.99,0.99,0.25,0.25,0.57,0.44,0.56,0.45,0.02,0.59,0.565,0.495,0.397
0.53,0.53,1.0,1.0,1.0,1.0,0.16,0.16,0.3,0.3,0.34,0.38,0.03,0.02,1.0,0.23,0.99,0.63,0.25,0.99,0.99,0.25,0.25,0.57,0.44,0.56,0.45,0.01,0.58,0.553,0.503,0.435
0.53,0.53,1.0,1.0,1.0,1.0,0.16,0.16,0.3,0.3,0.34,0.38,0.03,0.02,1.0,0.22,0.99,0.63,0.25,0.99,0.99,0.25,0.25,0.57,0.44,0.56,0.45,0.01,0.59,0.549,0.527,0.448
0.51,0.51,0.95,0.95,1.0,1.0,0.16,0.16,0.42,0.42,0.31,0.41,0.02,0.02,1.0,0.22,0.99,0.63,0.25,0.99,0.99,0.25,0.25,0.56,0.44,0.56,0.45,0.01,0.59,0.558,0.545,0.454
0.49,0.49,0.9,0.9,1.0,1.0,0.16,0.16,0.5,0.5,0.34,0.39,0.0,0.0,1.0,0.23,0.99,0.63,0.25,0.99,0.99,0.25,0.25,0.53,0.49,0.53,0.49,0.02,0.6,0.555,0.542,0.465
0.49,0.49,0.9,0.9,1.0,1.0,0.16,0.16,0.51,0.51,0.33,0.39,0.0,0.0,1.0,0.23,0.99,0.63,0.25,0.99,0.99,0.25,0.25,0.52,0.51,0.51,0.53,0.02,0.6,0.537,0.54,0.47
0.48,0.48,0.88,0.88,1.0,1.0,0.16,0.16,0.51,0.51,0.31,0.42,0.0,0.0,1.0,0.23,0.99,0.64,0.25,0.99,0.99,0.25,0.25,0.5,0.55,0.49,0.56,0.02,0.61,0.524,0.527,0.463
0.46,0.46,0.84,0.84,1.0,1.0,0.16,0.16,0.49,0.49,0.32,0.4,0.0,0.0,1.0,0.23,0.99,0.63,0.25,0.99,0.99,0.25,0.25,0.51,0.52,0.51,0.53,0.02,0.61,0.518,0.522,0.461
0.48,0.48,0.88,0.88,1.0,1.0,0.16,0.16,0.5,0.5,0.3,0.43,0.0,0.0,1.0,0.23,0.99,0.63,0.25,0.99,0.99,0.25,0.25,0.51,0.52,0.51,0.53,0.02,0.62,0.516,0.52,0.458
0.49,0.49,0.9,0.9,1.0,1.0,0.16,0.16,0.49,0.49,0.3,0.42,0.0,0.0,1.0,0.23,0.99,0.63,0.25,0.99,0.99,0.25,0.25,0.51,0.52,0.51,0.53,0.02,0.63,0.519,0.517,0.461
0.49,0.49,0.9,0.9,1.0,1.0,0.16,0.16,0.48,0.48,0.3,0.43,0.0,0.0,1.0,0.23,0.99,0.63,0.25,0.99,0.99,0.25,0.25,0.52,0.51,0.52,0.52,0.02,0.63,0.533,0.517,0.465
0.49,0.49,0.91,0.91,1.0,1.0,0.16,0.16,0.48,0.48,0.31,0.41,0.0,0.0,1.0,0.22,0.99,0.63,0.25,0.99,0.99,0.25,0.25,0.52,0.52,0.51,0.52,0.02,0.63,0.539,0.515,0.465
0.49,0.49,0.91,0.91,1.0,1.0,0.16,0.16,0.49,0.49,0.31,0.41,0.0,0.0,1.0,0.22,0.99,0.63,0.25,0.99,0.99,0.25,0.25,0.51,0.52,0.51,0.52,0.02,0.63,0.548,0.508,0.468
0.49,0.49,0.91,0.91,1.0,1.0,0.16,0.16,0.49,0.49,0.31,0.41,0.0,0.0,1.0,0.22,0.99,0.63,0.25,0.99,0.99,0.25,0.25,0.51,0.52,0.51,0.53,0.02,0.63,0.549,0.51,0.475
0.49,0.49,0.91,0.91,1.0,1.0,0.16,0.16,0.49,0.49,0.31,0.42,0.0,0.0,1.0,0.22,0.99,0.63,0.25,0.99,0.99,0.25,0.25,0.51,0.53,0.51,0.53,0.02,0.63,0.544,0.515,0.477
0.49,0.49,0.91,0.91,1.0,1.0,0.16,0.16,0.49,0.49,0.31,0.41,0.0,0.0,1.0,0.22,0.99,0.63,0.25,0.99,0.99,0.25,0.25,0.51,0.53,0.51,0.53,0.02,0.63,0.545,0.517,0.475
0.49,0.49,0.91,0.91,1.0,1.0,0.16,0.16,0.48,0.48,0.31,0.42,0.0,0.0,1.0,0.22,0.99,0.63,0.25,0.99,0.99,0.25,0.25,0.51,0.52,0.51,0.53,0.02,0.63,0.549,0.518,0.475
0.49,0.49,0.91,0.91,1.0,1.0,0.16,0.16,0.35,0.35,0.33,0.4,0.0,0.0,1.0,0.22,0.99,0.63,0.25,0.99,0.99,0.25,0.25,0.53,0.49,0.52,0.5,0.02,0.63,0.546,0.518,0.476
0.5,0.5,0.94,0.94,1.0,1.0,0.16,0.16,0.3,0.3,0.34,0.38,0.0,0.0,1.0,0.23,0.98,0.63,0.26,0.98,0.99,0.26,0.26,0.54,0.48,0.53,0.49,0.02,0.61,0.551,0.522,0.479
0.5,0.5,0.94,0.94,1.0,1.0,0.16,0.16,0.34,0.34,0.34,0.38,0.0,0.0,1.0,0.23,0.98,0.63,0.25,0.98,0.99,0.25,0.25,0.52,0.51,0.51,0.52,0.01,0.6,0.556,0.517,0.475
0.5,0.5,0.94,0.94,1.0,1.0,0.16,0.16,0.35,0.35,0.34,0.39,0.0,0.0,1.0,0.22,0.99,0.63,0.25,0.99,0.99,0.25,0.25,0.53,0.5,0.52,0.52,0.01,0.6,0.56,0.513,0.475
0.51,0.51,0.95,0.95,1.0,1.0,0.16,0.16,0.35,0.35,0.33,0.39,0.0,0.0,1.0,0.22,0.99,0.63,0.25,0.99,0.99,0.25,0.25,0.54,0.48,0.53,0.49,0.01,0.59,0.571,0.517,0.475
0.51,0.51,0.96,0.96,1.0,1.0,0.16,0.16,0.35,0.35,0.33,0.39,0.0,0.0,1.0,0.22,0.99,0.63,0.25,0.99,0.99,0.25,0.25,0.54,0.46,0.54,0.47,0.01,0.59,0.576,0.522,0.47
0.52,0.52,0.97,0.97,1.0,1.0,0.16,0.16,0.35,0.35,0.33,0.39,0.0,0.0,1.0,0.22,0.99,0.63,0.25,0.99,0.99,0.25,0.25,0.55,0.46,0.54,0.47,0.01,0.59,0.576,0.522,0.465
0.57,0.57,1.0,1.0,0.97,0.97,0.94,0.94,0.34,0.34,0.34,0.39,0.02,0.02,1.0,0.26,0.94,0.66,0.28,0.94,0.95,0.28,0.28,0.56,0.45,0.56,0.44,0.02,0.58,0.576,0.522,0.467
0.57,0.57,1.0,1.0,0.97,0.97,0.91,0.91,0.28,0.28,0.35,0.37,0.02,0.06,1.0,0.27,0.94,0.66,0.27,0.94,0.94,0.27,0.27,0.56,0.45,0.59,0.43,0.02,0.6,0.568,0.522,0.47
0.5,0.5,0.94,0.94,1.0,1.0,0.16,0.16,0.32,0.32,0.34,0.38,0.02,0.03,1.0,0.24,0.97,0.64,0.26,0.97,0.97,0.26,0.26,0.56,0.45,0.57,0.44,0.02,0.6,0.569,0.518,0.475
0.5,0.5,0.94,0.94,1.0,1.0,0.16,0.16,0.34,0.34,0.35,0.37,0.0,0.0,1.0,0.23,0.97,0.64,0.26,0.97,0.97,0.26,0.26,0.53,0.49,0.53,0.5,0.02,0.59,0.571,0.505,0.475
0.48,0.48,0.88,0.88,1.0,1.0,0.16,0.16,0.34,0.34,0.36,0.37,0.0,0.0,1.0,0.23,0.97,0.64,0.26,0.97,0.98,0.26,0.26,0.52,0.52,0.5,0.55,0.01,0.58,0.582,0.512,0.475
0.47,0.47,0.85,0.85,1.0,1.0,0.16,0.16,0.49,0.49,0.43,0.3,0.0,0.0,1.0,0.23,0.98,0.64,0.26,0.98,0.98,0.26,0.26,0.52,0.52,0.52,0.52,0.02,0.58,0.588,0.528,0.475
0.46,0.46,0.85,0.85,1.0,1.0,0.16,0.16,0.52,0.52,0.38,0.35,0.0,0.0,1.0,0.23,0.98,0.64,0.26,0.98,0.98,0.26,0.26,0.5,0.55,0.5,0.55,0.02,0.59,0.596,0.532,0.478
0.46,0.46,0.83,0.83,1.0,1.0,0.16,0.16,0.65,0.65,0.34,0.39,0.0,0.0,1.0,0.28,0.98,0.67,0.28,0.98,0.98,0.28,0.28,0.43,0.69,0.43,0.68,0.03,0.58,0.599,0.52,0.469
0.55,0.55,1.0,1.0,0.98,0.98,0.16,0.16,0.45,0.45,0.32,0.4,0.0,0.0,1.0,0.29,0.98,0.68,0.29,0.98,0.98,0.29,0.29,0.31,0.92,0.31,0.92,0.04,0.59,0.599,0.512,0.471
0.57,0.57,1.0,1.0,0.97,0.97,0.16,0.16,0.51,0.51,0.29,0.44,0.0,0.0,0.75,0.3,0.97,0.69,0.29,0.97,0.97,0.29,0.29,0.31,0.92,0.31,0.92,0.04,0.77,0.59,0.505,0.478
0.57,0.57,1.0,1.0,0.97,0.97,0.16,0.16,0.57,0.57,0.28,0.45,0.0,0.0,0.75,0.27,0.97,0.66,0.28,0.97,0.97,0.28,0.28,0.31,0.92,0.31,0.92,0.03,0.87,0.593,0.49,0.488
0.57,0.57,1.0,1.0,0.97,0.97,0.16,0.16,0.56,0.56,0.28,0.45,0.0,0.0,0.75,0.26,0.96,0.66,0.28,0.96,0.96,0.28,0.28,0.31,0.92,0.31,0.92,0.03,0.87,0.596,0.492,0.494
0.57,0.57,1.0,1.0,0.97,0.97,0.16,0.16,0.53,0.53,0.28,0.45,0.0,0.0,0.75,0.25,0.96,0.65,0.29,0.96,0.96,0.29,0.29,0.31,0.92,0.31,0.92,0.02,1.0,0.596,0.5,0.493
0.56,0.56,1.0,1.0,0.97,0.97,0.16,0.16,0.5,0.5,0.28,0.44,0.0,0.0,0.75,0.25,0.96,0.65,0.34,0.96,0.96,0.34,0.34,0.31,0.92,0.31,0.92,0.03,1.0,0.605,0.508,0.496
0.58,0.58,1.0,1.0,0.96,0.96,0.8,0.79,0.22,0.22,0.35,0.38,0.0,0.0,0.5,0.29,0.55,0.68,0.56,0.54,0.56,0.56,0.56,0.52,0.52,0.55,0.46,0.08,1.0,0.616,0.513,0.491
0.58,0.58,1.0,1.0,0.96,0.96,0.34,0.34,0.2,0.2,0.35,0.37,0.13,0.2,0.5,0.29,0.43,0.68,0.56,0.42,0.44,0.56,0.56,0.64,0.41,0.68,0.39,0.09,1.0,0.621,0.528,0.491
0.58,0.58,1.0,1.0,0.96,0.96,0.25,0.25,0.2,0.2,0.37,0.36,0.27,0.31,0.5,0.29,0.42,0.68,0.56,0.41,0.42,0.56,0.56,0.73,0.37,0.76,0.36,0.09,1.0,0.65,0.538,0.489
0.59,0.59,1.0,1.0,0.95,0.95,0.23,0.23,0.19,0.19,0.38,0.35,0.31,0.38,0.5,0.29,0.41,0.68,0.56,0.41,0.41,0.56,0.56,0.76,0.36,0.8,0.34,0.09,1.0,0.7,0.542,0.494
0.59,0.59,1.0,1.0,0.95,0.95,0.25,0.25,0.17,0.17,0.39,0.34,0.36,0.42,0.25,0.29,0.39,0.68,0.56,0.39,0.39,0.56,0.56,0.79,0.34,0.83,0.33,0.1,1.0,0.741,0.552,0.506
0.59,0.59,1.0,1.0,0.96,0.96,0.16,0.16,0.25,0.25,0.39,0.34,0.25,0.33,0.25,0.29,0.43,0.68,0.56,0.44,0.43,0.56,0.56,0.72,0.37,0.77,0.35,0.1,1.0,0.786,0.565,0.535
0.58,0.58,1.0,1.0,0.96,0.96,0.16,0.16,0.25,0.25,0.39,0.34,0.33,0.4,0.25,0.29,0.29,0.68,0.56,0.3,0.28,0.56,0.56,0.77,0.35,0.82,0.33,0.1,1.0,0.822,0.578,0.553
0.58,0.58,1.0,1.0,0.96,0.96,0.16,0.16,0.22,0.22,0.38,0.34,0.55,0.6,0.25,0.29,0.25,0.68,0.56,0.25,0.25,0.56,0.56,0.92,0.29,0.95,0.27,0.13,1.0,0.857,0.583,0.57
0.58,0.58,1.0,1.0,0.96,0.96,0.16,0.16,0.2,0.2,0.39,0.34,0.58,0.63,0.25,0.3,0.25,0.69,0.56,0.25,0.25,0.56,0.56,0.94,0.28,0.97,0.26,0.15,0.75,0.854,0.598,0.58
0.58,0.58,1.0,1.0,0.96,0.96,0.16,0.16,0.19,0.19,0.39,0.34,0.55,0.6,0.0,0.3,0.25,0.69,0.56,0.25,0.25,0.56,0.56,0.92,0.29,0.95,0.27,0.15,0.71,0.864,0.605,0.586
0.58,0.58,1.0,1.0,0.96,0.96,0.16,0.16,0.2,0.2,0.39,0.33,0.49,0.54,0.0,0.3,0.25,0.69,0.56,0.25,0.25,0.56,0.56,0.88,0.3,0.91,0.29,0.14,0.77,0.881,0.605,0.589
0.58,0.58,1.0,1.0,0.96,0.96,0.16,0.16,0.21,0.21,0.4,0.33,0.48,0.52,0.0,0.31,0.25,0.69,0.56,0.25,0.25,0.56,0.56,0.87,0.31,0.9,0.29,0.14,0.82,0.889,0.612,0.592
0.58,0.58,1.0,1.0,0.96,0.96,0.16,0.16,0.23,0.23,0.4,0.33,0.46,0.51,0.0,0.31,0.25,0.69,0.56,0.25,0.25,0.56,0.56,0.86,0.31,0.89,0.3,0.13,0.96,0.889,0.613,0.592
0.58,0.58,1.0,1.0,0.96,0.96,0.16,0.16,0.25,0.25,0.41,0.32,0.46,0.51,0.0,0.31,0.25,0.69,0.56,0.25,0.25,0.56,0.56,0.86,0.31,0.89,0.3,0.11,1.0,0.889,0.608,0.595
0.57,0.57,1.0,1.0,0.96,0.96,0.16,0.16,0.26,0.26,0.42,0.31,0.48,0.52,0.0,0.3,0.25,0.69,0.56,0.25,0.25,0.56,0.56,0.87,0.31,0.9,0.29,0.11,1.0,0.876,0.605,0.596
0.57,0.57,1.0,1.0,0.97,0.97,0.16,0.16,0.26,0.26,0.41,0.31,0.46,0.51,0.0,0.3,0.25,0.69,0.56,0.25,0.25,0.56,0.56,0.86,0.31,0.89,0.3,0.16,0.84,0.871,0.602,0.598
0.56,0.56,1.0,1.0,0.98,0.98,0.16,0.16,0.26,0.26,0.41,0.32,0.38,0.39,0.0,0.32,0.25,0.7,0.56,0.25,0.25,0.56,0.56,0.8,0.34,0.81,0.33,0.16,0.85,0.856,0.602,0.602
0.0,0.0,0.0,0.0,1.0,1.0,0.16,0.16,0.27,0.27,0.39,0.33,0.31,0.36,0.0,0.32,0.25,0.71,0.56,0.25,0.25,0.56,0.56,0.76,0.35,0.79,0.35,0.14,0.94,0.844,0.598,0.605
0.0,0.0,0.0,0.0,1.0,1.0,0.16,0.16,0.28,0.28,0.39,0.34,0.3,0.33,0.0,0.33,0.25,0.71,0.56,0.25,0.25,0.56,0.56,0.75,0.36,0.77,0.35,0.13,1.0,0.833,0.593,0.6
0.0,0.0,0.0,0.0,1.0,1.0,0.16,0.16,0.32,0.32,0.38,0.34,0.0,0.0,0.0,0.33,0.25,0.71,0.56,0.25,0.25,0.56,0.56,0.43,0.67,0.44,0.66,0.11,1.0,0.815,0.583,0.595
0.0,0.0,0.0,0.0,1.0,1.0,0.16,0.16,0.36,0.36,0.38,0.35,0.0,0.0,0.0,0.34,0.41,0.71,0.56,0.4,0.41,0.56,0.56,0.37,0.79,0.38,0.78,0.11,1.0,0.796,0.575,0.582
0.0,0.0,0.0,0.0,1.0,1.0,0.16,0.16,0.35,0.35,0.37,0.36,0.15,0.16,0.0,0.34,0.25,0.71,0.56,0.25,0.25,0.56,0.56,0.65,0.41,0.66,0.4,0.1,1.0,0.776,0.562,0.575
0.0,0.0,0.0,0.0,1.0,1.0,0.16,0.16,0.34,0.34,0.36,0.37,0.22,0.24,0.0,0.34,0.25,0.72,0.56,0.25,0.25,0.56,0.56,0.7,0.38,0.71,0.38,0.1,1.0,0.759,0.538,0.567
0.0,0.0,0.0,0.0,1.0,1.0,0.16,0.16,0.35,0.35,0.35,0.38,0.3,0.31,0.0,0.34,0.25,0.72,0.56,0.25,0.25,0.56,0.56,0.75,0.36,0.76,0.36,0.1,1.0,0.745,0.522,0.555
0.0,0.0,0.0,0.0,1.0,1.0,0.16,0.16,0.35,0.35,0.33,0.39,0.27,0.3,0.0,0.34,0.25,0.72,0.56,0.25,0.25,0.56,0.56,0.73,0.37,0.75,0.36,0.1,1.0,0.734,0.515,0.558
0.0,0.0,0.0,0.0,1.0,1.0,0.16,0.16,0.36,0.36,0.33,0.4,0.25,0.28,0.0,0.34,0.25,0.72,0.56,0.25,0.25,0.56,0.56,0.72,0.37,0.74,0.37,0.1,1.0,0.726,0.508,0.555
0.0,0.0,0.0,0.0,1.0,1.0,0.16,0.16,0.36,0.36,0.32,0.41,0.24,0.28,0.0,0.35,0.25,0.72,0.56,0.25,0.25,0.56,0.56,0.71,0.38,0.74,0.37,0.1,1.0,0.73,0.498,0.554
0.0,0.0,0.0,0.0,1.0,1.0,0.16,0.16,0.35,0.35,0.31,0.41,0.22,0.25,0.0,0.35,0.25,0.73,0.56,0.25,0.25,0.56,0.56,0.7,0.38,0.72,0.37,0.15,1.0,0.715,0.492,0.545
0.0,0.0,0.0,0.0,1.0,1.0,0.16,0.16,0.37,0.37,0.32,0.41,0.21,0.25,0.0,0.38,0.25,0.74,0.56,0.25,0.25,0.56,0.56,0.69,0.39,0.72,0.37,0.27,1.0,0.709,0.487,0.543
0.0,0.0,0.0,0.0,1.0,1.0,0.16,0.16,0.4,0.4,0.32,0.4,0.24,0.25,0.0,0.4,0.25,0.76,0.56,0.25,0.25,0.56,0.56,0.71,0.38,0.72,0.38,0.45,0.5,0.709,0.477,0.538
0.0,0.0,0.0,0.0,1.0,1.0,0.16,0.16,0.41,0.41,0.31,0.41,0.3,0.31,0.0,0.41,0.25,0.77,0.56,0.25,0.25,0.56,0.56,0.75,0.36,0.76,0.36,0.62,0.5,0.694,0.475,0.535
0.03,0.03,0.0,0.0,1.0,1.0,0.16,0.16,0.42,0.42,0.31,0.42,0.33,0.38,0.0,0.4,0.25,0.76,0.56,0.25,0.25,0.56,0.56,0.77,0.35,0.8,0.34,0.66,0.5,0.709,0.463,0.533
0.05,0.05,0.0,0.0,1.0,1.0,0.16,0.16,0.42,0.42,0.31,0.42,0.36,0.4,0.0,0.39,0.25,0.76,0.56,0.25,0.25,0.56,0.56,0.79,0.34,0.82,0.33,0.68,0.5,0.694,0.462,0.531
0.05,0.05,0.0,0.0,1.0,1.0,0.16,0.16,0.42,0.42,0.31,0.42,0.36,0.4,0.0,0.39,0.25,0.76,0.56,0.25,0.25,0.56,0.56,0.79,0.34,0.82,0.33,0.67,0.5,0.698,0.465,0.522
0.04,0.04,0.0,0.0,1.0,1.0,0.16,0.16,0.42,0.42,0.31,0.42,0.34,0.38,0.0,0.39,0.25,0.76,0.56,0.25,0.25,0.56,0.56,0.78,0.35,0.8,0.34,0.66,0.5,0.706,0.455,0.517
0.02,0.02,0.0,0.0,1.0,1.0,0.16,0.16,0.44,0.44,0.31,0.41,0.24,0.28,0.0,0.41,0.25,0.77,0.56,0.25,0.25,0.56,0.56,0.71,0.38,0.74,0.36,0.43,1.0,0.713,0.453,0.518
0.0,0.0,0.0,0.0,1.0,1.0,0.16,0.16,0.42,0.42,0.31,0.42,0.24,0.25,0.0,0.4,0.25,0.76,0.56,0.25,0.25,0.56,0.56,0.71,0.38,0.72,0.38,0.17,0.69,0.707,0.455,0.518
0.57,0.57,1.0,1.0,0.96,0.96,0.42,0.42,0.19,0.19,0.3,0.43,0.46,0.46,0.75,0.31,0.79,0.69,0.52,0.78,0.8,0.52,0.52,0.86,0.31,0.86,0.31,0.14,0.39,0.702,0.452,0.521
0.58,0.58,1.0,1.0,0.96,0.96,0.2,0.2,0.24,0.24,0.3,0.43,0.27,0.25,0.75,0.3,0.79,0.69,0.5,0.77,0.8,0.5,0.5,0.73,0.37,0.72,0.37,0.1,0.48,0.704,0.45,0.526
0.58,0.58,1.0,1.0,0.96,0.96,0.16,0.16,0.25,0.25,0.3,0.43,0.22,0.21,0.75,0.31,0.76,0.69,0.5,0.74,0.77,0.5,0.5,0.7,0.38,0.69,0.39,0.08,0.51,0.684,0.442,0.523
0.61,0.61,1.0,1.0,0.93,0.93,0.95,0.95,0.25,0.25,0.31,0.42,0.21,0.18,0.75,0.34,0.68,0.72,0.44,0.66,0.7,0.44,0.44,0.69,0.39,0.67,0.39,0.08,0.54,0.679,0.408,0.503
0.6,0.6,1.0,1.0,0.94,0.94,0.41,0.41,0.16,0.16,0.32,0.41,0.25,0.24,0.25,0.38,0.51,0.75,0.5,0.49,0.53,0.5,0.5,0.72,0.37,0.71,0.38,0.08,0.53,0.706,0.372,0.478
0.6,0.6,1.0,1.0,0.95,0.95,0.19,0.18,0.26,0.26,0.32,0.4,0.22,0.25,0.25,0.37,0.41,0.74,0.56,0.4,0.41,0.56,0.56,0.7,0.38,0.72,0.37,0.08,0.64,0.714,0.355,0.474
0.59,0.59,1.0,1.0,0.95,0.95,0.16,0.16,0.29,0.29,0.33,0.4,0.0,0.0,0.25,0.34,0.61,0.71,0.47,0.61,0.62,0.47,0.47,0.46,0.63,0.48,0.59,0.05,0.8,0.729,0.347,0.47
0.6,0.6,1.0,1.0,0.94,0.94,0.16,0.16,0.3,0.3,0.33,0.4,0.0,0.0,0.5,0.29,0.84,0.68,0.32,0.84,0.84,0.32,0.32,0.31,0.92,0.31,0.92,0.03,0.81,0.741,0.357,0.481
0.6,0.6,1.0,1.0,0.94,0.94,0.16,0.16,0.33,0.33,0.33,0.39,0.0,0.0,0.5,0.27,0.9,0.66,0.29,0.9,0.9,0.29,0.29,0.31,0.92,0.31,0.92,0.02,0.62,0.744,0.368,0.485
0.56,0.56,1.0,1.0,0.98,0.98,0.16,0.16,0.35,0.35,0.34,0.39,0.07,0.02,0.75,0.26,0.91,0.65,0.29,0.91,0.91,0.29,0.29,0.6,0.43,0.56,0.45,0.02,0.59,0.72,0.383,0.499
0.56,0.56,1.0,1.0,0.98,0.98,0.16,0.16,0.36,0.36,0.34,0.38,0.28,0.2,0.75,0.25,0.92,0.65,0.29,0.91,0.93,0.29,0.29,0.74,0.37,0.68,0.39,0.02,0.57,0.711,0.398,0.505
0.56,0.56,1.0,1.0,0.98,0.98,0.16,0.16,0.37,0.37,0.34,0.39,0.0,0.0,0.75,0.25,0.94,0.65,0.29,0.93,0.94,0.29,0.29,0.31,0.92,0.31,0.92,0.02,0.56,0.697,0.403,0.504
0.58,0.58,1.0,1.0,0.96,0.96,0.46,0.46,0.25,0.25,0.35,0.37,0.0,0.0,0.75,0.25,0.94,0.65,0.29,0.94,0.94,0.29,0.29,0.31,0.92,0.31,0.92,0.02,0.62,0.669,0.422,0.505
0.57,0.57,1.0,1.0,0.97,0.97,0.16,0.16,0.41,0.41,0.36,0.36,0.0,0.0,0.75,0.26,0.92,0.66,0.3,0.92,0.92,0.3,0.3,0.31,0.92,0.31,0.92,0.02,0.62,0.646,0.435,0.5
0.56,0.56,1.0,1.0,0.97,0.97,0.16,0.16,0.48,0.48,0.39,0.33,0.0,0.0,0.75,0.26,0.93,0.66,0.31,0.93,0.92,0.31,0.31,0.31,0.92,0.31,0.92,0.02,0.62,0.631,0.448,0.5
0.56,0.56,1.0,1.0,0.98,0.98,0.16,0.16,0.52,0.52,0.41,0.31,0.0,0.0,0.5,0.26,0.93,0.65,0.31,0.93,0.93,0.31,0.31,0.31,0.92,0.31,0.92,0.02,0.6,0.611,0.465,0.505
0.56,0.56,1.0,1.0,0.98,0.98,0.16,0.16,0.52,0.52,0.41,0.31,0.0,0.0,0.5,0.25,0.93,0.65,0.31,0.93,0.92,0.31,0.31,0.31,0.92,0.31,0.92,0.02,0.58,0.586,0.495,0.507
0.0,0.0,0.0,0.0,1.0,1.0,0.16,0.16,0.59,0.59,0.45,0.28,0.0,0.0,0.5,0.26,0.93,0.65,0.31,0.93,0.92,0.31,0.31,0.31,0.92,0.31,0.92,0.02,0.55,0.544,0.548,0.518
0.01,0.01,0.0,0.0,1.0,1.0,0.16,0.16,0.66,0.66,0.46,0.27,0.0,0.0,0.75,0.26,0.94,0.66,0.31,0.94,0.93,0.31,0.31,0.31,0.92,0.31,0.92,0.02,0.55,0.495,0.58,0.527
0.01,0.01,0.0,0.0,1.0,1.0,0.16,0.16,0.66,0.66,0.46,0.27,0.0,0.0,0.75,0.27,0.94,0.66,0.33,0.94,0.94,0.33,0.33,0.31,0.92,0.31,0.92,0.02,0.54,0.48,0.597,0.531
0.05,0.05,0.0,0.0,1.0,1.0,0.16,0.16,0.7,0.7,0.47,0.26,0.0,0.0,0.75,0.27,0.94,0.67,0.35,0.95,0.94,0.35,0.35,0.31,0.92,0.31,0.92,0.02,0.53,0.47,0.612,0.529
0.08,0.08,0.0,0.0,1.0,1.0,0.16,0.16,0.7,0.7,0.48,0.25,0.0,0.0,0.75,0.27,0.95,0.67,0.34,0.95,0.95,0.34,0.34,0.31,0.92,0.31,0.92,0.02,0.53,0.469,0.617,0.532
0.55,0.55,1.0,1.0,0.98,0.98,0.16,0.16,0.71,0.71,0.48,0.25,0.0,0.0,0.75,0.27,0.95,0.67,0.36,0.95,0.95,0.36,0.36,0.31,0.92,0.31,0.92,0.03,0.51,0.484,0.63,0.535
0.56,0.56,1.0,1.0,0.98,0.98,0.16,0.16,0.69,0.69,0.49,0.24,0.0,0.0,0.75,0.27,0.94,0.67,0.37,0.94,0.94,0.37,0.37,0.31,0.92,0.31,0.92,0.03,0.49,0.498,0.638,0.532
0.04,0.04,0.0,0.0,1.0,1.0,0.16,0.16,0.63,0.63,0.51,0.22,0.0,0.0,0.5,0.32,0.68,0.7,0.53,0.68,0.68,0.53,0.53,0.55,0.46,0.54,0.47,0.03,0.41,0.512,0.647,0.543
0.03,0.03,0.0,0.0,1.0,1.0,0.16,0.16,0.51,0.51,0.53,0.2,0.27,0.24,0.5,0.36,0.46,0.74,0.56,0.46,0.46,0.56,0.56,0.73,0.37,0.71,0.38,0.06,0.22,0.522,0.653,0.549
0.13,0.13,0.08,0.08,1.0,1.0,0.16,0.16,0.54,0.54,0.62,0.11,0.0,0.0,0.5,0.36,0.63,0.73,0.56,0.63,0.63,0.56,0.56,0.46,0.63,0.44,0.67,0.05,0.17,0.531,0.653,0.558
0.19,0.19,0.21,0.21,1.0,1.0,0.16,0.16,0.52,0.52,0.75,0.0,0.0,0.0,0.5,0.32,0.7,0.7,0.56,0.7,0.7,0.56,0.56,0.32,0.89,0.31,0.92,0.04,0.07,0.527,0.66,0.57
0.56,0.56,1.0,1.0,0.98,0.98,0.16,0.16,0.52,0.52,0.84,0.0,0.0,0.0,0.5,0.3,0.75,0.69,0.5,0.76,0.74,0.5,0.5,0.31,0.92,0.31,0.92,0.04,0.01,0.529,0.677,0.592
0.56,0.56,1.0,1.0,0.97,0.97,0.16,0.16,0.49,0.49,0.83,0.0,0.0,0.0,0.5,0.29,0.7,0.68,0.54,0.71,0.7,0.54,0.54,0.31,0.91,0.31,0.92,0.03,0.0,0.564,0.708,0.623
0.56,0.56,1.0,1.0,0.97,0.97,0.16,0.16,0.46,0.46,0.8,0.0,0.4,0.36,0.25,0.31,0.28,0.69,0.56,0.29,0.27,0.56,0.56,0.82,0.33,0.79,0.34,0.06,0.0,0.577,0.762,0.69
0.56,0.56,1.0,1.0,0.97,0.97,0.16,0.16,0.45,0.45,0.77,0.0,0.49,0.46,0.25,0.3,0.26,0.69,0.56,0.27,0.25,0.56,0.56,0.88,0.31,0.86,0.31,0.1,0.0,0.561,0.81,0.794
0.56,0.56,1.0,1.0,0.97,0.97,0.16,0.16,0.45,0.45,0.73,0.0,0.31,0.27,0.25,0.3,0.28,0.69,0.56,0.29,0.26,0.56,0.56,0.76,0.36,0.73,0.37,0.1,0.0,0.548,0.83,0.838
0.56,0.56,1.0,1.0,0.98,0.98,0.16,0.16,0.46,0.46,0.73,0.01,0.13,0.1,0.5,0.3,0.31,0.69,0.56,0.32,0.3,0.56,0.56,0.64,0.41,0.62,0.42,0.09,0.0,0.554,0.813,0.832
0.56,0.56,1.0,1.0,0.98,0.98,0.16,0.16,0.46,0.46,0.72,0.02,0.15,0.12,0.5,0.3,0.31,0.69,0.56,0.32,0.3,0.56,0.56,0.65,0.4,0.63,0.42,0.09,0.0,0.569,0.798,0.796
0.56,0.56,1.0,1.0,0.98,0.98,0.16,0.16,0.48,0.48,0.7,0.04,0.15,0.1,0.5,0.3,0.31,0.69,0.56,0.32,0.3,0.56,0.56,0.65,0.41,0.62,0.42,0.09,0.0,0.589,0.792,0.763
0.56,0.56,1.0,1.0,0.98,0.98,0.16,0.16,0.49,0.49,0.61,0.12,0.07,0.04,0.5,0.3,0.31,0.69,0.56,0.32,0.3,0.56,0.56,0.6,0.43,0.58,0.43,0.09,0.4,0.598,0.778,0.74
0.56,0.56,1.0,1.0,0.98,0.98,0.16,0.16,0.5,0.5,0.5,0.22,0.16,0.18,0.5,0.31,0.28,0.69,0.56,0.28,0.27,0.56,0.56,0.66,0.4,0.67,0.4,0.09,0.66,0.597,0.77,0.738
0.56,0.56,1.0,1.0,0.98,0.98,0.16,0.16,0.52,0.52,0.46,0.27,0.25,0.25,0.5,0.31,0.25,0.7,0.56,0.25,0.25,0.56,0.56,0.72,0.38,0.72,0.38,0.09,0.64,0.607,0.758,0.735
0.1,0.1,0.0,0.0,1.0,1.0,0.16,0.16,0.53,0.53,0.5,0.23,0.39,0.39,0.25,0.32,0.25,0.7,0.56,0.25,0.25,0.56,0.56,0.81,0.33,0.81,0.33,0.09,0.57,0.614,0.742,0.713
0.1,0.1,0.01,0.01,1.0,1.0,0.16,0.16,0.46,0.46,0.66,0.07,0.49,0.48,0.25,0.33,0.25,0.71,0.56,0.25,0.25,0.56,0.56,0.88,0.3,0.87,0.31,0.11,0.08,0.629,0.708,0.663
0.08,0.08,0.0,0.0,1.0,1.0,0.16,0.16,0.45,0.45,0.68,0.05,0.52,0.52,0.25,0.32,0.25,0.71,0.56,0.25,0.25,0.56,0.56,0.9,0.3,0.9,0.29,0.12,0.06,0.639,0.69,0.595
0.12,0.12,0.04,0.04,1.0,1.0,0.16,0.16,0.51,0.51,0.64,0.09,0.57,0.57,0.25,0.32,0.35,0.7,0.56,0.36,0.34,0.56,0.56,0.93,0.28,0.93,0.28,0.1,0.06,0.637,0.677,0.571
0.37,0.37,0.64,0.64,1.0,1.0,0.16,0.16,0.55,0.55,0.53,0.2,0.48,0.43,0.75,0.27,0.94,0.66,0.37,0.93,0.94,0.37,0.37,0.87,0.31,0.84,0.32,0.05,0.35,0.636,0.663,0.622
0.56,0.56,1.0,1.0,0.97,0.97,0.16,0.16,0.55,0.55,0.47,0.26,0.28,0.16,1.0,0.26,0.95,0.66,0.31,0.95,0.96,0.31,0.31,0.74,0.37,0.66,0.4,0.04,0.43,0.635,0.65,0.725
0.57,0.57,1.0,1.0,0.97,0.97,0.16,0.16,0.53,0.53,0.45,0.28,0.21,0.12,1.0,0.26,0.96,0.65,0.29,0.96,0.97,0.29,0.29,0.69,0.39,0.63,0.42,0.03,0.48,0.641,0.647,0.732
0.56,0.56,1.0,1.0,0.97,0.97,0.16,0.16,0.4,0.4,0.39,0.34,0.16,0.09,1.0,0.24,0.97,0.64,0.27,0.97,0.98,0.27,0.27,0.66,0.4,0.61,0.42,0.03,0.53,0.653,0.632,0.698
0.56,0.56,1.0,1.0,0.97,0.97,0.16,0.16,0.42,0.42,0.36,0.37,0.16,0.13,1.0,0.25,0.96,0.65,0.29,0.96,0.97,0.29,0.29,0.66,0.4,0.64,0.41,0.03,0.55,0.655,0.62,0.654
0.56,0.56,1.0,1.0,0.97,0.97,0.16,0.16,0.46,0.46,0.31,0.41,0.21,0.15,1.0,0.25,0.96,0.65,0.29,0.96,0.96,0.29,0.29,0.69,0.39,0.65,0.41,0.03,0.56,0.678,0.605,0.603
0.57,0.57,1.0,1.0,0.97,0.97,0.16,0.16,0.47,0.47,0.28,0.44,0.25,0.13,1.0,0.25,0.96,0.65,0.29,0.96,0.97,0.29,0.29,0.72,0.38,0.64,0.41,0.03,0.58,0.693,0.575,0.574
0.56,0.56,1.0,1.0,0.97,0.97,0.16,0.16,0.46,0.46,0.27,0.46,0.18,0.09,1.0,0.24,0.97,0.64,0.27,0.97,0.98,0.27,0.27,0.67,0.4,0.61,0.42,0.03,0.6,0.723,0.542,0.535
0.56,0.56,1.0,1.0,0.98,0.98,0.16,0.16,0.47,0.47,0.26,0.47,0.1,0.07,1.0,0.23,0.98,0.64,0.26,0.98,0.98,0.26,0.26,0.62,0.42,0.6,0.43,0.02,0.63,0.736,0.5,0.512
0.56,0.56,1.0,1.0,0.98,0.98,0.3,0.29,0.19,0.19,0.25,0.47,0.09,0.07,1.0,0.23,0.98,0.64,0.27,0.98,0.98,0.27,0.27,0.61,0.42,0.6,0.43,0.02,0.64,0.737,0.473,0.476
0.62,0.62,1.0,1.0,0.93,0.93,0.16,0.16,0.24,0.24,0.27,0.46,0.03,0.04,0.5,0.29,0.88,0.68,0.3,0.87,0.88,0.3,0.3,0.57,0.44,0.58,0.44,0.03,0.64,0.739,0.455,0.454
0.62,0.62,1.0,1.0,0.93,0.93,0.16,0.16,0.26,0.26,0.28,0.44,0.07,0.09,0.0,0.32,0.7,0.7,0.34,0.7,0.7,0.34,0.34,0.6,0.43,0.61,0.42,0.03,0.63,0.748,0.432,0.436
0.57,0.57,1.0,1.0,0.97,0.97,0.16,0.16,0.25,0.25,0.28,0.44,0.31,0.38,0.0,0.34,0.25,0.72,0.56,0.25,0.25,0.56,0.56,0.76,0.36,0.8,0.34,0.09,0.67,0.749,0.412,0.43
0.56,0.56,1.0,1.0,0.98,0.98,0.16,0.16,0.25,0.25,0.28,0.44,0.36,0.42,0.0,0.31,0.25,0.7,0.56,0.25,0.25,0.56,0.56,0.79,0.34,0.83,0.33,0.1,0.78,0.764,0.397,0.421
0.0,0.0,0.0,0.0,1.0,1.0,0.16,0.16,0.27,0.27,0.27,0.46,0.34,0.38,0.0,0.29,0.25,0.68,0.56,0.25,0.25,0.56,0.56,0.78,0.35,0.8,0.34,0.1,1.0,0.77,0.388,0.437
0.0,0.0,0.0,0.0,1.0,1.0,0.16,0.16,0.36,0.36,0.24,0.48,0.21,0.28,0.0,0.29,0.28,0.68,0.56,0.27,0.28,0.56,0.56,0.69,0.39,0.74,0.37,0.11,1.0,0.77,0.385,0.455
0.0,0.0,0.0,0.0,1.0,1.0,0.16,0.16,0.37,0.37,0.23,0.49,0.25,0.34,0.0,0.28,0.36,0.68,0.56,0.35,0.37,0.56,0.56,0.72,0.37,0.78,0.35,0.12,1.0,0.771,0.385,0.46
0.0,0.0,0.0,0.0,1.0,1.0,0.16,0.16,0.38,0.38,0.23,0.5,0.22,0.31,0.0,0.29,0.4,0.68,0.56,0.39,0.41,0.56,0.56,0.7,0.38,0.76,0.35,0.12,1.0,0.75,0.382,0.463
0.0,0.0,0.0,0.0,1.0,1.0,0.16,0.16,0.38,0.38,0.22,0.51,0.2,0.3,0.0,0.28,0.41,0.68,0.56,0.4,0.41,0.56,0.56,0.68,0.39,0.75,0.36,0.12,1.0,0.735,0.375,0.455
0.0,0.0,0.0,0.0,1.0,1.0,0.16,0.16,0.38,0.38,0.2,0.52,0.25,0.36,0.0,0.29,0.35,0.68,0.56,0.34,0.36,0.56,0.56,0.72,0.37,0.79,0.34,0.12,1.0,0.712,0.355,0.442
0.0,0.0,0.0,0.0,1.0,1.0,0.16,0.16,0.38,0.38,0.18,0.55,0.3,0.39,0.0,0.29,0.3,0.68,0.56,0.29,0.32,0.56,0.56,0.75,0.36,0.81,0.34,0.12,1.0,0.714,0.342,0.434
0.0,0.0,0.0,0.0,1.0,1.0,0.16,0.16,0.37,0.37,0.14,0.59,0.28,0.39,0.0,0.29,0.28,0.68,0.56,0.26,0.3,0.56,0.56,0.74,0.36,0.81,0.34,0.11,1.0,0.711,0.328,0.429
0.0,0.0,0.0,0.0,1.0,1.0,0.16,0.16,0.36,0.36,0.11,0.62,0.25,0.36,0.0,0.29,0.25,0.68,0.56,0.25,0.25,0.56,0.56,0.72,0.38,0.79,0.34,0.11,1.0,0.707,0.323,0.425
0.0,0.0,0.0,0.0,1.0,1.0,0.16,0.16,0.36,0.36,0.09,0.64,0.3,0.4,0.0,0.29,0.25,0.68,0.56,0.25,0.25,0.56,0.56,0.75,0.36,0.82,0.33,0.12,1.0,0.711,0.315,0.412
0.0,0.0,0.0,0.0,1.0,1.0,0.16,0.16,0.36,0.36,0.08,0.65,0.27,0.39,0.0,0.3,0.25,0.69,0.56,0.25,0.25,0.56,0.56,0.73,0.37,0.81,0.33,0.15,1.0,0.709,0.3,0.39
0.0,0.0,0.0,0.0,1.0,1.0,0.16,0.16,0.37,0.37,0.12,0.61,0.27,0.39,0.0,0.31,0.25,0.69,0.56,0.25,0.25,0.56,0.56,0.73,0.37,0.81,0.34,0.16,1.0,0.704,0.285,0.365
0.56,0.56,1.0,1.0,0.98,0.98,0.16,0.16,0.35,0.35,0.15,0.58,0.06,0.18,0.0,0.32,0.25,0.7,0.56,0.25,0.25,0.56,0.56,0.59,0.43,0.67,0.4,0.16,1.0,0.699,0.277,0.348
0.56,0.56,1.0,1.0,0.98,0.98,0.16,0.16,0.35,0.35,0.15,0.58,0.0,0.07,0.0,0.32,0.25,0.7,0.56,0.25,0.25,0.56,0.56,0.54,0.47,0.6,0.43,0.16,1.0,0.689,0.288,0.337
0.57,0.57,1.0,1.0,0.97,0.97,0.16,0.16,0.41,0.41,0.19,0.54,0.0,0.0,0.5,0.37,0.94,0.74,0.37,0.92,0.95,0.37,0.37,0.31,0.92,0.31,0.92,0.11,1.0,0.693,0.292,0.342
0.58,0.58,1.0,1.0,0.96,0.96,0.16,0.16,0.41,0.41,0.22,0.51,0.0,0.0,0.5,0.36,0.97,0.73,0.31,0.97,0.97,0.31,0.31,0.31,0.92,0.31,0.92,0.07,1.0,0.7,0.295,0.346
0.57,0.57,1.0,1.0,0.96,0.96,0.16,0.16,0.36,0.36,0.21,0.52,0.0,0.0,0.25,0.36,0.93,0.73,0.31,0.92,0.93,0.31,0.31,0.31,0.92,0.31,0.92,0.06,0.98,0.702,0.3,0.356
0.57,0.57,1.0,1.0,0.97,0.97,0.16,0.16,0.34,0.34,0.15,0.58,0.0,0.0,0.0,0.41,0.85,0.77,0.34,0.85,0.86,0.34,0.34,0.34,0.87,0.36,0.82,0.06,1.0,0.717,0.297,0.352
0.57,0.57,1.0,1.0,0.97,0.97,0.16,0.16,0.35,0.35,0.16,0.57,0.0,0.0,0.0,0.46,0.84,0.81,0.35,0.84,0.84,0.35,0.35,0.31,0.92,0.33,0.89,0.07,0.95,0.735,0.293,0.362
0.56,0.56,1.0,1.0,0.97,0.97,0.16,0.16,0.36,0.36,0.17,0.56,0.0,0.0,0.0,0.57,0.84,0.89,0.37,0.84,0.84,0.37,0.37,0.31,0.92,0.33,0.87,0.09,1.0,0.736,0.302,0.372
0.56,0.56,1.0,1.0,0.98,0.98,0.16,0.16,0.39,0.39,0.17,0.56,0.0,0.0,0.0,0.66,0.9,0.96,0.37,0.89,0.9,0.37,0.37,0.36,0.7,0.36,0.7,0.11,1.0,0.748,0.308,0.377
0.56,0.56,1.0,1.0,0.98,0.98,0.16,0.16,0.4,0.4,0.18,0.55,0.0,0.0,0.0,0.7,0.91,0.98,0.37,0.91,0.91,0.37,0.37,0.35,0.7,0.35,0.7,0.13,1.0,0.759,0.33,0.377
0.0,0.0,0.0,0.0,1.0,1.0,0.16,0.16,0.41,0.41,0.18,0.55,0.0,0.0,0.0,0.7,0.92,0.99,0.37,0.92,0.92,0.37,0.37,0.35,0.7,0.35,0.7,0.14,1.0,0.759,0.333,0.385
0.0,0.0,0.0,0.0,1.0,1.0,0.16,0.16,0.42,0.42,0.18,0.54,0.0,0.0,0.0,0.76,0.93,1.0,0.37,0.93,0.93,0.37,0.37,0.32,0.7,0.32,0.7,0.14,1.0,0.754,0.335,0.389
0.0,0.0,0.0,0.0,1.0,1.0,0.16,0.16,0.42,0.42,0.18,0.55,0.0,0.0,0.0,0.76,0.94,1.0,0.37,0.93,0.94,0.37,0.37,0.32,0.7,0.32,0.7,0.14,1.0,0.749,0.338,0.39
0.0,0.0,0.0,0.0,1.0,1.0,0.16,0.16,0.42,0.42,0.17,0.56,0.0,0.0,0.0,0.78,0.94,1.0,0.36,0.94,0.94,0.36,0.36,0.31,0.7,0.31,0.7,0.14,1.0,0.739,0.343,0.397
0.0,0.0,0.0,0.0,1.0,1.0,0.16,0.16,0.43,0.43,0.19,0.53,0.0,0.0,0.0,0.7,0.94,0.99,0.36,0.94,0.94,0.36,0.36,0.35,0.7,0.35,0.7,0.13,1.0,0.731,0.345,0.406
0.0,0.0,0.0,0.0,1.0,1.0,0.16,0.16,0.44,0.44,0.14,0.59,0.0,0.0,0.0,0.73,0.94,1.0,0.36,0.94,0.94,0.36,0.36,0.33,0.7,0.33,0.7,0.12,1.0,0.725,0.348,0.412
0.0,0.0,0.0,0.0,1.0,1.0,0.16,0.16,0.36,0.36,0.21,0.52,0.0,0.0,0.0,0.65,0.92,0.95,0.38,0.91,0.92,0.38,0.38,0.37,0.7,0.37,0.7,0.11,1.0,0.716,0.345,0.417
0.0,0.0,0.0,0.0,1.0,1.0,0.16,0.16,0.32,0.32,0.13,0.61,0.0,0.0,0.0,0.54,0.91,0.87,0.36,0.89,0.92,0.36,0.36,0.31,0.92,0.31,0.92,0.08,1.0,0.707,0.35,0.424
0.0,0.0,0.0,0.0,1.0,1.0,0.16,0.16,0.33,0.33,0.1,0.63,0.0,0.0,0.25,0.53,0.92,0.86,0.34,0.9,0.94,0.34,0.34,0.31,0.92,0.31,0.92,0.08,1.0,0.693,0.347,0.436
0.0,0.0,0.0,0.0,1.0,1.0,0.16,0.16,0.33,0.33,0.16,0.57,0.0,0.0,0.0,0.59,0.92,0.91,0.36,0.9,0.93,0.36,0.36,0.31,0.92,0.31,0.91,0.07,1.0,0.688,0.335,0.437
0.0,0.0,0.0,0.0,1.0,1.0,0.16,0.16,0.34,0.34,0.28,0.45,0.0,0.0,0.0,0.59,0.91,0.9,0.38,0.9,0.92,0.38,0.38,0.31,0.92,0.31,0.92,0.09,1.0,0.676,0.335,0.425
0.0,0.0,0.0,0.0,1.0,1.0,0.16,0.16,0.35,0.35,0.32,0.4,0.0,0.0,0.0,0.58,0.9,0.9,0.39,0.9,0.9,0.39,0.39,0.31,0.92,0.31,0.92,0.1,0.79,0.659,0.345,0.359
0.0,0.0,0.0,0.0,1.0,1.0,0.16,0.16,0.34,0.34,0.35,0.37,0.0,0.0,0.0,0.57,0.9,0.89,0.4,0.89,0.9,0.4,0.4,0.31,0.92,0.31,0.92,0.09,0.71,0.656,0.343,0.325
0.01,0.01,0.0,0.0,1.0,1.0,0.16,0.16,0.34,0.34,0.37,0.35,0.0,0.0,0.0,0.58,0.89,0.9,0.39,0.89,0.89,0.39,0.39,0.31,0.92,0.31,0.92,0.09,0.64,0.645,0.338,0.357
0.02,0.02,0.0,0.0,1.0,1.0,0.16,0.16,0.34,0.34,0.38,0.35,0.0,0.0,0.0,0.58,0.89,0.9,0.39,0.89,0.89,0.39,0.39,0.31,0.92,0.31,0.92,0.09,0.62,0.663,0.323,0.439
0.03,0.03,0.0,0.0,1.0,1.0,0.16,0.16,0.34,0.33,0.32,0.4,0.0,0.0,0.0,0.58,0.9,0.9,0.37,0.89,0.9,0.37,0.37,0.31,0.92,0.31,0.92,0.09,0.74,0.67,0.33,0.514
0.0,0.0,0.0,0.0,1.0,1.0,0.16,0.16,0.34,0.34,0.23,0.5,0.0,0.0,0.0,0.6,0.91,0.91,0.37,0.9,0.91,0.37,0.37,0.31,0.92,0.31,0.92,0.09,1.0,0.677,0.335,0.548
0.0,0.0,0.0,0.0,1.0,1.0,0.16,0.16,0.34,0.34,0.16,0.57,0.0,0.0,0.0,0.54,0.91,0.86,0.36,0.89,0.92,0.36,0.36,0.31,0.92,0.31,0.92,0.08,1.0,0.686,0.347,0.567
0.56,0.56,1.0,1.0,0.98,0.98,0.16,0.16,0.33,0.33,0.2,0.53,0.0,0.0,0.0,0.61,0.87,0.92,0.39,0.86,0.88,0.39,0.39,0.32,0.89,0.35,0.84,0.08,1.0,0.694,0.357,0.577
0.0,0.0,0.0,0.0,1.0,1.0,0.16,0.16,0.41,0.41,0.22,0.51,0.0,0.0,0.0,0.4,0.33,0.76,0.56,0.33,0.33,0.56,0.56,0.46,0.62,0.48,0.58,0.08,1.0,0.686,0.377,0.547
0.0,0.0,0.0,0.0,1.0,1.0,0.16,0.16,0.42,0.42,0.32,0.41,0.0,0.0,0.0,0.41,0.27,0.77,0.56,0.28,0.26,0.56,0.56,0.44,0.67,0.46,0.62,0.08,1.0,0.67,0.408,0.458
0.0,0.0,0.0,0.0,1.0,1.0,0.16,0.16,0.41,0.41,0.39,0.34,0.0,0.0,0.0,0.41,0.29,0.77,0.56,0.3,0.28,0.56,0.56,0.43,0.68,0.45,0.65,0.09,1.0,0.66,0.443,0.377
0.0,0.0,0.0,0.0,1.0,1.0,0.16,0.16,0.41,0.41,0.42,0.3,0.0,0.0,0.0,0.4,0.32,0.76,0.56,0.34,0.31,0.56,0.56,0.46,0.63,0.47,0.61,0.09,0.94,0.659,0.463,0.392
0.0,0.0,0.0,0.0,1.0,1.0,0.16,0.16,0.41,0.41,0.44,0.28,0.0,0.0,0.0,0.39,0.32,0.75,0.56,0.34,0.31,0.56,0.56,0.46,0.63,0.46,0.62,0.09,0.68,0.656,0.485,0.456
0.0,0.0,0.0,0.0,1.0,1.0,0.16,0.16,0.41,0.41,0.48,0.25,0.0,0.0,0.0,0.38,0.32,0.74,0.56,0.34,0.3,0.56,0.56,0.47,0.61,0.48,0.58,0.09,0.64,0.651,0.505,0.514
0.0,0.0,0.0,0.0,1.0,1.0,0.16,0.16,0.4,0.4,0.51,0.22,0.0,0.02,0.0,0.36,0.3,0.73,0.56,0.32,0.29,0.56,0.56,0.55,0.45,0.56,0.44,0.09,0.54,0.649,0.538,0.555
0.0,0.0,0.0,0.0,1.0,1.0,0.16,0.16,0.4,0.4,0.56,0.16,0.16,0.18,0.0,0.34,0.26,0.72,0.56,0.26,0.25,0.56,0.56,0.66,0.4,0.67,0.4,0.09,0.36,0.656,0.567,0.592
0.0,0.0,0.0,0.0,1.0,1.0,0.16,0.16,0.42,0.42,0.61,0.12,0.0,0.0,0.0,0.35,0.38,0.73,0.56,0.4,0.35,0.56,0.56,0.51,0.53,0.5,0.54,0.08,0.17,0.652,0.597,0.613
0.56,0.56,1.0,1.0,0.98,0.98,0.16,0.16,0.46,0.46,0.65,0.08,0.0,0.0,0.0,0.35,0.79,0.73,0.48,0.8,0.77,0.48,0.48,0.31,0.92,0.31,0.92,0.07,0.12,0.665,0.615,0.629
0.56,0.56,1.0,1.0,0.97,0.97,0.16,0.16,0.53,0.53,0.67,0.06,0.0,0.0,0.25,0.33,0.94,0.71,0.34,0.94,0.94,0.34,0.34,0.31,0.92,0.31,0.92,0.06,0.14,0.674,0.643,0.655
0.57,0.57,1.0,1.0,0.97,0.97,0.16,0.16,0.56,0.56,0.69,0.05,0.0,0.0,0.5,0.33,0.96,0.71,0.32,0.97,0.96,0.32,0.32,0.31,0.92,0.31,0.92,0.06,0.16,0.682,0.662,0.682
0.57,0.57,1.0,1.0,0.97,0.97,0.16,0.16,0.59,0.59,0.72,0.01,0.0,0.0,0.5,0.34,0.97,0.72,0.32,0.97,0.97,0.32,0.32,0.31,0.92,0.31,0.92,0.07,0.15,0.699,0.683,0.716
0.57,0.57,1.0,1.0,0.97,0.97,0.16,0.16,0.55,0.55,0.77,0.0,0.0,0.0,0.5,0.35,0.97,0.72,0.31,0.98,0.97,0.31,0.31,0.31,0.92,0.31,0.92,0.07,0.13,0.685,0.705,0.747
0.57,0.57,1.0,1.0,0.96,0.96,0.16,0.16,0.52,0.52,0.8,0.0,0.0,0.0,0.75,0.35,0.97,0.73,0.31,0.98,0.97,0.31,0.31,0.31,0.92,0.31,0.92,0.07,0.12,0.665,0.738,0.779
0.58,0.58,1.0,1.0,0.96,0.96,0.16,0.16,0.53,0.53,0.81,0.0,0.0,0.0,0.75,0.35,0.97,0.73,0.3,0.98,0.97,0.3,0.3,0.31,0.92,0.31,0.92,0.07,0.1,0.663,0.76,0.796
0.57,0.57,1.0,1.0,0.96,0.96,0.16,0.16,0.55,0.55,0.68,0.06,0.0,0.0,0.5,0.37,0.97,0.74,0.31,0.98,0.97,0.31,0.31,0.31,0.92,0.31,0.92,0.07,0.1,0.661,0.775,0.814
0.57,0.57,1.0,1.0,0.97,0.97,0.16,0.16,0.52,0.52,0.56,0.17,0.0,0.0,0.5,0.39,0.97,0.76,0.31,0.98,0.97,0.31,0.31,0.31,0.92,0.31,0.92,0.06,0.28,0.666,0.783,0.837
0.57,0.57,1.0,1.0,0.97,0.97,0.16,0.16,0.5,0.5,0.48,0.25,0.0,0.0,0.5,0.39,0.97,0.76,0.31,0.97,0.97,0.31,0.31,0.31,0.92,0.31,0.92,0.06,0.45,0.666,0.79,0.875
0.56,0.56,1.0,1.0,0.97,0.97,0.16,0.16,0.52,0.52,0.45,0.28,0.0,0.0,0.5,0.4,0.97,0.76,0.31,0.97,0.97,0.31,0.31,0.31,0.92,0.31,0.92,0.06,0.5,0.665,0.79,0.897
0.56,0.56,1.0,1.0,0.97,0.97,0.16,0.16,0.53,0.53,0.47,0.26,0.0,0.0,0.5,0.42,0.97,0.78,0.31,0.97,0.97,0.31,0.31,0.31,0.92,0.31,0.92,0.06,0.52,0.682,0.782,0.847
0.56,0.56,1.0,1.0,0.97,0.97,0.16,0.16,0.53,0.53,0.59,0.14,0.0,0.0,0.5,0.39,0.97,0.76,0.32,0.97,0.97,0.32,0.32,0.31,0.92,0.31,0.92,0.06,0.36,0.711,0.757,0.765
0.56,0.56,1.0,1.0,0.97,0.97,0.16,0.16,0.57,0.57,0.68,0.05,0.0,0.0,0.5,0.37,0.97,0.74,0.31,0.97,0.97,0.31,0.31,0.31,0.92,0.31,0.92,0.06,0.19,0.736,0.742,0.668
0.57,0.57,1.0,1.0,0.97,0.97,0.16,0.16,0.55,0.55,0.77,0.0,0.0,0.0,0.75,0.37,0.98,0.74,0.31,0.98,0.98,0.31,0.31,0.31,0.92,0.31,0.92,0.07,0.15,0.731,0.737,0.632
0.57,0.57,1.0,1.0,0.96,0.96,0.16,0.16,0.54,0.54,0.77,0.0,0.0,0.0,0.75,0.37,0.98,0.74,0.3,0.98,0.98,0.3,0.3,0.31,0.92,0.31,0.92,0.07,0.13,0.725,0.728,0.627
0.57,0.57,1.0,1.0,0.97,0.97,0.16,0.16,0.45,0.45,0.7,0.03,0.0,0.0,0.5,0.37,0.98,0.74,0.3,0.98,0.98,0.3,0.3,0.31,0.92,0.31,0.92,0.07,0.12,0.716,0.722,0.68
0.57,0.57,1.0,1.0,0.97,0.97,0.16,0.16,0.28,0.28,0.58,0.15,0.0,0.0,0.5,0.37,0.97,0.74,0.3,0.97,0.97,0.3,0.3,0.31,0.92,0.31,0.92,0.06,0.17,0.701,0.732,0.777
0.57,0.57,1.0,1.0,0.97,0.97,0.16,0.16,0.28,0.28,0.5,0.23,0.0,0.0,0.25,0.37,0.97,0.74,0.3,0.97,0.97,0.3,0.3,0.31,0.92,0.31,0.92,0.05,0.29,0.696,0.748,0.849
0.57,0.57,1.0,1.0,0.97,0.97,0.18,0.18,0.28,0.28,0.46,0.26,0.0,0.0,0.5,0.37,0.97,0.74,0.3,0.97,0.97,0.3,0.3,0.31,0.92,0.31,0.92,0.04,0.38,0.687,0.752,0.882
0.57,0.57,1.0,1.0,0.97,0.97,0.18,0.18,0.29,0.29,0.44,0.29,0.0,0.0,0.5,0.37,0.97,0.74,0.3,0.97,0.97,0.3,0.3,0.31,0.92,0.31,0.92,0.04,0.46,0.692,0.748,0.849
0.57,0.57,1.0,1.0,0.97,0.97,0.18,0.16,0.29,0.29,0.38,0.34,0.0,0.0,0.5,0.37,0.97,0.74,0.3,0.97,0.97,0.3,0.3,0.31,0.92,0.31,0.92,0.04,0.51,0.734,0.715,0.8
0.57,0.57,1.0,1.0,0.97,0.97,0.16,0.16,0.29,0.29,0.34,0.39,0.0,0.0,0.5,0.37,0.97,0.74,0.3,0.97,0.97,0.3,0.3,0.31,0.92,0.31,0.92,0.04,0.64,0.74,0.7,0.757
0.57,0.57,1.0,1.0,0.97,0.97,0.16,0.16,0.3,0.3,0.31,0.41,0.0,0.0,0.5,0.37,0.97,0.74,0.3,0.97,0.97,0.3,0.3,0.31,0.92,0.31,0.92,0.04,0.72,0.748,0.685,0.705
0.57,0.57,1.0,1.0,0.97,0.97,0.16,0.16,0.3,0.3,0.31,0.42,0.0,0.0,0.5,0.37,0.97,0.74,0.3,0.97,0.97,0.3,0.3,0.31,0.92,0.31,0.92,0.04,0.75,0.746,0.673,0.681
0.57,0.57,1.0,1.0,0.97,0.97,0.16,0.16,0.3,0.3,0.32,0.41,0.0,0.0,0.5,0.37,0.97,0.74,0.3,0.97,0.97,0.3,0.3,0.31,0.92,0.31,0.92,0.04,0.75,0.747,0.657,0.648
0.57,0.57,1.0,1.0,0.97,0.97,0.16,0.16,0.29,0.29,0.34,0.39,0.0,0.0,0.5,0.36,0.97,0.73,0.29,0.97,0.97,0.29,0.29,0.31,0.92,0.31,0.92,0.04,0.72,0.749,0.635,0.594
0.57,0.57,1.0,1.0,0.97,0.97,0.16,0.16,0.27,0.27,0.35,0.38,0.0,0.0,0.5,0.36,0.97,0.73,0.29,0.97,0.97,0.29,0.29,0.31,0.92,0.31,0.92,0.04,0.7,0.747,0.612,0.545
0.57,0.57,1.0,1.0,0.97,0.97,0.18,0.18,0.26,0.26,0.37,0.36,0.0,0.0,0.5,0.35,0.96,0.72,0.29,0.96,0.97,0.29,0.29,0.31,0.92,0.31,0.92,0.04,0.66,0.747,0.607,0.529
0.57,0.57,1.0,1.0,0.97,0.97,0.21,0.21,0.23,0.23,0.38,0.35,0.0,0.0,0.5,0.33,0.96,0.71,0.28,0.96,0.96,0.28,0.28,0.31,0.92,0.31,0.92,0.03,0.61,0.749,0.602,0.535
0.57,0.57,1.0,1.0,0.97,0.97,0.19,0.18,0.28,0.28,0.39,0.34,0.0,0.0,0.5,0.34,0.95,0.72,0.29,0.95,0.96,0.29,0.29,0.31,0.92,0.31,0.92,0.03,0.6,0.759,0.597,0.554
0.57,0.57,1.0,1.0,0.97,0.97,0.16,0.16,0.29,0.29,0.4,0.33,0.0,0.0,0.5,0.35,0.95,0.72,0.29,0.95,0.96,0.29,0.29,0.31,0.92,0.31,0.92,0.03,0.56,0.788,0.595,0.567
0.57,0.57,1.0,1.0,0.97,0.97,0.16,0.16,0.28,0.28,0.41,0.32,0.0,0.0,0.5,0.36,0.95,0.73,0.29,0.95,0.95,0.29,0.29,0.31,0.92,0.31,0.92,0.04,0.55,0.81,0.595,0.583
0.58,0.58,1.0,1.0,0.96,0.96,0.16,0.16,0.27,0.27,0.42,0.31,0.0,0.0,0.5,0.36,0.95,0.73,0.29,0.95,0.95,0.29,0.29,0.31,0.92,0.31,0.92,0.04,0.53,0.851,0.603,0.602
0.59,0.59,1.0,1.0,0.95,0.95,0.19,0.18,0.25,0.25,0.44,0.28,0.0,0.0,0.5,0.36,0.94,0.73,0.29,0.94,0.95,0.29,0.29,0.31,0.92,0.31,0.92,0.04,0.5,0.884,0.62,0.62
0.6,0.6,1.0,1.0,0.94,0.94,0.19,0.18,0.26,0.26,0.49,0.24,0.0,0.0,0.5,0.36,0.95,0.73,0.3,0.95,0.95,0.3,0.3,0.31,0.92,0.31,0.92,0.04,0.44,0.909,0.642,0.635
0.6,0.6,1.0,1.0,0.94,0.94,0.16,0.16,0.28,0.28,0.57,0.16,0.0,0.0,0.5,0.35,0.95,0.73,0.3,0.95,0.95,0.3,0.3,0.31,0.92,0.31,0.92,0.04,0.39,0.922,0.658,0.651
0.63,0.63,1.0,1.0,0.92,0.92,0.16,0.16,0.28,0.28,0.61,0.12,0.0,0.0,0.5,0.32,0.95,0.7,0.3,0.95,0.95,0.3,0.3,0.31,0.92,0.31,0.92,0.04,0.29,0.942,0.682,0.675
0.61,0.61,1.0,1.0,0.93,0.93,0.16,0.16,0.29,0.29,0.61,0.12,0.0,0.0,0.5,0.36,0.94,0.73,0.3,0.95,0.94,0.3,0.3,0.31,0.92,0.31,0.92,0.05,0.26,0.952,0.698,0.695
0.61,0.61,1.0,1.0,0.94,0.94,0.16,0.16,0.31,0.31,0.6,0.13,0.0,0.0,0.5,0.38,0.95,0.74,0.3,0.95,0.95,0.3,0.3,0.31,0.92,0.31,0.92,0.05,0.24,0.951,0.717,0.732
0.6,0.6,1.0,1.0,0.94,0.94,0.26,0.26,0.21,0.21,0.53,0.2,0.0,0.0,0.5,0.37,0.95,0.74,0.3,0.95,0.95,0.3,0.3,0.31,0.92,0.31,0.92,0.05,0.29,0.959,0.743,0.781
0.6,0.6,1.0,1.0,0.94,0.94,0.36,0.36,0.14,0.14,0.41,0.31,0.0,0.0,0.5,0.39,0.95,0.76,0.3,0.95,0.95,0.3,0.3,0.31,0.92,0.31,0.92,0.05,0.43,0.932,0.777,0.855
0.6,0.6,1.0,1.0,0.95,0.95,0.38,0.38,0.14,0.14,0.36,0.36,0.0,0.0,0.5,0.4,0.94,0.76,0.3,0.94,0.94,0.3,0.3,0.31,0.92,0.31,0.92,0.04,0.52,0.918,0.8,0.866
0.59,0.59,1.0,1.0,0.95,0.95,0.39,0.39,0.15,0.15,0.35,0.38,0.0,0.0,0.5,0.41,0.94,0.77,0.3,0.94,0.94,0.3,0.3,0.31,0.92,0.31,0.92,0.04,0.56,0.909,0.8,0.848
0.59,0.59,1.0,1.0,0.95,0.95,0.39,0.39,0.14,0.14,0.32,0.41,0.0,0.0,0.5,0.41,0.94,0.77,0.3,0.93,0.94,0.3,0.3,0.31,0.92,0.31,0.92,0.04,0.58,0.92,0.787,0.823
0.59,0.59,1.0,1.0,0.95,0.95,0.39,0.39,0.14,0.14,0.31,0.42,0.0,0.0,0.5,0.39,0.93,0.75,0.29,0.93,0.93,0.29,0.29,0.31,0.92,0.31,0.92,0.04,0.61,0.935,0.772,0.768
0.59,0.59,1.0,1.0,0.95,0.95,0.39,0.39,0.13,0.13,0.37,0.36,0.0,0.0,0.5,0.37,0.93,0.74,0.29,0.93,0.93,0.29,0.29,0.31,0.92,0.31,0.92,0.03,0.62,0.944,0.75,0.683
0.62,0.62,1.0,1.0,0.93,0.93,0.4,0.4,0.13,0.13,0.47,0.26,0.0,0.0,0.5,0.37,0.93,0.74,0.29,0.93,0.93,0.29,0.29,0.31,0.92,0.31,0.92,0.03,0.48,0.954,0.732,0.626
0.61,0.61,1.0,1.0,0.93,0.93,0.38,0.37,0.14,0.14,0.52,0.21,0.0,0.0,0.5,0.37,0.93,0.74,0.3,0.93,0.93,0.3,0.3,0.31,0.92,0.31,0.92,0.04,0.35,0.953,0.718,0.597
0.61,0.61,1.0,1.0,0.93,0.93,0.37,0.36,0.14,0.14,0.54,0.19,0.0,0.0,0.5,0.37,0.93,0.74,0.3,0.93,0.93,0.3,0.3,0.31,0.92,0.31,0.92,0.04,0.25,0.964,0.702,0.57
0.61,0.61,1.0,1.0,0.94,0.94,0.37,0.37,0.14,0.14,0.51,0.22,0.0,0.0,0.5,0.37,0.93,0.74,0.3,0.93,0.93,0.3,0.3,0.31,0.92,0.31,0.92,0.04,0.26,0.96,0.697,0.587
0.61,0.61,1.0,1.0,0.94,0.94,0.38,0.38,0.15,0.15,0.44,0.29,0.0,0.0,0.5,0.4,0.93,0.76,0.3,0.93,0.93,0.3,0.3,0.31,0.92,0.31,0.92,0.03,0.37,0.949,0.71,0.69
0.59,0.59,1.0,1.0,0.95,0.95,0.3,0.29,0.23,0.23,0.37,0.36,0.0,0.0,0.5,0.42,0.94,0.77,0.3,0.93,0.94,0.3,0.3,0.31,0.92,0.31,0.92,0.03,0.51,0.946,0.705,0.778
0.58,0.58,1.0,1.0,0.96,0.96,0.24,0.24,0.24,0.24,0.33,0.4,0.0,0.0,0.5,0.41,0.94,0.77,0.29,0.93,0.94,0.29,0.29,0.31,0.92,0.31,0.92,0.03,0.55,0.936,0.712,0.834
0.58,0.58,1.0,1.0,0.96,0.96,0.2,0.2,0.25,0.25,0.28,0.45,0.0,0.0,0.5,0.37,0.94,0.74,0.29,0.93,0.94,0.29,0.29,0.31,0.92,0.31,0.92,0.03,0.59,0.933,0.707,0.835
0.58,0.58,1.0,1.0,0.96,0.96,0.18,0.18,0.26,0.26,0.27,0.46,0.0,0.0,0.5,0.36,0.94,0.74,0.29,0.93,0.94,0.29,0.29,0.31,0.92,0.31,0.92,0.03,0.62,0.941,0.7,0.785
0.58,0.58,1.0,1.0,0.96,0.96,0.16,0.16,0.26,0.26,0.29,0.43,0.0,0.0,0.5,0.36,0.94,0.73,0.28,0.94,0.94,0.28,0.28,0.31,0.92,0.31,0.92,0.03,0.63,0.936,0.677,0.709
0.58,0.58,1.0,1.0,0.96,0.96,0.19,0.18,0.24,0.24,0.37,0.35,0.0,0.0,0.5,0.36,0.94,0.73,0.29,0.93,0.94,0.29,0.29,0.31,0.92,0.31,0.92,0.03,0.63,0.934,0.662,0.62
0.58,0.58,1.0,1.0,0.96,0.96,0.23,0.23,0.23,0.23,0.43,0.3,0.0,0.0,0.5,0.36,0.93,0.73,0.29,0.93,0.93,0.29,0.29,0.31,0.92,0.31,0.92,0.03,0.55,0.938,0.655,0.585
0.59,0.59,1.0,1.0,0.95,0.95,0.24,0.24,0.22,0.22,0.48,0.25,0.0,0.0,0.5,0.35,0.93,0.72,0.29,0.93,0.93,0.29,0.29,0.31,0.92,0.31,0.92,0.03,0.47,0.951,0.633,0.539
0.59,0.59,1.0,1.0,0.95,0.95,0.24,0.24,0.23,0.23,0.48,0.25,0.0,0.0,0.5,0.34,0.94,0.72,0.29,0.94,0.93,0.29,0.29,0.31,0.92,0.31,0.92,0.03,0.42,0.947,0.623,0.52
0.59,0.59,1.0,1.0,0.95,0.95,0.2,0.2,0.26,0.26,0.44,0.29,0.0,0.0,0.5,0.36,0.94,0.73,0.29,0.94,0.93,0.29,0.29,0.31,0.92,0.31,0.92,0.03,0.46,0.944,0.627,0.556
0.6,0.6,1.0,1.0,0.94,0.94,0.87,0.86,0.16,0.16,0.39,0.35,0.0,0.0,0.5,0.37,0.93,0.74,0.29,0.93,0.93,0.29,0.29,0.31,0.92,0.31,0.92,0.03,0.49,0.931,0.638,0.625
0.57,0.57,1.0,1.0,0.97,0.97,0.16,0.16,0.29,0.29,0.35,0.38,0.0,0.0,0.5,0.38,0.93,0.75,0.29,0.93,0.93,0.29,0.29,0.31,0.92,0.31,0.92,0.03,0.57,0.936,0.66,0.704
0.57,0.57,1.0,1.0,0.97,0.97,0.16,0.16,0.3,0.3,0.34,0.39,0.0,0.0,0.5,0.37,0.94,0.74,0.28,0.94,0.94,0.28,0.28,0.31,0.92,0.31,0.92,0.03,0.62,0.936,0.672,0.744
0.57,0.57,1.0,1.0,0.97,0.97,0.16,0.16,0.3,0.3,0.33,0.39,0.0,0.0,0.5,0.36,0.94,0.73,0.28,0.94,0.94,0.28,0.28,0.31,0.92,0.31,0.92,0.03,0.64,0.939,0.665,0.753
0.56,0.56,1.0,1.0,0.97,0.97,0.16,0.16,0.3,0.3,0.32,0.41,0.0,0.0,0.5,0.36,0.94,0.73,0.28,0.94,0.95,0.28,0.28,0.31,0.92,0.31,0.92,0.03,0.66,0.934,0.627,0.707
0.57,0.57,1.0,1.0,0.97,0.97,0.51,0.51,0.16,0.16,0.3,0.43,0.0,0.0,0.5,0.37,0.94,0.74,0.28,0.94,0.95,0.28,0.28,0.31,0.92,0.31,0.92,0.03,0.66,0.922,0.588,0.63
0.56,0.56,1.0,1.0,0.97,0.97,0.16,0.16,0.28,0.28,0.3,0.43,0.0,0.0,0.75,0.38,0.94,0.74,0.28,0.94,0.95,0.28,0.28,0.31,0.92,0.31,0.92,0.03,0.66,0.91,0.558,0.564
0.56,0.56,1.0,1.0,0.97,0.97,0.16,0.16,0.28,0.28,0.29,0.44,0.0,0.0,0.75,0.36,0.94,0.73,0.28,0.94,0.95,0.28,0.28,0.31,0.92,0.31,0.92,0.03,0.67,0.894,0.497,0.542
0.56,0.56,1.0,1.0,0.97,0.97,0.16,0.16,0.28,0.28,0.28,0.45,0.0,0.0,0.75,0.36,0.94,0.73,0.28,0.94,0.95,0.28,0.28,0.31,0.92,0.31,0.92,0.03,0.68,0.892,0.462,0.522
0.6,0.6,1.0,1.0,0.94,0.94,0.89,0.89,0.15,0.15,0.31,0.42,0.0,0.0,0.5,0.38,0.92,0.75,0.28,0.91,0.92,0.28,0.28,0.31,0.92,0.31,0.92,0.03,0.63,0.88,0.423,0.51
0.62,0.62,1.0,1.0,0.93,0.93,0.88,0.88,0.14,0.14,0.31,0.42,0.0,0.0,0.5,0.38,0.91,0.75,0.28,0.91,0.91,0.28,0.28,0.31,0.92,0.31,0.92,0.02,0.58,0.896,0.408,0.489
0.6,0.6,1.0,1.0,0.94,0.94,0.86,0.86,0.14,0.14,0.29,0.44,0.0,0.0,0.5,0.37,0.91,0.74,0.28,0.91,0.91,0.28,0.28,0.31,0.92,0.31,0.92,0.02,0.57,0.891,0.377,0.484
0.57,0.57,1.0,1.0,0.97,0.97,0.21,0.21,0.22,0.22,0.17,0.56,0.0,0.0,0.75,0.33,0.94,0.71,0.28,0.93,0.94,0.28,0.28,0.31,0.92,0.31,0.92,0.02,0.63,0.898,0.348,0.475
0.56,0.56,1.0,1.0,0.97,0.97,0.16,0.16,0.25,0.25,0.13,0.6,0.0,0.0,0.75,0.32,0.94,0.7,0.28,0.94,0.95,0.28,0.28,0.31,0.92,0.31,0.92,0.02,0.72,0.909,0.31,0.461
0.56,0.56,1.0,1.0,0.97,0.97,0.16,0.16,0.26,0.26,0.13,0.6,0.0,0.0,0.75,0.31,0.94,0.69,0.28,0.94,0.95,0.28,0.28,0.31,0.92,0.31,0.92,0.02,0.73,0.921,0.283,0.444
0.57,0.57,1.0,1.0,0.97,0.97,0.16,0.16,0.25,0.25,0.12,0.61,0.0,0.0,0.75,0.3,0.94,0.69,0.28,0.94,0.94,0.28,0.28,0.31,0.92,0.31,0.92,0.02,0.73,0.924,0.257,0.438
0.58,0.58,1.0,1.0,0.96,0.96,0.16,0.16,0.23,0.23,0.11,0.63,0.02,0.07,0.5,0.29,0.8,0.68,0.32,0.79,0.8,0.32,0.32,0.56,0.45,0.6,0.43,0.02,0.65,0.923,0.24,0.428
0.59,0.59,1.0,1.0,0.95,0.95,0.31,0.31,0.15,0.15,0.09,0.65,0.28,0.36,0.5,0.36,0.63,0.73,0.38,0.63,0.63,0.38,0.38,0.74,0.37,0.79,0.34,0.02,0.61,0.914,0.217,0.394
0.59,0.59,1.0,1.0,0.95,0.95,0.16,0.16,0.22,0.22,0.05,0.69,0.0,0.0,0.5,0.3,0.82,0.69,0.31,0.82,0.82,0.31,0.31,0.49,0.57,0.52,0.5,0.02,0.61,0.891,0.188,0.37
0.63,0.63,1.0,1.0,0.92,0.92,0.16,0.16,0.23,0.23,0.05,0.69,0.0,0.0,0.5,0.28,0.88,0.67,0.29,0.87,0.88,0.29,0.29,0.35,0.83,0.38,0.78,0.02,0.62,0.888,0.172,0.356
0.65,0.65,1.0,1.0,0.9,0.9,0.16,0.16,0.24,0.24,0.05,0.69,0.0,0.0,0.5,0.27,0.9,0.67,0.28,0.9,0.9,0.28,0.28,0.33,0.87,0.36,0.81,0.02,0.62,0.888,0.162,0.355
0.66,0.66,1.0,1.0,0.89,0.89,0.16,0.16,0.25,0.25,0.06,0.68,0.0,0.0,0.5,0.27,0.92,0.66,0.28,0.92,0.92,0.28,0.28,0.31,0.92,0.31,0.92,0.02,0.62,0.897,0.172,0.358
0.66,0.66,1.0,1.0,0.89,0.89,0.16,0.16,0.25,0.25,0.06,0.68,0.0,0.0,0.5,0.27,0.93,0.66,0.27,0.93,0.93,0.27,0.27,0.31,0.92,0.31,0.92,0.02,0.63,0.915,0.19,0.338
0.66,0.66,1.0,1.0,0.89,0.89,0.16,0.16,0.25,0.25,0.06,0.67,0.0,0.0,0.5,0.27,0.93,0.66,0.27,0.93,0.93,0.27,0.27,0.31,0.92,0.31,0.92,0.02,0.64,0.906,0.183,0.341
0.66,0.66,1.0,1.0,0.89,0.89,0.16,0.16,0.25,0.25,0.07,0.67,0.0,0.0,0.5,0.27,0.94,0.66,0.27,0.93,0.94,0.27,0.27,0.31,0.92,0.31,0.92,0.02,0.65,0.897,0.178,0.34
0.66,0.66,1.0,1.0,0.9,0.9,0.16,0.16,0.26,0.26,0.06,0.67,0.27,0.25,0.5,0.37,0.62,0.74,0.56,0.61,0.63,0.56,0.56,0.73,0.37,0.72,0.37,0.04,0.52,0.894,0.175,0.344
0.6,0.6,1.0,1.0,0.94,0.94,0.16,0.16,0.27,0.27,0.05,0.69,0.25,0.22,0.5,0.36,0.68,0.73,0.55,0.66,0.7,0.55,0.55,0.72,0.37,0.7,0.39,0.04,0.45,0.897,0.175,0.347
0.59,0.59,1.0,1.0,0.95,0.95,0.16,0.16,0.32,0.32,0.04,0.69,0.13,0.13,0.75,0.36,0.85,0.73,0.39,0.85,0.86,0.39,0.39,0.64,0.41,0.64,0.41,0.04,0.46,0.895,0.173,0.353
0.59,0.59,1.0,1.0,0.95,0.95,0.41,0.4,0.12,0.12,0.17,0.56,0.09,0.1,0.75,0.33,0.92,0.71,0.32,0.91,0.92,0.32,0.32,0.61,0.42,0.62,0.42,0.04,0.49,0.889,0.175,0.357
0.59,0.59,1.0,1.0,0.95,0.95,0.16,0.16,0.31,0.31,0.08,0.65,0.09,0.1,0.75,0.3,0.94,0.69,0.3,0.94,0.95,0.3,0.3,0.61,0.42,0.62,0.42,0.03,0.52,0.887,0.182,0.361
0.58,0.58,1.0,1.0,0.96,0.96,0.16,0.16,0.36,0.36,0.09,0.64,0.04,0.06,0.75,0.27,0.96,0.67,0.29,0.96,0.96,0.29,0.29,0.58,0.44,0.59,0.43,0.03,0.54,0.887,0.187,0.359
0.61,0.61,1.0,1.0,0.94,0.94,0.37,0.36,0.14,0.14,0.17,0.56,0.0,0.0,0.5,0.25,0.95,0.65,0.28,0.95,0.96,0.28,0.28,0.38,0.78,0.37,0.8,0.02,0.54,0.875,0.198,0.338
0.6,0.6,1.0,1.0,0.94,0.94,0.16,0.16,0.32,0.32,0.08,0.66,0.0,0.0,0.5,0.24,0.95,0.64,0.27,0.95,0.96,0.27,0.27,0.31,0.92,0.31,0.92,0.02,0.58,0.884,0.208,0.338
0.59,0.59,1.0,1.0,0.95,0.95,0.16,0.16,0.33,0.33,0.08,0.66,0.0,0.0,0.75,0.24,0.95,0.64,0.26,0.94,0.96,0.26,0.26,0.31,0.92,0.31,0.92,0.02,0.65,0.885,0.225,0.345
0.58,0.58,1.0,1.0,0.96,0.96,0.16,0.16,0.34,0.34,0.07,0.66,0.0,0.0,0.75,0.24,0.95,0.64,0.26,0.95,0.96,0.26,0.26,0.31,0.92,0.31,0.92,0.02,0.69,0.873,0.24,0.352
0.58,0.58,1.0,1.0,0.96,0.96,0.16,0.16,0.36,0.36,0.08,0.66,0.0,0.0,0.75,0.29,0.95,0.68,0.26,0.95,0.96,0.26,0.26,0.31,0.92,0.31,0.92,0.02,0.79,0.869,0.252,0.362
0.58,0.58,1.0,1.0,0.96,0.96,0.16,0.16,0.36,0.36,0.07,0.67,0.0,0.0,0.75,0.3,0.96,0.69,0.27,0.96,0.97,0.27,0.27,0.31,0.92,0.31,0.92,0.02,0.82,0.868,0.26,0.366
0.58,0.58,1.0,1.0,0.96,0.96,0.16,0.16,0.36,0.36,0.06,0.68,0.0,0.0,0.75,0.3,0.96,0.69,0.27,0.96,0.97,0.27,0.27,0.31,0.92,0.31,0.92,0.03,0.84,0.864,0.26,0.366
0.59,0.59,1.0,1.0,0.95,0.95,0.16,0.16,0.34,0.34,0.02,0.71,0.0,0.0,0.75,0.3,0.97,0.69,0.27,0.97,0.97,0.27,0.27,0.31,0.92,0.31,0.92,0.03,0.85,0.868,0.253,0.367
0.6,0.6,1.0,1.0,0.95,0.95,0.16,0.16,0.29,0.29,0.04,0.69,0.0,0.0,0.75,0.29,0.96,0.68,0.28,0.96,0.97,0.28,0.28,0.31,0.92,0.31,0.92,0.03,0.85,0.864,0.24,0.365
0.6,0.6,1.0,1.0,0.94,0.94,0.16,0.16,0.27,0.27,0.0,0.75,0.0,0.0,0.75,0.28,0.95,0.68,0.27,0.95,0.96,0.27,0.27,0.31,0.92,0.31,0.92,0.02,0.85,0.845,0.23,0.365
0.6,0.6,1.0,1.0,0.95,0.95,0.16,0.16,0.24,0.24,0.0,0.81,0.0,0.0,0.5,0.27,0.94,0.67,0.27,0.94,0.95,0.27,0.27,0.31,0.92,0.31,0.92,0.02,0.86,0.844,0.225,0.355
0.62,0.62,1.0,1.0,0.93,0.93,0.16,0.16,0.25,0.25,0.0,0.8,0.0,0.0,0.5,0.27,0.92,0.67,0.28,0.91,0.92,0.28,0.28,0.34,0.87,0.37,0.8,0.02,0.86,0.843,0.218,0.352
0.64,0.64,1.0,1.0,0.91,0.91,0.16,0.16,0.24,0.24,0.0,0.77,0.0,0.0,0.5,0.28,0.88,0.67,0.31,0.87,0.88,0.31,0.31,0.38,0.77,0.42,0.71,0.03,0.79,0.851,0.213,0.348
0.63,0.63,1.0,1.0,0.92,0.92,0.16,0.16,0.23,0.23,0.04,0.7,0.0,0.0,0.25,0.38,0.59,0.75,0.47,0.58,0.59,0.47,0.47,0.45,0.65,0.49,0.56,0.07,1.0,0.846,0.205,0.345
0.63,0.63,1.0,1.0,0.91,0.91,0.16,0.16,0.24,0.24,0.04,0.69,0.0,0.0,0.25,0.39,0.58,0.75,0.47,0.57,0.58,0.47,0.47,0.43,0.67,0.48,0.59,0.09,1.0,0.828,0.197,0.323
0.66,0.66,1.0,1.0,0.89,0.89,0.16,0.16,0.25,0.25,0.04,0.7,0.0,0.0,0.25,0.4,0.57,0.76,0.49,0.57,0.57,0.49,0.49,0.44,0.67,0.48,0.58,0.09,1.0,0.806,0.188,0.274
0.68,0.68,1.0,1.0,0.88,0.88,0.16,0.16,0.31,0.31,0.09,0.65,0.0,0.0,0.25,0.42,0.55,0.78,0.47,0.54,0.55,0.47,0.47,0.45,0.64,0.5,0.54,0.1,1.0,0.801,0.195,0.257
0.68,0.68,1.0,1.0,0.88,0.88,0.16,0.16,0.29,0.29,0.17,0.56,0.07,0.2,0.25,0.42,0.4,0.77,0.5,0.4,0.4,0.5,0.5,0.6,0.43,0.68,0.39,0.09,1.0,0.826,0.198,0.285
0.66,0.66,1.0,1.0,0.89,0.89,0.16,0.16,0.34,0.34,0.19,0.54,0.1,0.18,0.25,0.41,0.47,0.77,0.46,0.47,0.48,0.46,0.46,0.62,0.42,0.67,0.4,0.07,1.0,0.83,0.223,0.31
0.67,0.67,1.0,1.0,0.89,0.89,0.16,0.16,0.35,0.35,0.19,0.53,0.0,0.07,0.25,0.41,0.55,0.77,0.44,0.54,0.56,0.44,0.44,0.55,0.45,0.6,0.43,0.06,1.0,0.823,0.23,0.321
0.67,0.67,1.0,1.0,0.89,0.89,0.16,0.16,0.34,0.34,0.21,0.52,0.0,0.09,0.25,0.42,0.58,0.78,0.42,0.57,0.59,0.42,0.42,0.55,0.45,0.61,0.42,0.06,1.0,0.807,0.235,0.329
0.68,0.68,1.0,1.0,0.88,0.88,0.16,0.16,0.33,0.33,0.22,0.51,0.0,0.0,0.25,0.39,0.7,0.76,0.37,0.69,0.71,0.37,0.37,0.51,0.54,0.53,0.5,0.05,1.0,0.795,0.235,0.333
0.67,0.67,1.0,1.0,0.89,0.89,0.16,0.16,0.33,0.33,0.23,0.5,0.0,0.0,0.25,0.39,0.64,0.76,0.39,0.63,0.64,0.39,0.39,0.49,0.57,0.52,0.51,0.05,1.0,0.727,0.243,0.373
0.68,0.68,1.0,1.0,0.88,0.88,0.16,0.16,0.33,0.33,0.23,0.49,0.0,0.03,0.25,0.39,0.62,0.75,0.39,0.62,0.62,0.39,0.39,0.55,0.46,0.57,0.44,0.04,1.0,0.65,0.262,0.395
0.68,0.68,1.0,1.0,0.88,0.88,0.16,0.16,0.33,0.33,0.23,0.49,0.0,0.0,0.25,0.39,0.61,0.75,0.45,0.61,0.61,0.45,0.45,0.51,0.53,0.54,0.46,0.04,1.0,0.615,0.273,0.408
0.68,0.68,1.0,1.0,0.88,0.88,0.16,0.16,0.36,0.36,0.26,0.46,0.0,0.0,0.25,0.39,0.57,0.75,0.46,0.57,0.57,0.46,0.46,0.42,0.71,0.45,0.65,0.04,1.0,0.614,0.275,0.408
0.72,0.72,1.0,1.0,0.85,0.85,0.16,0.16,0.35,0.35,0.26,0.46,0.0,0.0,0.25,0.44,0.6,0.79,0.42,0.61,0.59,0.42,0.42,0.5,0.55,0.54,0.48,0.04,1.0,0.638,0.285,0.399
0.7,0.7,1.0,1.0,0.86,0.86,0.16,0.16,0.34,0.34,0.27,0.45,0.0,0.03,0.25,0.42,0.68,0.78,0.42,0.69,0.68,0.42,0.42,0.53,0.49,0.57,0.44,0.04,1.0,0.652,0.292,0.394
0.69,0.69,1.0,1.0,0.87,0.87,0.16,0.16,0.34,0.34,0.25,0.47,0.0,0.0,0.25,0.43,0.73,0.78,0.4,0.73,0.73,0.4,0.4,0.47,0.61,0.51,0.52,0.04,1.0,0.684,0.29,0.403
0.68,0.68,1.0,1.0,0.87,0.87,0.16,0.16,0.34,0.34,0.17,0.55,0.0,0.0,0.5,0.45,0.89,0.8,0.32,0.88,0.89,0.32,0.32,0.31,0.92,0.31,0.92,0.04,1.0,0.674,0.283,0.42
0.65,0.65,1.0,1.0,0.9,0.9,0.16,0.16,0.35,0.35,0.09,0.64,0.0,0.0,0.75,0.39,0.94,0.76,0.29,0.93,0.94,0.29,0.29,0.31,0.92,0.31,0.92,0.04,1.0,0.61,0.323,0.417
0.67,0.67,1.0,1.0,0.88,0.88,0.16,0.16,0.5,0.5,0.0,0.76,0.0,0.0,0.75,0.39,0.95,0.75,0.29,0.95,0.96,0.29,0.29,0.31,0.92,0.31,0.92,0.04,1.0,0.589,0.34,0.421
0.77,0.77,1.0,1.0,0.8,0.8,0.16,0.16,0.55,0.55,0.01,0.73,0.0,0.0,0.75,0.39,0.95,0.75,0.29,0.95,0.96,0.29,0.29,0.31,0.92,0.31,0.92,0.04,1.0,0.593,0.34,0.444
0.8,0.8,1.0,1.0,0.78,0.78,0.16,0.16,0.59,0.59,0.05,0.68,0.0,0.0,0.75,0.39,0.95,0.75,0.3,0.95,0.95,0.3,0.3,0.31,0.92,0.31,0.92,0.05,1.0,0.594,0.34,0.438
0.81,0.81,1.0,1.0,0.77,0.77,0.16,0.16,0.59,0.59,0.06,0.66,0.0,0.0,0.75,0.39,0.95,0.76,0.3,0.95,0.95,0.3,0.3,0.31,0.92,0.31,0.92,0.05,1.0,0.579,0.338,0.398
0.79,0.79,1.0,1.0,0.79,0.79,0.16,0.16,0.63,0.63,0.12,0.6,0.0,0.0,0.75,0.39,0.95,0.76,0.31,0.95,0.95,0.31,0.31,0.31,0.92,0.31,0.92,0.05,1.0,0.581,0.34,0.321
0.8,0.8,1.0,1.0,0.78,0.78,0.16,0.16,0.63,0.63,0.14,0.57,0.0,0.0,0.75,0.4,0.94,0.77,0.31,0.95,0.94,0.31,0.31,0.31,0.92,0.31,0.92,0.05,1.0,0.581,0.342,0.275
0.81,0.81,1.0,1.0,0.78,0.78,0.16,0.16,0.62,0.62,0.12,0.59,0.0,0.0,0.75,0.4,0.95,0.76,0.31,0.95,0.95,0.31,0.31,0.31,0.92,0.31,0.92,0.05,1.0,0.595,0.332,0.323
0.81,0.81,1.0,1.0,0.77,0.77,0.16,0.16,0.57,0.57,0.05,0.67,0.0,0.0,0.75,0.39,0.95,0.75,0.3,0.95,0.95,0.3,0.3,0.31,0.92,0.31,0.92,0.06,1.0,0.609,0.335,0.406
0.8,0.8,1.0,1.0,0.78,0.78,0.16,0.16,0.42,0.42,0.1,0.62,0.0,0.0,0.75,0.36,0.96,0.74,0.28,0.96,0.96,0.28,0.28,0.31,0.92,0.31,0.92,0.05,1.0,0.609,0.34,0.439
0.78,0.78,1.0,1.0,0.8,0.8,0.29,0.28,0.33,0.33,0.17,0.55,0.0,0.0,0.75,0.36,0.93,0.74,0.29,0.93,0.93,0.29,0.29,0.31,0.92,0.31,0.92,0.04,1.0,0.609,0.342,0.469
0.76,0.76,1.0,1.0,0.81,0.81,0.27,0.27,0.35,0.35,0.21,0.5,0.0,0.0,0.75,0.37,0.93,0.74,0.29,0.92,0.93,0.29,0.29,0.31,0.92,0.31,0.92,0.04,1.0,0.601,0.353,0.493
0.76,0.76,1.0,1.0,0.82,0.82,0.28,0.28,0.36,0.36,0.22,0.48,0.0,0.0,0.5,0.37,0.91,0.74,0.29,0.9,0.91,0.29,0.29,0.31,0.92,0.31,0.92,0.04,1.0,0.596,0.368,0.494
0.7,0.7,1.0,1.0,0.86,0.86,0.26,0.26,0.35,0.35,0.24,0.46,0.0,0.0,0.25,0.42,0.66,0.78,0.39,0.66,0.67,0.39,0.39,0.43,0.69,0.45,0.64,0.03,1.0,0.6,0.368,0.476
0.62,0.62,1.0,1.0,0.93,0.93,0.24,0.24,0.31,0.31,0.29,0.42,0.0,0.03,0.0,0.43,0.63,0.78,0.42,0.63,0.63,0.42,0.42,0.54,0.47,0.57,0.44,0.04,1.0,0.597,0.337,0.388
0.6,0.6,1.0,1.0,0.94,0.94,0.24,0.24,0.29,0.29,0.36,0.35,0.0,0.0,0.0,0.41,0.72,0.77,0.39,0.73,0.71,0.39,0.39,0.47,0.6,0.49,0.56,0.04,1.0,0.59,0.332,0.339
0.6,0.6,1.0,1.0,0.94,0.94,0.24,0.24,0.29,0.29,0.45,0.26,0.0,0.0,0.0,0.38,0.76,0.75,0.37,0.78,0.74,0.37,0.37,0.48,0.59,0.48,0.58,0.04,0.49,0.594,0.338,0.358
0.6,0.6,1.0,1.0,0.94,0.94,0.21,0.2,0.29,0.29,0.5,0.21,0.0,0.0,0.0,0.39,0.74,0.75,0.39,0.76,0.72,0.39,0.39,0.46,0.63,0.45,0.64,0.04,0.3,0.591,0.338,0.396
0.6,0.6,1.0,1.0,0.95,0.95,0.23,0.23,0.29,0.29,0.48,0.23,0.0,0.0,0.0,0.38,0.72,0.75,0.39,0.74,0.7,0.39,0.39,0.52,0.52,0.52,0.51,0.04,0.32,0.59,0.35,0.425
0.59,0.59,1.0,1.0,0.95,0.95,0.24,0.24,0.29,0.29,0.35,0.36,0.0,0.0,0.0,0.39,0.72,0.75,0.39,0.73,0.71,0.39,0.39,0.5,0.55,0.51,0.52,0.04,0.99,0.605,0.358,0.436
0.59,0.59,1.0,1.0,0.95,0.95,0.21,0.21,0.32,0.32,0.21,0.5,0.0,0.0,0.25,0.37,0.82,0.74,0.34,0.82,0.83,0.34,0.34,0.36,0.81,0.39,0.76,0.04,1.0,0.649,0.363,0.464
0.59,0.59,1.0,1.0,0.95,0.95,0.23,0.23,0.33,0.33,0.17,0.55,0.0,0.0,0.25,0.36,0.84,0.73,0.33,0.84,0.85,0.33,0.33,0.33,0.87,0.36,0.81,0.04,1.0,0.679,0.367,0.505
0.6,0.6,1.0,1.0,0.94,0.94,0.22,0.22,0.32,0.32,0.22,0.49,0.0,0.0,0.25,0.36,0.84,0.73,0.33,0.84,0.85,0.33,0.33,0.38,0.79,0.41,0.73,0.04,1.0,0.703,0.37,0.571
0.6,0.6,1.0,1.0,0.94,0.94,0.23,0.23,0.3,0.3,0.31,0.4,0.0,0.0,0.25,0.38,0.8,0.74,0.36,0.8,0.8,0.36,0.36,0.47,0.61,0.48,0.58,0.03,1.0,0.714,0.367,0.601
0.59,0.59,1.0,1.0,0.95,0.95,0.16,0.16,0.42,0.42,0.24,0.48,0.0,0.0,0.25,0.39,0.84,0.75,0.35,0.85,0.84,0.35,0.35,0.35,0.83,0.38,0.79,0.04,1.0,0.711,0.363,0.584
0.59,0.59,1.0,1.0,0.95,0.95,0.16,0.16,0.44,0.44,0.16,0.56,0.0,0.0,0.25,0.39,0.86,0.75,0.34,0.87,0.86,0.34,0.34,0.31,0.92,0.32,0.9,0.04,1.0,0.684,0.372,0.505
0.61,0.61,1.0,1.0,0.93,0.93,0.16,0.16,0.4,0.4,0.1,0.63,0.0,0.0,0.5,0.38,0.91,0.75,0.32,0.91,0.91,0.32,0.32,0.31,0.92,0.31,0.92,0.04,1.0,0.65,0.36,0.405
0.6,0.6,1.0,1.0,0.94,0.94,0.16,0.16,0.38,0.38,0.02,0.71,0.0,0.0,0.5,0.37,0.92,0.74,0.31,0.91,0.92,0.31,0.31,0.31,0.92,0.31,0.92,0.04,1.0,0.643,0.358,0.362
0.59,0.59,1.0,1.0,0.95,0.95,0.16,0.16,0.38,0.38,0.04,0.7,0.0,0.0,0.5,0.36,0.92,0.73,0.31,0.91,0.92,0.31,0.31,0.31,0.92,0.31,0.92,0.04,1.0,0.644,0.348,0.387
0.6,0.6,1.0,1.0,0.95,0.95,0.16,0.16,0.37,0.37,0.04,0.69,0.0,0.0,0.5,0.35,0.91,0.73,0.34,0.9,0.91,0.34,0.34,0.33,0.87,0.36,0.82,0.04,1.0,0.681,0.347,0.443
0.6,0.6,1.0,1.0,0.95,0.95,0.16,0.16,0.4,0.4,0.03,0.7,0.0,0.0,0.5,0.37,0.76,0.74,0.56,0.73,0.78,0.56,0.56,0.43,0.69,0.43,0.68,0.05,1.0,0.703,0.348,0.494
0.58,0.58,1.0,1.0,0.96,0.96,0.16,0.16,0.43,0.43,0.07,0.66,0.22,0.18,0.75,0.34,0.82,0.72,0.56,0.81,0.84,0.56,0.56,0.7,0.38,0.67,0.4,0.1,1.0,0.704,0.337,0.495
0.59,0.59,1.0,1.0,0.95,0.95,0.16,0.16,0.3,0.3,0.13,0.6,0.2,0.16,0.75,0.34,0.87,0.71,0.5,0.86,0.88,0.5,0.5,0.68,0.39,0.66,0.4,0.11,0.61,0.688,0.312,0.411
0.59,0.59,1.0,1.0,0.95,0.95,0.16,0.16,0.35,0.35,0.11,0.62,0.1,0.1,1.0,0.36,0.89,0.73,0.46,0.88,0.89,0.46,0.46,0.62,0.42,0.62,0.42,0.11,0.73,0.692,0.308,0.353
0.59,0.59,1.0,1.0,0.95,0.95,0.16,0.16,0.38,0.38,0.15,0.57,0.07,0.09,0.75,0.4,0.86,0.76,0.46,0.85,0.88,0.46,0.46,0.6,0.43,0.61,0.42,0.12,0.85,0.694,0.305,0.318
0.58,0.58,1.0,1.0,0.96,0.96,0.16,0.16,0.38,0.38,0.18,0.55,0.06,0.06,0.75,0.4,0.83,0.76,0.49,0.82,0.85,0.49,0.49,0.59,0.43,0.59,0.43,0.11,0.93,0.711,0.307,0.329
0.58,0.58,1.0,1.0,0.96,0.96,0.16,0.16,0.31,0.31,0.23,0.49,0.04,0.04,0.75,0.4,0.81,0.77,0.49,0.8,0.83,0.49,0.49,0.58,0.44,0.58,0.44,0.11,0.84,0.735,0.317,0.349
0.59,0.59,1.0,1.0,0.95,0.95,0.16,0.16,0.28,0.28,0.29,0.43,0.0,0.0,0.5,0.36,0.74,0.73,0.53,0.74,0.75,0.53,0.53,0.34,0.85,0.36,0.81,0.07,1.0,0.726,0.33,0.376
0.58,0.58,1.0,1.0,0.96,0.96,0.16,0.16,0.35,0.35,0.31,0.42,0.0,0.0,0.5,0.33,0.75,0.71,0.56,0.75,0.75,0.56,0.56,0.41,0.72,0.44,0.66,0.06,1.0,0.754,0.355,0.408
0.59,0.59,1.0,1.0,0.95,0.95,0.16,0.16,0.37,0.37,0.35,0.37,0.0,0.0,0.5,0.33,0.72,0.71,0.56,0.72,0.72,0.56,0.56,0.43,0.69,0.45,0.64,0.08,1.0,0.777,0.378,0.431
0.59,0.59,1.0,1.0,0.95,0.95,0.16,0.16,0.4,0.4,0.37,0.35,0.0,0.0,0.5,0.34,0.69,0.71,0.56,0.7,0.69,0.56,0.56,0.37,0.8,0.39,0.76,0.09,1.0,0.806,0.403,0.445
0.58,0.58,1.0,1.0,0.96,0.96,0.16,0.16,0.39,0.39,0.38,0.34,0.0,0.0,0.5,0.35,0.67,0.72,0.56,0.67,0.68,0.56,0.56,0.51,0.52,0.51,0.54,0.09,0.93,0.825,0.425,0.457
0.58,0.58,1.0,1.0,0.96,0.96,0.16,0.16,0.36,0.36,0.38,0.35,0.2,0.16,0.5,0.36,0.61,0.74,0.56,0.6,0.62,0.56,0.56,0.68,0.39,0.66,0.4,0.12,0.53,0.838,0.445,0.468
0.58,0.58,1.0,1.0,0.96,0.96,0.16,0.16,0.35,0.35,0.39,0.33,0.2,0.18,0.5,0.4,0.53,0.76,0.56,0.52,0.54,0.56,0.56,0.68,0.39,0.67,0.4,0.14,0.58,0.844,0.467,0.474
0.58,0.58,1.0,1.0,0.96,0.96,0.16,0.16,0.35,0.35,0.39,0.33,0.0,0.0,0.25,0.37,0.55,0.74,0.56,0.55,0.54,0.56,0.56,0.5,0.55,0.51,0.52,0.1,1.0,0.82,0.498,0.487
0.59,0.59,1.0,1.0,0.95,0.95,0.16,0.16,0.39,0.39,0.45,0.28,0.0,0.0,0.5,0.36,0.65,0.73,0.56,0.67,0.63,0.56,0.56,0.48,0.58,0.51,0.54,0.08,1.0,0.816,0.522,0.507
0.61,0.61,1.0,1.0,0.93,0.93,0.16,0.16,0.41,0.41,0.48,0.24,0.0,0.0,0.5,0.36,0.67,0.73,0.56,0.69,0.66,0.56,0.56,0.46,0.62,0.48,0.58,0.08,1.0,0.817,0.54,0.53
0.62,0.62,1.0,1.0,0.92,0.92,0.16,0.16,0.44,0.44,0.51,0.22,0.0,0.0,0.5,0.36,0.71,0.73,0.56,0.73,0.7,0.56,0.56,0.44,0.67,0.46,0.62,0.09,1.0,0.829,0.553,0.545
0.62,0.62,1.0,1.0,0.92,0.92,0.16,0.16,0.44,0.44,0.52,0.21,0.0,0.0,0.5,0.36,0.71,0.73,0.54,0.73,0.7,0.54,0.54,0.43,0.69,0.45,0.64,0.09,1.0,0.839,0.563,0.565
0.62,0.62,1.0,1.0,0.93,0.93,0.16,0.16,0.44,0.44,0.53,0.2,0.0,0.0,0.75,0.36,0.72,0.73,0.52,0.74,0.71,0.52,0.52,0.38,0.79,0.4,0.75,0.09,1.0,0.841,0.572,0.573
0.62,0.62,1.0,1.0,0.93,0.93,0.16,0.16,0.42,0.42,0.53,0.2,0.0,0.0,0.75,0.36,0.72,0.74,0.51,0.74,0.71,0.51,0.51,0.36,0.82,0.38,0.78,0.08,1.0,0.847,0.58,0.588
0.61,0.61,1.0,1.0,0.93,0.93,0.16,0.16,0.43,0.43,0.54,0.19,0.0,0.0,0.75,0.37,0.71,0.74,0.54,0.73,0.7,0.54,0.54,0.43,0.68,0.45,0.64,0.08,1.0,0.835,0.597,0.595
0.61,0.61,1.0,1.0,0.93,0.93,0.16,0.16,0.44,0.44,0.54,0.19,0.0,0.0,0.75,0.37,0.73,0.74,0.52,0.75,0.72,0.52,0.52,0.38,0.78,0.4,0.75,0.08,1.0,0.829,0.63,0.603
0.61,0.61,1.0,1.0,0.94,0.94,0.16,0.16,0.43,0.43,0.54,0.18,0.0,0.0,0.75,0.37,0.81,0.74,0.48,0.82,0.8,0.48,0.48,0.31,0.92,0.31,0.92,0.06,0.79,0.825,0.655,0.614
0.6,0.6,1.0,1.0,0.95,0.95,0.16,0.16,0.44,0.44,0.53,0.2,0.0,0.0,0.75,0.33,0.92,0.71,0.43,0.92,0.92,0.43,0.43,0.46,0.63,0.44,0.66,0.05,0.34,0.826,0.663,0.628
0.6,0.6,1.0,1.0,0.95,0.95,0.16,0.16,0.43,0.43,0.52,0.21,0.0,0.0,0.75,0.33,0.9,0.71,0.47,0.9,0.9,0.47,0.47,0.55,0.45,0.53,0.49,0.07,0.31,0.834,0.667,0.629
0.61,0.61,1.0,1.0,0.94,0.94,0.46,0.45,0.17,0.17,0.45,0.27,0.07,0.07,0.75,0.35,0.89,0.72,0.44,0.89,0.89,0.44,0.44,0.6,0.43,0.6,0.43,0.07,0.27,0.831,0.67,0.632
0.6,0.6,1.0,1.0,0.94,0.94,0.2,0.2,0.21,0.21,0.45,0.27,0.02,0.02,0.75,0.34,0.88,0.72,0.43,0.88,0.88,0.43,0.43,0.56,0.44,0.56,0.44,0.07,0.27,0.826,0.68,0.635
0.59,0.59,1.0,1.0,0.95,0.95,0.16,0.16,0.24,0.24,0.43,0.29,0.0,0.0,0.75,0.29,0.94,0.68,0.35,0.94,0.94,0.35,0.35,0.55,0.46,0.53,0.5,0.06,0.33,0.829,0.69,0.643
0.59,0.59,1.0,1.0,0.96,0.96,0.16,0.16,0.24,0.24,0.42,0.3,0.0,0.0,0.75,0.28,0.94,0.67,0.35,0.94,0.95,0.35,0.35,0.53,0.48,0.51,0.52,0.06,0.35,0.826,0.692,0.642
0.58,0.58,1.0,1.0,0.96,0.96,0.16,0.16,0.24,0.24,0.42,0.31,0.0,0.0,0.75,0.28,0.95,0.67,0.33,0.95,0.95,0.33,0.33,0.54,0.46,0.52,0.5,0.05,0.37,0.816,0.683,0.625
0.6,0.6,1.0,1.0,0.94,0.94,0.96,0.96,0.25,0.25,0.42,0.31,0.15,0.16,0.5,0.29,0.89,0.68,0.33,0.88,0.89,0.33,0.33,0.65,0.4,0.66,0.4,0.05,0.39,0.81,0.667,0.62
0.6,0.6,1.0,1.0,0.94,0.94,0.95,0.95,0.25,0.25,0.42,0.3,0.18,0.18,0.5,0.3,0.86,0.69,0.34,0.86,0.87,0.34,0.34,0.67,0.4,0.67,0.4,0.04,0.41,0.805,0.662,0.612
0.58,0.58,1.0,1.0,0.96,0.96,0.45,0.45,0.17,0.17,0.41,0.31,0.09,0.07,0.75,0.3,0.9,0.69,0.34,0.9,0.9,0.34,0.34,0.61,0.42,0.6,0.43,0.04,0.41,0.794,0.662,0.604
0.57,0.57,1.0,1.0,0.97,0.97,0.19,0.19,0.26,0.26,0.42,0.31,0.0,0.0,0.75,0.28,0.94,0.67,0.33,0.93,0.94,0.33,0.33,0.55,0.45,0.54,0.47,0.04,0.41,0.789,0.657,0.592
0.56,0.56,1.0,1.0,0.97,0.97,0.16,0.16,0.27,0.27,0.41,0.31,0.03,0.0,1.0,0.26,0.95,0.66,0.3,0.95,0.95,0.3,0.3,0.57,0.44,0.54,0.47,0.04,0.43,0.784,0.653,0.583
0.56,0.56,1.0,1.0,0.97,0.97,0.67,0.67,0.14,0.14,0.39,0.33,0.07,0.03,0.75,0.27,0.93,0.67,0.32,0.92,0.94,0.32,0.32,0.6,0.43,0.57,0.44,0.03,0.45,0.779,0.643,0.577
0.56,0.56,1.0,1.0,0.97,0.97,0.38,0.38,0.16,0.16,0.4,0.32,0.07,0.04,1.0,0.27,0.95,0.66,0.29,0.95,0.95,0.29,0.29,0.6,0.43,0.58,0.43,0.03,0.48,0.771,0.635,0.572
0.45,0.45,0.82,0.82,1.0,1.0,0.16,0.16,0.24,0.24,0.39,0.33,0.04,0.02,1.0,0.24,0.97,0.64,0.27,0.97,0.97,0.27,0.27,0.58,0.44,0.56,0.44,0.03,0.5,0.754,0.625,0.575
0.56,0.56,1.0,1.0,0.98,0.98,0.16,0.16,0.26,0.26,0.4,0.32,0.0,0.0,1.0,0.34,0.98,0.72,0.27,0.98,0.98,0.27,0.27,0.5,0.54,0.5,0.56,0.1,0.57,0.743,0.623,0.577
0.56,0.56,1.0,1.0,0.98,0.98,0.16,0.16,0.27,0.27,0.4,0.32,0.0,0.0,1.0,0.35,0.98,0.72,0.27,0.98,0.98,0.27,0.27,0.5,0.55,0.49,0.56,0.1,0.57,0.738,0.622,0.573
0.56,0.56,1.0,1.0,0.97,0.97,0.16,0.16,0.24,0.24,0.39,0.33,0.0,0.0,0.75,0.38,0.93,0.75,0.28,0.93,0.93,0.28,0.28,0.54,0.46,0.54,0.46,0.08,0.55,0.739,0.617,0.575
0.57,0.57,1.0,1.0,0.97,0.97,0.22,0.22,0.22,0.22,0.39,0.33,0.13,0.13,0.5,0.37,0.85,0.74,0.3,0.86,0.85,0.3,0.3,0.64,0.41,0.64,0.41,0.07,0.5,0.737,0.613,0.571
0.58,0.58,1.0,1.0,0.96,0.96,0.26,0.26,0.23,0.23,0.39,0.34,0.0,0.0,0.5,0.32,0.86,0.7,0.29,0.87,0.86,0.29,0.29,0.45,0.65,0.45,0.65,0.05,0.51,0.74,0.608,0.57
0.61,0.61,1.0,1.0,0.93,0.93,0.3,0.3,0.24,0.24,0.39,0.33,0.0,0.0,0.5,0.3,0.88,0.69,0.28,0.88,0.88,0.28,0.28,0.31,0.92,0.31,0.92,0.04,0.51,0.744,0.608,0.559
0.64,0.64,1.0,1.0,0.91,0.91,0.32,0.32,0.24,0.24,0.39,0.33,0.0,0.0,0.5,0.3,0.89,0.69,0.28,0.89,0.88,0.28,0.28,0.31,0.92,0.31,0.92,0.04,0.5,0.738,0.608,0.555
0.67,0.67,1.0,1.0,0.88,0.88,0.37,0.37,0.24,0.24,0.4,0.32,0.0,0.0,0.5,0.31,0.89,0.69,0.29,0.89,0.89,0.29,0.29,0.31,0.92,0.31,0.92,0.03,0.49,0.741,0.613,0.557
0.69,0.69,1.0,1.0,0.87,0.87,0.37,0.36,0.25,0.25,0.4,0.32,0.0,0.0,0.5,0.32,0.89,0.7,0.29,0.89,0.89,0.29,0.29,0.31,0.92,0.31,0.92,0.03,0.48,0.748,0.615,0.555
0.69,0.69,1.0,1.0,0.87,0.87,0.34,0.33,0.25,0.25,0.4,0.31,0.0,0.0,0.5,0.32,0.9,0.7,0.3,0.9,0.89,0.3,0.3,0.31,0.92,0.31,0.92,0.04,0.49,0.766,0.608,0.548
0.67,0.67,1.0,1.0,0.89,0.89,0.31,0.3,0.26,0.26,0.4,0.31,0.0,0.0,0.5,0.32,0.9,0.7,0.33,0.9,0.89,0.33,0.33,0.31,0.91,0.31,0.92,0.04,0.48,0.761,0.605,0.547
0.67,0.67,1.0,1.0,0.88,0.88,0.29,0.29,0.26,0.26,0.4,0.31,0.0,0.0,0.5,0.34,0.91,0.72,0.35,0.91,0.9,0.35,0.35,0.31,0.92,0.31,0.92,0.04,0.67,0.751,0.608,0.548
0.64,0.64,1.0,1.0,0.91,0.91,0.28,0.28,0.23,0.23,0.4,0.32,0.13,0.18,0.25,0.35,0.45,0.72,0.56,0.45,0.44,0.56,0.56,0.64,0.41,0.67,0.4,0.04,0.89,0.743,0.612,0.551
0.62,0.62,1.0,1.0,0.93,0.93,0.26,0.26,0.21,0.21,0.4,0.32,0.38,0.42,0.25,0.34,0.25,0.72,0.56,0.25,0.25,0.56,0.56,0.8,0.34,0.83,0.32,0.04,1.0,0.743,0.612,0.556
0.61,0.61,1.0,1.0,0.93,0.93,0.26,0.26,0.21,0.21,0.41,0.32,0.43,0.46,0.25,0.32,0.25,0.7,0.56,0.25,0.25,0.56,0.56,0.84,0.32,0.86,0.31,0.04,0.79,0.745,0.61,0.559
0.61,0.61,1.0,1.0,0.93,0.93,0.19,0.19,0.22,0.22,0.42,0.3,0.45,0.49,0.25,0.31,0.29,0.69,0.56,0.29,0.29,0.56,0.56,0.85,0.31,0.88,0.3,0.05,0.86,0.751,0.61,0.561
0.61,0.61,1.0,1.0,0.93,0.93,0.16,0.16,0.22,0.22,0.42,0.3,0.46,0.51,0.25,0.31,0.28,0.69,0.56,0.28,0.27,0.56,0.56,0.86,0.31,0.89,0.3,0.05,0.89,0.756,0.613,0.562
0.61,0.61,1.0,1.0,0.94,0.94,0.16,0.16,0.22,0.22,0.42,0.3,0.46,0.51,0.25,0.3,0.28,0.69,0.56,0.28,0.27,0.56,0.56,0.86,0.31,0.89,0.3,0.05,1.0,0.761,0.612,0.564
0.58,0.58,1.0,1.0,0.96,0.96,0.16,0.16,0.39,0.39,0.49,0.23,0.28,0.34,0.5,0.31,0.35,0.69,0.56,0.36,0.35,0.56,0.56,0.74,0.37,0.78,0.35,0.06,1.0,0.771,0.608,0.557
0.58,0.58,1.0,1.0,0.96,0.96,0.16,0.16,0.41,0.41,0.5,0.22,0.22,0.3,0.5,0.32,0.38,0.7,0.56,0.38,0.37,0.56,0.56,0.7,0.38,0.75,0.36,0.06,1.0,0.777,0.608,0.554
0.58,0.58,1.0,1.0,0.96,0.96,0.16,0.16,0.4,0.4,0.5,0.22,0.27,0.34,0.5,0.32,0.33,0.71,0.56,0.33,0.32,0.56,0.56,0.73,0.37,0.78,0.35,0.07,1.0,0.795,0.603,0.558
0.58,0.58,1.0,1.0,0.96,0.96,0.16,0.16,0.41,0.41,0.51,0.22,0.38,0.43,0.5,0.33,0.27,0.71,0.56,0.27,0.26,0.56,0.56,0.8,0.34,0.84,0.32,0.07,1.0,0.794,0.602,0.566
0.58,0.58,1.0,1.0,0.96,0.96,0.16,0.16,0.4,0.4,0.55,0.17,0.4,0.46,0.5,0.33,0.26,0.71,0.56,0.27,0.25,0.56,0.56,0.82,0.33,0.86,0.31,0.07,1.0,0.793,0.6,0.567
0.58,0.58,1.0,1.0,0.96,0.96,0.16,0.16,0.39,0.39,0.63,0.1,0.49,0.52,0.5,0.33,0.25,0.71,0.56,0.25,0.25,0.56,0.56,0.88,0.3,0.9,0.3,0.07,0.68,0.791,0.602,0.57
0.59,0.59,1.0,1.0,0.95,0.95,0.16,0.16,0.37,0.37,0.72,0.01,0.51,0.52,0.5,0.33,0.25,0.71,0.56,0.25,0.25,0.56,0.56,0.89,0.3,0.9,0.29,0.07,0.42,0.791,0.603,0.569
0.59,0.59,1.0,1.0,0.95,0.95,0.16,0.16,0.38,0.38,0.75,0.0,0.55,0.55,0.5,0.33,0.25,0.71,0.56,0.25,0.25,0.56,0.56,0.92,0.29,0.92,0.29,0.07,0.26,0.78,0.605,0.573
0.59,0.59,1.0,1.0,0.96,0.96,0.16,0.16,0.37,0.37,0.74,0.0,0.6,0.61,0.25,0.33,0.25,0.71,0.56,0.25,0.25,0.56,0.56,0.95,0.27,0.96,0.27,0.07,0.33,0.776,0.605,0.571
0.58,0.58,1.0,1.0,0.96,0.96,0.16,0.16,0.38,0.38,0.68,0.06,0.58,0.61,0.25,0.33,0.25,0.71,0.56,0.25,0.25,0.56,0.56,0.94,0.27,0.96,0.27,0.08,0.61,0.783,0.605,0.575
0.58,0.58,1.0,1.0,0.96,0.96,0.16,0.16,0.35,0.35,0.56,0.17,0.55,0.61,0.25,0.32,0.25,0.71,0.56,0.25,0.25,0.56,0.56,0.92,0.28,0.96,0.27,0.09,1.0,0.792,0.607,0.578
0.57,0.57,1.0,1.0,0.96,0.96,0.16,0.16,0.34,0.34,0.49,0.23,0.55,0.61,0.25,0.32,0.25,0.7,0.56,0.25,0.25,0.56,0.56,0.92,0.29,0.96,0.27,0.09,1.0,0.794,0.625,0.592
0.57,0.57,1.0,1.0,0.97,0.97,0.16,0.16,0.33,0.33,0.44,0.28,0.55,0.63,0.25,0.32,0.25,0.7,0.56,0.25,0.25,0.56,0.56,0.92,0.28,0.97,0.26,0.09,1.0,0.795,0.648,0.638
0.57,0.57,1.0,1.0,0.97,0.97,0.16,0.16,0.33,0.33,0.37,0.35,0.6,0.66,0.25,0.32,0.25,0.7,0.56,0.25,0.25,0.56,0.56,0.95,0.27,0.99,0.25,0.09,1.0,0.789,0.672,0.697
0.56,0.56,1.0,1.0,0.97,0.97,0.16,0.16,0.29,0.29,0.38,0.34,0.55,0.63,0.25,0.31,0.25,0.69,0.56,0.25,0.25,0.56,0.56,0.92,0.28,0.97,0.26,0.1,1.0,0.791,0.673,0.734
0.57,0.57,1.0,1.0,0.97,0.97,0.16,0.16,0.3,0.3,0.42,0.3,0.57,0.64,0.25,0.31,0.25,0.7,0.56,0.25,0.25,0.56,0.56,0.93,0.28,0.98,0.26,0.1,1.0,0.8,0.673,0.733
0.57,0.57,1.0,1.0,0.97,0.97,0.16,0.16,0.34,0.34,0.59,0.13,0.63,0.69,0.25,0.31,0.25,0.69,0.56,0.25,0.25,0.56,0.56,0.97,0.26,1.0,0.25,0.1,1.0,0.817,0.673,0.685
0.57,0.57,1.0,1.0,0.97,0.97,0.16,0.16,0.32,0.32,0.7,0.03,0.67,0.72,0.25,0.31,0.25,0.7,0.56,0.25,0.25,0.56,0.56,1.0,0.25,1.0,0.24,0.1,0.73,0.824,0.658,0.625
0.57,0.57,1.0,1.0,0.97,0.97,0.16,0.16,0.31,0.31,0.7,0.04,0.66,0.7,0.25,0.32,0.25,0.7,0.56,0.25,0.25,0.56,0.56,0.99,0.25,1.0,0.24,0.1,0.53,0.82,0.648,0.589
0.57,0.57,1.0,1.0,0.97,0.97,0.16,0.16,0.19,0.19,0.53,0.2,0.66,0.7,0.0,0.31,0.25,0.7,0.56,0.25,0.25,0.56,0.56,0.99,0.25,1.0,0.24,0.1,0.49,0.827,0.643,0.548
0.57,0.57,1.0,1.0,0.97,0.97,0.19,0.19,0.16,0.16,0.47,0.25,0.72,0.77,0.0,0.29,0.25,0.68,0.56,0.25,0.25,0.56,0.56,1.0,0.24,1.0,0.22,0.1,0.47,0.814,0.64,0.505
0.57,0.57,1.0,1.0,0.97,0.97,0.2,0.2,0.16,0.16,0.43,0.29,0.72,0.75,0.0,0.29,0.25,0.68,0.56,0.25,0.25,0.56,0.56,1.0,0.24,1.0,0.23,0.1,0.62,0.806,0.635,0.506
0.57,0.57,1.0,1.0,0.97,0.97,0.23,0.23,0.16,0.16,0.37,0.36,0.72,0.77,0.0,0.29,0.25,0.68,0.56,0.25,0.25,0.56,0.56,1.0,0.24,1.0,0.23,0.1,0.99,0.816,0.633,0.53
0.57,0.57,1.0,1.0,0.97,0.97,0.23,0.23,0.17,0.17,0.32,0.4,0.72,0.77,0.0,0.29,0.25,0.68,0.56,0.25,0.25,0.56,0.56,1.0,0.24,1.0,0.22,0.1,1.0,0.826,0.622,0.59
0.57,0.57,1.0,1.0,0.97,0.97,0.23,0.22,0.17,0.17,0.33,0.4,0.7,0.75,0.0,0.29,0.25,0.68,0.56,0.25,0.25,0.56,0.56,1.0,0.24,1.0,0.23,0.1,1.0,0.824,0.627,0.678
0.57,0.57,1.0,1.0,0.97,0.97,0.21,0.2,0.18,0.18,0.4,0.32,0.7,0.75,0.0,0.29,0.25,0.68,0.56,0.25,0.25,0.56,0.56,1.0,0.24,1.0,0.23,0.1,0.87,0.824,0.63,0.723
0.57,0.57,1.0,1.0,0.97,0.97,0.2,0.2,0.18,0.18,0.48,0.24,0.67,0.7,0.0,0.29,0.25,0.68,0.56,0.25,0.25,0.56,0.56,1.0,0.25,1.0,0.24,0.1,0.34,0.834,0.628,0.687
0.57,0.57,1.0,1.0,0.97,0.97,0.2,0.2,0.18,0.18,0.51,0.21,0.7,0.72,0.0,0.29,0.25,0.68,0.56,0.25,0.25,0.56,0.56,1.0,0.24,1.0,0.24,0.09,0.21,0.848,0.625,0.64
0.57,0.57,1.0,1.0,0.97,0.97,0.2,0.2,0.17,0.17,0.49,0.23,0.67,0.69,0.0,0.29,0.25,0.68,0.56,0.25,0.25,0.56,0.56,1.0,0.25,1.0,0.25,0.09,0.18,0.844,0.618,0.61
0.57,0.57,1.0,1.0,0.97,0.97,0.2,0.2,0.18,0.18,0.4,0.32,0.67,0.69,0.0,0.3,0.25,0.68,0.56,0.25,0.25,0.56,0.56,1.0,0.25,1.0,0.25,0.09,0.58,0.836,0.615,0.564
0.57,0.57,1.0,1.0,0.97,0.97,0.2,0.2,0.18,0.18,0.36,0.36,0.66,0.69,0.0,0.3,0.25,0.69,0.56,0.25,0.25,0.56,0.56,0.99,0.25,1.0,0.24,0.09,0.83,0.82,0.612,0.516
0.57,0.57,1.0,1.0,0.97,0.97,0.2,0.2,0.19,0.19,0.35,0.37,0.63,0.67,0.0,0.3,0.25,0.69,0.56,0.25,0.25,0.56,0.56,0.97,0.26,1.0,0.25,0.09,0.96,0.815,0.612,0.522
0.57,0.57,1.0,1.0,0.96,0.96,0.16,0.16,0.2,0.2,0.41,0.32,0.61,0.64,0.0,0.3,0.25,0.69,0.56,0.25,0.25,0.56,0.56,0.96,0.27,0.98,0.26,0.09,0.65,0.82,0.608,0.566
0.57,0.57,1.0,1.0,0.97,0.97,0.19,0.19,0.21,0.21,0.47,0.26,0.6,0.61,0.0,0.3,0.25,0.69,0.56,0.25,0.25,0.56,0.56,0.95,0.27,0.96,0.27,0.08,0.3,0.825,0.605,0.621
0.57,0.57,1.0,1.0,0.97,0.97,0.18,0.18,0.21,0.21,0.47,0.26,0.54,0.57,0.0,0.3,0.25,0.69,0.56,0.25,0.25,0.56,0.56,0.91,0.29,0.93,0.28,0.08,0.26,0.826,0.605,0.658
0.57,0.57,1.0,1.0,0.97,0.97,0.16,0.16,0.22,0.22,0.42,0.3,0.55,0.57,0.0,0.3,0.25,0.69,0.56,0.25,0.25,0.56,0.56,0.92,0.29,0.93,0.28,0.07,0.41,0.821,0.608,0.666
0.57,0.57,1.0,1.0,0.96,0.96,0.5,0.49,0.16,0.16,0.32,0.41,0.57,0.61,0.0,0.3,0.25,0.69,0.56,0.25,0.25,0.56,0.56,0.93,0.28,0.96,0.27,0.07,1.0,0.825,0.607,0.625
0.59,0.59,1.0,1.0,0.95,0.95,0.65,0.64,0.14,0.14,0.27,0.46,0.55,0.61,0.0,0.31,0.25,0.7,0.56,0.25,0.25,0.56,0.56,0.92,0.29,0.96,0.27,0.07,1.0,0.811,0.603,0.571
0.58,0.58,1.0,1.0,0.96,0.96,0.25,0.25,0.23,0.23,0.22,0.5,0.45,0.54,0.0,0.32,0.25,0.7,0.56,0.25,0.25,0.56,0.56,0.85,0.32,0.91,0.29,0.08,1.0,0.8,0.603,0.546
0.58,0.58,1.0,1.0,0.96,0.96,0.21,0.21,0.24,0.24,0.22,0.5,0.45,0.52,0.0,0.32,0.25,0.7,0.56,0.25,0.25,0.56,0.56,0.85,0.32,0.9,0.29,0.07,1.0,0.789,0.602,0.556
0.58,0.58,1.0,1.0,0.96,0.96,0.21,0.21,0.24,0.24,0.23,0.5,0.48,0.55,0.0,0.31,0.25,0.7,0.56,0.25,0.25,0.56,0.56,0.87,0.31,0.92,0.29,0.07,1.0,0.793,0.603,0.589
0.58,0.58,1.0,1.0,0.96,0.96,0.2,0.2,0.23,0.23,0.26,0.46,0.51,0.58,0.25,0.31,0.25,0.69,0.56,0.25,0.25,0.56,0.56,0.89,0.3,0.94,0.28,0.07,1.0,0.789,0.603,0.629
0.58,0.58,1.0,1.0,0.96,0.96,0.2,0.2,0.22,0.22,0.29,0.43,0.51,0.58,0.25,0.3,0.25,0.69,0.56,0.25,0.25,0.56,0.56,0.89,0.3,0.94,0.28,0.07,1.0,0.781,0.602,0.623
0.58,0.58,1.0,1.0,0.96,0.96,0.2,0.2,0.21,0.21,0.36,0.37,0.49,0.55,0.0,0.3,0.25,0.69,0.56,0.25,0.25,0.56,0.56,0.88,0.3,0.92,0.29,0.08,1.0,0.776,0.583,0.573
0.58,0.58,1.0,1.0,0.96,0.96,0.18,0.18,0.21,0.21,0.44,0.28,0.57,0.58,0.0,0.3,0.25,0.69,0.56,0.25,0.25,0.56,0.56,0.93,0.28,0.94,0.28,0.07,0.62,0.746,0.553,0.5
0.58,0.58,1.0,1.0,0.96,0.96,0.2,0.2,0.21,0.21,0.5,0.23,0.64,0.64,0.0,0.29,0.25,0.68,0.56,0.25,0.25,0.56,0.56,0.98,0.26,0.98,0.26,0.07,0.31,0.729,0.505,0.453
0.58,0.58,1.0,1.0,0.96,0.96,0.2,0.2,0.22,0.22,0.56,0.16,0.66,0.64,0.0,0.29,0.25,0.68,0.56,0.25,0.25,0.56,0.56,0.99,0.26,0.98,0.26,0.08,0.16,0.717,0.457,0.437
0.58,0.58,1.0,1.0,0.96,0.96,0.19,0.19,0.23,0.23,0.58,0.14,0.64,0.63,0.0,0.28,0.25,0.68,0.56,0.25,0.25,0.56,0.56,0.98,0.26,0.97,0.26,0.08,0.08,0.716,0.405,0.432
0.58,0.58,1.0,1.0,0.96,0.96,0.19,0.19,0.23,0.23,0.49,0.23,0.61,0.63,0.0,0.29,0.25,0.68,0.56,0.25,0.25,0.56,0.56,0.96,0.27,0.97,0.26,0.08,0.18,0.729,0.352,0.447
0.58,0.58,1.0,1.0,0.96,0.96,0.19,0.19,0.24,0.24,0.35,0.37,0.49,0.57,0.0,0.29,0.25,0.68,0.56,0.25,0.25,0.56,0.56,0.88,0.3,0.93,0.28,0.08,1.0,0.741,0.313,0.461
0.58,0.58,1.0,1.0,0.96,0.96,0.2,0.2,0.24,0.24,0.27,0.46,0.55,0.63,0.25,0.29,0.25,0.68,0.56,0.25,0.25,0.56,0.56,0.92,0.28,0.97,0.26,0.08,1.0,0.759,0.277,0.498
0.58,0.58,1.0,1.0,0.96,0.96,0.2,0.2,0.24,0.24,0.18,0.55,0.55,0.61,0.0,0.29,0.25,0.68,0.56,0.25,0.25,0.56,0.56,0.92,0.29,0.96,0.27,0.08,1.0,0.79,0.243,0.551
0.58,0.58,1.0,1.0,0.96,0.96,0.19,0.19,0.24,0.24,0.16,0.57,0.54,0.6,0.0,0.3,0.25,0.68,0.56,0.25,0.25,0.56,0.56,0.91,0.29,0.95,0.27,0.08,1.0,0.809,0.225,0.595
0.58,0.58,1.0,1.0,0.96,0.96,0.16,0.16,0.31,0.31,0.22,0.51,0.46,0.55,0.25,0.3,0.25,0.69,0.56,0.25,0.25,0.56,0.56,0.86,0.31,0.92,0.29,0.08,1.0,0.819,0.22,0.645
0.57,0.57,1.0,1.0,0.97,0.97,0.16,0.16,0.41,0.41,0.29,0.44,0.4,0.51,0.25,0.31,0.25,0.7,0.56,0.25,0.25,0.56,0.56,0.82,0.33,0.89,0.3,0.09,1.0,0.82,0.218,0.69
0.56,0.56,1.0,1.0,0.97,0.97,0.16,0.16,0.43,0.43,0.36,0.37,0.36,0.45,0.25,0.33,0.25,0.71,0.56,0.25,0.25,0.56,0.56,0.79,0.34,0.85,0.32,0.1,1.0,0.807,0.228,0.69
0.56,0.56,1.0,1.0,0.98,0.98,0.16,0.16,0.39,0.39,0.42,0.3,0.36,0.43,0.25,0.33,0.25,0.71,0.56,0.25,0.25,0.56,0.56,0.79,0.34,0.84,0.32,0.09,1.0,0.781,0.245,0.618
0.57,0.57,1.0,1.0,0.97,0.97,0.22,0.22,0.27,0.27,0.45,0.28,0.54,0.58,0.25,0.33,0.25,0.71,0.56,0.25,0.25,0.56,0.56,0.91,0.29,0.94,0.28,0.09,0.8,0.734,0.248,0.527
0.57,0.57,1.0,1.0,0.97,0.97,0.16,0.16,0.44,0.44,0.49,0.23,0.25,0.3,0.5,0.4,0.84,0.76,0.42,0.84,0.85,0.42,0.42,0.72,0.37,0.75,0.36,0.07,0.89,0.714,0.245,0.467
0.57,0.57,1.0,1.0,0.97,0.97,0.16,0.16,0.47,0.47,0.5,0.23,0.27,0.21,0.75,0.38,0.94,0.74,0.39,0.93,0.94,0.39,0.39,0.73,0.37,0.69,0.39,0.07,0.79,0.697,0.248,0.405
0.58,0.58,1.0,1.0,0.96,0.96,0.42,0.41,0.19,0.19,0.42,0.3,0.27,0.18,0.75,0.34,0.94,0.72,0.35,0.93,0.94,0.35,0.35,0.73,0.37,0.67,0.39,0.07,0.53,0.698,0.248,0.381
0.59,0.59,1.0,1.0,0.95,0.95,0.28,0.28,0.19,0.19,0.42,0.31,0.2,0.16,0.75,0.3,0.94,0.69,0.33,0.93,0.94,0.33,0.33,0.68,0.39,0.66,0.4,0.05,0.51,0.704,0.247,0.415
0.57,0.57,1.0,1.0,0.97,0.97,0.19,0.19,0.21,0.21,0.41,0.31,0.13,0.1,1.0,0.25,0.96,0.65,0.28,0.96,0.96,0.28,0.28,0.64,0.41,0.62,0.42,0.03,0.52,0.712,0.252,0.467
0.6,0.6,1.0,1.0,0.94,0.94,0.86,0.86,0.15,0.15,0.38,0.34,0.13,0.1,0.75,0.32,0.91,0.7,0.34,0.89,0.92,0.34,0.34,0.64,0.41,0.62,0.42,0.03,0.56,0.728,0.265,0.515
0.57,0.57,1.0,1.0,0.97,0.97,0.25,0.25,0.18,0.18,0.39,0.34,0.1,0.09,1.0,0.26,0.95,0.65,0.28,0.95,0.96,0.28,0.28,0.62,0.42,0.61,0.42,0.02,0.57,0.741,0.283,0.549
0.56,0.56,1.0,1.0,0.98,0.98,0.16,0.16,0.23,0.23,0.39,0.34,0.07,0.07,1.0,0.25,0.96,0.65,0.28,0.96,0.96,0.28,0.28,0.6,0.43,0.6,0.43,0.02,0.58,0.769,0.297,0.579
0.51,0.51,0.96,0.96,1.0,1.0,0.16,0.16,0.24,0.24,0.38,0.34,0.07,0.06,1.0,0.24,0.96,0.64,0.27,0.96,0.97,0.27,0.27,0.6,0.43,0.59,0.43,0.02,0.57,0.784,0.317,0.604
0.49,0.49,0.9,0.9,1.0,1.0,0.16,0.16,0.26,0.26,0.39,0.33,0.07,0.06,1.0,0.24,0.97,0.64,0.27,0.97,0.97,0.27,0.27,0.6,0.43,0.59,0.43,0.01,0.57,0.776,0.348,0.608
0.48,0.48,0.88,0.88,1.0,1.0,0.16,0.16,0.27,0.27,0.39,0.33,0.07,0.07,1.0,0.23,0.97,0.64,0.27,0.97,0.97,0.27,0.27,0.6,0.43,0.6,0.43,0.01,0.56,0.778,0.378,0.6
0.47,0.47,0.87,0.87,1.0,1.0,0.16,0.16,0.27,0.27,0.4,0.32,0.07,0.07,1.0,0.23,0.97,0.64,0.28,0.97,0.97,0.28,0.28,0.6,0.43,0.6,0.43,0.01,0.54,0.786,0.403,0.577
0.44,0.44,0.8,0.8,1.0,1.0,0.39,0.39,0.21,0.21,0.34,0.38,0.07,0.07,1.0,0.34,0.91,0.72,0.37,0.91,0.91,0.37,0.37,0.6,0.43,0.6,0.43,0.03,0.52,0.787,0.42,0.571
0.38,0.38,0.65,0.65,1.0,1.0,0.16,0.16,0.37,0.37,0.09,0.64,0.02,0.03,1.0,0.28,0.95,0.67,0.3,0.95,0.95,0.3,0.3,0.56,0.44,0.57,0.44,0.03,0.51,0.786,0.448,0.555
0.38,0.38,0.66,0.66,1.0,1.0,0.16,0.16,0.41,0.41,0.08,0.65,0.03,0.04,1.0,0.26,0.96,0.66,0.29,0.96,0.96,0.29,0.29,0.57,0.44,0.58,0.44,0.02,0.53,0.786,0.472,0.541
0.35,0.35,0.59,0.59,1.0,1.0,0.16,0.16,0.55,0.55,0.0,0.9,0.06,0.06,1.0,0.27,0.96,0.66,0.32,0.96,0.96,0.32,0.32,0.59,0.43,0.59,0.43,0.02,0.61,0.774,0.485,0.535
0.38,0.38,0.65,0.65,1.0,1.0,0.16,0.16,0.55,0.55,0.0,0.87,0.09,0.06,1.0,0.26,0.96,0.66,0.3,0.96,0.96,0.3,0.3,0.61,0.42,0.59,0.43,0.03,0.73,0.768,0.503,0.535
0.56,0.56,1.0,1.0,0.98,0.98,0.16,0.16,0.49,0.49,0.0,0.76,0.0,0.0,1.0,0.26,0.96,0.66,0.29,0.96,0.96,0.29,0.29,0.35,0.85,0.35,0.85,0.03,0.69,0.751,0.518,0.535
0.57,0.57,1.0,1.0,0.97,0.97,0.61,0.61,0.17,0.17,0.37,0.36,0.0,0.0,0.75,0.28,0.9,0.67,0.29,0.9,0.9,0.29,0.29,0.31,0.92,0.31,0.92,0.02,0.66,0.739,0.538,0.534
0.57,0.57,1.0,1.0,0.97,0.97,0.38,0.37,0.25,0.25,0.35,0.37,0.0,0.0,0.75,0.28,0.89,0.67,0.29,0.89,0.89,0.29,0.29,0.31,0.92,0.31,0.92,0.02,0.63,0.734,0.555,0.54
0.57,0.57,1.0,1.0,0.97,0.97,0.24,0.23,0.3,0.3,0.35,0.37,0.0,0.0,0.75,0.26,0.9,0.66,0.28,0.89,0.9,0.28,0.28,0.31,0.92,0.31,0.92,0.02,0.63,0.735,0.56,0.541
0.63,0.63,1.0,1.0,0.92,0.92,0.26,0.26,0.3,0.3,0.35,0.37,0.0,0.0,0.5,0.26,0.89,0.66,0.28,0.89,0.89,0.28,0.28,0.31,0.92,0.31,0.92,0.02,0.58,0.734,0.562,0.535
0.65,0.65,1.0,1.0,0.9,0.9,0.27,0.27,0.29,0.29,0.36,0.36,0.0,0.0,0.5,0.27,0.9,0.66,0.29,0.9,0.89,0.29,0.29,0.31,0.92,0.31,0.92,0.02,0.55,0.73,0.553,0.535
0.64,0.64,1.0,1.0,0.91,0.91,0.26,0.26,0.29,0.29,0.36,0.36,0.0,0.0,0.5,0.28,0.92,0.67,0.29,0.92,0.92,0.29,0.29,0.31,0.92,0.31,0.92,0.02,0.56,0.725,0.543,0.525
0.64,0.64,1.0,1.0,0.91,0.91,0.26,0.26,0.29,0.29,0.36,0.36,0.0,0.0,0.5,0.31,0.94,0.69,0.29,0.94,0.94,0.29,0.29,0.31,0.92,0.31,0.92,0.02,0.57,0.728,0.528,0.528
0.65,0.65,1.0,1.0,0.9,0.9,0.25,0.25,0.28,0.28,0.37,0.35,0.0,0.0,0.5,0.32,0.95,0.7,0.3,0.95,0.95,0.3,0.3,0.31,0.92,0.31,0.92,0.03,0.58,0.724,0.522,0.531
0.65,0.65,1.0,1.0,0.9,0.9,0.25,0.24,0.27,0.27,0.37,0.35,0.0,0.0,0.5,0.32,0.95,0.7,0.3,0.95,0.95,0.3,0.3,0.31,0.92,0.31,0.92,0.03,0.6,0.72,0.527,0.531
0.66,0.66,1.0,1.0,0.89,0.89,0.19,0.19,0.25,0.25,0.36,0.36,0.0,0.0,0.5,0.35,0.72,0.72,0.48,0.72,0.72,0.48,0.48,0.37,0.81,0.37,0.8,0.04,1.0,0.713,0.527,0.522
0.62,0.62,1.0,1.0,0.93,0.93,0.16,0.16,0.22,0.22,0.35,0.37,0.38,0.4,0.25,0.36,0.25,0.73,0.56,0.25,0.25,0.56,0.56,0.8,0.34,0.82,0.33,0.06,1.0,0.723,0.528,0.515
0.61,0.61,1.0,1.0,0.94,0.94,0.16,0.16,0.21,0.21,0.35,0.37,0.45,0.49,0.25,0.34,0.25,0.72,0.56,0.25,0.25,0.56,0.56,0.85,0.32,0.88,0.3,0.08,1.0,0.714,0.545,0.515
0.6,0.6,1.0,1.0,0.95,0.95,0.16,0.16,0.2,0.2,0.36,0.37,0.46,0.52,0.25,0.34,0.25,0.71,0.56,0.25,0.25,0.56,0.56,0.86,0.31,0.9,0.3,0.12,1.0,0.725,0.547,0.512
0.59,0.59,1.0,1.0,0.95,0.95,0.16,0.16,0.2,0.2,0.35,0.37,0.49,0.57,0.25,0.34,0.25,0.71,0.56,0.25,0.25,0.56,0.56,0.88,0.3,0.93,0.28,0.16,1.0,0.739,0.555,0.515
0.59,0.59,1.0,1.0,0.95,0.95,0.16,0.16,0.2,0.2,0.36,0.37,0.49,0.55,0.25,0.33,0.25,0.71,0.56,0.25,0.25,0.56,0.56,0.88,0.3,0.92,0.28,0.16,1.0,0.75,0.562,0.516
0.59,0.59,1.0,1.0,0.95,0.95,0.24,0.24,0.2,0.2,0.36,0.37,0.48,0.54,0.25,0.33,0.25,0.71,0.56,0.25,0.25,0.56,0.56,0.87,0.31,0.91,0.29,0.15,1.0,0.761,0.567,0.512
0.58,0.58,1.0,1.0,0.96,0.96,0.16,0.16,0.3,0.3,0.46,0.26,0.49,0.55,0.25,0.34,0.25,0.71,0.56,0.25,0.25,0.56,0.56,0.88,0.3,0.92,0.29,0.15,1.0,0.774,0.568,0.514
0.57,0.57,1.0,1.0,0.97,0.97,0.16,0.16,0.38,0.38,0.47,0.25,0.39,0.45,0.5,0.35,0.25,0.73,0.56,0.25,0.25,0.56,0.56,0.81,0.34,0.85,0.32,0.14,1.0,0.782,0.575,0.513
0.57,0.57,1.0,1.0,0.97,0.97,0.16,0.16,0.39,0.39,0.43,0.3,0.38,0.43,0.5,0.36,0.25,0.73,0.56,0.25,0.25,0.56,0.56,0.8,0.34,0.84,0.32,0.13,1.0,0.808,0.578,0.509
0.57,0.57,1.0,1.0,0.97,0.97,0.16,0.16,0.38,0.38,0.39,0.33,0.38,0.4,0.5,0.36,0.25,0.73,0.56,0.25,0.25,0.56,0.56,0.8,0.34,0.82,0.33,0.12,1.0,0.832,0.578,0.513
0.57,0.57,1.0,1.0,0.97,0.97,0.16,0.16,0.26,0.26,0.31,0.41,0.4,0.48,0.25,0.35,0.25,0.73,0.56,0.25,0.25,0.56,0.56,0.82,0.33,0.87,0.31,0.12,1.0,0.849,0.582,0.523
0.57,0.57,1.0,1.0,0.97,0.97,0.16,0.16,0.23,0.23,0.31,0.41,0.43,0.49,0.25,0.34,0.25,0.72,0.56,0.25,0.25,0.56,0.56,0.84,0.32,0.88,0.3,0.11,1.0,0.849,0.58,0.525
0.57,0.57,1.0,1.0,0.97,0.97,0.16,0.16,0.23,0.23,0.4,0.32,0.4,0.43,0.25,0.34,0.25,0.71,0.56,0.25,0.25,0.56,0.56,0.82,0.33,0.84,0.32,0.11,0.79,0.838,0.582,0.525
0.57,0.57,1.0,1.0,0.97,0.97,0.16,0.16,0.24,0.24,0.51,0.22,0.42,0.4,0.25,0.33,0.25,0.71,0.56,0.25,0.25,0.56,0.56,0.83,0.33,0.82,0.33,0.1,0.27,0.842,0.58,0.533
0.57,0.57,1.0,1.0,0.97,0.97,0.16,0.16,0.25,0.25,0.53,0.19,0.45,0.43,0.25,0.33,0.25,0.71,0.56,0.25,0.25,0.56,0.56,0.85,0.32,0.84,0.32,0.09,0.19,0.839,0.58,0.528
0.57,0.57,1.0,1.0,0.96,0.96,0.16,0.16,0.25,0.25,0.53,0.19,0.43,0.43,0.25,0.33,0.25,0.71,0.56,0.25,0.25,0.56,0.56,0.84,0.32,0.84,0.32,0.09,0.16,0.831,0.573,0.531
0.57,0.57,1.0,1.0,0.96,0.96,0.16,0.16,0.25,0.25,0.52,0.2,0.4,0.39,0.25,0.33,0.25,0.71,0.56,0.25,0.25,0.56,0.56,0.82,0.33,0.81,0.33,0.08,0.15,0.824,0.575,0.526
0.57,0.57,1.0,1.0,0.96,0.96,0.16,0.16,0.24,0.24,0.48,0.25,0.4,0.39,0.25,0.34,0.25,0.72,0.56,0.25,0.25,0.56,0.56,0.82,0.33,0.81,0.33,0.08,0.24,0.815,0.575,0.518
0.57,0.57,1.0,1.0,0.96,0.96,0.16,0.16,0.23,0.23,0.41,0.32,0.4,0.4,0.25,0.34,0.25,0.71,0.56,0.25,0.25,0.56,0.56,0.82,0.33,0.82,0.33,0.09,0.48,0.813,0.573,0.495
0.57,0.57,1.0,1.0,0.96,0.96,0.16,0.16,0.24,0.24,0.34,0.38,0.4,0.43,0.25,0.34,0.25,0.72,0.56,0.25,0.25,0.56,0.56,0.82,0.33,0.84,0.32,0.09,0.88,0.803,0.578,0.476
0.57,0.57,1.0,1.0,0.96,0.96,0.16,0.16,0.26,0.26,0.29,0.43,0.38,0.42,0.25,0.35,0.25,0.73,0.56,0.25,0.25,0.56,0.56,0.8,0.34,0.83,0.32,0.09,1.0,0.801,0.587,0.47
0.57,0.57,1.0,1.0,0.97,0.97,0.16,0.16,0.26,0.26,0.28,0.44,0.36,0.43,0.25,0.35,0.25,0.73,0.56,0.25,0.25,0.56,0.56,0.79,0.34,0.84,0.32,0.09,1.0,0.812,0.592,0.525
0.57,0.57,1.0,1.0,0.97,0.97,0.16,0.16,0.28,0.28,0.29,0.44,0.34,0.43,0.25,0.36,0.25,0.73,0.56,0.25,0.25,0.56,0.56,0.78,0.35,0.84,0.32,0.08,1.0,0.814,0.598,0.596
0.57,0.57,1.0,1.0,0.97,0.97,0.16,0.16,0.29,0.29,0.3,0.42,0.33,0.39,0.25,0.36,0.25,0.73,0.56,0.25,0.25,0.56,0.56,0.77,0.35,0.81,0.34,0.08,1.0,0.804,0.607,0.659
0.57,0.57,1.0,1.0,0.97,0.97,0.16,0.16,0.29,0.29,0.35,0.38,0.34,0.38,0.25,0.36,0.25,0.73,0.56,0.25,0.25,0.56,0.56,0.78,0.35,0.8,0.34,0.08,1.0,0.805,0.615,0.667
0.57,0.57,1.0,1.0,0.97,0.97,0.16,0.16,0.29,0.29,0.4,0.32,0.33,0.36,0.25,0.35,0.25,0.73,0.56,0.25,0.25,0.56,0.56,0.77,0.35,0.79,0.34,0.08,0.77,0.804,0.613,0.658
0.57,0.57,1.0,1.0,0.97,0.97,0.16,0.16,0.29,0.29,0.41,0.31,0.33,0.36,0.25,0.35,0.25,0.73,0.56,0.25,0.25,0.56,0.56,0.77,0.35,0.79,0.34,0.08,0.64,0.806,0.61,0.642
0.57,0.57,1.0,1.0,0.97,0.97,0.16,0.16,0.29,0.29,0.39,0.33,0.33,0.36,0.25,0.35,0.25,0.73,0.56,0.25,0.25,0.56,0.56,0.77,0.35,0.79,0.34,0.07,0.64,0.803,0.607,0.598
0.57,0.57,1.0,1.0,0.97,0.97,0.16,0.16,0.3,0.3,0.34,0.38,0.3,0.34,0.25,0.35,0.25,0.73,0.56,0.25,0.25,0.56,0.56,0.75,0.36,0.78,0.35,0.07,0.91,0.793,0.593,0.55
0.57,0.57,1.0,1.0,0.97,0.97,0.16,0.16,0.31,0.31,0.3,0.42,0.24,0.31,0.25,0.36,0.25,0.73,0.56,0.25,0.25,0.56,0.56,0.71,0.38,0.76,0.36,0.07,1.0,0.774,0.58,0.496
0.57,0.57,1.0,1.0,0.97,0.97,0.16,0.16,0.31,0.31,0.27,0.45,0.25,0.31,0.25,0.35,0.25,0.73,0.56,0.25,0.25,0.56,0.56,0.72,0.38,0.76,0.36,0.07,1.0,0.767,0.57,0.469
0.57,0.57,1.0,1.0,0.97,0.97,0.16,0.16,0.31,0.31,0.27,0.45,0.2,0.25,0.25,0.36,0.25,0.73,0.56,0.25,0.25,0.56,0.56,0.68,0.39,0.72,0.38,0.06,1.0,0.755,0.558,0.469
0.57,0.57,1.0,1.0,0.97,0.97,0.16,0.16,0.35,0.35,0.05,0.68,0.1,0.18,0.25,0.36,0.25,0.73,0.56,0.25,0.25,0.56,0.56,0.62,0.42,0.67,0.4,0.06,1.0,0.736,0.553,0.479
0.57,0.57,1.0,1.0,0.97,0.97,0.16,0.16,0.35,0.35,0.06,0.67,0.13,0.21,0.25,0.36,0.25,0.73,0.56,0.25,0.25,0.56,0.56,0.64,0.41,0.69,0.39,0.06,1.0,0.737,0.543,0.504
0.57,0.57,1.0,1.0,0.97,0.97,0.16,0.16,0.4,0.4,0.0,0.74,0.22,0.28,0.25,0.36,0.25,0.73,0.56,0.25,0.25,0.56,0.56,0.7,0.38,0.74,0.36,0.06,1.0,0.745,0.532,0.545
0.57,0.57,1.0,1.0,0.97,0.97,0.16,0.16,0.41,0.41,0.0,0.74,0.24,0.3,0.25,0.36,0.25,0.74,0.56,0.25,0.25,0.56,0.56,0.71,0.38,0.75,0.36,0.06,1.0,0.744,0.532,0.573
0.57,0.57,1.0,1.0,0.97,0.97,0.16,0.16,0.39,0.39,0.0,0.73,0.24,0.28,0.25,0.37,0.25,0.74,0.56,0.25,0.25,0.56,0.56,0.71,0.38,0.74,0.37,0.06,1.0,0.741,0.533,0.561
0.57,0.57,1.0,1.0,0.97,0.97,0.52,0.52,0.19,0.19,0.38,0.35,0.31,0.34,0.25,0.37,0.25,0.74,0.56,0.25,0.25,0.56,0.56,0.76,0.36,0.78,0.35,0.07,0.77,0.731,0.533,0.532
0.57,0.57,1.0,1.0,0.97,0.97,0.23,0.23,0.26,0.26,0.37,0.36,0.31,0.34,0.25,0.36,0.25,0.74,0.56,0.25,0.25,0.56,0.56,0.76,0.36,0.78,0.35,0.07,0.69,0.718,0.532,0.502
0.57,0.57,1.0,1.0,0.97,0.97,0.16,0.16,0.28,0.28,0.37,0.35,0.25,0.28,0.25,0.36,0.25,0.73,0.56,0.25,0.25,0.56,0.56,0.72,0.37,0.74,0.37,0.07,0.8,0.715,0.533,0.46
0.57,0.57,1.0,1.0,0.97,0.97,0.16,0.16,0.3,0.3,0.39,0.33,0.3,0.33,0.25,0.36,0.25,0.73,0.56,0.25,0.25,0.56,0.56,0.75,0.36,0.77,0.35,0.07,0.77,0.716,0.535,0.459
0.57,0.57,1.0,1.0,0.97,0.97,0.16,0.16,0.31,0.31,0.41,0.31,0.3,0.31,0.25,0.36,0.25,0.73,0.56,0.25,0.25,0.56,0.56,0.75,0.36,0.76,0.36,0.06,0.67,0.711,0.535,0.49
0.57,0.57,1.0,1.0,0.97,0.97,0.16,0.16,0.31,0.31,0.41,0.31,0.28,0.31,0.25,0.36,0.25,0.73,0.56,0.25,0.25,0.56,0.56,0.74,0.36,0.76,0.36,0.06,0.65,0.713,0.532,0.511
0.57,0.57,1.0,1.0,0.97,0.97,0.16,0.16,0.31,0.31,0.35,0.37,0.22,0.27,0.25,0.37,0.25,0.74,0.56,0.25,0.25,0.56,0.56,0.7,0.38,0.73,0.37,0.06,0.81,0.719,0.523,0.524
0.57,0.57,1.0,1.0,0.97,0.97,0.16,0.16,0.32,0.32,0.28,0.44,0.16,0.24,0.25,0.37,0.25,0.74,0.56,0.25,0.25,0.56,0.56,0.66,0.4,0.71,0.38,0.06,1.0,0.732,0.517,0.535
0.57,0.57,1.0,1.0,0.97,0.97,0.16,0.16,0.32,0.32,0.23,0.49,0.13,0.21,0.5,0.37,0.25,0.74,0.56,0.25,0.25,0.56,0.56,0.64,0.41,0.69,0.39,0.06,1.0,0.741,0.513,0.546
0.57,0.57,1.0,1.0,0.97,0.97,0.16,0.16,0.32,0.32,0.24,0.48,0.12,0.18,0.5,0.37,0.25,0.74,0.56,0.25,0.25,0.56,0.56,0.63,0.41,0.67,0.4,0.06,1.0,0.754,0.512,0.552
0.57,0.57,1.0,1.0,0.97,0.97,0.16,0.16,0.32,0.32,0.27,0.45,0.2,0.25,0.25,0.37,0.25,0.74,0.56,0.25,0.25,0.56,0.56,0.68,0.39,0.72,0.38,0.05,1.0,0.761,0.508,0.553
0.57,0.57,1.0,1.0,0.97,0.97,0.16,0.16,0.31,0.31,0.3,0.42,0.27,0.33,0.25,0.37,0.25,0.74,0.56,0.25,0.25,0.56,0.56,0.73,0.37,0.77,0.35,0.05,1.0,0.757,0.507,0.552
0.57,0.57,1.0,1.0,0.97,0.97,0.16,0.16,0.3,0.3,0.34,0.38,0.28,0.34,0.25,0.37,0.25,0.74,0.56,0.25,0.25,0.56,0.56,0.74,0.36,0.78,0.35,0.05,1.0,0.747,0.502,0.557
0.57,0.57,1.0,1.0,0.97,0.97,0.18,0.18,0.3,0.3,0.34,0.38,0.3,0.36,0.25,0.37,0.25,0.74,0.56,0.25,0.25,0.56,0.56,0.75,0.36,0.79,0.34,0.06,1.0,0.734,0.503,0.575
0.57,0.57,1.0,1.0,0.97,0.97,0.18,0.18,0.3,0.3,0.33,0.39,0.3,0.36,0.25,0.36,0.25,0.74,0.56,0.25,0.25,0.56,0.56,0.75,0.36,0.79,0.34,0.06,1.0,0.731,0.507,0.582
0.57,0.57,1.0,1.0,0.97,0.97,0.19,0.19,0.3,0.3,0.31,0.42,0.28,0.34,0.25,0.37,0.25,0.74,0.56,0.25,0.25,0.56,0.56,0.74,0.36,0.78,0.35,0.05,1.0,0.727,0.505,0.553
0.57,0.57,1.0,1.0,0.97,0.97,0.19,0.19,0.3,0.3,0.3,0.42,0.28,0.34,0.25,0.37,0.25,0.74,0.56,0.25,0.25,0.56,0.56,0.74,0.37,0.78,0.35,0.05,1.0,0.713,0.492,0.488
0.57,0.57,1.0,1.0,0.96,0.96,0.2,0.2,0.29,0.29,0.3,0.42,0.28,0.34,0.25,0.37,0.25,0.74,0.56,0.25,0.25,0.56,0.56,0.74,0.36,0.78,0.35,0.05,1.0,0.697,0.483,0.445
0.58,0.58,1.0,1.0,0.96,0.96,0.83,0.82,0.18,0.18,0.32,0.41,0.28,0.36,0.25,0.37,0.25,0.74,0.56,0.25,0.25,0.56,0.56,0.74,0.36,0.79,0.34,0.06,1.0,0.694,0.468,0.435
0.58,0.58,1.0,1.0,0.96,0.96,0.31,0.31,0.25,0.25,0.31,0.41,0.33,0.39,0.25,0.37,0.25,0.74,0.56,0.25,0.25,0.56,0.56,0.77,0.35,0.81,0.33,0.07,1.0,0.705,0.46,0.452
0.58,0.58,1.0,1.0,0.96,0.96,0.19,0.19,0.27,0.27,0.32,0.41,0.31,0.36,0.25,0.36,0.25,0.73,0.56,0.25,0.25,0.56,0.56,0.76,0.36,0.79,0.34,0.07,1.0,0.714,0.457,0.475
0.59,0.59,1.0,1.0,0.95,0.95,0.93,0.93,0.24,0.24,0.34,0.38,0.3,0.38,0.0,0.37,0.25,0.74,0.56,0.25,0.25,0.56,0.56,0.75,0.36,0.8,0.34,0.07,1.0,0.723,0.445,0.499
0.59,0.59,1.0,1.0,0.95,0.95,0.31,0.31,0.24,0.24,0.34,0.39,0.33,0.39,0.25,0.37,0.25,0.74,0.56,0.25,0.25,0.56,0.56,0.77,0.35,0.81,0.33,0.07,1.0,0.725,0.425,0.519
0.58,0.58,1.0,1.0,0.96,0.96,0.16,0.16,0.28,0.28,0.34,0.38,0.28,0.34,0.25,0.36,0.25,0.73,0.56,0.25,0.25,0.56,0.56,0.74,0.36,0.78,0.35,0.07,1.0,0.729,0.422,0.51
0.58,0.58,1.0,1.0,0.96,0.96,0.16,0.16,0.28,0.28,0.35,0.37,0.3,0.34,0.25,0.36,0.25,0.73,0.56,0.25,0.25,0.56,0.56,0.75,0.36,0.78,0.35,0.06,0.56,0.729,0.423,0.49
0.59,0.59,1.0,1.0,0.95,0.95,0.92,0.92,0.22,0.22,0.36,0.36,0.3,0.38,0.0,0.36,0.25,0.73,0.56,0.25,0.25,0.56,0.56,0.75,0.36,0.8,0.34,0.06,1.0,0.729,0.423,0.483
0.58,0.58,1.0,1.0,0.96,0.96,0.37,0.37,0.22,0.22,0.36,0.37,0.36,0.4,0.25,0.36,0.25,0.73,0.56,0.25,0.25,0.56,0.56,0.79,0.34,0.82,0.33,0.06,0.9,0.731,0.427,0.486
0.58,0.58,1.0,1.0,0.96,0.96,0.19,0.19,0.27,0.27,0.35,0.37,0.31,0.36,0.25,0.36,0.25,0.73,0.56,0.25,0.25,0.56,0.56,0.76,0.36,0.79,0.34,0.06,0.82,0.74,0.435,0.484
0.58,0.58,1.0,1.0,0.96,0.96,0.16,0.16,0.28,0.28,0.36,0.36,0.27,0.31,0.25,0.36,0.25,0.73,0.56,0.25,0.25,0.56,0.56,0.73,0.37,0.76,0.36,0.06,0.9,0.751,0.447,0.485
0.58,0.58,1.0,1.0,0.96,0.96,0.16,0.16,0.29,0.29,0.36,0.36,0.27,0.3,0.25,0.36,0.25,0.73,0.56,0.25,0.25,0.56,0.56,0.73,0.37,0.75,0.36,0.06,1.0,0.756,0.463,0.489
0.58,0.58,1.0,1.0,0.96,0.96,0.16,0.16,0.29,0.29,0.36,0.36,0.27,0.31,0.25,0.36,0.25,0.74,0.56,0.25,0.25,0.56,0.56,0.73,0.37,0.76,0.36,0.06,1.0,0.744,0.482,0.498
0.58,0.58,1.0,1.0,0.96,0.96,0.16,0.16,0.29,0.29,0.37,0.35,0.36,0.39,0.25,0.38,0.25,0.74,0.56,0.25,0.25,0.56,0.56,0.79,0.34,0.81,0.33,0.06,0.55,0.746,0.493,0.502
0.58,0.58,1.0,1.0,0.96,0.96,0.16,0.16,0.3,0.3,0.37,0.35,0.31,0.31,0.25,0.41,0.25,0.77,0.56,0.25,0.25,0.56,0.56,0.76,0.36,0.76,0.36,0.06,0.35,0.755,0.497,0.502
0.58,0.58,1.0,1.0,0.96,0.96,0.16,0.16,0.3,0.3,0.36,0.36,0.3,0.33,0.25,0.4,0.25,0.76,0.56,0.25,0.25,0.56,0.56,0.75,0.36,0.77,0.35,0.06,0.62,0.757,0.515,0.487
0.57,0.57,1.0,1.0,0.96,0.96,0.16,0.16,0.3,0.3,0.36,0.36,0.34,0.39,0.25,0.4,0.25,0.76,0.56,0.25,0.25,0.56,0.56,0.78,0.35,0.81,0.34,0.06,0.82,0.772,0.51,0.514
0.57,0.57,1.0,1.0,0.96,0.96,0.16,0.16,0.3,0.3,0.36,0.36,0.33,0.33,0.25,0.39,0.25,0.76,0.56,0.25,0.25,0.56,0.56,0.77,0.35,0.77,0.35,0.06,0.79,0.776,0.502,0.528
0.57,0.57,1.0,1.0,0.97,0.97,0.16,0.16,0.29,0.29,0.36,0.37,0.3,0.36,0.25,0.39,0.25,0.75,0.56,0.25,0.25,0.56,0.56,0.75,0.36,0.79,0.34,0.06,0.99,0.786,0.498,0.525
0.57,0.57,1.0,1.0,0.97,0.97,0.16,0.16,0.3,0.3,0.36,0.36,0.31,0.31,0.5,0.39,0.25,0.75,0.56,0.25,0.25,0.56,0.56,0.76,0.36,0.76,0.36,0.06,0.63,0.785,0.512,0.533
0.57,0.57,1.0,1.0,0.97,0.97,0.16,0.16,0.31,0.31,0.36,0.36,0.31,0.31,0.25,0.39,0.25,0.76,0.56,0.25,0.25,0.56,0.56,0.76,0.36,0.76,0.36,0.06,0.6,0.78,0.527,0.529
0.57,0.57,1.0,1.0,0.97,0.97,0.16,0.16,0.29,0.29,0.37,0.35,0.33,0.33,0.25,0.39,0.25,0.76,0.56,0.25,0.25,0.56,0.56,0.77,0.35,0.77,0.35,0.06,0.68,0.771,0.537,0.522
0.58,0.58,1.0,1.0,0.96,0.96,0.91,0.91,0.21,0.21,0.37,0.35,0.33,0.38,0.25,0.39,0.25,0.76,0.56,0.25,0.25,0.56,0.56,0.77,0.35,0.8,0.34,0.06,0.64,0.746,0.552,0.513
0.58,0.58,1.0,1.0,0.96,0.96,0.31,0.31,0.23,0.23,0.38,0.34,0.38,0.4,0.25,0.4,0.25,0.76,0.56,0.25,0.25,0.56,0.56,0.8,0.34,0.82,0.33,0.06,0.66,0.741,0.555,0.522
0.58,0.58,1.0,1.0,0.96,0.96,0.16,0.16,0.28,0.28,0.37,0.35,0.34,0.36,0.25,0.4,0.25,0.76,0.56,0.25,0.25,0.56,0.56,0.78,0.35,0.79,0.34,0.06,0.54,0.721,0.547,0.545
0.58,0.58,1.0,1.0,0.96,0.96,0.16,0.16,0.29,0.29,0.38,0.35,0.33,0.34,0.25,0.4,0.25,0.77,0.56,0.25,0.25,0.56,0.56,0.77,0.35,0.78,0.35,0.05,0.52,0.749,0.54,0.518
0.58,0.58,1.0,1.0,0.96,0.96,0.16,0.16,0.29,0.29,0.38,0.35,0.33,0.34,0.25,0.4,0.25,0.77,0.56,0.25,0.25,0.56,0.56,0.77,0.35,0.78,0.35,0.05,0.46,0.804,0.542,0.498
0.58,0.58,1.0,1.0,0.96,0.96,0.73,0.7,0.17,0.17,0.37,0.35,0.39,0.43,0.25,0.4,0.25,0.76,0.56,0.25,0.25,0.56,0.56,0.81,0.34,0.84,0.32,0.07,0.7,0.798,0.563,0.507
0.58,0.58,1.0,1.0,0.96,0.96,0.21,0.21,0.26,0.26,0.38,0.34,0.43,0.45,0.25,0.39,0.25,0.75,0.56,0.25,0.25,0.56,0.56,0.84,0.32,0.85,0.32,0.07,0.47,0.806,0.555,0.475
0.57,0.57,1.0,1.0,0.96,0.96,0.16,0.16,0.28,0.28,0.38,0.34,0.4,0.42,0.25,0.39,0.25,0.75,0.56,0.25,0.25,0.56,0.56,0.82,0.33,0.83,0.33,0.07,0.33,0.791,0.567,0.488
0.57,0.57,1.0,1.0,0.97,0.97,0.16,0.16,0.28,0.28,0.38,0.34,0.4,0.4,0.25,0.38,0.25,0.75,0.56,0.25,0.25,0.56,0.56,0.82,0.33,0.82,0.33,0.06,0.34,0.738,0.57,0.514
0.57,0.57,1.0,1.0,0.97,0.97,0.16,0.16,0.28,0.28,0.38,0.34,0.4,0.4,0.25,0.38,0.25,0.75,0.56,0.25,0.25,0.56,0.56,0.82,0.33,0.82,0.33,0.07,0.33,0.713,0.593,0.53
0.57,0.57,1.0,1.0,0.97,0.97,0.16,0.16,0.29,0.29,0.38,0.34,0.4,0.4,0.25,0.38,0.25,0.75,0.56,0.25,0.25,0.56,0.56,0.82,0.33,0.82,0.33,0.07,0.32,0.692,0.58,0.529
0.57,0.57,1.0,1.0,0.97,0.97,0.16,0.16,0.29,0.29,0.38,0.34,0.42,0.42,0.25,0.38,0.25,0.74,0.56,0.25,0.25,0.56,0.56,0.83,0.33,0.83,0.33,0.07,0.31,0.712,0.573,0.51
0.56,0.56,1.0,1.0,0.97,0.97,0.16,0.16,0.29,0.29,0.39,0.34,0.42,0.4,0.25,0.38,0.25,0.74,0.56,0.25,0.25,0.56,0.56,0.83,0.33,0.82,0.33,0.07,0.31,0.719,0.562,0.519
0.56,0.56,1.0,1.0,0.97,0.97,0.16,0.16,0.28,0.28,0.39,0.34,0.39,0.36,0.5,0.38,0.32,0.75,0.56,0.31,0.33,0.56,0.56,0.81,0.34,0.79,0.34,0.07,0.3,0.724,0.562,0.513
0.57,0.57,1.0,1.0,0.97,0.97,0.48,0.48,0.19,0.19,0.38,0.34,0.33,0.31,0.75,0.4,0.6,0.76,0.49,0.59,0.62,0.49,0.49,0.77,0.35,0.76,0.36,0.07,0.38,0.712,0.557,0.523
0.57,0.57,1.0,1.0,0.97,0.97,0.24,0.24,0.28,0.28,0.37,0.35,0.28,0.28,0.75,0.4,0.72,0.76,0.44,0.72,0.73,0.44,0.44,0.74,0.36,0.74,0.37,0.07,0.36,0.709,0.558,0.522
0.57,0.57,1.0,1.0,0.97,0.97,0.19,0.19,0.31,0.31,0.36,0.36,0.24,0.24,0.75,0.39,0.8,0.76,0.42,0.79,0.8,0.42,0.42,0.71,0.38,0.71,0.38,0.07,0.36,0.707,0.56,0.519
0.57,0.57,1.0,1.0,0.97,0.97,0.16,0.16,0.32,0.32,0.35,0.37,0.21,0.21,0.75,0.36,0.89,0.73,0.38,0.88,0.89,0.38,0.38,0.69,0.39,0.69,0.39,0.06,0.39,0.712,0.57,0.519
0.58,0.58,1.0,1.0,0.96,0.96,0.95,0.95,0.31,0.31,0.35,0.37,0.12,0.13,0.75,0.32,0.92,0.71,0.35,0.91,0.92,0.35,0.35,0.63,0.42,0.64,0.41,0.06,0.45,0.709,0.583,0.52
0.57,0.57,1.0,1.0,0.97,0.97,0.24,0.24,0.29,0.29,0.35,0.37,0.03,0.03,1.0,0.31,0.93,0.7,0.32,0.92,0.93,0.32,0.32,0.57,0.44,0.57,0.44,0.06,0.47,0.706,0.593,0.514
0.56,0.56,1.0,1.0,0.97,0.97,0.19,0.19,0.29,0.29,0.34,0.38,0.16,0.16,0.5,0.4,0.52,0.76,0.52,0.51,0.52,0.52,0.52,0.66,0.4,0.66,0.4,0.09,0.46,0.707,0.602,0.511
0.57,0.57,1.0,1.0,0.97,0.97,0.16,0.16,0.28,0.28,0.33,0.39,0.27,0.3,0.25,0.4,0.26,0.76,0.56,0.26,0.26,0.56,0.56,0.73,0.37,0.75,0.36,0.1,0.47,0.706,0.6,0.51
0.57,0.57,1.0,1.0,0.97,0.97,0.19,0.19,0.28,0.28,0.32,0.4,0.36,0.4,0.25,0.39,0.25,0.75,0.56,0.25,0.25,0.56,0.56,0.79,0.34,0.82,0.33,0.1,0.67,0.706,0.598,0.506
0.58,0.58,1.0,1.0,0.96,0.96,0.47,0.47,0.2,0.2,0.31,0.41,0.46,0.52,0.25,0.33,0.25,0.71,0.56,0.25,0.25,0.56,0.56,0.86,0.31,0.9,0.29,0.09,1.0,0.704,0.592,0.504
0.58,0.58,1.0,1.0,0.96,0.96,0.16,0.16,0.27,0.27,0.31,0.41,0.38,0.45,0.25,0.3,0.25,0.69,0.56,0.25,0.25,0.56,0.56,0.8,0.34,0.85,0.32,0.08,1.0,0.696,0.585,0.499
0.58,0.58,1.0,1.0,0.96,0.96,0.16,0.16,0.28,0.28,0.31,0.41,0.24,0.33,0.25,0.3,0.28,0.69,0.56,0.27,0.28,0.56,0.56,0.71,0.38,0.77,0.35,0.07,1.0,0.692,0.575,0.487
0.58,0.58,1.0,1.0,0.96,0.96,0.16,0.16,0.28,0.28,0.31,0.41,0.18,0.28,0.25,0.3,0.3,0.69,0.56,0.3,0.31,0.56,0.56,0.67,0.39,0.74,0.37,0.07,1.0,0.684,0.558,0.478
0.58,0.58,1.0,1.0,0.96,0.96,0.16,0.16,0.27,0.27,0.31,0.41,0.2,0.28,0.25,0.3,0.33,0.69,0.56,0.32,0.34,0.56,0.56,0.68,0.39,0.74,0.37,0.07,1.0,0.675,0.542,0.474
0.58,0.58,1.0,1.0,0.96,0.96,0.16,0.16,0.26,0.26,0.3,0.42,0.18,0.27,0.25,0.31,0.33,0.69,0.56,0.33,0.34,0.56,0.56,0.67,0.4,0.73,0.37,0.07,1.0,0.669,0.533,0.476
0.59,0.59,1.0,1.0,0.95,0.95,0.16,0.16,0.27,0.27,0.28,0.44,0.0,0.0,0.5,0.31,0.81,0.7,0.56,0.8,0.81,0.56,0.56,0.35,0.84,0.38,0.78,0.07,1.0,0.675,0.525,0.477
0.58,0.58,1.0,1.0,0.96,0.96,0.16,0.16,0.33,0.33,0.29,0.43,0.0,0.0,1.0,0.33,1.0,0.71,0.31,1.0,1.0,0.31,0.31,0.31,0.92,0.31,0.92,0.07,1.0,0.696,0.507,0.471
0.58,0.58,1.0,1.0,0.96,0.96,0.16,0.16,0.32,0.32,0.29,0.43,0.0,0.0,1.0,0.37,1.0,0.74,0.31,1.0,1.0,0.31,0.31,0.31,0.92,0.31,0.92,0.07,1.0,0.696,0.497,0.473
0.58,0.58,1.0,1.0,0.96,0.96,0.16,0.16,0.32,0.32,0.3,0.42,0.0,0.0,1.0,0.38,0.99,0.75,0.31,0.99,0.99,0.31,0.31,0.31,0.92,0.31,0.92,0.07,0.96,0.704,0.483,0.469
0.58,0.58,1.0,1.0,0.96,0.96,0.16,0.16,0.31,0.31,0.31,0.41,0.0,0.0,1.0,0.38,0.99,0.75,0.3,0.99,0.99,0.3,0.3,0.31,0.92,0.31,0.92,0.06,0.95,0.703,0.463,0.467
0.58,0.58,1.0,1.0,0.96,0.96,0.16,0.16,0.31,0.31,0.31,0.41,0.0,0.0,0.75,0.38,0.99,0.75,0.3,0.99,0.99,0.3,0.3,0.31,0.92,0.31,0.92,0.06,0.87,0.716,0.435,0.469
0.58,0.58,1.0,1.0,0.96,0.96,0.16,0.16,0.31,0.31,0.32,0.41,0.0,0.0,0.75,0.38,0.99,0.75,0.3,0.99,0.99,0.3,0.3,0.31,0.92,0.31,0.92,0.06,0.84,0.719,0.422,0.474
0.57,0.57,1.0,1.0,0.96,0.96,0.16,0.16,0.31,0.31,0.32,0.4,0.0,0.0,0.75,0.38,0.99,0.74,0.3,0.99,0.99,0.3,0.3,0.31,0.92,0.31,0.92,0.05,0.79,0.72,0.41,0.472
0.57,0.57,1.0,1.0,0.97,0.97,0.16,0.16,0.31,0.31,0.33,0.39,0.0,0.0,0.75,0.37,0.99,0.74,0.3,0.99,0.99,0.3,0.3,0.31,0.92,0.31,0.92,0.05,0.75,0.731,0.398,0.468
0.57,0.57,1.0,1.0,0.97,0.97,0.16,0.16,0.3,0.3,0.33,0.39,0.0,0.0,0.75,0.38,0.99,0.75,0.3,0.99,0.99,0.3,0.3,0.31,0.92,0.31,0.92,0.05,0.73,0.753,0.392,0.465
0.57,0.57,1.0,1.0,0.97,0.97,0.16,0.16,0.3,0.3,0.34,0.39,0.0,0.0,0.75,0.38,0.99,0.75,0.3,0.99,0.99,0.3,0.3,0.31,0.92,0.31,0.92,0.05,0.72,0.754,0.385,0.454
0.58,0.58,1.0,1.0,0.96,0.96,0.16,0.16,0.29,0.29,0.34,0.38,0.0,0.0,0.75,0.38,0.98,0.75,0.3,0.98,0.99,0.3,0.3,0.31,0.92,0.31,0.92,0.05,0.7,0.754,0.385,0.435
0.58,0.58,1.0,1.0,0.96,0.96,0.18,0.18,0.28,0.28,0.37,0.35,0.0,0.0,0.75,0.38,0.98,0.75,0.31,0.98,0.98,0.31,0.31,0.31,0.92,0.31,0.92,0.05,0.66,0.758,0.387,0.437
0.58,0.58,1.0,1.0,0.96,0.96,0.2,0.2,0.28,0.28,0.45,0.28,0.0,0.0,0.75,0.36,0.98,0.73,0.3,0.98,0.98,0.3,0.3,0.31,0.92,0.31,0.92,0.04,0.55,0.761,0.392,0.443
0.58,0.58,1.0,1.0,0.96,0.96,0.19,0.19,0.29,0.29,0.5,0.22,0.0,0.0,0.75,0.36,0.98,0.73,0.3,0.98,0.98,0.3,0.3,0.31,0.92,0.31,0.92,0.04,0.4,0.767,0.402,0.449
0.58,0.58,1.0,1.0,0.96,0.96,0.19,0.19,0.28,0.28,0.56,0.17,0.0,0.0,0.75,0.34,0.98,0.72,0.3,0.98,0.98,0.3,0.3,0.31,0.92,0.31,0.92,0.04,0.32,0.765,0.415,0.455
0.59,0.59,1.0,1.0,0.95,0.95,0.2,0.19,0.28,0.28,0.56,0.17,0.0,0.0,0.75,0.34,0.98,0.72,0.3,0.98,0.98,0.3,0.3,0.31,0.92,0.31,0.92,0.04,0.26,0.763,0.425,0.46
0.59,0.59,1.0,1.0,0.95,0.95,0.2,0.19,0.28,0.28,0.56,0.17,0.0,0.0,0.5,0.34,0.97,0.72,0.3,0.98,0.97,0.3,0.3,0.31,0.92,0.31,0.92,0.04,0.24,0.759,0.437,0.467
0.61,0.61,1.0,1.0,0.94,0.94,0.21,0.21,0.27,0.27,0.55,0.18,0.0,0.0,0.5,0.33,0.96,0.71,0.3,0.96,0.96,0.3,0.3,0.31,0.92,0.31,0.92,0.04,0.24,0.759,0.452,0.475
0.6,0.6,1.0,1.0,0.94,0.94,0.16,0.16,0.49,0.49,0.64,0.09,0.0,0.0,0.5,0.34,0.96,0.72,0.3,0.96,0.96,0.3,0.3,0.31,0.92,0.31,0.92,0.04,0.38,0.761,0.462,0.479
0.59,0.59,1.0,1.0,0.95,0.95,0.16,0.16,0.5,0.5,0.61,0.12,0.0,0.0,0.75,0.34,0.96,0.72,0.31,0.97,0.96,0.31,0.31,0.31,0.92,0.31,0.92,0.05,0.44,0.759,0.468,0.481
0.58,0.58,1.0,1.0,0.96,0.96,0.16,0.16,0.46,0.46,0.52,0.21,0.0,0.0,0.75,0.34,0.97,0.72,0.31,0.97,0.97,0.31,0.31,0.31,0.92,0.31,0.92,0.05,0.49,0.756,0.473,0.485
0.58,0.58,1.0,1.0,0.96,0.96,0.16,0.16,0.44,0.44,0.45,0.27,0.0,0.0,0.75,0.33,0.97,0.71,0.31,0.97,0.97,0.31,0.31,0.31,0.92,0.31,0.92,0.05,0.57,0.759,0.485,0.485
0.58,0.58,1.0,1.0,0.96,0.96,0.16,0.16,0.46,0.46,0.38,0.34,0.0,0.0,0.75,0.33,0.95,0.71,0.35,0.95,0.95,0.35,0.35,0.31,0.92,0.31,0.92,0.05,0.87,0.764,0.513,0.509
0.58,0.58,1.0,1.0,0.96,0.96,0.16,0.16,0.44,0.44,0.25,0.47,0.0,0.0,0.75,0.31,0.96,0.7,0.32,0.96,0.96,0.32,0.32,0.31,0.92,0.31,0.92,0.04,1.0,0.766,0.548,0.575
0.58,0.58,1.0,1.0,0.96,0.96,0.16,0.16,0.43,0.43,0.2,0.53,0.0,0.0,0.75,0.32,0.95,0.7,0.34,0.95,0.96,0.34,0.34,0.31,0.92,0.31,0.92,0.04,1.0,0.774,0.59,0.621
0.58,0.58,1.0,1.0,0.96,0.96,0.16,0.16,0.45,0.45,0.2,0.52,0.0,0.0,0.75,0.31,0.96,0.69,0.31,0.96,0.96,0.31,0.31,0.31,0.92,0.31,0.92,0.04,1.0,0.778,0.605,0.663
0.58,0.58,1.0,1.0,0.96,0.96,0.16,0.16,0.46,0.46,0.27,0.46,0.0,0.0,0.75,0.4,0.73,0.76,0.55,0.73,0.74,0.55,0.55,0.31,0.92,0.33,0.88,0.04,1.0,0.78,0.625,0.674
0.58,0.58,1.0,1.0,0.96,0.96,0.16,0.16,0.44,0.44,0.33,0.39,0.0,0.1,0.5,0.36,0.46,0.73,0.56,0.46,0.46,0.56,0.56,0.55,0.46,0.62,0.42,0.05,1.0,0.779,0.642,0.679
0.57,0.57,1.0,1.0,0.97,0.97,0.16,0.16,0.39,0.39,0.4,0.32,0.4,0.49,0.5,0.34,0.25,0.72,0.56,0.25,0.25,0.56,0.56,0.82,0.33,0.88,0.3,0.07,1.0,0.785,0.657,0.67
0.57,0.57,1.0,1.0,0.97,0.97,0.16,0.16,0.39,0.39,0.43,0.29,0.43,0.49,0.25,0.34,0.25,0.71,0.56,0.25,0.25,0.56,0.56,0.84,0.32,0.88,0.3,0.08,1.0,0.781,0.67,0.666
0.57,0.57,1.0,1.0,0.97,0.97,0.16,0.16,0.39,0.39,0.43,0.3,0.45,0.52,0.25,0.33,0.25,0.71,0.56,0.25,0.25,0.56,0.56,0.85,0.32,0.9,0.3,0.08,1.0,0.775,0.68,0.628
0.57,0.57,1.0,1.0,0.97,0.97,0.16,0.16,0.41,0.41,0.32,0.4,0.4,0.52,0.5,0.34,0.25,0.72,0.56,0.25,0.25,0.56,0.56,0.82,0.33,0.9,0.3,0.08,1.0,0.771,0.68,0.586
0.57,0.57,1.0,1.0,0.97,0.97,0.16,0.16,0.39,0.39,0.27,0.45,0.46,0.58,0.5,0.34,0.25,0.71,0.56,0.25,0.25,0.56,0.56,0.86,0.31,0.94,0.28,0.08,1.0,0.764,0.692,0.541
0.57,0.57,1.0,1.0,0.97,0.97,0.16,0.16,0.4,0.4,0.28,0.44,0.45,0.58,0.25,0.33,0.25,0.71,0.56,0.25,0.25,0.56,0.56,0.85,0.31,0.94,0.28,0.09,1.0,0.762,0.693,0.491
0.57,0.57,1.0,1.0,0.97,0.97,0.16,0.16,0.41,0.41,0.3,0.42,0.46,0.6,0.5,0.33,0.25,0.71,0.56,0.25,0.25,0.56,0.56,0.86,0.31,0.95,0.27,0.08,1.0,0.783,0.685,0.392
0.57,0.57,1.0,1.0,0.97,0.97,0.16,0.16,0.4,0.4,0.34,0.38,0.46,0.57,0.25,0.33,0.25,0.71,0.56,0.25,0.25,0.56,0.56,0.86,0.31,0.93,0.28,0.08,1.0,0.791,0.683,0.327
0.57,0.57,1.0,1.0,0.97,0.97,0.16,0.16,0.42,0.42,0.43,0.29,0.46,0.55,0.25,0.34,0.25,0.72,0.56,0.25,0.25,0.56,0.56,0.86,0.31,0.92,0.29,0.08,1.0,0.783,0.688,0.327
0.57,0.57,1.0,1.0,0.97,0.97,0.16,0.16,0.42,0.42,0.51,0.22,0.46,0.54,0.25,0.33,0.25,0.71,0.56,0.25,0.25,0.56,0.56,0.86,0.31,0.91,0.29,0.08,1.0,0.772,0.695,0.374
0.57,0.57,1.0,1.0,0.97,0.97,0.16,0.16,0.42,0.42,0.53,0.2,0.48,0.54,0.25,0.33,0.25,0.71,0.56,0.25,0.25,0.56,0.56,0.87,0.31,0.91,0.29,0.08,1.0,0.744,0.703,0.442
0.57,0.57,1.0,1.0,0.97,0.97,0.16,0.16,0.41,0.41,0.46,0.27,0.43,0.51,0.25,0.33,0.25,0.71,0.56,0.25,0.25,0.56,0.56,0.84,0.32,0.89,0.3,0.08,1.0,0.75,0.713,0.506
0.57,0.57,1.0,1.0,0.97,0.97,0.16,0.16,0.41,0.41,0.42,0.31,0.46,0.54,0.25,0.33,0.25,0.71,0.56,0.25,0.25,0.56,0.56,0.86,0.31,0.91,0.29,0.08,1.0,0.753,0.723,0.543
0.57,0.57,1.0,1.0,0.97,0.97,0.29,0.29,0.21,0.21,0.37,0.35,0.61,0.67,0.25,0.32,0.25,0.7,0.56,0.25,0.25,0.56,0.56,0.96,0.27,1.0,0.25,0.08,1.0,0.754,0.717,0.535
0.58,0.58,1.0,1.0,0.96,0.96,0.21,0.21,0.21,0.21,0.37,0.35,0.58,0.63,0.25,0.31,0.25,0.7,0.56,0.25,0.25,0.56,0.56,0.94,0.28,0.97,0.26,0.08,0.91,0.764,0.71,0.459
0.58,0.58,1.0,1.0,0.96,0.96,0.16,0.16,0.22,0.22,0.37,0.35,0.57,0.6,0.25,0.31,0.25,0.69,0.56,0.25,0.25,0.56,0.56,0.93,0.28,0.95,0.27,0.07,0.89,0.77,0.712,0.422
0.58,0.58,1.0,1.0,0.96,0.96,0.16,0.16,0.23,0.23,0.36,0.36,0.55,0.6,0.25,0.31,0.25,0.69,0.56,0.25,0.25,0.56,0.56,0.92,0.28,0.95,0.27,0.07,0.86,0.766,0.712,0.425
0.57,0.57,1.0,1.0,0.97,0.97,0.16,0.16,0.37,0.37,0.3,0.43,0.46,0.55,0.5,0.32,0.25,0.7,0.56,0.25,0.25,0.56,0.56,0.86,0.31,0.92,0.29,0.08,1.0,0.762,0.715,0.437
0.57,0.57,1.0,1.0,0.97,0.97,0.16,0.16,0.46,0.46,0.29,0.44,0.34,0.45,0.5,0.36,0.25,0.73,0.56,0.25,0.25,0.56,0.56,0.78,0.35,0.85,0.31,0.09,1.0,0.757,0.707,0.465
0.56,0.56,1.0,1.0,0.97,0.97,0.16,0.16,0.52,0.52,0.32,0.4,0.25,0.34,0.5,0.37,0.25,0.74,0.56,0.25,0.25,0.56,0.56,0.72,0.38,0.78,0.35,0.09,1.0,0.763,0.71,0.516
0.56,0.56,1.0,1.0,0.97,0.97,0.16,0.16,0.39,0.39,0.32,0.4,0.2,0.27,0.5,0.38,0.25,0.75,0.56,0.25,0.25,0.56,0.56,0.68,0.39,0.73,0.37,0.08,1.0,0.769,0.708,0.568
0.58,0.58,1.0,1.0,0.96,0.96,0.47,0.47,0.24,0.24,0.35,0.37,0.27,0.31,0.25,0.37,0.25,0.74,0.56,0.25,0.25,0.56,0.56,0.73,0.37,0.76,0.36,0.08,0.91,0.771,0.71,0.595
0.58,0.58,1.0,1.0,0.96,0.96,0.23,0.23,0.31,0.31,0.38,0.34,0.1,0.13,0.25,0.37,0.25,0.74,0.56,0.25,0.25,0.56,0.56,0.62,0.42,0.64,0.41,0.06,0.74,0.771,0.712,0.569
0.57,0.57,1.0,1.0,0.96,0.96,0.55,0.54,0.23,0.23,0.39,0.34,0.24,0.27,0.25,0.36,0.25,0.74,0.56,0.25,0.25,0.56,0.56,0.71,0.38,0.73,0.37,0.06,0.73,0.764,0.708,0.537
0.58,0.58,1.0,1.0,0.96,0.96,0.54,0.54,0.22,0.22,0.38,0.34,0.3,0.33,0.25,0.37,0.25,0.74,0.56,0.25,0.25,0.56,0.56,0.75,0.36,0.77,0.35,0.06,0.83,0.778,0.718,0.515
0.58,0.58,1.0,1.0,0.96,0.96,0.23,0.23,0.33,0.33,0.38,0.34,0.13,0.16,0.25,0.37,0.25,0.74,0.56,0.25,0.25,0.56,0.56,0.64,0.41,0.66,0.4,0.06,0.71,0.776,0.715,0.515
0.57,0.57,1.0,1.0,0.96,0.96,0.16,0.16,0.37,0.37,0.37,0.35,0.15,0.18,0.25,0.37,0.25,0.74,0.56,0.25,0.25,0.56,0.56,0.65,0.4,0.67,0.4,0.05,0.77,0.773,0.712,0.522
0.57,0.57,1.0,1.0,0.97,0.97,0.16,0.16,0.37,0.37,0.37,0.35,0.07,0.12,0.25,0.37,0.25,0.74,0.56,0.25,0.25,0.56,0.56,0.6,0.43,0.63,0.42,0.05,0.84,0.765,0.708,0.517
0.57,0.57,1.0,1.0,0.97,0.97,0.16,0.16,0.39,0.39,0.37,0.34,0.12,0.18,0.25,0.38,0.26,0.75,0.56,0.26,0.26,0.56,0.56,0.63,0.41,0.67,0.4,0.05,0.9,0.749,0.71,0.456
0.57,0.57,1.0,1.0,0.97,0.97,0.16,0.16,0.4,0.4,0.37,0.34,0.16,0.22,0.25,0.4,0.26,0.76,0.56,0.26,0.25,0.56,0.56,0.66,0.4,0.7,0.38,0.05,0.91,0.725,0.715,0.415
0.56,0.56,1.0,1.0,0.97,0.97,0.16,0.16,0.41,0.41,0.36,0.36,0.02,0.07,0.25,0.4,0.3,0.76,0.56,0.31,0.3,0.56,0.56,0.56,0.44,0.6,0.43,0.04,0.96,0.7,0.727,0.427
0.56,0.56,1.0,1.0,0.97,0.97,0.16,0.16,0.41,0.41,0.35,0.36,0.07,0.13,0.25,0.4,0.3,0.77,0.56,0.31,0.3,0.56,0.56,0.6,0.43,0.64,0.41,0.04,1.0,0.671,0.728,0.441
0.56,0.56,1.0,1.0,0.98,0.98,0.16,0.16,0.42,0.42,0.35,0.36,0.02,0.06,0.25,0.41,0.34,0.77,0.56,0.35,0.34,0.56,0.56,0.56,0.44,0.59,0.43,0.04,1.0,0.657,0.715,0.455
0.56,0.56,1.0,1.0,0.98,0.98,0.16,0.16,0.42,0.42,0.34,0.37,0.0,0.0,0.5,0.41,0.39,0.77,0.56,0.38,0.39,0.56,0.56,0.45,0.65,0.45,0.65,0.04,1.0,0.674,0.708,0.484
0.56,0.56,1.0,1.0,0.98,0.98,0.16,0.16,0.38,0.38,0.35,0.36,0.0,0.0,0.5,0.41,0.37,0.77,0.56,0.37,0.37,0.56,0.56,0.39,0.77,0.39,0.76,0.04,0.82,0.682,0.698,0.494
0.56,0.56,1.0,1.0,0.97,0.97,0.16,0.16,0.31,0.31,0.36,0.36,0.1,0.13,0.25,0.39,0.25,0.76,0.56,0.25,0.25,0.56,0.56,0.62,0.42,0.64,0.41,0.04,0.7,0.666,0.697,0.505
0.57,0.57,1.0,1.0,0.96,0.96,0.18,0.18,0.21,0.21,0.36,0.37,0.13,0.13,0.25,0.36,0.25,0.74,0.56,0.25,0.25,0.56,0.56,0.64,0.41,0.64,0.41,0.05,0.77,0.667,0.692,0.496
0.58,0.58,1.0,1.0,0.96,0.96,0.27,0.27,0.15,0.15,0.37,0.35,0.36,0.38,0.25,0.35,0.25,0.73,0.56,0.25,0.25,0.56,0.56,0.79,0.34,0.8,0.34,0.05,0.52,0.651,0.688,0.489
0.6,0.6,1.0,1.0,0.94,0.94,0.32,0.32,0.14,0.14,0.38,0.34,0.45,0.48,0.25,0.35,0.29,0.72,0.56,0.3,0.27,0.56,0.56,0.85,0.32,0.87,0.31,0.05,0.47,0.636,0.678,0.484
0.6,0.6,1.0,1.0,0.94,0.94,0.22,0.22,0.2,0.2,0.4,0.33,0.43,0.48,0.25,0.36,0.34,0.73,0.56,0.36,0.32,0.56,0.56,0.84,0.32,0.87,0.31,0.05,0.46,0.612,0.67,0.486
0.6,0.6,1.0,1.0,0.94,0.94,0.18,0.18,0.2,0.2,0.41,0.32,0.38,0.4,0.25,0.37,0.45,0.74,0.53,0.47,0.43,0.53,0.53,0.8,0.34,0.82,0.33,0.04,0.44,0.586,0.65,0.485
0.61,0.61,1.0,1.0,0.93,0.93,0.21,0.21,0.19,0.19,0.42,0.31,0.34,0.4,0.25,0.37,0.49,0.74,0.51,0.52,0.47,0.51,0.51,0.78,0.35,0.82,0.33,0.04,0.44,0.57,0.643,0.479
0.63,0.63,1.0,1.0,0.92,0.92,0.67,0.67,0.08,0.08,0.43,0.3,0.42,0.46,0.25,0.36,0.45,0.73,0.51,0.48,0.42,0.51,0.51,0.83,0.32,0.86,0.31,0.04,0.44,0.573,0.632,0.477
0.63,0.63,1.0,1.0,0.92,0.92,0.36,0.36,0.15,0.15,0.47,0.26,0.38,0.4,0.25,0.36,0.43,0.73,0.54,0.45,0.4,0.54,0.54,0.8,0.34,0.82,0.33,0.04,0.4,0.579,0.623,0.477
0.63,0.63,1.0,1.0,0.92,0.92,0.26,0.26,0.2,0.2,0.5,0.23,0.4,0.45,0.25,0.36,0.42,0.73,0.56,0.45,0.38,0.56,0.56,0.82,0.33,0.85,0.32,0.04,0.37,0.576,0.617,0.475
0.62,0.62,1.0,1.0,0.92,0.92,0.26,0.26,0.18,0.18,0.53,0.2,0.43,0.45,0.25,0.36,0.4,0.73,0.56,0.43,0.36,0.56,0.56,0.84,0.32,0.85,0.32,0.04,0.34,0.599,0.608,0.482
0.63,0.63,1.0,1.0,0.92,0.92,0.22,0.22,0.19,0.19,0.55,0.18,0.52,0.54,0.25,0.36,0.33,0.73,0.56,0.37,0.3,0.56,0.56,0.9,0.3,0.91,0.29,0.04,0.29,0.668,0.612,0.485
0.62,0.62,1.0,1.0,0.92,0.92,0.26,0.25,0.18,0.18,0.55,0.18,0.46,0.49,0.25,0.36,0.34,0.73,0.56,0.38,0.31,0.56,0.56,0.86,0.31,0.88,0.31,0.05,0.28,0.779,0.635,0.517
0.62,0.62,1.0,1.0,0.93,0.93,0.23,0.23,0.19,0.19,0.53,0.2,0.43,0.46,0.25,0.35,0.37,0.73,0.56,0.4,0.34,0.56,0.56,0.84,0.32,0.86,0.31,0.05,0.29,0.861,0.64,0.53
0.62,0.62,1.0,1.0,0.92,0.92,0.24,0.24,0.19,0.19,0.46,0.27,0.39,0.4,0.25,0.36,0.46,0.73,0.56,0.49,0.44,0.56,0.56,0.81,0.34,0.82,0.33,0.04,0.34,0.933,0.635,0.552
0.63,0.63,1.0,1.0,0.92,0.92,0.26,0.26,0.17,0.17,0.42,0.31,0.38,0.42,0.25,0.36,0.41,0.74,0.55,0.43,0.39,0.55,0.55,0.8,0.34,0.83,0.32,0.04,0.39,0.96,0.643,0.568
0.62,0.62,1.0,1.0,0.92,0.92,0.29,0.29,0.17,0.17,0.39,0.34,0.36,0.39,0.25,0.38,0.4,0.75,0.55,0.42,0.38,0.55,0.55,0.79,0.35,0.81,0.33,0.04,0.43,0.983,0.663,0.577
0.62,0.62,1.0,1.0,0.93,0.93,0.29,0.29,0.17,0.17,0.35,0.38,0.38,0.42,0.25,0.39,0.34,0.76,0.56,0.35,0.33,0.56,0.56,0.8,0.34,0.83,0.33,0.04,0.45,0.993,0.678,0.59
0.62,0.62,1.0,1.0,0.92,0.92,0.27,0.27,0.2,0.2,0.32,0.41,0.4,0.45,0.25,0.4,0.39,0.76,0.56,0.4,0.38,0.56,0.56,0.82,0.33,0.85,0.32,0.04,0.46,0.993,0.695,0.606
0.63,0.63,1.0,1.0,0.92,0.92,0.28,0.28,0.17,0.17,0.29,0.44,0.42,0.46,0.25,0.4,0.43,0.76,0.53,0.44,0.42,0.53,0.53,0.83,0.33,0.86,0.31,0.04,0.48,0.993,0.717,0.641
0.63,0.63,1.0,1.0,0.92,0.92,0.28,0.28,0.18,0.18,0.26,0.47,0.36,0.42,0.5,0.4,0.52,0.76,0.48,0.52,0.52,0.48,0.48,0.79,0.34,0.83,0.33,0.03,0.5,0.993,0.737,0.669
0.61,0.61,1.0,1.0,0.93,0.93,0.28,0.28,0.18,0.18,0.23,0.5,0.31,0.39,0.5,0.4,0.53,0.76,0.46,0.53,0.52,0.46,0.46,0.76,0.36,0.81,0.33,0.03,0.52,0.982,0.752,0.705
0.61,0.61,1.0,1.0,0.94,0.94,0.24,0.24,0.19,0.19,0.22,0.51,0.28,0.34,0.5,0.4,0.57,0.76,0.43,0.57,0.57,0.43,0.43,0.74,0.37,0.78,0.35,0.03,0.53,0.993,0.762,0.716
0.6,0.6,1.0,1.0,0.94,0.94,0.24,0.24,0.2,0.2,0.22,0.51,0.27,0.33,0.5,0.4,0.6,0.76,0.41,0.6,0.6,0.41,0.41,0.73,0.37,0.77,0.35,0.02,0.54,0.983,0.767,0.718
0.6,0.6,1.0,1.0,0.94,0.94,0.37,0.37,0.15,0.15,0.21,0.52,0.31,0.36,0.5,0.39,0.6,0.76,0.41,0.6,0.61,0.41,0.41,0.76,0.36,0.79,0.34,0.02,0.55,0.979,0.762,0.712
0.6,0.6,1.0,1.0,0.94,0.94,0.21,0.21,0.21,0.21,0.17,0.56,0.22,0.28,0.25,0.37,0.64,0.74,0.4,0.63,0.64,0.4,0.4,0.7,0.38,0.74,0.37,0.02,0.56,0.991,0.758,0.675
0.6,0.6,1.0,1.0,0.94,0.94,0.16,0.16,0.23,0.23,0.15,0.58,0.1,0.18,0.5,0.36,0.72,0.73,0.37,0.72,0.72,0.37,0.37,0.62,0.42,0.67,0.39,0.02,0.58,0.993,0.74,0.635
0.6,0.6,1.0,1.0,0.94,0.94,0.2,0.2,0.18,0.18,0.16,0.57,0.09,0.16,0.5,0.34,0.77,0.72,0.35,0.76,0.77,0.35,0.35,0.61,0.42,0.66,0.4,0.02,0.6,0.993,0.725,0.575
0.61,0.61,1.0,1.0,0.94,0.94,0.37,0.37,0.12,0.12,0.19,0.54,0.0,0.02,0.5,0.3,0.81,0.68,0.31,0.81,0.81,0.31,0.31,0.52,0.51,0.56,0.44,0.02,0.61,0.993,0.705,0.531
0.61,0.61,1.0,1.0,0.94,0.94,0.35,0.35,0.12,0.12,0.2,0.53,0.0,0.0,0.5,0.28,0.85,0.67,0.3,0.85,0.85,0.3,0.3,0.45,0.64,0.48,0.59,0.02,0.62,0.993,0.667,0.488
0.61,0.61,1.0,1.0,0.93,0.93,0.37,0.37,0.12,0.12,0.21,0.52,0.0,0.0,0.5,0.27,0.88,0.66,0.28,0.87,0.88,0.28,0.28,0.35,0.85,0.37,0.81,0.02,0.62,0.993,0.652,0.454
0.61,0.61,1.0,1.0,0.94,0.94,0.37,0.37,0.12,0.12,0.25,0.48,0.0,0.0,0.5,0.27,0.9,0.66,0.28,0.9,0.9,0.28,0.28,0.31,0.92,0.31,0.92,0.02,0.63,0.993,0.628,0.421
0.59,0.59,1.0,1.0,0.95,0.95,0.41,0.41,0.11,0.11,0.3,0.43,0.0,0.0,0.5,0.27,0.91,0.66,0.28,0.91,0.91,0.28,0.28,0.31,0.92,0.31,0.92,0.02,0.66,0.993,0.617,0.399
0.59,0.59,1.0,1.0,0.95,0.95,0.41,0.41,0.12,0.12,0.31,0.42,0.0,0.0,0.5,0.27,0.92,0.67,0.28,0.92,0.91,0.28,0.28,0.31,0.92,0.31,0.92,0.02,0.66,0.993,0.597,0.384
0.59,0.59,1.0,1.0,0.95,0.95,0.3,0.3,0.19,0.19,0.29,0.44,0.0,0.0,0.5,0.27,0.92,0.67,0.28,0.92,0.92,0.28,0.28,0.31,0.92,0.31,0.92,0.02,0.66,0.993,0.585,0.38
0.59,0.59,1.0,1.0,0.95,0.95,0.16,0.16,0.25,0.25,0.27,0.46,0.0,0.0,0.5,0.27,0.93,0.67,0.28,0.93,0.93,0.28,0.28,0.31,0.92,0.31,0.92,0.02,0.67,0.993,0.555,0.368
0.58,0.58,1.0,1.0,0.96,0.96,0.16,0.16,0.25,0.25,0.27,0.45,0.0,0.0,0.5,0.27,0.93,0.67,0.28,0.93,0.93,0.28,0.28,0.31,0.92,0.31,0.92,0.02,0.68,0.988,0.513,0.345
0.58,0.58,1.0,1.0,0.96,0.96,0.16,0.16,0.25,0.25,0.28,0.45,0.0,0.0,0.5,0.27,0.93,0.67,0.28,0.93,0.93,0.28,0.28,0.31,0.92,0.31,0.92,0.02,0.68,0.976,0.468,0.327
0.58,0.58,1.0,1.0,0.96,0.96,0.16,0.16,0.25,0.25,0.28,0.45,0.0,0.0,0.5,0.27,0.93,0.66,0.28,0.92,0.93,0.28,0.28,0.31,0.92,0.31,0.92,0.02,0.67,0.961,0.438,0.324
0.58,0.58,1.0,1.0,0.96,0.96,0.22,0.22,0.22,0.22,0.29,0.43,0.0,0.0,0.5,0.27,0.92,0.66,0.28,0.91,0.92,0.28,0.28,0.31,0.92,0.32,0.9,0.02,0.66,0.957,0.408,0.34
0.59,0.59,1.0,1.0,0.95,0.95,0.63,0.63,0.08,0.08,0.32,0.41,0.0,0.0,0.25,0.27,0.89,0.67,0.28,0.89,0.89,0.28,0.28,0.37,0.8,0.39,0.77,0.02,0.64,0.948,0.377,0.341
0.63,0.63,1.0,1.0,0.92,0.92,0.89,0.89,0.07,0.07,0.32,0.41,0.0,0.0,0.25,0.28,0.86,0.67,0.29,0.86,0.86,0.29,0.29,0.42,0.7,0.43,0.68,0.02,0.6,0.946,0.342,0.339
0.64,0.64,1.0,1.0,0.91,0.91,0.84,0.84,0.04,0.04,0.32,0.41,0.0,0.0,0.25,0.28,0.85,0.67,0.29,0.85,0.85,0.29,0.29,0.45,0.64,0.46,0.62,0.02,0.57,0.933,0.303,0.36
0.62,0.62,1.0,1.0,0.92,0.92,0.65,0.65,0.06,0.06,0.31,0.42,0.0,0.0,0.25,0.29,0.86,0.68,0.29,0.86,0.87,0.29,0.29,0.45,0.65,0.47,0.62,0.02,0.57,0.921,0.292,0.399
0.66,0.66,1.0,1.0,0.89,0.89,0.92,0.92,0.1,0.1,0.31,0.42,0.0,0.0,0.25,0.29,0.85,0.68,0.29,0.85,0.85,0.29,0.29,0.48,0.59,0.49,0.56,0.02,0.57,0.922,0.288,0.408
0.66,0.66,1.0,1.0,0.89,0.89,0.91,0.91,0.11,0.11,0.31,0.42,0.0,0.0,0.25,0.29,0.84,0.68,0.29,0.84,0.84,0.29,0.29,0.5,0.54,0.52,0.51,0.02,0.56,0.918,0.283,0.395
0.66,0.66,1.0,1.0,0.9,0.9,0.91,0.91,0.11,0.11,0.31,0.42,0.0,0.0,0.25,0.3,0.84,0.69,0.29,0.84,0.84,0.29,0.29,0.51,0.53,0.53,0.49,0.02,0.57,0.908,0.252,0.388
0.64,0.64,1.0,1.0,0.91,0.91,0.82,0.82,0.04,0.04,0.32,0.41,0.0,0.0,0.25,0.3,0.85,0.69,0.29,0.85,0.85,0.29,0.29,0.52,0.52,0.54,0.48,0.02,0.56,0.907,0.242,0.385
0.62,0.62,1.0,1.0,0.93,0.93,0.65,0.65,0.07,0.07,0.31,0.42,0.0,0.0,0.5,0.28,0.88,0.68,0.28,0.88,0.88,0.28,0.28,0.31,0.92,0.32,0.89,0.02,0.58,0.914,0.228,0.386
0.62,0.62,1.0,1.0,0.93,0.93,0.54,0.54,0.09,0.09,0.3,0.43,0.0,0.0,0.5,0.28,0.89,0.67,0.27,0.88,0.89,0.27,0.27,0.31,0.91,0.33,0.88,0.02,0.6,0.921,0.22,0.395
0.61,0.61,1.0,1.0,0.93,0.93,0.51,0.51,0.1,0.1,0.29,0.44,0.0,0.0,0.5,0.27,0.89,0.67,0.27,0.89,0.89,0.27,0.27,0.33,0.87,0.35,0.83,0.02,0.61,0.925,0.213,0.403
0.61,0.61,1.0,1.0,0.93,0.93,0.5,0.5,0.1,0.1,0.29,0.44,0.0,0.0,0.5,0.27,0.89,0.67,0.27,0.89,0.89,0.27,0.27,0.31,0.91,0.33,0.87,0.02,0.62,0.955,0.218,0.404
0.65,0.65,1.0,1.0,0.9,0.9,0.93,0.93,0.14,0.14,0.3,0.43,0.0,0.0,0.25,0.3,0.82,0.68,0.29,0.82,0.82,0.29,0.29,0.47,0.6,0.5,0.55,0.02,0.63,0.956,0.208,0.401
0.66,0.66,1.0,1.0,0.89,0.89,0.92,0.92,0.16,0.16,0.31,0.42,0.0,0.0,0.25,0.3,0.82,0.69,0.29,0.82,0.82,0.29,0.29,0.42,0.7,0.45,0.65,0.02,0.64,0.957,0.218,0.405
0.66,0.66,1.0,1.0,0.89,0.89,0.92,0.92,0.16,0.16,0.31,0.42,0.0,0.0,0.25,0.31,0.82,0.69,0.29,0.82,0.82,0.29,0.29,0.43,0.68,0.46,0.63,0.02,0.65,0.951,0.215,0.397
0.63,0.63,1.0,1.0,0.92,0.92,0.79,0.79,0.07,0.07,0.31,0.42,0.0,0.0,0.5,0.3,0.85,0.69,0.29,0.85,0.85,0.29,0.29,0.4,0.75,0.42,0.7,0.02,0.66,0.949,0.227,0.407
0.61,0.61,1.0,1.0,0.94,0.94,0.47,0.47,0.13,0.13,0.29,0.44,0.0,0.0,0.5,0.29,0.87,0.68,0.29,0.87,0.87,0.29,0.29,0.31,0.91,0.34,0.87,0.02,0.66,0.947,0.232,0.408
0.6,0.6,1.0,1.0,0.94,0.94,0.44,0.44,0.14,0.14,0.29,0.43,0.0,0.0,0.5,0.28,0.88,0.67,0.28,0.88,0.88,0.28,0.28,0.31,0.92,0.32,0.89,0.02,0.66,0.946,0.242,0.408
0.6,0.6,1.0,1.0,0.94,0.94,0.43,0.43,0.14,0.14,0.3,0.43,0.0,0.0,0.5,0.27,0.88,0.67,0.28,0.88,0.88,0.28,0.28,0.31,0.92,0.31,0.92,0.02,0.66,0.946,0.24,0.407
0.6,0.6,1.0,1.0,0.94,0.94,0.43,0.43,0.14,0.14,0.3,0.43,0.0,0.0,0.5,0.27,0.89,0.66,0.28,0.89,0.88,0.28,0.28,0.31,0.92,0.32,0.9,0.02,0.66,0.936,0.227,0.402
0.6,0.6,1.0,1.0,0.94,0.94,0.42,0.42,0.14,0.14,0.3,0.43,0.0,0.0,0.5,0.27,0.89,0.66,0.28,0.89,0.89,0.28,0.28,0.31,0.92,0.31,0.92,0.02,0.66,0.927,0.227,0.393
0.6,0.6,1.0,1.0,0.94,0.94,0.42,0.42,0.14,0.14,0.3,0.42,0.0,0.0,0.5,0.26,0.89,0.66,0.28,0.89,0.88,0.28,0.28,0.31,0.92,0.31,0.91,0.02,0.66,0.916,0.235,0.388
0.6,0.6,1.0,1.0,0.94,0.94,0.41,0.41,0.14,0.14,0.31,0.42,0.0,0.0,0.5,0.26,0.89,0.66,0.28,0.89,0.88,0.28,0.28,0.31,0.92,0.31,0.92,0.02,0.66,0.906,0.245,0.391
0.59,0.59,1.0,1.0,0.95,0.95,0.41,0.41,0.15,0.15,0.31,0.42,0.0,0.0,0.5,0.26,0.88,0.66,0.28,0.88,0.87,0.28,0.28,0.31,0.92,0.31,0.92,0.02,0.67,0.904,0.258,0.403
0.59,0.59,1.0,1.0,0.95,0.95,0.4,0.4,0.16,0.16,0.33,0.4,0.0,0.0,0.5,0.26,0.88,0.66,0.31,0.88,0.87,0.31,0.31,0.31,0.92,0.31,0.91,0.02,0.67,0.889,0.263,0.411
0.6,0.6,1.0,1.0,0.94,0.94,0.38,0.38,0.16,0.16,0.33,0.4,0.15,0.21,0.25,0.36,0.6,0.74,0.52,0.6,0.6,0.52,0.52,0.65,0.41,0.69,0.39,0.06,0.8,0.885,0.275,0.413
0.61,0.61,1.0,1.0,0.93,0.93,0.74,0.74,0.08,0.08,0.33,0.4,0.28,0.38,0.5,0.42,0.41,0.77,0.56,0.4,0.42,0.56,0.56,0.74,0.36,0.8,0.34,0.14,0.94,0.889,0.277,0.413
0.62,0.62,1.0,1.0,0.93,0.93,0.36,0.36,0.15,0.15,0.34,0.39,0.2,0.24,0.5,0.43,0.6,0.79,0.55,0.6,0.61,0.55,0.55,0.68,0.39,0.71,0.38,0.12,0.82,0.888,0.275,0.399
0.6,0.6,1.0,1.0,0.94,0.94,0.25,0.25,0.19,0.19,0.34,0.38,0.15,0.2,0.75,0.43,0.69,0.78,0.53,0.69,0.7,0.53,0.53,0.65,0.4,0.68,0.39,0.1,0.62,0.886,0.278,0.399
0.59,0.59,1.0,1.0,0.95,0.95,0.21,0.21,0.2,0.2,0.35,0.38,0.13,0.16,0.75,0.4,0.71,0.76,0.53,0.7,0.72,0.53,0.53,0.64,0.41,0.66,0.4,0.09,0.58,0.882,0.282,0.407
0.59,0.59,1.0,1.0,0.95,0.95,0.24,0.24,0.21,0.21,0.35,0.38,0.13,0.15,0.75,0.41,0.74,0.77,0.5,0.73,0.75,0.5,0.5,0.64,0.41,0.65,0.41,0.09,0.68,0.879,0.285,0.408
0.59,0.59,1.0,1.0,0.95,0.95,0.56,0.56,0.13,0.13,0.35,0.37,0.13,0.15,0.75,0.42,0.78,0.78,0.46,0.77,0.79,0.46,0.46,0.64,0.41,0.65,0.4,0.08,0.72,0.871,0.292,0.41
0.58,0.58,1.0,1.0,0.96,0.96,0.23,0.23,0.25,0.25,0.38,0.35,0.1,0.12,0.75,0.38,0.79,0.75,0.49,0.78,0.79,0.49,0.49,0.62,0.42,0.63,0.41,0.06,0.54,0.864,0.3,0.415
0.57,0.57,1.0,1.0,0.97,0.97,0.16,0.16,0.29,0.29,0.39,0.33,0.09,0.1,1.0,0.34,0.85,0.72,0.43,0.85,0.85,0.43,0.43,0.61,0.42,0.62,0.42,0.05,0.52,0.868,0.312,0.417
0.56,0.56,1.0,1.0,0.98,0.98,0.16,0.16,0.29,0.29,0.4,0.32,0.07,0.09,1.0,0.31,0.87,0.7,0.39,0.87,0.87,0.39,0.39,0.6,0.43,0.61,0.42,0.04,0.52,0.865,0.327,0.425
0.41,0.41,0.72,0.72,1.0,1.0,0.16,0.16,0.3,0.3,0.41,0.31,0.0,0.0,1.0,0.29,0.94,0.68,0.3,0.93,0.94,0.3,0.3,0.44,0.67,0.45,0.65,0.03,0.52,0.864,0.362,0.443
0.42,0.42,0.75,0.75,1.0,1.0,0.16,0.16,0.31,0.31,0.43,0.3,0.0,0.0,1.0,0.26,0.97,0.66,0.27,0.97,0.97,0.27,0.27,0.31,0.92,0.31,0.92,0.02,0.59,0.849,0.387,0.459
0.4,0.4,0.7,0.7,1.0,1.0,0.16,0.16,0.31,0.31,0.43,0.29,0.0,0.0,1.0,0.25,0.97,0.65,0.27,0.97,0.97,0.27,0.27,0.31,0.92,0.31,0.92,0.02,0.56,0.829,0.417,0.463
0.41,0.41,0.73,0.73,1.0,1.0,0.19,0.18,0.28,0.28,0.43,0.3,0.0,0.0,0.75,0.25,0.97,0.65,0.27,0.97,0.97,0.27,0.27,0.31,0.92,0.31,0.92,0.02,0.53,0.833,0.455,0.471
0.56,0.56,1.0,1.0,0.98,0.98,0.16,0.16,0.26,0.26,0.42,0.31,0.0,0.0,0.75,0.25,0.97,0.65,0.27,0.97,0.97,0.27,0.27,0.31,0.92,0.31,0.92,0.02,0.52,0.818,0.502,0.477
0.57,0.57,1.0,1.0,0.97,0.97,0.19,0.19,0.24,0.24,0.41,0.31,0.0,0.0,0.75,0.25,0.97,0.65,0.27,0.97,0.97,0.27,0.27,0.31,0.92,0.31,0.92,0.02,0.51,0.816,0.532,0.48
0.57,0.57,1.0,1.0,0.96,0.96,0.25,0.25,0.21,0.21,0.41,0.31,0.0,0.0,0.75,0.25,0.92,0.65,0.27,0.92,0.92,0.27,0.27,0.31,0.92,0.31,0.92,0.02,0.49,0.806,0.553,0.476
0.59,0.59,1.0,1.0,0.95,0.95,0.28,0.28,0.2,0.2,0.41,0.31,0.0,0.0,0.5,0.25,0.89,0.65,0.27,0.89,0.89,0.27,0.27,0.31,0.92,0.31,0.92,0.02,0.48,0.784,0.573,0.493
0.6,0.6,1.0,1.0,0.94,0.94,0.3,0.3,0.19,0.19,0.42,0.31,0.0,0.0,0.5,0.26,0.85,0.65,0.27,0.86,0.85,0.27,0.27,0.31,0.92,0.31,0.92,0.02,0.48,0.744,0.597,0.507
0.61,0.61,1.0,1.0,0.94,0.94,0.33,0.33,0.18,0.18,0.42,0.31,0.0,0.0,0.5,0.26,0.85,0.65,0.27,0.86,0.85,0.27,0.27,0.31,0.92,0.31,0.92,0.02,0.47,0.71,0.603,0.52
0.61,0.61,1.0,1.0,0.93,0.93,0.35,0.35,0.17,0.17,0.42,0.31,0.0,0.0,0.5,0.25,0.85,0.65,0.27,0.86,0.85,0.27,0.27,0.31,0.92,0.31,0.92,0.01,0.48,0.696,0.623,0.533
0.62,0.62,1.0,1.0,0.93,0.93,0.36,0.36,0.16,0.16,0.42,0.31,0.0,0.0,0.5,0.26,0.76,0.66,0.3,0.77,0.75,0.3,0.3,0.42,0.71,0.41,0.72,0.02,0.47,0.69,0.65,0.544
0.61,0.61,1.0,1.0,0.93,0.93,0.35,0.35,0.16,0.16,0.4,0.32,0.27,0.28,0.5,0.29,0.47,0.68,0.45,0.49,0.46,0.45,0.45,0.73,0.37,0.74,0.37,0.02,0.45,0.685,0.68,0.549
0.6,0.6,1.0,1.0,0.94,0.94,0.3,0.29,0.18,0.18,0.37,0.35,0.54,0.57,0.25,0.32,0.26,0.7,0.56,0.26,0.25,0.56,0.56,0.91,0.29,0.93,0.28,0.05,0.76,0.686,0.713,0.549
0.59,0.59,1.0,1.0,0.95,0.95,0.29,0.29,0.2,0.2,0.36,0.36,0.52,0.57,0.25,0.33,0.27,0.71,0.56,0.27,0.27,0.56,0.56,0.9,0.29,0.93,0.28,0.06,1.0,0.702,0.732,0.555
0.58,0.58,1.0,1.0,0.96,0.96,0.16,0.16,0.28,0.28,0.36,0.36,0.49,0.57,0.5,0.34,0.33,0.72,0.56,0.34,0.33,0.56,0.56,0.88,0.31,0.93,0.28,0.06,1.0,0.723,0.735,0.56
0.59,0.59,1.0,1.0,0.95,0.95,0.16,0.16,0.28,0.28,0.4,0.33,0.28,0.39,0.5,0.37,0.38,0.74,0.56,0.39,0.36,0.56,0.56,0.74,0.36,0.81,0.34,0.06,1.0,0.746,0.74,0.555
0.6,0.6,1.0,1.0,0.95,0.95,0.16,0.16,0.28,0.28,0.41,0.31,0.25,0.34,0.5,0.38,0.4,0.74,0.56,0.42,0.38,0.56,0.56,0.72,0.37,0.78,0.35,0.06,1.0,0.766,0.742,0.566
0.6,0.6,1.0,1.0,0.95,0.95,0.16,0.16,0.27,0.27,0.42,0.31,0.34,0.42,0.5,0.38,0.4,0.75,0.56,0.41,0.38,0.56,0.56,0.78,0.35,0.83,0.33,0.06,1.0,0.794,0.742,0.575
0.6,0.6,1.0,1.0,0.94,0.94,0.16,0.16,0.26,0.26,0.42,0.3,0.39,0.46,0.5,0.38,0.34,0.75,0.56,0.36,0.33,0.56,0.56,0.81,0.34,0.86,0.31,0.06,0.98,0.811,0.735,0.575
0.61,0.61,1.0,1.0,0.94,0.94,0.29,0.29,0.15,0.15,0.42,0.31,0.52,0.55,0.25,0.37,0.26,0.74,0.56,0.27,0.25,0.56,0.56,0.9,0.3,0.92,0.28,0.06,0.53,0.831,0.723,0.58
0.61,0.61,1.0,1.0,0.94,0.94,0.32,0.32,0.14,0.14,0.43,0.3,0.55,0.58,0.25,0.36,0.25,0.73,0.56,0.25,0.25,0.56,0.56,0.92,0.29,0.94,0.28,0.05,0.42,0.844,0.712,0.585
0.61,0.61,1.0,1.0,0.94,0.94,0.32,0.32,0.13,0.13,0.43,0.3,0.61,0.64,0.25,0.34,0.25,0.72,0.56,0.25,0.25,0.56,0.56,0.96,0.27,0.98,0.26,0.06,0.45,0.854,0.703,0.586
0.61,0.61,1.0,1.0,0.94,0.94,0.35,0.35,0.12,0.12,0.43,0.3,0.66,0.7,0.25,0.33,0.25,0.71,0.56,0.25,0.25,0.56,0.56,0.99,0.25,1.0,0.24,0.06,0.47,0.86,0.678,0.584
0.61,0.61,1.0,1.0,0.94,0.94,0.36,0.36,0.12,0.12,0.43,0.3,0.7,0.73,0.25,0.32,0.25,0.71,0.56,0.25,0.25,0.56,0.56,1.0,0.24,1.0,0.23,0.06,0.48,0.879,0.647,0.561
0.6,0.6,1.0,1.0,0.94,0.94,0.3,0.3,0.17,0.17,0.45,0.27,0.7,0.75,0.25,0.32,0.25,0.7,0.56,0.25,0.25,0.56,0.56,1.0,0.24,1.0,0.23,0.06,0.52,0.892,0.633,0.534
0.6,0.6,1.0,1.0,0.94,0.94,0.16,0.16,0.21,0.21,0.53,0.2,0.7,0.75,0.25,0.32,0.25,0.71,0.56,0.25,0.25,0.56,0.56,1.0,0.24,1.0,0.23,0.07,0.35,0.895,0.627,0.522
0.61,0.61,1.0,1.0,0.94,0.94,0.16,0.16,0.24,0.24,0.64,0.1,0.67,0.69,0.25,0.34,0.25,0.72,0.56,0.25,0.25,0.56,0.56,1.0,0.25,1.0,0.25,0.07,0.21,0.896,0.623,0.525
0.62,0.62,1.0,1.0,0.93,0.93,0.16,0.16,0.23,0.23,0.69,0.05,0.66,0.64,0.25,0.35,0.25,0.72,0.56,0.25,0.25,0.56,0.56,0.99,0.26,0.98,0.26,0.07,0.14,0.895,0.623,0.539
0.62,0.62,1.0,1.0,0.93,0.93,0.16,0.16,0.23,0.23,0.64,0.1,0.63,0.63,0.25,0.35,0.25,0.73,0.56,0.25,0.25,0.56,0.56,0.97,0.26,0.97,0.26,0.07,0.15,0.895,0.635,0.549
0.61,0.61,1.0,1.0,0.93,0.93,0.16,0.16,0.2,0.2,0.57,0.16,0.66,0.69,0.25,0.35,0.25,0.72,0.56,0.25,0.25,0.56,0.56,0.99,0.25,1.0,0.25,0.06,0.23,0.896,0.655,0.555
0.61,0.61,1.0,1.0,0.93,0.93,0.16,0.16,0.21,0.21,0.51,0.22,0.66,0.69,0.25,0.35,0.25,0.72,0.56,0.25,0.25,0.56,0.56,0.99,0.25,1.0,0.25,0.07,0.42,0.901,0.68,0.565
0.6,0.6,1.0,1.0,0.94,0.94,0.16,0.16,0.2,0.2,0.42,0.31,0.63,0.67,0.25,0.35,0.25,0.72,0.56,0.25,0.25,0.56,0.56,0.97,0.26,1.0,0.25,0.07,0.69,0.919,0.7,0.589
0.59,0.59,1.0,1.0,0.95,0.95,0.16,0.16,0.23,0.23,0.35,0.38,0.63,0.7,0.25,0.35,0.25,0.73,0.56,0.25,0.25,0.56,0.56,0.97,0.26,1.0,0.24,0.07,0.98,0.926,0.712,0.604
0.59,0.59,1.0,1.0,0.95,0.95,0.16,0.16,0.24,0.24,0.32,0.4,0.64,0.72,0.25,0.36,0.25,0.73,0.56,0.25,0.25,0.56,0.56,0.98,0.26,1.0,0.23,0.07,1.0,0.932,0.72,0.612
0.61,0.61,1.0,1.0,0.93,0.93,0.16,0.16,0.26,0.26,0.31,0.42,0.49,0.57,0.5,0.36,0.41,0.73,0.56,0.41,0.41,0.56,0.56,0.88,0.3,0.93,0.28,0.06,1.0,0.93,0.722,0.613
0.62,0.62,1.0,1.0,0.92,0.92,0.16,0.16,0.25,0.25,0.29,0.44,0.3,0.36,0.5,0.36,0.52,0.74,0.54,0.51,0.52,0.54,0.54,0.75,0.36,0.79,0.34,0.05,1.0,0.924,0.725,0.618
0.62,0.62,1.0,1.0,0.92,0.92,0.16,0.16,0.25,0.25,0.28,0.45,0.3,0.34,0.5,0.39,0.54,0.76,0.54,0.53,0.54,0.54,0.54,0.75,0.36,0.78,0.35,0.05,0.76,0.923,0.725,0.625
0.62,0.62,1.0,1.0,0.93,0.93,0.16,0.16,0.26,0.26,0.28,0.45,0.46,0.51,0.5,0.41,0.45,0.77,0.56,0.44,0.45,0.56,0.56,0.86,0.31,0.89,0.3,0.05,0.6,0.921,0.728,0.666
0.61,0.61,1.0,1.0,0.94,0.94,0.18,0.18,0.25,0.25,0.27,0.46,0.52,0.55,0.5,0.39,0.35,0.75,0.56,0.35,0.35,0.56,0.56,0.9,0.29,0.92,0.28,0.05,0.56,0.918,0.727,0.734
0.6,0.6,1.0,1.0,0.94,0.94,0.25,0.25,0.21,0.21,0.26,0.47,0.52,0.55,0.25,0.37,0.33,0.74,0.56,0.33,0.32,0.56,0.56,0.9,0.3,0.92,0.28,0.05,0.54,0.917,0.737,0.793
0.61,0.61,1.0,1.0,0.94,0.94,0.3,0.3,0.17,0.17,0.26,0.47,0.48,0.52,0.25,0.37,0.34,0.74,0.56,0.35,0.34,0.56,0.56,0.87,0.31,0.9,0.3,0.04,0.53,0.922,0.737,0.775
0.62,0.62,1.0,1.0,0.93,0.93,0.33,0.33,0.15,0.15,0.25,0.48,0.45,0.49,0.25,0.38,0.4,0.74,0.52,0.4,0.4,0.52,0.52,0.85,0.32,0.88,0.3,0.04,0.53,0.92,0.73,0.727
0.63,0.63,1.0,1.0,0.92,0.92,0.35,0.35,0.14,0.14,0.25,0.48,0.43,0.48,0.5,0.37,0.53,0.74,0.45,0.53,0.53,0.45,0.45,0.84,0.32,0.87,0.31,0.03,0.52,0.924,0.738,0.691
0.64,0.64,1.0,1.0,0.91,0.91,0.34,0.34,0.14,0.14,0.24,0.49,0.38,0.43,0.5,0.34,0.67,0.71,0.38,0.68,0.67,0.38,0.38,0.8,0.34,0.84,0.32,0.03,0.53,0.918,0.728,0.619
0.65,0.65,1.0,1.0,0.9,0.9,0.33,0.33,0.15,0.15,0.22,0.51,0.34,0.42,0.5,0.32,0.68,0.71,0.38,0.69,0.68,0.38,0.38,0.78,0.35,0.83,0.33,0.02,0.54,0.929,0.717,0.563
0.65,0.65,1.0,1.0,0.9,0.9,0.29,0.29,0.18,0.18,0.17,0.56,0.34,0.4,0.5,0.33,0.7,0.71,0.39,0.7,0.71,0.39,0.39,0.78,0.35,0.82,0.33,0.02,0.54,0.926,0.707,0.5
0.63,0.63,1.0,1.0,0.92,0.92,0.24,0.24,0.21,0.21,0.11,0.62,0.31,0.36,0.5,0.34,0.73,0.71,0.4,0.72,0.75,0.4,0.4,0.76,0.36,0.79,0.34,0.02,0.54,0.942,0.678,0.478
0.62,0.62,1.0,1.0,0.93,0.93,0.22,0.22,0.22,0.22,0.07,0.67,0.3,0.34,0.5,0.35,0.71,0.73,0.43,0.69,0.73,0.43,0.43,0.75,0.36,0.78,0.35,0.02,0.54,0.941,0.643,0.462
0.63,0.63,1.0,1.0,0.92,0.92,0.6,0.6,0.1,0.1,0.12,0.61,0.21,0.28,0.5,0.34,0.8,0.72,0.35,0.78,0.81,0.35,0.35,0.69,0.39,0.74,0.37,0.02,0.56,0.963,0.607,0.447
0.6,0.6,1.0,1.0,0.94,0.94,0.23,0.23,0.18,0.18,0.02,0.72,0.0,0.0,0.75,0.28,0.89,0.68,0.29,0.88,0.89,0.29,0.29,0.42,0.7,0.46,0.63,0.02,0.67,0.983,0.55,0.439
0.59,0.59,1.0,1.0,0.95,0.95,0.16,0.16,0.25,0.25,0.04,0.69,0.0,0.0,0.5,0.27,0.9,0.66,0.29,0.89,0.9,0.29,0.29,0.37,0.8,0.4,0.74,0.02,0.72,0.993,0.508,0.43
0.6,0.6,1.0,1.0,0.94,0.94,0.16,0.16,0.3,0.3,0.14,0.59,0.0,0.0,0.5,0.26,0.91,0.66,0.28,0.9,0.91,0.28,0.28,0.31,0.92,0.33,0.88,0.02,0.72,0.993,0.458,0.418
0.59,0.59,1.0,1.0,0.95,0.95,0.16,0.16,0.29,0.29,0.22,0.5,0.0,0.0,0.5,0.25,0.92,0.65,0.27,0.92,0.92,0.27,0.27,0.31,0.92,0.31,0.92,0.02,0.74,0.993,0.435,0.412
0.58,0.58,1.0,1.0,0.96,0.96,0.46,0.46,0.18,0.18,0.28,0.45,0.0,0.0,0.5,0.26,0.91,0.66,0.28,0.91,0.91,0.28,0.28,0.31,0.92,0.32,0.89,0.02,0.74,0.993,0.415,0.398
0.58,0.58,1.0,1.0,0.96,0.96,0.16,0.16,0.3,0.3,0.31,0.41,0.0,0.0,0.5,0.26,0.91,0.66,0.28,0.91,0.91,0.28,0.28,0.31,0.92,0.31,0.92,0.02,0.72,0.993,0.392,0.385
0.58,0.58,1.0,1.0,0.96,0.96,0.16,0.16,0.32,0.32,0.31,0.41,0.0,0.0,0.5,0.26,0.92,0.66,0.28,0.92,0.91,0.28,0.28,0.31,0.92,0.31,0.92,0.02,0.72,0.993,0.365,0.37
0.6,0.6,1.0,1.0,0.95,0.95,0.88,0.88,0.17,0.17,0.33,0.4,0.0,0.0,0.25,0.27,0.85,0.67,0.29,0.86,0.85,0.29,0.29,0.37,0.81,0.4,0.75,0.02,0.71,0.993,0.347,0.356
0.61,0.61,1.0,1.0,0.94,0.94,0.74,0.74,0.09,0.09,0.33,0.4,0.0,0.0,0.5,0.29,0.85,0.68,0.29,0.86,0.85,0.29,0.29,0.31,0.91,0.33,0.87,0.03,0.69,0.993,0.318,0.322
0.58,0.58,1.0,1.0,0.96,0.96,0.39,0.39,0.17,0.17,0.27,0.45,0.0,0.0,0.75,0.26,0.92,0.66,0.27,0.92,0.91,0.27,0.27,0.31,0.92,0.31,0.92,0.02,0.73,0.993,0.303,0.285
0.58,0.58,1.0,1.0,0.96,0.96,0.32,0.32,0.19,0.19,0.24,0.49,0.0,0.0,0.75,0.26,0.93,0.66,0.27,0.92,0.93,0.27,0.27,0.31,0.92,0.31,0.92,0.02,0.79,0.993,0.305,0.233
0.58,0.58,1.0,1.0,0.96,0.96,0.32,0.32,0.2,0.2,0.26,0.46,0.0,0.0,0.75,0.25,0.93,0.65,0.27,0.93,0.93,0.27,0.27,0.31,0.92,0.31,0.92,0.02,0.81,0.972,0.323,0.21
0.6,0.6,1.0,1.0,0.94,0.94,0.75,0.75,0.09,0.09,0.33,0.4,0.0,0.0,0.5,0.27,0.91,0.66,0.28,0.91,0.91,0.28,0.28,0.31,0.92,0.31,0.92,0.02,0.75,0.954,0.343,0.216
0.6,0.6,1.0,1.0,0.94,0.94,0.44,0.44,0.17,0.17,0.33,0.4,0.0,0.0,0.75,0.27,0.91,0.67,0.28,0.91,0.91,0.28,0.28,0.31,0.92,0.31,0.92,0.02,0.72,0.914,0.365,0.235
0.59,0.59,1.0,1.0,0.95,0.95,0.33,0.33,0.21,0.21,0.33,0.39,0.0,0.0,0.75,0.27,0.92,0.67,0.29,0.92,0.92,0.29,0.29,0.31,0.92,0.31,0.92,0.02,0.71,0.912,0.392,0.267
0.59,0.59,1.0,1.0,0.95,0.95,0.22,0.22,0.23,0.23,0.33,0.4,0.0,0.0,0.75,0.28,0.92,0.67,0.32,0.92,0.92,0.32,0.32,0.31,0.92,0.31,0.92,0.02,0.7,0.896,0.415,0.325
0.61,0.61,1.0,1.0,0.93,0.93,0.85,0.85,0.16,0.16,0.33,0.4,0.0,0.0,0.5,0.36,0.88,0.73,0.37,0.88,0.88,0.37,0.37,0.42,0.7,0.45,0.64,0.04,0.7,0.849,0.427,0.39
0.6,0.6,1.0,1.0,0.94,0.94,0.46,0.46,0.15,0.15,0.34,0.39,0.0,0.0,0.75,0.39,0.89,0.76,0.38,0.89,0.89,0.38,0.38,0.39,0.75,0.41,0.72,0.05,0.67,0.854,0.427,0.432
0.6,0.6,1.0,1.0,0.95,0.95,0.26,0.26,0.21,0.21,0.34,0.39,0.0,0.0,0.75,0.4,0.92,0.76,0.37,0.91,0.92,0.37,0.37,0.4,0.74,0.42,0.71,0.06,0.66,0.831,0.428,0.458
0.59,0.59,1.0,1.0,0.95,0.95,0.22,0.22,0.23,0.23,0.33,0.39,0.0,0.0,0.75,0.4,0.9,0.76,0.37,0.9,0.9,0.37,0.37,0.44,0.66,0.46,0.63,0.06,0.65,0.82,0.427,0.464
0.59,0.59,1.0,1.0,0.95,0.95,0.21,0.21,0.25,0.25,0.31,0.41,0.0,0.0,0.75,0.41,0.9,0.77,0.37,0.9,0.9,0.37,0.37,0.31,0.92,0.31,0.92,0.06,0.65,0.849,0.423,0.457
0.58,0.58,1.0,1.0,0.96,0.96,0.21,0.21,0.25,0.25,0.33,0.39,0.0,0.0,0.75,0.41,0.92,0.77,0.37,0.92,0.92,0.37,0.37,0.31,0.92,0.31,0.92,0.07,0.64,0.846,0.417,0.452
0.58,0.58,1.0,1.0,0.96,0.96,0.16,0.16,0.42,0.42,0.0,0.76,0.0,0.0,0.75,0.41,0.94,0.77,0.39,0.94,0.95,0.39,0.39,0.5,0.55,0.47,0.6,0.21,0.83,0.83,0.42,0.415
0.59,0.59,1.0,1.0,0.95,0.95,0.16,0.16,0.6,0.6,0.0,0.89,0.0,0.0,0.75,0.45,0.97,0.8,0.33,0.97,0.97,0.33,0.33,0.49,0.56,0.48,0.58,0.31,0.58,0.825,0.427,0.385
0.59,0.59,1.0,1.0,0.95,0.95,0.16,0.16,0.62,0.62,0.0,0.89,0.0,0.0,0.75,0.58,0.97,0.9,0.32,0.97,0.97,0.32,0.32,0.46,0.63,0.45,0.65,0.41,0.39,0.821,0.428,0.403
0.59,0.59,1.0,1.0,0.95,0.95,0.16,0.16,0.64,0.64,0.0,0.9,0.0,0.0,0.75,0.63,0.97,0.94,0.32,0.97,0.97,0.32,0.32,0.37,0.7,0.37,0.7,0.35,0.34,0.821,0.422,0.453
0.59,0.59,1.0,1.0,0.95,0.95,0.42,0.42,0.19,0.19,0.46,0.27,0.0,0.0,0.75,0.69,0.94,0.98,0.34,0.94,0.95,0.34,0.34,0.35,0.7,0.35,0.7,0.31,0.3,0.814,0.425,0.476
0.59,0.59,1.0,1.0,0.95,0.95,0.32,0.32,0.2,0.2,0.45,0.28,0.0,0.0,0.75,0.66,0.89,0.96,0.37,0.88,0.9,0.37,0.37,0.36,0.7,0.36,0.7,0.28,0.43,0.801,0.43,0.485
0.58,0.58,1.0,1.0,0.96,0.96,0.24,0.24,0.23,0.23,0.44,0.29,0.02,0.0,1.0,0.53,0.8,0.86,0.4,0.79,0.81,0.4,0.4,0.56,0.45,0.55,0.45,0.17,0.59,0.78,0.423,0.502
0.57,0.57,1.0,1.0,0.97,0.97,0.16,0.16,0.26,0.26,0.43,0.29,0.09,0.04,1.0,0.37,0.86,0.74,0.38,0.85,0.87,0.38,0.38,0.61,0.43,0.58,0.44,0.07,0.67,0.774,0.428,0.502
0.56,0.56,1.0,1.0,0.98,0.98,0.16,0.16,0.28,0.28,0.43,0.29,0.12,0.1,1.0,0.28,0.94,0.67,0.3,0.93,0.94,0.3,0.3,0.63,0.41,0.62,0.42,0.03,0.56,0.768,0.453,0.51
0.41,0.41,0.73,0.73,1.0,1.0,0.16,0.16,0.29,0.29,0.43,0.29,0.16,0.1,1.0,0.25,0.96,0.65,0.28,0.96,0.96,0.28,0.28,0.66,0.4,0.62,0.42,0.03,0.55,0.758,0.475,0.514
0.55,0.55,1.0,1.0,0.98,0.98,0.6,0.59,0.16,0.16,0.42,0.3,0.18,0.1,1.0,0.24,0.96,0.65,0.29,0.96,0.97,0.29,0.29,0.67,0.4,0.62,0.42,0.02,0.55,0.751,0.517,0.505
0.43,0.43,0.77,0.77,1.0,1.0,0.22,0.22,0.27,0.27,0.42,0.3,0.18,0.1,1.0,0.24,0.96,0.64,0.28,0.96,0.97,0.28,0.28,0.67,0.4,0.62,0.42,0.02,0.53,0.746,0.565,0.48
0.43,0.43,0.77,0.77,1.0,1.0,0.16,0.16,0.29,0.29,0.42,0.3,0.16,0.1,1.0,0.23,0.97,0.64,0.27,0.97,0.97,0.27,0.27,0.66,0.4,0.62,0.42,0.02,0.54,0.743,0.582,0.501
0.43,0.43,0.78,0.78,1.0,1.0,0.16,0.16,0.27,0.27,0.42,0.3,0.16,0.1,1.0,0.23,0.97,0.63,0.26,0.97,0.98,0.26,0.26,0.66,0.4,0.62,0.42,0.02,0.55,0.745,0.597,0.571
0.57,0.57,1.0,1.0,0.97,0.97,0.25,0.25,0.22,0.22,0.4,0.32,0.0,0.0,0.5,0.32,0.83,0.7,0.32,0.83,0.84,0.32,0.32,0.38,0.79,0.38,0.78,0.02,0.52,0.774,0.592,0.672
0.59,0.59,1.0,1.0,0.95,0.95,0.8,0.8,0.09,0.09,0.4,0.33,0.0,0.0,0.5,0.33,0.79,0.71,0.32,0.79,0.79,0.32,0.32,0.35,0.84,0.35,0.83,0.02,0.51,0.786,0.592,0.706
0.62,0.62,1.0,1.0,0.92,0.92,0.39,0.39,0.17,0.17,0.39,0.34,0.0,0.0,0.5,0.3,0.82,0.68,0.31,0.83,0.82,0.31,0.31,0.32,0.89,0.33,0.89,0.02,0.51,0.792,0.59,0.699
0.65,0.65,1.0,1.0,0.91,0.91,0.35,0.35,0.18,0.18,0.38,0.34,0.0,0.0,0.5,0.27,0.89,0.66,0.29,0.89,0.88,0.29,0.29,0.31,0.92,0.31,0.92,0.02,0.52,0.789,0.592,0.685
0.65,0.65,1.0,1.0,0.91,0.91,0.31,0.31,0.19,0.19,0.38,0.34,0.0,0.0,0.5,0.27,0.89,0.66,0.33,0.89,0.89,0.33,0.33,0.31,0.92,0.31,0.92,0.02,0.53,0.789,0.597,0.637
0.65,0.65,1.0,1.0,0.9,0.9,0.3,0.3,0.19,0.19,0.38,0.34,0.0,0.0,0.5,0.28,0.89,0.67,0.37,0.89,0.88,0.37,0.37,0.31,0.91,0.32,0.91,0.03,0.53,0.759,0.598,0.612
0.65,0.65,1.0,1.0,0.9,0.9,0.3,0.3,0.18,0.18,0.38,0.35,0.0,0.0,0.5,0.28,0.89,0.67,0.36,0.89,0.88,0.36,0.36,0.33,0.88,0.33,0.87,0.03,0.54,0.727,0.618,0.592
0.65,0.65,1.0,1.0,0.91,0.91,0.31,0.3,0.18,0.18,0.37,0.35,0.0,0.0,0.5,0.28,0.89,0.67,0.34,0.89,0.88,0.34,0.34,0.34,0.86,0.35,0.84,0.03,0.53,0.706,0.652,0.578
0.65,0.65,1.0,1.0,0.91,0.91,0.32,0.32,0.18,0.18,0.37,0.35,0.0,0.0,0.5,0.27,0.89,0.67,0.31,0.89,0.88,0.31,0.31,0.32,0.9,0.32,0.89,0.03,0.54,0.694,0.673,0.574
0.64,0.64,1.0,1.0,0.91,0.91,0.32,0.32,0.17,0.17,0.38,0.35,0.0,0.0,0.5,0.26,0.9,0.66,0.3,0.9,0.89,0.3,0.3,0.31,0.92,0.31,0.92,0.03,0.55,0.683,0.683,0.567
0.64,0.64,1.0,1.0,0.91,0.91,0.32,0.32,0.17,0.17,0.37,0.36,0.0,0.0,0.25,0.28,0.9,0.67,0.31,0.9,0.89,0.31,0.31,0.32,0.9,0.33,0.88,0.03,0.55,0.678,0.7,0.561
0.63,0.63,1.0,1.0,0.92,0.92,0.31,0.31,0.19,0.19,0.37,0.36,0.0,0.0,0.5,0.28,0.9,0.68,0.31,0.9,0.89,0.31,0.31,0.31,0.92,0.31,0.92,0.03,0.55,0.679,0.705,0.559
0.62,0.62,1.0,1.0,0.93,0.93,0.24,0.23,0.21,0.21,0.36,0.37,0.0,0.0,0.5,0.28,0.91,0.67,0.3,0.91,0.9,0.3,0.3,0.31,0.92,0.31,0.92,0.03,0.57,0.706,0.71,0.555
0.61,0.61,1.0,1.0,0.93,0.93,0.21,0.21,0.23,0.23,0.36,0.37,0.0,0.0,0.5,0.28,0.92,0.67,0.29,0.92,0.92,0.29,0.29,0.31,0.92,0.31,0.92,0.02,0.59,0.739,0.707,0.56
0.61,0.61,1.0,1.0,0.94,0.94,0.21,0.2,0.22,0.22,0.35,0.38,0.0,0.0,0.5,0.27,0.9,0.67,0.28,0.9,0.9,0.28,0.28,0.31,0.92,0.31,0.92,0.02,0.6,0.756,0.707,0.556
0.6,0.6,1.0,1.0,0.94,0.94,0.22,0.22,0.21,0.21,0.34,0.39,0.0,0.0,0.5,0.27,0.89,0.66,0.28,0.89,0.89,0.28,0.28,0.31,0.92,0.31,0.92,0.02,0.61,0.781,0.715,0.552
0.6,0.6,1.0,1.0,0.95,0.95,0.28,0.27,0.2,0.2,0.3,0.43,0.0,0.0,0.5,0.27,0.89,0.66,0.27,0.89,0.89,0.27,0.27,0.31,0.92,0.31,0.92,0.02,0.61,0.805,0.727,0.544
0.62,0.62,1.0,1.0,0.92,0.92,0.57,0.57,0.11,0.11,0.28,0.45,0.0,0.0,0.5,0.27,0.84,0.67,0.28,0.84,0.85,0.28,0.28,0.44,0.66,0.45,0.65,0.02,0.62,0.83,0.732,0.545
0.6,0.6,1.0,1.0,0.94,0.94,0.44,0.44,0.14,0.14,0.27,0.46,0.0,0.0,0.5,0.27,0.86,0.67,0.27,0.86,0.86,0.27,0.27,0.31,0.92,0.31,0.92,0.02,0.63,0.84,0.72,0.545
0.6,0.6,1.0,1.0,0.94,0.94,0.39,0.39,0.16,0.16,0.29,0.43,0.0,0.0,0.5,0.27,0.87,0.66,0.27,0.87,0.87,0.27,0.27,0.31,0.92,0.31,0.92,0.02,0.63,0.852,0.715,0.545
0.63,0.63,1.0,1.0,0.92,0.92,0.91,0.91,0.17,0.17,0.32,0.41,0.0,0.0,0.25,0.27,0.82,0.67,0.27,0.82,0.82,0.27,0.27,0.39,0.76,0.4,0.74,0.02,0.64,0.868,0.713,0.54
0.63,0.63,1.0,1.0,0.92,0.92,0.53,0.53,0.13,0.13,0.34,0.39,0.0,0.0,0.5,0.28,0.84,0.67,0.27,0.84,0.84,0.27,0.27,0.31,0.92,0.31,0.92,0.02,0.63,0.874,0.712,0.538
0.61,0.61,1.0,1.0,0.93,0.93,0.35,0.35,0.19,0.19,0.38,0.35,0.0,0.0,0.5,0.27,0.87,0.66,0.27,0.87,0.87,0.27,0.27,0.31,0.92,0.31,0.92,0.02,0.61,0.877,0.71,0.539
0.61,0.61,1.0,1.0,0.93,0.93,0.32,0.32,0.2,0.2,0.39,0.34,0.0,0.0,0.5,0.27,0.88,0.66,0.27,0.88,0.88,0.27,0.27,0.31,0.92,0.31,0.92,0.02,0.6,0.877,0.707,0.535
0.61,0.61,1.0,1.0,0.94,0.94,0.29,0.29,0.21,0.21,0.39,0.33,0.0,0.0,0.5,0.26,0.88,0.66,0.27,0.88,0.88,0.27,0.27,0.31,0.92,0.31,0.92,0.02,0.59,0.874,0.7,0.526
0.61,0.61,1.0,1.0,0.94,0.94,0.28,0.28,0.22,0.22,0.42,0.31,0.0,0.0,0.5,0.26,0.89,0.66,0.27,0.89,0.89,0.27,0.27,0.31,0.92,0.31,0.92,0.02,0.57,0.871,0.687,0.518
0.6,0.6,1.0,1.0,0.94,0.94,0.26,0.26,0.22,0.22,0.46,0.27,0.0,0.0,0.5,0.26,0.9,0.66,0.27,0.9,0.89,0.27,0.27,0.31,0.92,0.31,0.92,0.02,0.54,0.866,0.673,0.512
0.6,0.6,1.0,1.0,0.94,0.94,0.27,0.26,0.23,0.23,0.49,0.24,0.0,0.0,0.5,0.27,0.89,0.66,0.27,0.89,0.89,0.27,0.27,0.31,0.92,0.31,0.92,0.02,0.45,0.864,0.658,0.505
0.6,0.6,1.0,1.0,0.95,0.95,0.27,0.27,0.23,0.23,0.49,0.24,0.0,0.0,0.5,0.27,0.89,0.66,0.26,0.89,0.88,0.26,0.26,0.31,0.92,0.31,0.92,0.02,0.41,0.872,0.637,0.498
0.59,0.59,1.0,1.0,0.95,0.95,0.29,0.28,0.22,0.22,0.44,0.28,0.0,0.0,0.75,0.27,0.89,0.66,0.26,0.89,0.88,0.26,0.26,0.31,0.92,0.31,0.92,0.02,0.4,0.874,0.617,0.477
0.58,0.58,1.0,1.0,0.96,0.96,0.31,0.31,0.22,0.22,0.4,0.32,0.0,0.0,0.75,0.26,0.89,0.66,0.26,0.89,0.88,0.26,0.26,0.31,0.92,0.31,0.92,0.02,0.46,0.9,0.593,0.429
0.58,0.58,1.0,1.0,0.96,0.96,0.32,0.31,0.22,0.22,0.37,0.35,0.0,0.0,0.75,0.26,0.9,0.66,0.26,0.9,0.9,0.26,0.26,0.31,0.92,0.31,0.92,0.01,0.51,0.904,0.573,0.415
0.58,0.58,1.0,1.0,0.96,0.96,0.32,0.31,0.22,0.22,0.35,0.37,0.0,0.0,0.75,0.26,0.91,0.66,0.26,0.91,0.91,0.26,0.26,0.31,0.92,0.31,0.92,0.01,0.57,0.876,0.558,0.422
0.58,0.58,1.0,1.0,0.96,0.96,0.31,0.31,0.22,0.22,0.34,0.38,0.0,0.0,0.5,0.26,0.91,0.66,0.28,0.91,0.9,0.28,0.28,0.31,0.92,0.31,0.92,0.02,0.59,0.863,0.555,0.43
0.58,0.58,1.0,1.0,0.96,0.96,0.29,0.28,0.22,0.22,0.34,0.39,0.0,0.0,0.5,0.26,0.9,0.66,0.29,0.9,0.9,0.29,0.29,0.31,0.92,0.31,0.92,0.02,0.61,0.864,0.555,0.453
0.58,0.58,1.0,1.0,0.96,0.96,0.29,0.28,0.21,0.21,0.33,0.39,0.0,0.0,0.5,0.27,0.9,0.66,0.32,0.9,0.9,0.32,0.32,0.31,0.92,0.31,0.92,0.02,0.64,0.849,0.545,0.482
0.59,0.59,1.0,1.0,0.95,0.95,0.26,0.26,0.2,0.2,0.32,0.4,0.0,0.0,0.5,0.3,0.76,0.69,0.49,0.76,0.76,0.49,0.49,0.4,0.74,0.42,0.7,0.03,0.99,0.844,0.553,0.517
0.59,0.59,1.0,1.0,0.95,0.95,0.24,0.23,0.2,0.2,0.31,0.41,0.02,0.06,0.25,0.35,0.44,0.72,0.56,0.42,0.46,0.56,0.56,0.56,0.45,0.59,0.43,0.05,1.0,0.842,0.58,0.53
0.59,0.59,1.0,1.0,0.95,0.95,0.25,0.25,0.19,0.19,0.3,0.42,0.13,0.16,0.25,0.35,0.31,0.73,0.56,0.29,0.33,0.56,0.56,0.64,0.41,0.66,0.4,0.06,1.0,0.831,0.612,0.54
0.59,0.59,1.0,1.0,0.95,0.95,0.25,0.25,0.19,0.19,0.3,0.43,0.2,0.22,0.25,0.36,0.28,0.73,0.56,0.26,0.29,0.56,0.56,0.68,0.39,0.7,0.38,0.06,1.0,0.814,0.642,0.56
0.59,0.59,1.0,1.0,0.95,0.95,0.28,0.28,0.18,0.18,0.25,0.48,0.34,0.38,0.25,0.36,0.25,0.73,0.56,0.25,0.25,0.56,0.56,0.78,0.35,0.8,0.34,0.07,1.0,0.808,0.673,0.595
0.59,0.59,1.0,1.0,0.95,0.95,0.28,0.28,0.17,0.17,0.2,0.53,0.45,0.49,0.25,0.35,0.25,0.73,0.56,0.25,0.25,0.56,0.56,0.85,0.32,0.88,0.3,0.09,1.0,0.799,0.692,0.62
0.59,0.59,1.0,1.0,0.95,0.95,0.31,0.31,0.16,0.16,0.18,0.56,0.51,0.57,0.25,0.35,0.25,0.72,0.56,0.25,0.25,0.56,0.56,0.89,0.3,0.93,0.28,0.11,1.0,0.788,0.705,0.616
0.59,0.59,1.0,1.0,0.95,0.95,0.31,0.31,0.15,0.15,0.17,0.56,0.52,0.58,0.25,0.34,0.25,0.72,0.56,0.25,0.25,0.56,0.56,0.9,0.29,0.94,0.28,0.11,1.0,0.789,0.707,0.591
0.59,0.59,1.0,1.0,0.95,0.95,0.32,0.32,0.15,0.15,0.17,0.56,0.52,0.58,0.25,0.34,0.25,0.72,0.56,0.25,0.25,0.56,0.56,0.9,0.29,0.94,0.28,0.11,1.0,0.804,0.698,0.548
0.61,0.61,1.0,1.0,0.94,0.94,0.72,0.72,0.06,0.06,0.24,0.49,0.54,0.6,0.25,0.34,0.25,0.71,0.56,0.25,0.25,0.56,0.56,0.91,0.29,0.95,0.27,0.13,1.0,0.805,0.687,0.511
0.6,0.6,1.0,1.0,0.94,0.94,0.42,0.42,0.13,0.13,0.25,0.48,0.55,0.6,0.25,0.33,0.25,0.71,0.56,0.25,0.25,0.56,0.56,0.92,0.28,0.95,0.27,0.13,0.93,0.811,0.667,0.49
0.59,0.59,1.0,1.0,0.95,0.95,0.34,0.34,0.14,0.14,0.29,0.44,0.54,0.58,0.25,0.33,0.25,0.71,0.56,0.25,0.25,0.56,0.56,0.91,0.29,0.94,0.28,0.13,0.89,0.827,0.65,0.486
0.59,0.59,1.0,1.0,0.95,0.95,0.28,0.28,0.16,0.16,0.33,0.4,0.49,0.52,0.25,0.32,0.25,0.71,0.56,0.25,0.25,0.56,0.56,0.88,0.3,0.9,0.29,0.13,0.72,0.824,0.625,0.482
0.59,0.59,1.0,1.0,0.95,0.95,0.24,0.24,0.16,0.16,0.39,0.34,0.43,0.45,0.25,0.32,0.25,0.7,0.56,0.25,0.25,0.56,0.56,0.84,0.32,0.85,0.32,0.12,0.5,0.831,0.6,0.477
0.59,0.59,1.0,1.0,0.95,0.95,0.24,0.24,0.17,0.17,0.43,0.3,0.45,0.45,0.25,0.31,0.25,0.7,0.56,0.25,0.25,0.56,0.56,0.85,0.32,0.85,0.32,0.11,0.35,0.839,0.572,0.468
0.59,0.59,1.0,1.0,0.96,0.96,0.21,0.21,0.18,0.18,0.42,0.3,0.43,0.43,0.25,0.31,0.25,0.7,0.56,0.25,0.25,0.56,0.56,0.84,0.32,0.84,0.32,0.11,0.33,0.849,0.552,0.463
0.57,0.57,1.0,1.0,0.96,0.96,0.16,0.16,0.36,0.36,0.4,0.32,0.43,0.43,0.25,0.33,0.25,0.71,0.56,0.25,0.25,0.56,0.56,0.84,0.32,0.84,0.32,0.11,0.8,0.863,0.53,0.458
0.57,0.57,1.0,1.0,0.97,0.97,0.16,0.16,0.37,0.37,0.37,0.36,0.42,0.42,0.25,0.36,0.25,0.73,0.56,0.25,0.25,0.56,0.56,0.83,0.33,0.83,0.33,0.11,1.0,0.871,0.517,0.456
0.57,0.57,1.0,1.0,0.97,0.97,0.16,0.16,0.4,0.4,0.32,0.4,0.43,0.42,0.5,0.38,0.25,0.75,0.56,0.25,0.25,0.56,0.56,0.84,0.32,0.83,0.33,0.11,0.98,0.88,0.49,0.432
0.57,0.57,1.0,1.0,0.97,0.97,0.16,0.16,0.35,0.35,0.29,0.44,0.42,0.42,0.25,0.39,0.25,0.76,0.56,0.25,0.25,0.56,0.56,0.83,0.33,0.83,0.33,0.12,0.96,0.891,0.477,0.405
0.57,0.57,1.0,1.0,0.97,0.97,0.16,0.16,0.32,0.32,0.31,0.41,0.43,0.43,0.25,0.39,0.25,0.75,0.56,0.25,0.25,0.56,0.56,0.84,0.32,0.84,0.32,0.12,0.97,0.9,0.467,0.375
0.57,0.57,1.0,1.0,0.97,0.97,0.16,0.16,0.22,0.22,0.35,0.37,0.42,0.43,0.25,0.36,0.25,0.73,0.56,0.25,0.25,0.56,0.56,0.83,0.32,0.84,0.32,0.11,0.7,0.904,0.457,0.364
0.58,0.58,1.0,1.0,0.96,0.96,0.22,0.22,0.15,0.15,0.42,0.31,0.48,0.48,0.0,0.33,0.25,0.71,0.56,0.25,0.25,0.56,0.56,0.87,0.31,0.87,0.31,0.1,0.38,0.914,0.443,0.359
0.58,0.58,1.0,1.0,0.96,0.96,0.25,0.24,0.15,0.15,0.45,0.27,0.51,0.49,0.0,0.32,0.25,0.7,0.56,0.25,0.25,0.56,0.56,0.89,0.3,0.88,0.3,0.09,0.34,0.921,0.448,0.368
0.58,0.58,1.0,1.0,0.96,0.96,0.25,0.25,0.15,0.15,0.45,0.27,0.49,0.49,0.0,0.32,0.25,0.7,0.56,0.25,0.25,0.56,0.56,0.88,0.31,0.88,0.3,0.09,0.34,0.919,0.445,0.404
0.58,0.58,1.0,1.0,0.96,0.96,0.24,0.24,0.15,0.15,0.45,0.28,0.46,0.46,0.25,0.32,0.25,0.7,0.56,0.25,0.25,0.56,0.56,0.86,0.31,0.86,0.31,0.09,0.36,0.902,0.448,0.429
0.58,0.58,1.0,1.0,0.96,0.96,0.89,0.89,0.12,0.12,0.43,0.3,0.46,0.48,0.0,0.32,0.25,0.7,0.56,0.25,0.25,0.56,0.56,0.86,0.31,0.87,0.31,0.09,0.35,0.896,0.463,0.475
0.58,0.58,1.0,1.0,0.96,0.96,0.36,0.36,0.15,0.15,0.4,0.33,0.46,0.46,0.25,0.32,0.25,0.71,0.56,0.25,0.25,0.56,0.56,0.86,0.31,0.86,0.31,0.09,0.41,0.89,0.477,0.516
0.58,0.58,1.0,1.0,0.96,0.96,0.2,0.2,0.18,0.18,0.35,0.38,0.39,0.4,0.25,0.33,0.25,0.71,0.56,0.25,0.25,0.56,0.56,0.81,0.33,0.82,0.33,0.08,0.62,0.883,0.502,0.555
0.58,0.58,1.0,1.0,0.96,0.96,0.2,0.2,0.19,0.19,0.33,0.39,0.34,0.38,0.25,0.34,0.25,0.71,0.56,0.25,0.25,0.56,0.56,0.78,0.35,0.8,0.34,0.08,0.88,0.876,0.533,0.575
0.58,0.58,1.0,1.0,0.96,0.96,0.2,0.2,0.2,0.2,0.31,0.42,0.34,0.36,0.25,0.34,0.25,0.72,0.56,0.25,0.25,0.56,0.56,0.78,0.35,0.79,0.34,0.08,1.0,0.872,0.563,0.573
0.59,0.59,1.0,1.0,0.95,0.95,0.19,0.19,0.2,0.2,0.28,0.44,0.3,0.33,0.25,0.34,0.25,0.72,0.56,0.25,0.25,0.56,0.56,0.75,0.36,0.77,0.35,0.08,1.0,0.871,0.578,0.553
0.59,0.59,1.0,1.0,0.95,0.95,0.18,0.18,0.21,0.21,0.28,0.45,0.27,0.3,0.25,0.34,0.25,0.72,0.56,0.25,0.25,0.56,0.56,0.73,0.37,0.75,0.36,0.07,1.0,0.875,0.58,0.518
0.59,0.59,1.0,1.0,0.95,0.95,0.16,0.16,0.21,0.21,0.27,0.45,0.25,0.28,0.25,0.35,0.28,0.72,0.56,0.26,0.3,0.56,0.56,0.72,0.37,0.74,0.37,0.07,1.0,0.879,0.582,0.497
0.59,0.59,1.0,1.0,0.95,0.95,0.16,0.16,0.23,0.23,0.27,0.46,0.21,0.22,0.25,0.35,0.3,0.73,0.56,0.27,0.32,0.56,0.56,0.69,0.39,0.7,0.38,0.07,1.0,0.894,0.602,0.478
0.58,0.58,1.0,1.0,0.96,0.96,0.16,0.16,0.24,0.24,0.29,0.43,0.1,0.13,0.25,0.36,0.32,0.73,0.56,0.31,0.34,0.56,0.56,0.62,0.42,0.64,0.41,0.06,1.0,0.901,0.635,0.5
0.58,0.58,1.0,1.0,0.96,0.96,0.16,0.16,0.24,0.24,0.38,0.35,0.12,0.15,0.25,0.36,0.3,0.73,0.56,0.3,0.31,0.56,0.56,0.63,0.42,0.65,0.41,0.07,1.0,0.896,0.665,0.549
0.58,0.58,1.0,1.0,0.96,0.96,0.16,0.16,0.24,0.24,0.4,0.33,0.2,0.21,0.25,0.37,0.33,0.74,0.56,0.33,0.33,0.56,0.56,0.68,0.39,0.69,0.39,0.06,0.97,0.901,0.677,0.599
0.58,0.58,1.0,1.0,0.96,0.96,0.16,0.16,0.24,0.24,0.4,0.32,0.15,0.15,0.25,0.39,0.39,0.75,0.56,0.38,0.39,0.56,0.56,0.65,0.41,0.65,0.4,0.06,0.89,0.901,0.687,0.635
0.58,0.58,1.0,1.0,0.96,0.96,0.16,0.16,0.25,0.25,0.4,0.33,0.02,0.04,0.25,0.41,0.55,0.77,0.56,0.55,0.55,0.56,0.56,0.56,0.44,0.58,0.44,0.06,0.85,0.905,0.692,0.635
0.59,0.59,1.0,1.0,0.95,0.95,0.16,0.16,0.28,0.28,0.26,0.46,0.0,0.0,0.5,0.4,0.78,0.76,0.45,0.78,0.78,0.45,0.45,0.46,0.63,0.47,0.6,0.05,0.83,0.899,0.693,0.635
0.6,0.6,1.0,1.0,0.94,0.94,0.16,0.16,0.28,0.28,0.31,0.41,0.0,0.0,0.5,0.35,0.92,0.72,0.36,0.91,0.92,0.36,0.36,0.39,0.76,0.38,0.78,0.04,0.76,0.9,0.692,0.619
0.6,0.6,1.0,1.0,0.94,0.94,0.16,0.16,0.28,0.28,0.3,0.42,0.0,0.0,0.75,0.34,0.92,0.72,0.38,0.92,0.92,0.38,0.38,0.42,0.7,0.4,0.74,0.04,0.6,0.897,0.692,0.572
0.6,0.6,1.0,1.0,0.95,0.95,0.2,0.2,0.24,0.24,0.37,0.35,0.1,0.09,0.75,0.36,0.91,0.74,0.38,0.9,0.91,0.38,0.38,0.62,0.42,0.61,0.42,0.04,0.53,0.889,0.688,0.53
0.59,0.59,1.0,1.0,0.95,0.95,0.16,0.16,0.24,0.24,0.37,0.36,0.16,0.15,0.75,0.34,0.91,0.72,0.35,0.9,0.91,0.35,0.35,0.66,0.4,0.65,0.41,0.04,0.51,0.884,0.677,0.498
0.59,0.59,1.0,1.0,0.95,0.95,0.43,0.42,0.15,0.15,0.35,0.37,0.16,0.15,0.75,0.34,0.9,0.72,0.34,0.89,0.9,0.34,0.34,0.66,0.4,0.65,0.41,0.04,0.5,0.889,0.668,0.476
0.56,0.56,1.0,1.0,0.98,0.98,0.2,0.2,0.25,0.25,0.35,0.37,0.13,0.12,1.0,0.25,0.96,0.65,0.28,0.96,0.96,0.28,0.28,0.64,0.41,0.63,0.42,0.03,0.51,0.884,0.655,0.449
0.58,0.58,1.0,1.0,0.96,0.96,0.32,0.32,0.19,0.19,0.35,0.37,0.12,0.1,1.0,0.27,0.95,0.66,0.3,0.95,0.95,0.3,0.3,0.63,0.41,0.62,0.42,0.03,0.55,0.876,0.65,0.436
0.51,0.51,0.96,0.96,1.0,1.0,0.16,0.16,0.29,0.29,0.36,0.37,0.12,0.1,1.0,0.24,0.97,0.64,0.26,0.97,0.97,0.26,0.26,0.63,0.42,0.62,0.42,0.02,0.58,0.872,0.642,0.431
0.5,0.5,0.93,0.93,1.0,1.0,0.16,0.16,0.31,0.31,0.35,0.37,0.03,0.03,1.0,0.23,0.98,0.64,0.26,0.98,0.98,0.26,0.26,0.57,0.44,0.57,0.44,0.02,0.62,0.863,0.632,0.431
0.58,0.58,1.0,1.0,0.96,0.96,0.91,0.91,0.23,0.23,0.36,0.36,0.0,0.0,1.0,0.41,0.95,0.77,0.3,0.95,0.96,0.3,0.3,0.52,0.52,0.51,0.52,0.09,0.71,0.846,0.613,0.455
0.57,0.57,1.0,1.0,0.96,0.96,0.23,0.23,0.25,0.25,0.36,0.36,0.0,0.0,1.0,0.35,0.94,0.72,0.29,0.94,0.95,0.29,0.29,0.5,0.54,0.5,0.55,0.07,0.72,0.836,0.6,0.51
0.48,0.48,0.88,0.88,1.0,1.0,0.16,0.16,0.27,0.27,0.37,0.35,0.0,0.0,1.0,0.26,0.96,0.66,0.27,0.96,0.97,0.27,0.27,0.55,0.46,0.54,0.46,0.04,0.68,0.841,0.588,0.547
0.49,0.49,0.9,0.9,1.0,1.0,0.16,0.16,0.26,0.26,0.38,0.34,0.02,0.03,1.0,0.24,0.97,0.64,0.26,0.97,0.97,0.26,0.26,0.56,0.44,0.57,0.44,0.02,0.62,0.842,0.567,0.552
0.56,0.56,1.0,1.0,0.97,0.97,0.16,0.16,0.25,0.25,0.39,0.33,0.04,0.04,1.0,0.42,0.76,0.78,0.45,0.75,0.77,0.45,0.45,0.58,0.43,0.58,0.43,0.11,0.55,0.833,0.545,0.548
0.57,0.57,1.0,1.0,0.97,0.97,0.16,0.16,0.24,0.24,0.4,0.33,0.06,0.04,1.0,0.36,0.81,0.73,0.41,0.8,0.81,0.41,0.41,0.59,0.43,0.58,0.44,0.07,0.53,0.833,0.542,0.54
0.57,0.57,1.0,1.0,0.97,0.97,0.16,0.16,0.21,0.21,0.4,0.32,0.06,0.06,1.0,0.33,0.84,0.71,0.36,0.84,0.85,0.36,0.36,0.59,0.43,0.59,0.43,0.05,0.55,0.823,0.545,0.538
0.57,0.57,1.0,1.0,0.97,0.97,0.16,0.16,0.2,0.2,0.4,0.32,0.06,0.06,0.75,0.34,0.82,0.71,0.37,0.82,0.83,0.37,0.37,0.59,0.43,0.59,0.43,0.05,0.56,0.809,0.545,0.539
0.58,0.58,1.0,1.0,0.96,0.96,0.16,0.16,0.19,0.19,0.41,0.31,0.06,0.06,0.75,0.41,0.79,0.77,0.4,0.78,0.79,0.4,0.4,0.59,0.43,0.59,0.43,0.07,0.58,0.805,0.528,0.533
0.59,0.59,1.0,1.0,0.95,0.95,0.19,0.19,0.18,0.18,0.41,0.31,0.06,0.06,0.75,0.44,0.75,0.79,0.41,0.74,0.76,0.41,0.41,0.59,0.43,0.59,0.43,0.08,0.58,0.808,0.517,0.526
0.59,0.59,1.0,1.0,0.95,0.95,0.21,0.21,0.17,0.17,0.41,0.32,0.1,0.1,0.25,0.48,0.62,0.82,0.48,0.62,0.62,0.48,0.48,0.62,0.42,0.62,0.42,0.09,0.5,0.805,0.503,0.521
0.6,0.6,1.0,1.0,0.94,0.94,0.26,0.25,0.16,0.16,0.4,0.32,0.04,0.06,0.25,0.48,0.68,0.82,0.46,0.69,0.68,0.46,0.46,0.58,0.44,0.59,0.43,0.09,0.45,0.784,0.498,0.52
0.61,0.61,1.0,1.0,0.94,0.94,0.28,0.28,0.15,0.15,0.4,0.33,0.1,0.12,0.25,0.48,0.52,0.82,0.5,0.53,0.51,0.5,0.5,0.62,0.42,0.63,0.42,0.07,0.39,0.756,0.498,0.52
0.62,0.62,1.0,1.0,0.93,0.93,0.39,0.39,0.13,0.13,0.4,0.33,0.38,0.38,0.0,0.45,0.25,0.8,0.56,0.25,0.25,0.56,0.56,0.8,0.34,0.8,0.34,0.07,0.3,0.743,0.51,0.523
0.62,0.62,1.0,1.0,0.93,0.93,0.42,0.42,0.11,0.11,0.39,0.34,0.46,0.48,0.0,0.39,0.25,0.76,0.56,0.25,0.25,0.56,0.56,0.86,0.31,0.87,0.31,0.07,0.31,0.755,0.528,0.505
0.61,0.61,1.0,1.0,0.94,0.94,0.44,0.44,0.1,0.1,0.38,0.34,0.6,0.61,0.0,0.36,0.25,0.73,0.56,0.25,0.25,0.56,0.56,0.95,0.27,0.96,0.27,0.09,0.33,0.751,0.55,0.498
0.6,0.6,1.0,1.0,0.95,0.95,0.45,0.45,0.08,0.08,0.38,0.35,0.61,0.63,0.0,0.32,0.25,0.7,0.56,0.25,0.25,0.56,0.56,0.96,0.27,0.97,0.26,0.09,0.35,0.749,0.58,0.505
0.6,0.6,1.0,1.0,0.95,0.95,0.46,0.46,0.08,0.08,0.38,0.35,0.61,0.63,0.0,0.32,0.25,0.7,0.56,0.25,0.25,0.56,0.56,0.96,0.27,0.97,0.26,0.09,0.38,0.757,0.603,0.513
0.6,0.6,1.0,1.0,0.94,0.94,0.75,0.75,0.04,0.04,0.4,0.33,0.67,0.7,0.0,0.31,0.25,0.7,0.56,0.25,0.25,0.56,0.56,1.0,0.25,1.0,0.24,0.09,0.36,0.767,0.64,0.53
0.6,0.6,1.0,1.0,0.94,0.94,0.35,0.35,0.13,0.13,0.39,0.34,0.67,0.7,0.0,0.31,0.25,0.69,0.56,0.25,0.25,0.56,0.56,1.0,0.25,1.0,0.24,0.09,0.37,0.775,0.673,0.535
0.59,0.59,1.0,1.0,0.95,0.95,0.26,0.26,0.15,0.15,0.39,0.34,0.66,0.69,0.0,0.31,0.25,0.7,0.56,0.25,0.25,0.56,0.56,0.99,0.26,1.0,0.25,0.1,0.45,0.791,0.702,0.543
0.6,0.6,1.0,1.0,0.95,0.95,0.25,0.25,0.15,0.15,0.38,0.35,0.64,0.67,0.0,0.32,0.25,0.7,0.56,0.25,0.25,0.56,0.56,0.98,0.26,1.0,0.25,0.1,0.43,0.798,0.718,0.549
0.6,0.6,1.0,1.0,0.94,0.94,0.25,0.25,0.16,0.16,0.38,0.35,0.64,0.67,0.0,0.32,0.25,0.7,0.56,0.25,0.25,0.56,0.56,0.98,0.26,1.0,0.25,0.11,0.42,0.821,0.74,0.554
0.61,0.61,1.0,1.0,0.94,0.94,0.21,0.21,0.17,0.17,0.36,0.37,0.63,0.66,0.0,0.33,0.25,0.71,0.56,0.25,0.25,0.56,0.56,0.97,0.26,0.99,0.25,0.11,0.44,0.841,0.753,0.562
0.61,0.61,1.0,1.0,0.93,0.93,0.2,0.2,0.17,0.17,0.33,0.4,0.66,0.7,0.0,0.33,0.25,0.71,0.56,0.25,0.25,0.56,0.56,0.99,0.25,1.0,0.24,0.11,0.49,0.859,0.763,0.569
0.62,0.62,1.0,1.0,0.93,0.93,0.19,0.19,0.19,0.19,0.32,0.41,0.67,0.72,0.25,0.33,0.25,0.71,0.56,0.25,0.25,0.56,0.56,1.0,0.25,1.0,0.24,0.11,0.5,0.868,0.765,0.574
0.62,0.62,1.0,1.0,0.93,0.93,0.16,0.16,0.2,0.2,0.31,0.42,0.67,0.72,0.25,0.34,0.25,0.72,0.56,0.25,0.25,0.56,0.56,1.0,0.25,1.0,0.24,0.12,0.52,0.881,0.762,0.576
0.61,0.61,1.0,1.0,0.94,0.94,0.27,0.27,0.18,0.18,0.26,0.47,0.69,0.73,0.0,0.34,0.25,0.72,0.56,0.25,0.25,0.56,0.56,1.0,0.25,1.0,0.23,0.12,0.64,0.905,0.75,0.576
0.59,0.59,1.0,1.0,0.95,0.95,0.24,0.24,0.15,0.15,0.2,0.53,0.67,0.72,0.0,0.33,0.25,0.71,0.56,0.25,0.25,0.56,0.56,1.0,0.25,1.0,0.24,0.11,0.6,0.939,0.735,0.574
0.59,0.59,1.0,1.0,0.95,0.95,0.19,0.19,0.17,0.17,0.19,0.54,0.63,0.67,0.25,0.33,0.25,0.71,0.56,0.25,0.25,0.56,0.56,0.97,0.26,1.0,0.25,0.1,0.58,0.967,0.718,0.576
0.59,0.59,1.0,1.0,0.95,0.95,0.33,0.33,0.16,0.16,0.2,0.53,0.61,0.66,0.25,0.33,0.25,0.71,0.56,0.25,0.25,0.56,0.56,0.96,0.27,0.99,0.26,0.1,0.58,0.992,0.7,0.574
0.6,0.6,1.0,1.0,0.95,0.95,0.5,0.5,0.1,0.1,0.3,0.43,0.61,0.64,0.0,0.33,0.25,0.71,0.56,0.25,0.25,0.56,0.56,0.96,0.27,0.98,0.26,0.1,0.6,0.993,0.69,0.577
0.59,0.59,1.0,1.0,0.95,0.95,0.34,0.34,0.14,0.14,0.33,0.39,0.55,0.57,0.0,0.32,0.25,0.7,0.56,0.25,0.25,0.56,0.56,0.92,0.29,0.93,0.28,0.1,0.56,0.993,0.672,0.578
0.59,0.59,1.0,1.0,0.95,0.95,0.3,0.3,0.15,0.15,0.37,0.36,0.49,0.52,0.0,0.32,0.25,0.7,0.56,0.25,0.25,0.56,0.56,0.88,0.3,0.9,0.3,0.1,0.59,0.993,0.657,0.578
0.59,0.59,1.0,1.0,0.95,0.95,0.28,0.28,0.15,0.15,0.39,0.34,0.48,0.51,0.0,0.32,0.25,0.7,0.56,0.25,0.25,0.56,0.56,0.87,0.31,0.89,0.3,0.09,0.57,0.993,0.642,0.573
0.59,0.59,1.0,1.0,0.95,0.95,0.28,0.28,0.16,0.16,0.38,0.34,0.48,0.51,0.0,0.32,0.25,0.7,0.56,0.25,0.25,0.56,0.56,0.87,0.31,0.89,0.3,0.09,0.84,0.993,0.638,0.555
0.59,0.59,1.0,1.0,0.95,0.95,0.29,0.29,0.16,0.16,0.36,0.37,0.48,0.51,0.0,0.32,0.25,0.71,0.56,0.25,0.25,0.56,0.56,0.87,0.31,0.89,0.3,0.09,0.9,0.993,0.638,0.541
0.59,0.59,1.0,1.0,0.95,0.95,0.68,0.68,0.09,0.09,0.31,0.42,0.51,0.55,0.0,0.33,0.25,0.71,0.56,0.25,0.25,0.56,0.56,0.89,0.3,0.92,0.28,0.09,0.93,0.993,0.628,0.534
0.6,0.6,1.0,1.0,0.94,0.94,0.64,0.63,0.09,0.09,0.26,0.48,0.52,0.57,0.25,0.34,0.25,0.71,0.56,0.25,0.25,0.56,0.56,0.9,0.3,0.93,0.28,0.11,1.0,0.993,0.622,0.524
0.6,0.6,1.0,1.0,0.94,0.94,0.37,0.37,0.15,0.15,0.2,0.53,0.52,0.58,0.0,0.33,0.25,0.71,0.56,0.25,0.25,0.56,0.56,0.9,0.3,0.94,0.28,0.11,1.0,0.993,0.615,0.5
0.59,0.59,1.0,1.0,0.95,0.95,0.34,0.34,0.17,0.17,0.22,0.5,0.51,0.57,0.0,0.32,0.25,0.71,0.56,0.25,0.25,0.56,0.56,0.89,0.3,0.93,0.28,0.1,1.0,0.993,0.602,0.475
0.59,0.59,1.0,1.0,0.95,0.95,0.31,0.31,0.17,0.17,0.22,0.51,0.49,0.55,0.0,0.32,0.25,0.7,0.56,0.25,0.25,0.56,0.56,0.88,0.31,0.92,0.29,0.1,1.0,0.993,0.597,0.461
0.59,0.59,1.0,1.0,0.95,0.95,0.3,0.3,0.17,0.17,0.22,0.51,0.48,0.54,0.0,0.32,0.25,0.7,0.56,0.25,0.25,0.56,0.56,0.87,0.31,0.91,0.29,0.1,1.0,0.993,0.587,0.45
0.59,0.59,1.0,1.0,0.95,0.95,0.31,0.31,0.17,0.17,0.26,0.47,0.49,0.54,0.0,0.32,0.25,0.7,0.56,0.25,0.25,0.56,0.56,0.88,0.31,0.91,0.29,0.1,1.0,0.993,0.577,0.443
0.59,0.59,1.0,1.0,0.95,0.95,0.3,0.3,0.17,0.17,0.29,0.44,0.45,0.49,0.0,0.33,0.25,0.71,0.56,0.25,0.25,0.56,0.56,0.85,0.32,0.88,0.3,0.09,1.0,0.993,0.562,0.418
0.59,0.59,1.0,1.0,0.95,0.95,0.28,0.28,0.17,0.17,0.36,0.37,0.43,0.48,0.0,0.33,0.25,0.71,0.56,0.25,0.25,0.56,0.56,0.84,0.32,0.87,0.31,0.09,0.73,0.993,0.555,0.399
0.59,0.59,1.0,1.0,0.95,0.95,0.27,0.27,0.17,0.17,0.43,0.3,0.43,0.46,0.0,0.33,0.25,0.71,0.56,0.25,0.25,0.56,0.56,0.84,0.32,0.86,0.31,0.09,0.52,0.993,0.555,0.403
0.59,0.59,1.0,1.0,0.95,0.95,0.28,0.28,0.17,0.17,0.46,0.27,0.43,0.45,0.0,0.33,0.25,0.71,0.56,0.25,0.25,0.56,0.56,0.84,0.32,0.85,0.32,0.09,0.33,0.993,0.543,0.433
0.59,0.59,1.0,1.0,0.95,0.95,0.28,0.28,0.17,0.17,0.47,0.26,0.43,0.43,0.0,0.34,0.25,0.72,0.56,0.25,0.25,0.56,0.56,0.84,0.32,0.84,0.32,0.09,0.3,0.962,0.525,0.473
0.59,0.59,1.0,1.0,0.95,0.95,0.28,0.28,0.16,0.16,0.44,0.29,0.45,0.45,0.0,0.34,0.25,0.72,0.56,0.25,0.25,0.56,0.56,0.85,0.32,0.85,0.31,0.09,0.37,0.95,0.518,0.509
0.59,0.59,1.0,1.0,0.95,0.95,0.31,0.31,0.15,0.15,0.34,0.39,0.45,0.46,0.0,0.35,0.25,0.72,0.56,0.25,0.25,0.56,0.56,0.85,0.32,0.86,0.31,0.08,0.53,0.936,0.512,0.536
0.59,0.59,1.0,1.0,0.95,0.95,0.36,0.36,0.16,0.16,0.26,0.47,0.45,0.48,0.0,0.36,0.25,0.73,0.56,0.25,0.25,0.56,0.56,0.85,0.32,0.87,0.31,0.08,0.61,0.931,0.517,0.537
0.59,0.59,1.0,1.0,0.95,0.95,0.34,0.34,0.16,0.16,0.25,0.48,0.46,0.51,0.25,0.36,0.25,0.73,0.56,0.25,0.25,0.56,0.56,0.86,0.31,0.89,0.3,0.08,0.79,0.928,0.518,0.525
0.59,0.59,1.0,1.0,0.95,0.95,0.35,0.35,0.15,0.15,0.28,0.45,0.45,0.46,0.0,0.36,0.25,0.74,0.56,0.25,0.25,0.56,0.56,0.85,0.32,0.86,0.31,0.09,0.67,0.926,0.517,0.485
0.59,0.59,1.0,1.0,0.95,0.95,0.34,0.34,0.15,0.15,0.32,0.41,0.42,0.46,0.0,0.37,0.25,0.74,0.56,0.25,0.25,0.56,0.56,0.83,0.32,0.86,0.31,0.09,0.64,0.942,0.523,0.431
0.59,0.59,1.0,1.0,0.95,0.95,0.31,0.31,0.16,0.16,0.35,0.38,0.4,0.43,0.0,0.36,0.25,0.73,0.56,0.25,0.25,0.56,0.56,0.82,0.33,0.84,0.32,0.08,0.56,0.938,0.517,0.397
0.59,0.59,1.0,1.0,0.95,0.95,0.3,0.3,0.15,0.15,0.37,0.36,0.38,0.4,0.0,0.36,0.25,0.73,0.56,0.25,0.25,0.56,0.56,0.8,0.34,0.82,0.33,0.08,0.48,0.921,0.507,0.393
0.59,0.59,1.0,1.0,0.95,0.95,0.28,0.28,0.15,0.15,0.38,0.35,0.42,0.43,0.0,0.34,0.25,0.72,0.56,0.25,0.25,0.56,0.56,0.83,0.33,0.84,0.32,0.08,0.41,0.922,0.497,0.405
0.59,0.59,1.0,1.0,0.95,0.95,0.27,0.27,0.15,0.15,0.38,0.34,0.42,0.43,0.0,0.34,0.25,0.71,0.56,0.25,0.25,0.56,0.56,0.83,0.32,0.84,0.32,0.09,0.39,0.913,0.487,0.396
0.59,0.59,1.0,1.0,0.95,0.95,0.48,0.48,0.13,0.13,0.28,0.45,0.43,0.46,0.25,0.34,0.25,0.71,0.56,0.25,0.25,0.56,0.56,0.84,0.32,0.86,0.31,0.1,0.38,0.912,0.473,0.411
0.58,0.58,1.0,1.0,0.96,0.96,0.16,0.16,0.31,0.31,0.0,0.85,0.42,0.43,0.25,0.34,0.25,0.72,0.56,0.25,0.25,0.56,0.56,0.83,0.33,0.84,0.32,0.1,0.58,0.908,0.467,0.425
0.59,0.59,1.0,1.0,0.95,0.95,0.16,0.16,0.38,0.38,0.0,0.86,0.38,0.4,0.25,0.35,0.25,0.72,0.56,0.25,0.25,0.56,0.56,0.8,0.34,0.82,0.33,0.1,0.67,0.896,0.452,0.465
0.59,0.59,1.0,1.0,0.95,0.95,0.16,0.16,0.4,0.4,0.0,0.86,0.36,0.38,0.25,0.36,0.25,0.73,0.56,0.25,0.25,0.56,0.56,0.79,0.34,0.8,0.34,0.1,0.69,0.909,0.435,0.54
0.59,0.59,1.0,1.0,0.95,0.95,0.16,0.16,0.31,0.31,0.0,0.81,0.36,0.38,0.25,0.36,0.25,0.73,0.56,0.25,0.25,0.56,0.56,0.79,0.35,0.8,0.34,0.1,0.85,0.924,0.427,0.579
0.59,0.59,1.0,1.0,0.95,0.95,0.86,0.86,0.12,0.12,0.37,0.36,0.38,0.39,0.25,0.36,0.25,0.73,0.56,0.25,0.25,0.56,0.56,0.8,0.34,0.81,0.33,0.1,0.74,0.929,0.422,0.608
0.59,0.59,1.0,1.0,0.95,0.95,0.36,0.35,0.19,0.19,0.33,0.39,0.33,0.36,0.0,0.37,0.25,0.74,0.56,0.25,0.25,0.56,0.56,0.77,0.35,0.79,0.34,0.09,0.78,0.942,0.422,0.596
0.59,0.59,1.0,1.0,0.95,0.95,0.26,0.26,0.23,0.23,0.34,0.39,0.21,0.28,0.0,0.47,0.25,0.81,0.56,0.25,0.25,0.56,0.56,0.69,0.39,0.74,0.37,0.09,0.97,0.943,0.417,0.57
0.58,0.58,1.0,1.0,0.96,0.96,0.25,0.25,0.23,0.23,0.34,0.38,0.12,0.2,0.25,0.46,0.32,0.81,0.56,0.31,0.33,0.56,0.56,0.63,0.41,0.68,0.39,0.08,1.0,0.936,0.41,0.489
0.58,0.58,1.0,1.0,0.96,0.96,0.67,0.66,0.13,0.13,0.34,0.38,0.13,0.2,0.75,0.49,0.73,0.83,0.49,0.73,0.74,0.49,0.49,0.64,0.41,0.68,0.39,0.08,0.92,0.945,0.408,0.419
0.58,0.58,1.0,1.0,0.96,0.96,0.16,0.16,0.29,0.29,0.37,0.35,0.18,0.16,0.75,0.36,0.89,0.73,0.45,0.88,0.89,0.45,0.45,0.67,0.4,0.66,0.4,0.07,0.56,0.934,0.407,0.411
0.57,0.57,1.0,1.0,0.97,0.97,0.16,0.16,0.4,0.4,0.44,0.28,0.18,0.1,0.75,0.33,0.93,0.71,0.42,0.92,0.93,0.42,0.42,0.67,0.4,0.62,0.42,0.06,0.64,0.93,0.407,0.444
0.57,0.57,1.0,1.0,0.97,0.97,0.16,0.16,0.5,0.5,0.49,0.23,0.16,0.12,1.0,0.33,0.94,0.71,0.38,0.93,0.94,0.38,0.38,0.66,0.4,0.63,0.42,0.06,0.62,0.931,0.408,0.485
0.57,0.57,1.0,1.0,0.97,0.97,0.16,0.16,0.49,0.49,0.49,0.23,0.15,0.1,1.0,0.32,0.94,0.7,0.33,0.94,0.95,0.33,0.33,0.65,0.41,0.62,0.42,0.06,0.64,0.93,0.412,0.515
0.57,0.57,1.0,1.0,0.97,0.97,0.16,0.16,0.49,0.49,0.51,0.22,0.1,0.09,1.0,0.29,0.95,0.68,0.29,0.95,0.96,0.29,0.29,0.62,0.42,0.61,0.42,0.04,0.65,0.93,0.415,0.529
0.59,0.59,1.0,1.0,0.95,0.95,0.44,0.44,0.14,0.14,0.36,0.37,0.09,0.09,0.75,0.4,0.88,0.76,0.36,0.87,0.88,0.36,0.36,0.61,0.42,0.61,0.42,0.04,0.63,0.928,0.42,0.538
0.59,0.59,1.0,1.0,0.95,0.95,0.27,0.27,0.18,0.18,0.35,0.37,0.07,0.09,0.75,0.37,0.88,0.74,0.35,0.87,0.88,0.35,0.35,0.6,0.43,0.61,0.42,0.04,0.61,0.926,0.432,0.54
0.58,0.58,1.0,1.0,0.96,0.96,0.23,0.23,0.19,0.19,0.36,0.37,0.07,0.07,0.75,0.35,0.89,0.73,0.34,0.88,0.89,0.34,0.34,0.6,0.43,0.6,0.43,0.04,0.6,0.921,0.447,0.543
0.58,0.58,1.0,1.0,0.96,0.96,0.21,0.21,0.2,0.2,0.36,0.36,0.0,0.0,0.75,0.39,0.81,0.75,0.48,0.8,0.81,0.48,0.48,0.5,0.54,0.51,0.52,0.03,0.6,0.903,0.452,0.551
0.58,0.58,1.0,1.0,0.96,0.96,0.23,0.23,0.21,0.21,0.37,0.35,0.18,0.18,0.25,0.39,0.28,0.76,0.56,0.27,0.28,0.56,0.56,0.67,0.4,0.67,0.4,0.05,1.0,0.906,0.462,0.556
0.58,0.58,1.0,1.0,0.96,0.96,0.25,0.25,0.19,0.19,0.38,0.35,0.45,0.45,0.25,0.34,0.25,0.72,0.56,0.25,0.25,0.56,0.56,0.85,0.32,0.85,0.32,0.06,0.74,0.905,0.465,0.563
0.58,0.58,1.0,1.0,0.96,0.96,0.25,0.25,0.18,0.18,0.37,0.35,0.48,0.49,0.25,0.34,0.25,0.72,0.56,0.25,0.25,0.56,0.56,0.87,0.31,0.88,0.3,0.07,0.78,0.893,0.465,0.557
0.58,0.58,1.0,1.0,0.96,0.96,0.26,0.26,0.17,0.17,0.36,0.36,0.51,0.52,0.25,0.34,0.25,0.72,0.56,0.25,0.25,0.56,0.56,0.89,0.3,0.9,0.3,0.08,0.77,0.871,0.467,0.543
0.58,0.58,1.0,1.0,0.96,0.96,0.16,0.16,0.28,0.28,0.45,0.27,0.57,0.58,0.5,0.34,0.25,0.72,0.56,0.25,0.25,0.56,0.56,0.93,0.28,0.94,0.28,0.1,0.94,0.844,0.467,0.511
0.58,0.58,1.0,1.0,0.96,0.96,0.16,0.16,0.31,0.31,0.43,0.3,0.57,0.58,0.5,0.35,0.25,0.73,0.56,0.25,0.25,0.56,0.56,0.93,0.28,0.94,0.28,0.11,0.99,0.809,0.473,0.505
0.59,0.59,1.0,1.0,0.95,0.95,0.16,0.16,0.28,0.28,0.42,0.31,0.58,0.61,0.5,0.36,0.25,0.73,0.56,0.25,0.25,0.56,0.56,0.94,0.28,0.96,0.27,0.11,0.97,0.813,0.488,0.505
0.59,0.59,1.0,1.0,0.95,0.95,0.16,0.16,0.26,0.26,0.42,0.3,0.61,0.64,0.25,0.36,0.25,0.73,0.56,0.25,0.25,0.56,0.56,0.96,0.27,0.98,0.26,0.11,0.91,0.796,0.502,0.497
0.59,0.59,1.0,1.0,0.95,0.95,0.16,0.16,0.25,0.25,0.43,0.3,0.64,0.67,0.25,0.35,0.25,0.72,0.56,0.25,0.25,0.56,0.56,0.98,0.26,1.0,0.25,0.11,0.86,0.781,0.533,0.502
0.59,0.59,1.0,1.0,0.95,0.95,0.16,0.16,0.24,0.24,0.42,0.3,0.66,0.69,0.25,0.34,0.25,0.72,0.56,0.25,0.25,0.56,0.56,0.99,0.26,1.0,0.25,0.11,0.77,0.781,0.567,0.497
0.59,0.59,1.0,1.0,0.95,0.95,0.16,0.16,0.23,0.23,0.38,0.35,0.7,0.73,0.25,0.34,0.25,0.72,0.56,0.25,0.25,0.56,0.56,1.0,0.24,1.0,0.23,0.11,0.7,0.794,0.597,0.495
0.61,0.61,1.0,1.0,0.94,0.94,0.16,0.16,0.24,0.24,0.28,0.45,0.77,0.81,0.5,0.34,0.25,0.72,0.56,0.25,0.25,0.56,0.56,1.0,0.22,1.0,0.21,0.12,0.62,0.802,0.618,0.499
0.61,0.61,1.0,1.0,0.93,0.93,0.16,0.16,0.23,0.23,0.22,0.51,0.77,0.8,0.5,0.34,0.25,0.71,0.56,0.25,0.25,0.56,0.56,1.0,0.22,1.0,0.21,0.11,0.58,0.812,0.632,0.5
0.6,0.6,1.0,1.0,0.94,0.94,0.16,0.16,0.22,0.22,0.17,0.56,0.73,0.77,0.5,0.33,0.25,0.71,0.56,0.25,0.25,0.56,0.56,1.0,0.23,1.0,0.22,0.09,0.61,0.809,0.635,0.502
0.61,0.61,1.0,1.0,0.94,0.94,0.16,0.16,0.23,0.23,0.12,0.61,0.73,0.77,0.5,0.33,0.25,0.71,0.56,0.25,0.25,0.56,0.56,1.0,0.23,1.0,0.22,0.08,0.65,0.814,0.648,0.499
0.64,0.64,1.0,1.0,0.91,0.91,0.16,0.16,0.24,0.24,0.08,0.66,0.67,0.7,0.5,0.33,0.25,0.71,0.56,0.25,0.25,0.56,0.56,1.0,0.25,1.0,0.24,0.08,0.66,0.811,0.66,0.503
0.63,0.63,1.0,1.0,0.92,0.92,0.16,0.16,0.24,0.24,0.07,0.67,0.58,0.64,0.5,0.34,0.25,0.72,0.56,0.25,0.25,0.56,0.56,0.94,0.28,0.98,0.26,0.07,0.69,0.807,0.682,0.515
0.62,0.62,1.0,1.0,0.92,0.92,0.16,0.16,0.23,0.23,0.09,0.65,0.58,0.64,0.5,0.34,0.25,0.72,0.56,0.25,0.25,0.56,0.56,0.94,0.28,0.98,0.26,0.07,0.7,0.816,0.698,0.521
0.62,0.62,1.0,1.0,0.93,0.93,0.16,0.16,0.21,0.21,0.09,0.64,0.58,0.63,0.25,0.35,0.25,0.72,0.56,0.25,0.25,0.56,0.56,0.94,0.28,0.97,0.26,0.07,0.68,0.836,0.705,0.535
0.61,0.61,1.0,1.0,0.93,0.93,0.16,0.16,0.21,0.21,0.07,0.66,0.51,0.58,0.25,0.35,0.25,0.73,0.56,0.25,0.25,0.56,0.56,0.89,0.3,0.94,0.28,0.06,0.69,0.845,0.707,0.536
0.61,0.61,1.0,1.0,0.93,0.93,0.16,0.16,0.22,0.22,0.08,0.65,0.48,0.55,0.25,0.35,0.25,0.73,0.56,0.25,0.25,0.56,0.56,0.87,0.31,0.92,0.29,0.05,0.67,0.861,0.708,0.534
0.62,0.62,1.0,1.0,0.93,0.93,0.16,0.16,0.22,0.22,0.09,0.65,0.48,0.55,0.25,0.36,0.26,0.73,0.56,0.25,0.26,0.56,0.56,0.87,0.31,0.92,0.29,0.05,0.64,0.877,0.705,0.535
0.63,0.63,1.0,1.0,0.92,0.92,0.23,0.23,0.16,0.16,0.14,0.59,0.51,0.57,0.25,0.36,0.26,0.73,0.56,0.25,0.26,0.56,0.56,0.89,0.3,0.93,0.28,0.05,0.6,0.901,0.702,0.529
0.64,0.64,1.0,1.0,0.91,0.91,0.44,0.44,0.08,0.08,0.19,0.54,0.55,0.58,0.25,0.36,0.25,0.73,0.56,0.25,0.25,0.56,0.56,0.92,0.29,0.94,0.28,0.05,0.57,0.917,0.7,0.526
0.64,0.64,1.0,1.0,0.91,0.91,0.5,0.5,0.08,0.08,0.23,0.5,0.57,0.6,0.25,0.37,0.25,0.74,0.56,0.25,0.25,0.56,0.56,0.93,0.28,0.95,0.27,0.05,0.53,0.931,0.702,0.533
0.64,0.64,1.0,1.0,0.91,0.91,0.63,0.63,0.05,0.05,0.29,0.44,0.52,0.57,0.0,0.37,0.25,0.74,0.56,0.25,0.25,0.56,0.56,0.9,0.29,0.93,0.28,0.05,0.49,0.934,0.705,0.537
0.64,0.64,1.0,1.0,0.91,0.91,0.74,0.74,0.01,0.01,0.36,0.37,0.48,0.49,0.0,0.38,0.25,0.75,0.56,0.25,0.25,0.56,0.56,0.87,0.31,0.88,0.3,0.05,0.43,0.937,0.71,0.543
0.68,0.68,1.0,1.0,0.88,0.88,0.63,0.62,0.03,0.03,0.37,0.36,0.46,0.49,0.25,0.38,0.31,0.75,0.56,0.32,0.3,0.56,0.56,0.86,0.31,0.88,0.3,0.05,0.41,0.948,0.715,0.535
0.7,0.7,1.0,1.0,0.86,0.86,0.69,0.69,0.04,0.04,0.44,0.3,0.55,0.6,0.25,0.41,0.39,0.77,0.56,0.41,0.37,0.56,0.56,0.92,0.28,0.95,0.27,0.04,0.38,0.975,0.692,0.467
0.7,0.7,1.0,1.0,0.86,0.86,0.77,0.77,0.05,0.05,0.44,0.29,0.52,0.6,0.25,0.41,0.43,0.77,0.52,0.47,0.4,0.52,0.52,0.9,0.29,0.95,0.27,0.04,0.37,0.993,0.66,0.404
0.7,0.7,1.0,1.0,0.86,0.86,0.68,0.68,0.05,0.05,0.41,0.32,0.52,0.52,0.5,0.41,0.47,0.77,0.5,0.49,0.46,0.5,0.5,0.9,0.29,0.9,0.29,0.04,0.35,0.993,0.617,0.357
0.7,0.7,1.0,1.0,0.86,0.86,0.68,0.68,0.0,0.0,0.41,0.32,0.51,0.48,0.25,0.4,0.52,0.76,0.45,0.52,0.52,0.45,0.45,0.89,0.3,0.87,0.31,0.03,0.35,0.993,0.573,0.321
0.71,0.71,1.0,1.0,0.85,0.85,0.73,0.73,0.0,0.0,0.41,0.32,0.51,0.48,0.5,0.37,0.54,0.74,0.44,0.55,0.53,0.44,0.44,0.89,0.3,0.87,0.31,0.03,0.35,0.993,0.543,0.27
0.72,0.72,1.0,1.0,0.85,0.85,0.75,0.75,0.01,0.01,0.42,0.32,0.51,0.49,0.25,0.41,0.49,0.77,0.46,0.51,0.48,0.46,0.46,0.89,0.3,0.88,0.3,0.03,0.34,0.993,0.513,0.246
0.7,0.7,1.0,1.0,0.86,0.86,0.94,0.94,0.0,0.0,0.42,0.31,0.52,0.51,0.25,0.41,0.44,0.77,0.46,0.46,0.42,0.46,0.46,0.9,0.29,0.89,0.3,0.03,0.32,0.993,0.485,0.254
0.7,0.7,1.0,1.0,0.86,0.86,0.8,0.8,0.01,0.01,0.44,0.3,0.52,0.54,0.25,0.4,0.43,0.76,0.48,0.45,0.41,0.48,0.48,0.9,0.29,0.91,0.29,0.03,0.32,0.993,0.473,0.265
0.69,0.69,1.0,1.0,0.87,0.87,0.72,0.72,0.03,0.03,0.44,0.29,0.54,0.55,0.25,0.41,0.42,0.77,0.5,0.44,0.39,0.5,0.5,0.91,0.29,0.92,0.29,0.03,0.31,0.993,0.458,0.266
0.69,0.69,1.0,1.0,0.87,0.87,0.74,0.74,0.03,0.03,0.44,0.29,0.54,0.55,0.25,0.41,0.42,0.77,0.52,0.44,0.4,0.52,0.52,0.91,0.29,0.92,0.29,0.03,0.31,0.993,0.445,0.265
0.69,0.69,1.0,1.0,0.87,0.87,0.76,0.76,0.03,0.03,0.44,0.3,0.55,0.57,0.25,0.41,0.43,0.77,0.52,0.44,0.41,0.52,0.52,0.92,0.29,0.93,0.28,0.03,0.31,0.993,0.422,0.275
0.69,0.69,1.0,1.0,0.87,0.87,0.75,0.75,0.03,0.03,0.44,0.29,0.54,0.55,0.25,0.42,0.43,0.77,0.52,0.45,0.41,0.52,0.52,0.91,0.29,0.92,0.29,0.03,0.31,0.993,0.405,0.282
0.7,0.7,1.0,1.0,0.87,0.87,0.91,0.91,0.0,0.0,0.44,0.29,0.51,0.49,0.0,0.41,0.4,0.77,0.48,0.42,0.37,0.48,0.48,0.89,0.3,0.88,0.3,0.04,0.31,0.993,0.395,0.304
0.69,0.69,1.0,1.0,0.87,0.87,0.72,0.72,0.04,0.04,0.46,0.27,0.51,0.52,0.25,0.41,0.41,0.77,0.5,0.43,0.39,0.5,0.5,0.89,0.3,0.9,0.3,0.04,0.31,0.993,0.382,0.336
0.69,0.69,1.0,1.0,0.87,0.87,0.67,0.67,0.05,0.05,0.47,0.27,0.51,0.52,0.25,0.41,0.43,0.77,0.51,0.45,0.41,0.51,0.51,0.89,0.3,0.9,0.3,0.04,0.31,0.993,0.377,0.387
0.7,0.7,1.0,1.0,0.86,0.86,0.58,0.58,0.08,0.08,0.46,0.27,0.51,0.51,0.25,0.41,0.45,0.77,0.51,0.47,0.43,0.51,0.51,0.89,0.3,0.89,0.3,0.04,0.31,0.993,0.373,0.43
0.7,0.7,1.0,1.0,0.86,0.86,0.48,0.48,0.11,0.11,0.44,0.29,0.48,0.48,0.25,0.41,0.45,0.77,0.53,0.47,0.43,0.53,0.53,0.87,0.31,0.87,0.31,0.04,0.32,0.993,0.387,0.484
0.7,0.7,1.0,1.0,0.86,0.86,0.49,0.49,0.08,0.08,0.36,0.38,0.45,0.48,0.25,0.41,0.4,0.77,0.55,0.41,0.38,0.55,0.55,0.85,0.32,0.87,0.31,0.04,0.36,0.993,0.41,0.539
0.7,0.7,1.0,1.0,0.87,0.87,0.52,0.52,0.08,0.08,0.36,0.37,0.43,0.52,0.25,0.41,0.42,0.77,0.54,0.44,0.4,0.54,0.54,0.84,0.32,0.9,0.29,0.04,0.4,0.993,0.442,0.595
0.69,0.69,1.0,1.0,0.87,0.87,0.57,0.57,0.08,0.08,0.37,0.36,0.45,0.52,0.25,0.41,0.32,0.77,0.56,0.33,0.3,0.56,0.56,0.85,0.32,0.9,0.3,0.04,0.4,0.993,0.477,0.632
0.67,0.67,1.0,1.0,0.88,0.88,0.47,0.47,0.1,0.1,0.35,0.38,0.48,0.54,0.25,0.41,0.34,0.77,0.56,0.36,0.32,0.56,0.56,0.87,0.31,0.91,0.29,0.04,0.41,0.993,0.495,0.625
0.67,0.67,1.0,1.0,0.88,0.88,0.47,0.48,0.1,0.1,0.35,0.38,0.46,0.52,0.25,0.41,0.33,0.77,0.56,0.33,0.32,0.56,0.56,0.86,0.31,0.9,0.29,0.04,0.42,0.993,0.507,0.615
0.67,0.67,1.0,1.0,0.88,0.88,0.46,0.46,0.1,0.1,0.34,0.4,0.48,0.52,0.25,0.41,0.3,0.77,0.56,0.31,0.28,0.56,0.56,0.87,0.31,0.9,0.29,0.05,0.41,0.993,0.532,0.635
0.66,0.66,1.0,1.0,0.9,0.9,0.46,0.46,0.11,0.11,0.26,0.47,0.49,0.55,0.25,0.4,0.31,0.76,0.56,0.32,0.3,0.56,0.56,0.88,0.3,0.92,0.28,0.05,0.42,0.993,0.568,0.655
0.65,0.65,1.0,1.0,0.91,0.91,0.68,0.67,0.07,0.07,0.31,0.43,0.52,0.57,0.25,0.39,0.31,0.75,0.56,0.32,0.3,0.56,0.56,0.9,0.29,0.93,0.28,0.04,0.42,0.993,0.6,0.695
0.64,0.64,1.0,1.0,0.91,0.91,0.68,0.68,0.07,0.07,0.31,0.43,0.52,0.57,0.25,0.39,0.32,0.75,0.56,0.32,0.31,0.56,0.56,0.9,0.29,0.93,0.28,0.04,0.42,0.993,0.63,0.71
0.64,0.64,1.0,1.0,0.91,0.91,0.64,0.64,0.09,0.09,0.31,0.42,0.54,0.58,0.25,0.38,0.33,0.75,0.56,0.33,0.32,0.56,0.56,0.91,0.29,0.94,0.28,0.04,0.41,0.993,0.643,0.713
0.65,0.65,1.0,1.0,0.9,0.9,0.55,0.55,0.1,0.1,0.27,0.47,0.46,0.51,0.25,0.39,0.4,0.75,0.54,0.4,0.4,0.54,0.54,0.86,0.31,0.89,0.3,0.04,0.4,0.993,0.648,0.71
0.65,0.65,1.0,1.0,0.9,0.9,0.51,0.51,0.11,0.11,0.21,0.52,0.45,0.49,0.5,0.39,0.43,0.76,0.54,0.43,0.43,0.54,0.54,0.85,0.32,0.88,0.3,0.04,0.42,0.993,0.658,0.705
0.65,0.65,1.0,1.0,0.9,0.9,0.48,0.48,0.14,0.14,0.21,0.53,0.48,0.52,0.5,0.39,0.43,0.75,0.56,0.42,0.43,0.56,0.56,0.87,0.31,0.9,0.29,0.04,0.42,0.993,0.67,0.72
0.65,0.65,1.0,1.0,0.9,0.9,0.46,0.46,0.14,0.14,0.19,0.54,0.45,0.48,0.5,0.39,0.52,0.75,0.52,0.5,0.53,0.52,0.52,0.85,0.32,0.87,0.31,0.04,0.42,0.993,0.68,0.746
0.65,0.65,1.0,1.0,0.9,0.9,0.47,0.47,0.13,0.13,0.2,0.54,0.43,0.46,0.5,0.38,0.55,0.75,0.49,0.53,0.56,0.49,0.49,0.84,0.32,0.86,0.31,0.04,0.43,0.993,0.692,0.751
0.66,0.66,1.0,1.0,0.9,0.9,0.58,0.58,0.11,0.11,0.2,0.53,0.39,0.42,0.5,0.38,0.56,0.75,0.46,0.54,0.58,0.46,0.46,0.81,0.33,0.83,0.32,0.03,0.43,0.993,0.683,0.745
0.66,0.66,1.0,1.0,0.9,0.9,0.79,0.79,0.07,0.07,0.24,0.49,0.39,0.43,0.5,0.39,0.55,0.75,0.45,0.54,0.56,0.45,0.45,0.81,0.33,0.84,0.32,0.03,0.43,0.993,0.678,0.736
0.66,0.66,1.0,1.0,0.89,0.89,0.69,0.69,0.04,0.04,0.34,0.4,0.43,0.48,0.25,0.39,0.4,0.76,0.52,0.4,0.39,0.52,0.52,0.84,0.32,0.87,0.31,0.03,0.4,0.993,0.672,0.718
0.68,0.68,1.0,1.0,0.88,0.88,0.63,0.62,0.06,0.06,0.36,0.37,0.43,0.45,0.5,0.41,0.47,0.77,0.5,0.47,0.47,0.5,0.5,0.84,0.32,0.85,0.32,0.03,0.39,0.993,0.662,0.675
0.69,0.69,1.0,1.0,0.87,0.87,0.54,0.54,0.08,0.08,0.33,0.4,0.4,0.43,0.5,0.4,0.51,0.76,0.49,0.52,0.49,0.49,0.49,0.82,0.33,0.84,0.32,0.03,0.4,0.993,0.667,0.606
0.69,0.69,1.0,1.0,0.87,0.87,0.51,0.51,0.1,0.1,0.34,0.39,0.4,0.43,0.5,0.41,0.43,0.77,0.54,0.44,0.43,0.54,0.54,0.82,0.33,0.84,0.32,0.03,0.4,0.993,0.655,0.588
0.69,0.69,1.0,1.0,0.87,0.87,0.46,0.46,0.12,0.12,0.39,0.34,0.4,0.43,0.5,0.43,0.45,0.78,0.54,0.46,0.44,0.54,0.54,0.82,0.33,0.84,0.32,0.03,0.39,0.993,0.658,0.574
0.7,0.7,1.0,1.0,0.86,0.86,0.55,0.55,0.1,0.1,0.42,0.32,0.46,0.49,0.5,0.4,0.56,0.77,0.47,0.58,0.54,0.47,0.47,0.86,0.31,0.88,0.3,0.03,0.39,0.993,0.667,0.565
0.68,0.68,1.0,1.0,0.88,0.88,0.77,0.77,0.02,0.02,0.42,0.31,0.57,0.58,0.25,0.37,0.45,0.74,0.51,0.47,0.42,0.51,0.51,0.93,0.28,0.94,0.28,0.03,0.35,0.993,0.653,0.563
0.67,0.67,1.0,1.0,0.88,0.88,0.59,0.59,0.09,0.09,0.48,0.25,0.55,0.54,0.25,0.36,0.39,0.73,0.52,0.42,0.35,0.52,0.52,0.92,0.29,0.91,0.29,0.03,0.32,0.993,0.637,0.536
0.67,0.67,1.0,1.0,0.89,0.89,0.39,0.39,0.14,0.14,0.5,0.23,0.6,0.63,0.25,0.36,0.25,0.73,0.56,0.25,0.25,0.56,0.56,0.95,0.27,0.97,0.26,0.05,0.31,0.993,0.598,0.495
0.66,0.66,1.0,1.0,0.89,0.89,0.37,0.37,0.14,0.14,0.49,0.24,0.63,0.67,0.25,0.35,0.25,0.73,0.56,0.25,0.25,0.56,0.56,0.97,0.26,1.0,0.25,0.06,0.3,0.993,0.573,0.475
0.65,0.65,1.0,1.0,0.9,0.9,0.36,0.36,0.14,0.14,0.49,0.24,0.69,0.72,0.25,0.35,0.25,0.72,0.56,0.25,0.25,0.56,0.56,1.0,0.24,1.0,0.24,0.07,0.29,0.993,0.55,0.458
0.65,0.65,1.0,1.0,0.91,0.91,0.35,0.35,0.14,0.14,0.48,0.25,0.7,0.73,0.25,0.35,0.25,0.73,0.56,0.25,0.25,0.56,0.56,1.0,0.24,1.0,0.23,0.13,0.29,0.993,0.535,0.432
0.64,0.64,1.0,1.0,0.91,0.91,0.36,0.36,0.14,0.14,0.48,0.25,0.69,0.7,0.25,0.36,0.25,0.73,0.56,0.25,0.25,0.56,0.56,1.0,0.25,1.0,0.24,0.17,0.3,0.993,0.508,0.392
0.64,0.64,1.0,1.0,0.91,0.91,0.35,0.35,0.14,0.13,0.48,0.25,0.69,0.7,0.25,0.35,0.25,0.73,0.56,0.25,0.25,0.56,0.56,1.0,0.25,1.0,0.24,0.18,0.3,0.993,0.493,0.357
0.64,0.64,1.0,1.0,0.91,0.91,0.31,0.31,0.15,0.15,0.5,0.23,0.67,0.67,0.25,0.35,0.25,0.72,0.56,0.25,0.25,0.56,0.56,1.0,0.25,1.0,0.25,0.19,0.29,0.993,0.463,0.336
0.64,0.64,1.0,1.0,0.91,0.91,0.27,0.27,0.16,0.16,0.51,0.23,0.64,0.66,0.25,0.35,0.25,0.72,0.56,0.25,0.25,0.56,0.56,0.98,0.26,0.99,0.26,0.18,0.28,0.993,0.445,0.325
0.65,0.65,1.0,1.0,0.91,0.91,0.26,0.25,0.17,0.17,0.51,0.22,0.61,0.61,0.25,0.35,0.25,0.73,0.56,0.25,0.25,0.56,0.56,0.96,0.27,0.96,0.27,0.19,0.28,0.993,0.425,0.315
0.65,0.65,1.0,1.0,0.9,0.9,0.23,0.23,0.18,0.18,0.51,0.22,0.6,0.6,0.25,0.36,0.25,0.73,0.56,0.25,0.25,0.56,0.56,0.95,0.27,0.95,0.27,0.2,0.29,0.993,0.413,0.305
0.65,0.65,1.0,1.0,0.9,0.9,0.23,0.22,0.18,0.18,0.52,0.21,0.58,0.58,0.25,0.36,0.25,0.73,0.56,0.25,0.25,0.56,0.56,0.94,0.28,0.94,0.28,0.19,0.29,0.993,0.4,0.336
0.64,0.64,1.0,1.0,0.91,0.91,0.24,0.24,0.21,0.21,0.37,0.36,0.55,0.55,0.0,0.36,0.25,0.73,0.56,0.25,0.25,0.56,0.56,0.92,0.29,0.92,0.29,0.18,0.28,0.993,0.393,0.414
0.65,0.65,1.0,1.0,0.91,0.91,0.19,0.19,0.27,0.27,0.28,0.45,0.61,0.61,0.25,0.36,0.25,0.73,0.56,0.25,0.25,0.56,0.56,0.96,0.27,0.96,0.27,0.16,0.26,0.993,0.423,0.481
0.65,0.65,1.0,1.0,0.9,0.9,0.16,0.16,0.29,0.29,0.23,0.5,0.63,0.63,0.25,0.35,0.25,0.73,0.56,0.25,0.25,0.56,0.56,0.97,0.26,0.97,0.26,0.15,0.24,0.993,0.442,0.504
0.65,0.65,1.0,1.0,0.9,0.9,0.16,0.16,0.31,0.31,0.23,0.5,0.63,0.63,0.25,0.35,0.25,0.73,0.56,0.25,0.25,0.56,0.56,0.97,0.26,0.97,0.26,0.15,0.23,0.993,0.445,0.52
0.64,0.64,1.0,1.0,0.91,0.91,0.16,0.16,0.28,0.28,0.31,0.42,0.64,0.64,0.25,0.35,0.25,0.72,0.56,0.25,0.25,0.56,0.56,0.98,0.26,0.98,0.26,0.15,0.23,0.993,0.463,0.54
0.64,0.64,1.0,1.0,0.91,0.91,0.6,0.6,0.07,0.07,0.43,0.31,0.69,0.72,0.0,0.34,0.25,0.72,0.56,0.25,0.25,0.56,0.56,1.0,0.25,1.0,0.24,0.16,0.28,0.993,0.482,0.586
0.62,0.62,1.0,1.0,0.93,0.93,0.33,0.33,0.15,0.15,0.39,0.34,0.55,0.58,0.0,0.35,0.25,0.72,0.56,0.25,0.25,0.56,0.56,0.92,0.29,0.94,0.28,0.15,0.37,0.993,0.495,0.641
0.63,0.63,1.0,1.0,0.92,0.92,0.31,0.31,0.14,0.14,0.35,0.38,0.54,0.57,0.0,0.35,0.25,0.73,0.56,0.25,0.25,0.56,0.56,0.91,0.29,0.93,0.28,0.16,0.37,0.993,0.532,0.696
0.64,0.64,1.0,1.0,0.91,0.91,0.28,0.28,0.17,0.17,0.31,0.42,0.55,0.58,0.25,0.35,0.25,0.73,0.56,0.25,0.25,0.56,0.56,0.92,0.29,0.94,0.28,0.16,0.37,0.993,0.542,0.706
0.62,0.62,1.0,1.0,0.93,0.93,0.39,0.39,0.1,0.1,0.28,0.45,0.55,0.58,0.0,0.35,0.25,0.73,0.56,0.25,0.25,0.56,0.56,0.92,0.28,0.94,0.28,0.13,0.39,0.993,0.543,0.695
0.61,0.61,1.0,1.0,0.94,0.94,0.45,0.45,0.09,0.09,0.25,0.49,0.57,0.6,0.25,0.35,0.25,0.73,0.56,0.25,0.25,0.56,0.56,0.93,0.28,0.95,0.27,0.12,0.4,0.993,0.543,0.683
0.6,0.6,1.0,1.0,0.94,0.94,0.43,0.43,0.09,0.09,0.22,0.51,0.55,0.58,0.0,0.35,0.25,0.73,0.56,0.25,0.25,0.56,0.56,0.92,0.29,0.94,0.27,0.12,0.41,0.993,0.552,0.672
0.6,0.6,1.0,1.0,0.94,0.94,0.38,0.38,0.1,0.1,0.22,0.52,0.54,0.58,0.0,0.36,0.25,0.73,0.56,0.25,0.25,0.56,0.56,0.91,0.29,0.94,0.28,0.12,0.41,0.993,0.552,0.669
0.61,0.61,1.0,1.0,0.94,0.94,0.33,0.33,0.13,0.13,0.21,0.52,0.51,0.55,0.0,0.36,0.25,0.73,0.56,0.25,0.25,0.56,0.56,0.89,0.3,0.92,0.29,0.11,0.43,0.993,0.555,0.678
0.61,0.61,1.0,1.0,0.93,0.93,0.33,0.33,0.13,0.13,0.21,0.52,0.51,0.55,0.0,0.36,0.25,0.73,0.56,0.25,0.25,0.56,0.56,0.89,0.3,0.92,0.29,0.1,0.45,0.993,0.558,0.689
0.61,0.61,1.0,1.0,0.94,0.94,0.42,0.42,0.12,0.12,0.22,0.52,0.54,0.61,0.0,0.36,0.25,0.73,0.56,0.25,0.25,0.56,0.56,0.91,0.29,0.96,0.27,0.09,0.46,0.993,0.575,0.702
0.61,0.61,1.0,1.0,0.93,0.93,0.6,0.6,0.07,0.07,0.25,0.49,0.6,0.66,0.0,0.36,0.25,0.73,0.56,0.25,0.25,0.56,0.56,0.95,0.27,0.99,0.26,0.1,0.45,0.993,0.575,0.71
0.61,0.61,1.0,1.0,0.94,0.94,0.3,0.3,0.16,0.16,0.21,0.52,0.55,0.61,0.0,0.36,0.25,0.73,0.56,0.25,0.25,0.56,0.56,0.92,0.29,0.96,0.27,0.1,0.45,0.993,0.58,0.714
0.6,0.6,1.0,1.0,0.94,0.94,0.27,0.27,0.17,0.17,0.22,0.51,0.54,0.6,0.0,0.36,0.25,0.73,0.56,0.25,0.25,0.56,0.56,0.91,0.29,0.95,0.27,0.1,0.46,0.993,0.585,0.72
0.6,0.6,1.0,1.0,0.94,0.94,0.27,0.27,0.16,0.16,0.23,0.5,0.52,0.58,0.0,0.36,0.25,0.73,0.56,0.25,0.25,0.56,0.56,0.9,0.29,0.94,0.28,0.1,0.46,0.993,0.593,0.729
0.6,0.6,1.0,1.0,0.94,0.94,0.23,0.23,0.2,0.2,0.28,0.45,0.49,0.54,0.25,0.36,0.25,0.73,0.56,0.25,0.25,0.56,0.56,0.88,0.3,0.91,0.29,0.1,0.46,0.993,0.595,0.744
0.62,0.62,1.0,1.0,0.93,0.93,0.2,0.2,0.2,0.2,0.35,0.38,0.54,0.58,0.25,0.36,0.25,0.74,0.56,0.25,0.25,0.56,0.56,0.91,0.29,0.94,0.28,0.12,0.44,0.993,0.612,0.758
0.62,0.62,1.0,1.0,0.92,0.92,0.19,0.19,0.2,0.2,0.42,0.31,0.54,0.57,0.25,0.36,0.25,0.73,0.56,0.25,0.25,0.56,0.56,0.91,0.29,0.93,0.28,0.13,0.43,0.993,0.623,0.763
0.61,0.61,1.0,1.0,0.93,0.93,0.16,0.16,0.23,0.23,0.48,0.25,0.54,0.55,0.25,0.36,0.25,0.73,0.56,0.25,0.25,0.56,0.56,0.91,0.29,0.92,0.29,0.12,0.34,0.993,0.635,0.755
0.61,0.61,1.0,1.0,0.93,0.93,0.16,0.16,0.24,0.24,0.54,0.19,0.55,0.57,0.25,0.35,0.25,0.73,0.56,0.25,0.25,0.56,0.56,0.92,0.28,0.93,0.28,0.12,0.29,0.993,0.647,0.707
0.62,0.62,1.0,1.0,0.92,0.92,0.16,0.16,0.25,0.25,0.57,0.16,0.54,0.52,0.25,0.35,0.25,0.73,0.56,0.25,0.25,0.56,0.56,0.91,0.29,0.9,0.29,0.12,0.26,0.993,0.65,0.615
0.66,0.66,1.0,1.0,0.9,0.9,0.16,0.16,0.24,0.24,0.53,0.2,0.45,0.43,0.25,0.37,0.25,0.74,0.56,0.25,0.25,0.56,0.56,0.85,0.32,0.84,0.32,0.11,0.25,0.993,0.647,0.556
0.65,0.65,1.0,1.0,0.9,0.9,0.16,0.16,0.24,0.24,0.59,0.15,0.48,0.45,0.25,0.38,0.25,0.75,0.56,0.25,0.25,0.56,0.56,0.87,0.31,0.85,0.32,0.11,0.24,0.993,0.628,0.514
0.65,0.65,1.0,1.0,0.9,0.9,0.16,0.16,0.25,0.25,0.61,0.13,0.45,0.43,0.25,0.38,0.25,0.75,0.56,0.25,0.25,0.56,0.56,0.85,0.32,0.84,0.32,0.12,0.23,0.993,0.61,0.477
0.65,0.65,1.0,1.0,0.9,0.9,0.16,0.16,0.25,0.25,0.62,0.11,0.45,0.43,0.25,0.38,0.25,0.75,0.56,0.25,0.25,0.56,0.56,0.85,0.32,0.84,0.32,0.12,0.21,0.993,0.583,0.44
0.65,0.65,1.0,1.0,0.9,0.9,0.35,0.35,0.14,0.14,0.62,0.11,0.48,0.46,0.25,0.38,0.25,0.75,0.56,0.25,0.25,0.56,0.56,0.87,0.31,0.86,0.31,0.12,0.19,0.993,0.572,0.415
0.63,0.63,1.0,1.0,0.92,0.92,0.16,0.16,0.24,0.24,0.64,0.09,0.39,0.36,0.25,0.38,0.26,0.75,0.56,0.26,0.25,0.56,0.56,0.81,0.33,0.79,0.34,0.11,0.18,0.993,0.557,0.405
0.63,0.63,1.0,1.0,0.92,0.92,0.16,0.16,0.29,0.29,0.64,0.1,0.34,0.3,0.25,0.39,0.29,0.75,0.56,0.31,0.26,0.56,0.56,0.78,0.35,0.75,0.36,0.11,0.17,0.993,0.547,0.397
0.62,0.62,1.0,1.0,0.93,0.93,0.16,0.16,0.3,0.3,0.64,0.09,0.3,0.27,0.5,0.4,0.3,0.76,0.56,0.32,0.28,0.56,0.56,0.75,0.36,0.73,0.37,0.09,0.16,0.993,0.532,0.394
0.62,0.62,1.0,1.0,0.93,0.93,0.16,0.16,0.33,0.33,0.46,0.27,0.38,0.34,0.5,0.43,0.47,0.78,0.56,0.48,0.47,0.56,0.56,0.8,0.34,0.78,0.35,0.09,0.18,0.993,0.525,0.393
0.61,0.61,1.0,1.0,0.94,0.94,0.16,0.16,0.43,0.43,0.06,0.68,0.34,0.3,0.5,0.42,0.59,0.78,0.53,0.6,0.59,0.53,0.53,0.78,0.35,0.75,0.36,0.09,0.18,0.993,0.517,0.405
0.61,0.61,1.0,1.0,0.94,0.94,0.16,0.16,0.52,0.52,0.0,0.8,0.28,0.24,0.5,0.45,0.69,0.8,0.48,0.7,0.69,0.48,0.48,0.74,0.37,0.71,0.38,0.09,0.19,0.993,0.52,0.402
0.61,0.61,1.0,1.0,0.94,0.94,0.16,0.16,0.58,0.58,0.0,0.89,0.21,0.18,0.75,0.45,0.79,0.8,0.43,0.79,0.79,0.43,0.43,0.69,0.39,0.67,0.4,0.09,0.26,0.993,0.512,0.405
0.6,0.6,1.0,1.0,0.95,0.95,0.49,0.49,0.15,0.15,0.49,0.24,0.22,0.18,0.75,0.44,0.74,0.8,0.43,0.73,0.76,0.43,0.43,0.7,0.38,0.67,0.4,0.08,0.27,0.993,0.503,0.411
0.59,0.59,1.0,1.0,0.95,0.95,0.19,0.19,0.22,0.22,0.47,0.25,0.2,0.16,0.75,0.35,0.87,0.72,0.38,0.87,0.87,0.38,0.38,0.68,0.39,0.66,0.4,0.06,0.34,0.993,0.48,0.425
0.56,0.56,1.0,1.0,0.97,0.97,0.16,0.16,0.27,0.27,0.43,0.29,0.16,0.13,1.0,0.26,0.95,0.66,0.29,0.95,0.95,0.29,0.29,0.66,0.4,0.64,0.41,0.03,0.42,0.993,0.468,0.459
0.46,0.46,0.83,0.83,1.0,1.0,0.16,0.16,0.29,0.29,0.41,0.31,0.16,0.13,1.0,0.23,0.98,0.64,0.27,0.98,0.98,0.27,0.27,0.66,0.4,0.64,0.41,0.02,0.47,0.993,0.443,0.535
0.46,0.46,0.84,0.84,1.0,1.0,0.16,0.16,0.3,0.3,0.4,0.32,0.18,0.13,1.0,0.23,0.98,0.63,0.27,0.98,0.98,0.27,0.27,0.67,0.4,0.64,0.41,0.02,0.5,0.993,0.428,0.588
0.46,0.46,0.84,0.84,1.0,1.0,0.16,0.16,0.32,0.32,0.39,0.33,0.2,0.15,1.0,0.22,0.98,0.63,0.26,0.98,0.98,0.26,0.26,0.68,0.39,0.65,0.4,0.02,0.53,0.993,0.442,0.634
0.46,0.46,0.83,0.83,1.0,1.0,0.16,0.16,0.33,0.33,0.37,0.35,0.16,0.12,1.0,0.22,0.98,0.63,0.26,0.98,0.98,0.26,0.26,0.66,0.4,0.63,0.41,0.01,0.54,0.993,0.453,0.668
0.46,0.46,0.83,0.83,1.0,1.0,0.16,0.16,0.33,0.33,0.36,0.36,0.12,0.12,1.0,0.22,0.98,0.63,0.27,0.98,0.98,0.27,0.27,0.63,0.41,0.63,0.41,0.01,0.55,0.993,0.488,0.702
0.46,0.46,0.83,0.83,1.0,1.0,0.2,0.2,0.27,0.27,0.34,0.38,0.1,0.12,1.0,0.22,0.98,0.63,0.26,0.98,0.98,0.26,0.26,0.62,0.42,0.63,0.42,0.01,0.58,0.993,0.54,0.727
0.42,0.42,0.74,0.74,1.0,1.0,0.42,0.42,0.2,0.2,0.34,0.39,0.07,0.1,1.0,0.24,0.96,0.64,0.29,0.96,0.96,0.29,0.29,0.6,0.43,0.62,0.42,0.02,0.59,0.993,0.583,0.747
0.45,0.45,0.81,0.81,1.0,1.0,0.16,0.16,0.29,0.29,0.34,0.38,0.04,0.06,1.0,0.24,0.97,0.64,0.26,0.97,0.97,0.26,0.26,0.58,0.44,0.59,0.43,0.02,0.58,0.993,0.603,0.759
0.47,0.47,0.86,0.86,1.0,1.0,0.16,0.16,0.28,0.28,0.35,0.38,0.04,0.04,1.0,0.23,0.97,0.64,0.26,0.97,0.97,0.26,0.26,0.58,0.44,0.58,0.44,0.02,0.58,0.993,0.627,0.773
0.48,0.48,0.88,0.88,1.0,1.0,0.16,0.16,0.27,0.27,0.35,0.37,0.03,0.04,1.0,0.23,0.97,0.64,0.27,0.97,0.97,0.27,0.27,0.57,0.44,0.58,0.44,0.02,0.59,0.993,0.643,0.787
0.55,0.55,1.0,1.0,0.98,0.98,0.16,0.16,0.26,0.26,0.36,0.36,0.04,0.04,1.0,0.24,0.96,0.64,0.29,0.96,0.96,0.29,0.29,0.58,0.44,0.58,0.44,0.02,0.59,0.993,0.67,0.785
0.57,0.57,1.0,1.0,0.97,0.97,0.16,0.16,0.25,0.25,0.37,0.36,0.04,0.06,1.0,0.26,0.94,0.66,0.31,0.94,0.95,0.31,0.31,0.58,0.43,0.59,0.43,0.03,0.59,0.993,0.677,0.778
0.58,0.58,1.0,1.0,0.96,0.96,0.16,0.16,0.24,0.24,0.37,0.36,0.06,0.06,1.0,0.3,0.91,0.69,0.33,0.9,0.91,0.33,0.33,0.59,0.43,0.59,0.43,0.04,0.59,0.961,0.693,0.76
0.58,0.58,1.0,1.0,0.96,0.96,0.16,0.16,0.23,0.23,0.36,0.36,0.06,0.07,0.75,0.33,0.9,0.71,0.34,0.89,0.9,0.34,0.34,0.59,0.43,0.6,0.43,0.05,0.59,0.939,0.693,0.747
0.59,0.59,1.0,1.0,0.95,0.95,0.16,0.16,0.23,0.23,0.36,0.36,0.06,0.07,0.75,0.34,0.86,0.72,0.35,0.86,0.87,0.35,0.35,0.59,0.43,0.6,0.43,0.05,0.58,0.912,0.675,0.754
0.59,0.59,1.0,1.0,0.95,0.95,0.16,0.16,0.22,0.22,0.37,0.36,0.06,0.07,0.75,0.35,0.88,0.73,0.34,0.87,0.88,0.34,0.34,0.59,0.43,0.6,0.43,0.05,0.58,0.884,0.655,0.743
0.58,0.58,1.0,1.0,0.96,0.96,0.16,0.16,0.22,0.22,0.38,0.34,0.06,0.06,0.75,0.33,0.89,0.71,0.34,0.89,0.89,0.34,0.34,0.59,0.43,0.59,0.43,0.05,0.56,0.869,0.608,0.715
0.58,0.58,1.0,1.0,0.96,0.96,0.16,0.16,0.21,0.21,0.38,0.34,0.07,0.07,0.75,0.31,0.92,0.69,0.3,0.91,0.92,0.3,0.3,0.6,0.43,0.6,0.43,0.05,0.57,0.835,0.575,0.67
0.57,0.57,1.0,1.0,0.96,0.96,0.16,0.16,0.21,0.21,0.38,0.34,0.07,0.07,0.75,0.29,0.92,0.68,0.3,0.92,0.92,0.3,0.3,0.6,0.43,0.6,0.43,0.04,0.58,0.802,0.538,0.623
0.57,0.57,1.0,1.0,0.96,0.96,0.16,0.16,0.2,0.2,0.38,0.34,0.07,0.07,0.75,0.29,0.93,0.68,0.3,0.93,0.93,0.3,0.3,0.6,0.43,0.6,0.43,0.04,0.59,0.778,0.512,0.593
