0.51,0.51,0.97,0.97,1.0,1.0,0.16,0.16,0.33,0.33,0.34,0.38,0.06,0.06,1.0,0.22,0.99,0.63,0.25,0.99,0.99,0.25,0.25,0.59,0.43,0.59,0.43,0.01,0.62,0.678,0.577,0.453
0.51,0.51,0.95,0.95,1.0,1.0,0.16,0.16,0.34,0.34,0.35,0.38,0.06,0.04,1.0,0.23,0.98,0.64,0.25,0.98,0.98,0.25,0.25,0.59,0.43,0.58,0.44,0.02,0.55,0.686,0.58,0.452
0.49,0.49,0.92,0.92,1.0,1.0,0.16,0.16,0.34,0.34,0.35,0.37,0.07,0.06,1.0,0.22,0.98,0.63,0.25,0.98,0.99,0.25,0.25,0.6,0.43,0.59,0.43,0.01,0.55,0.661,0.558,0.455
0.56,0.56,1.0,1.0,0.98,0.98,0.28,0.28,0.31,0.31,0.35,0.38,0.0,0.0,1.0,0.24,0.98,0.64,0.26,0.98,0.98,0.26,0.26,0.31,0.92,0.31,0.92,0.01,0.58,0.646,0.553,0.459
0.57,0.57,1.0,1.0,0.97,0.97,0.21,0.21,0.33,0.33,0.33,0.39,0.0,0.0,1.0,0.26,0.95,0.66,0.27,0.95,0.96,0.27,0.27,0.31,0.92,0.31,0.92,0.02,0.63,0.617,0.545,0.464
0.56,0.56,1.0,1.0,0.97,0.97,0.16,0.16,0.39,0.39,0.32,0.4,0.0,0.0,1.0,0.25,0.96,0.65,0.26,0.96,0.96,0.26,0.26,0.31,0.92,0.31,0.92,0.01,0.68,0.582,0.54,0.464
0.56,0.56,1.0,1.0,0.98,0.98,0.16,0.16,0.39,0.39,0.32,0.41,0.0,0.0,1.0,0.25,0.96,0.65,0.26,0.96,0.96,0.26,0.26,0.31,0.92,0.31,0.92,0.01,0.73,0.575,0.538,0.455
0.56,0.56,1.0,1.0,0.97,0.97,0.94,0.94,0.31,0.31,0.34,0.39,0.0,0.0,0.75,0.25,0.96,0.65,0.26,0.96,0.96,0.26,0.26,0.31,0.92,0.31,0.92,0.01,0.76,0.575,0.54,0.445
0.57,0.57,1.0,1.0,0.97,0.97,0.19,0.18,0.31,0.31,0.34,0.39,0.0,0.0,1.0,0.24,0.96,0.64,0.25,0.96,0.96,0.25,0.25,0.31,0.92,0.31,0.92,0.01,0.74,0.576,0.532,0.441
0.56,0.56,1.0,1.0,0.97,0.97,0.16,0.16,0.32,0.32,0.34,0.38,0.0,0.0,1.0,0.24,0.96,0.64,0.25,0.96,0.96,0.25,0.25,0.31,0.92,0.31,0.92,0.01,0.74,0.587,0.543,0.459
0.56,0.56,1.0,1.0,0.97,0.97,0.16,0.16,0.3,0.3,0.37,0.36,0.0,0.0,1.0,0.24,0.95,0.64,0.25,0.95,0.95,0.25,0.25,0.31,0.92,0.31,0.92,0.01,0.72,0.611,0.557,0.481
0.59,0.59,1.0,1.0,0.95,0.95,0.86,0.85,0.23,0.23,0.37,0.35,0.0,0.0,0.75,0.24,0.92,0.64,0.25,0.92,0.91,0.25,0.25,0.31,0.92,0.31,0.92,0.01,0.67,0.608,0.582,0.486
0.58,0.58,1.0,1.0,0.96,0.96,0.28,0.28,0.3,0.3,0.37,0.35,0.0,0.0,1.0,0.24,0.89,0.64,0.25,0.89,0.89,0.25,0.25,0.31,0.92,0.31,0.92,0.01,0.54,0.626,0.588,0.475
0.58,0.58,1.0,1.0,0.96,0.96,0.21,0.21,0.31,0.31,0.37,0.35,0.0,0.0,0.75,0.24,0.9,0.64,0.25,0.9,0.9,0.25,0.25,0.31,0.92,0.31,0.92,0.01,0.54,0.612,0.597,0.454
0.58,0.58,1.0,1.0,0.96,0.96,0.2,0.2,0.31,0.31,0.37,0.35,0.0,0.0,0.75,0.24,0.92,0.64,0.25,0.92,0.92,0.25,0.25,0.31,0.92,0.31,0.92,0.01,0.56,0.609,0.578,0.44
0.57,0.57,1.0,1.0,0.97,0.97,0.16,0.16,0.54,0.54,0.6,0.13,0.0,0.0,0.75,0.24,0.94,0.64,0.25,0.94,0.94,0.25,0.25,0.31,0.92,0.31,0.92,0.02,0.63,0.616,0.572,0.439
0.57,0.57,1.0,1.0,0.97,0.97,0.16,0.16,0.51,0.51,0.59,0.14,0.0,0.0,0.75,0.24,0.94,0.64,0.25,0.94,0.94,0.25,0.25,0.31,0.92,0.31,0.92,0.02,0.68,0.635,0.552,0.44
0.57,0.57,1.0,1.0,0.97,0.97,0.16,0.16,0.53,0.53,0.53,0.2,0.0,0.0,0.75,0.24,0.94,0.64,0.26,0.94,0.94,0.26,0.26,0.31,0.92,0.31,0.92,0.02,0.67,0.645,0.543,0.452
0.56,0.56,1.0,1.0,0.97,0.97,0.16,0.16,0.53,0.53,0.49,0.24,0.0,0.0,0.75,0.24,0.95,0.64,0.26,0.95,0.95,0.26,0.26,0.31,0.92,0.31,0.92,0.02,0.67,0.664,0.545,0.453
0.56,0.56,1.0,1.0,0.97,0.97,0.16,0.16,0.48,0.48,0.42,0.31,0.0,0.0,0.75,0.24,0.94,0.65,0.26,0.94,0.94,0.26,0.26,0.31,0.92,0.31,0.92,0.02,0.71,0.675,0.545,0.461
0.57,0.57,1.0,1.0,0.97,0.97,0.16,0.16,0.48,0.48,0.41,0.31,0.0,0.0,0.75,0.25,0.94,0.65,0.26,0.94,0.94,0.26,0.26,0.31,0.92,0.31,0.92,0.02,0.7,0.669,0.537,0.465
0.56,0.56,1.0,1.0,0.97,0.97,0.16,0.16,0.48,0.48,0.4,0.33,0.0,0.0,0.75,0.25,0.94,0.65,0.26,0.94,0.94,0.26,0.26,0.31,0.92,0.31,0.92,0.02,0.69,0.679,0.537,0.466
0.56,0.56,1.0,1.0,0.97,0.97,0.16,0.16,0.49,0.49,0.39,0.34,0.0,0.0,0.75,0.25,0.94,0.65,0.26,0.94,0.94,0.26,0.26,0.31,0.92,0.31,0.92,0.02,0.7,0.696,0.542,0.471
0.57,0.57,1.0,1.0,0.97,0.97,0.61,0.61,0.2,0.2,0.37,0.36,0.0,0.0,0.75,0.25,0.93,0.65,0.27,0.93,0.93,0.27,0.27,0.37,0.8,0.38,0.78,0.02,0.7,0.711,0.532,0.473
0.59,0.59,1.0,1.0,0.95,0.95,0.37,0.37,0.24,0.24,0.37,0.36,0.0,0.0,0.75,0.25,0.91,0.65,0.27,0.91,0.91,0.27,0.27,0.34,0.86,0.35,0.85,0.02,0.63,0.722,0.515,0.475
0.61,0.61,1.0,1.0,0.93,0.93,0.2,0.2,0.29,0.29,0.37,0.35,0.0,0.0,0.75,0.25,0.92,0.65,0.27,0.92,0.92,0.27,0.27,0.31,0.92,0.31,0.92,0.02,0.58,0.737,0.518,0.483
0.61,0.61,1.0,1.0,0.94,0.94,0.16,0.16,0.33,0.33,0.42,0.31,0.0,0.0,0.75,0.25,0.92,0.65,0.27,0.92,0.92,0.27,0.27,0.31,0.92,0.31,0.92,0.02,0.55,0.731,0.537,0.486
0.6,0.6,1.0,1.0,0.94,0.94,0.16,0.16,0.35,0.35,0.47,0.26,0.0,0.0,0.75,0.25,0.93,0.65,0.27,0.93,0.92,0.27,0.27,0.31,0.92,0.31,0.92,0.02,0.53,0.731,0.552,0.496
0.61,0.61,1.0,1.0,0.94,0.94,0.16,0.16,0.36,0.36,0.47,0.25,0.0,0.0,0.75,0.25,0.93,0.65,0.27,0.93,0.93,0.27,0.27,0.31,0.92,0.31,0.92,0.02,0.5,0.719,0.557,0.537
0.63,0.63,1.0,1.0,0.92,0.92,0.16,0.16,0.39,0.39,0.46,0.26,0.0,0.0,0.75,0.25,0.93,0.65,0.27,0.93,0.93,0.27,0.27,0.31,0.92,0.31,0.92,0.02,0.49,0.702,0.568,0.563
0.67,0.67,1.0,1.0,0.89,0.89,0.16,0.16,0.49,0.49,0.46,0.26,0.0,0.0,0.75,0.26,0.94,0.65,0.27,0.95,0.94,0.27,0.27,0.31,0.92,0.31,0.92,0.02,0.5,0.677,0.582,0.555
0.71,0.71,1.0,1.0,0.85,0.85,0.16,0.16,0.51,0.51,0.45,0.28,0.0,0.0,0.75,0.26,0.94,0.66,0.27,0.94,0.94,0.27,0.27,0.31,0.92,0.31,0.92,0.02,0.57,0.664,0.588,0.54
0.71,0.71,1.0,1.0,0.86,0.86,0.16,0.16,0.51,0.51,0.44,0.29,0.0,0.0,0.75,0.27,0.94,0.66,0.27,0.94,0.93,0.27,0.27,0.31,0.92,0.31,0.92,0.02,0.59,0.682,0.572,0.532
0.7,0.7,1.0,1.0,0.86,0.86,0.16,0.16,0.51,0.51,0.44,0.29,0.0,0.0,0.75,0.27,0.93,0.66,0.27,0.93,0.93,0.27,0.27,0.31,0.92,0.31,0.92,0.02,0.66,0.701,0.56,0.521
0.7,0.7,1.0,1.0,0.86,0.86,0.16,0.16,0.51,0.51,0.44,0.29,0.0,0.0,0.75,0.27,0.93,0.66,0.27,0.93,0.93,0.27,0.27,0.31,0.92,0.31,0.92,0.02,0.67,0.706,0.553,0.518
0.7,0.7,1.0,1.0,0.86,0.86,0.16,0.16,0.5,0.5,0.44,0.28,0.0,0.0,0.75,0.27,0.93,0.66,0.27,0.93,0.93,0.27,0.27,0.31,0.92,0.31,0.92,0.02,0.67,0.706,0.555,0.518
0.71,0.71,1.0,1.0,0.85,0.85,0.16,0.16,0.44,0.44,0.43,0.3,0.16,0.16,0.75,0.27,0.91,0.66,0.27,0.91,0.91,0.27,0.27,0.66,0.4,0.66,0.4,0.03,0.53,0.704,0.56,0.518
0.71,0.71,1.0,1.0,0.86,0.86,0.24,0.24,0.36,0.36,0.43,0.3,0.51,0.54,0.75,0.27,0.88,0.66,0.27,0.88,0.88,0.27,0.27,0.89,0.3,0.91,0.29,0.03,0.52,0.704,0.56,0.517
0.68,0.68,1.0,1.0,0.88,0.88,0.16,0.16,0.44,0.44,0.43,0.3,0.61,0.64,0.75,0.26,0.89,0.66,0.26,0.89,0.89,0.26,0.26,0.96,0.27,0.98,0.26,0.03,0.52,0.704,0.565,0.515
0.64,0.64,1.0,1.0,0.91,0.91,0.16,0.16,0.44,0.44,0.42,0.31,0.54,0.57,0.75,0.25,0.89,0.65,0.26,0.89,0.89,0.26,0.26,0.91,0.29,0.93,0.28,0.03,0.52,0.709,0.56,0.517
0.63,0.63,1.0,1.0,0.92,0.92,0.2,0.2,0.42,0.42,0.43,0.3,0.52,0.58,0.75,0.25,0.9,0.65,0.26,0.9,0.9,0.26,0.26,0.9,0.29,0.94,0.28,0.03,0.54,0.742,0.552,0.525
0.62,0.62,1.0,1.0,0.93,0.93,0.16,0.16,0.42,0.42,0.42,0.31,0.54,0.57,0.75,0.24,0.9,0.65,0.26,0.9,0.9,0.26,0.26,0.91,0.29,0.93,0.28,0.03,0.55,0.767,0.545,0.525
0.63,0.63,1.0,1.0,0.92,0.92,0.16,0.16,0.43,0.43,0.41,0.31,0.52,0.55,0.75,0.24,0.9,0.64,0.26,0.9,0.9,0.26,0.26,0.9,0.29,0.92,0.29,0.03,0.55,0.772,0.543,0.523
0.63,0.63,1.0,1.0,0.92,0.92,0.16,0.16,0.43,0.43,0.41,0.32,0.63,0.64,0.75,0.24,0.9,0.64,0.26,0.9,0.9,0.26,0.26,0.97,0.26,0.98,0.26,0.03,0.55,0.781,0.542,0.521
0.66,0.66,1.0,1.0,0.89,0.89,0.16,0.16,0.45,0.45,0.39,0.33,0.75,0.75,0.5,0.3,0.82,0.69,0.28,0.82,0.82,0.28,0.28,1.0,0.23,1.0,0.23,0.03,0.5,0.784,0.537,0.517
0.64,0.64,1.0,1.0,0.91,0.91,0.88,0.88,0.25,0.25,0.37,0.36,0.58,0.57,0.5,0.31,0.83,0.69,0.29,0.83,0.84,0.29,0.29,0.94,0.28,0.93,0.28,0.03,0.45,0.786,0.537,0.513
0.62,0.62,1.0,1.0,0.93,0.93,0.16,0.16,0.39,0.39,0.38,0.35,0.58,0.57,0.5,0.29,0.86,0.68,0.28,0.86,0.86,0.28,0.28,0.94,0.28,0.93,0.28,0.03,0.45,0.789,0.525,0.505
0.6,0.6,1.0,1.0,0.94,0.94,0.16,0.16,0.44,0.44,0.38,0.34,0.6,0.55,0.5,0.29,0.86,0.68,0.29,0.86,0.87,0.29,0.29,0.95,0.27,0.92,0.28,0.03,0.45,0.809,0.512,0.499
0.61,0.61,1.0,1.0,0.94,0.94,0.37,0.35,0.25,0.25,0.37,0.36,0.38,0.27,0.5,0.3,0.9,0.69,0.31,0.89,0.9,0.31,0.31,0.8,0.34,0.73,0.37,0.03,0.43,0.811,0.495,0.495
0.6,0.6,1.0,1.0,0.94,0.94,0.16,0.16,0.36,0.36,0.37,0.35,0.21,0.2,0.5,0.3,0.92,0.69,0.31,0.91,0.92,0.31,0.31,0.69,0.39,0.68,0.39,0.04,0.44,0.816,0.478,0.497
0.6,0.6,1.0,1.0,0.95,0.95,0.16,0.16,0.42,0.42,0.38,0.35,0.18,0.15,0.5,0.3,0.93,0.68,0.32,0.92,0.93,0.32,0.32,0.67,0.4,0.65,0.4,0.04,0.47,0.829,0.473,0.49
0.6,0.6,1.0,1.0,0.94,0.94,0.66,0.66,0.23,0.23,0.36,0.37,0.0,0.03,0.5,0.29,0.92,0.68,0.31,0.92,0.92,0.31,0.31,0.55,0.45,0.57,0.44,0.04,0.49,0.818,0.478,0.49
0.61,0.61,1.0,1.0,0.93,0.93,0.64,0.63,0.21,0.21,0.37,0.36,0.0,0.0,0.5,0.29,0.89,0.68,0.3,0.88,0.89,0.3,0.3,0.52,0.5,0.52,0.51,0.03,0.49,0.806,0.48,0.488
0.6,0.6,1.0,1.0,0.95,0.95,0.16,0.16,0.33,0.33,0.36,0.37,0.0,0.0,0.75,0.27,0.91,0.67,0.3,0.91,0.91,0.3,0.3,0.39,0.77,0.37,0.8,0.03,0.49,0.768,0.492,0.494
0.59,0.59,1.0,1.0,0.95,0.95,0.16,0.16,0.35,0.35,0.36,0.36,0.28,0.21,0.75,0.27,0.92,0.66,0.32,0.92,0.92,0.32,0.32,0.74,0.37,0.69,0.39,0.03,0.47,0.724,0.5,0.491
0.58,0.58,1.0,1.0,0.96,0.96,0.16,0.16,0.35,0.35,0.36,0.36,0.28,0.21,0.75,0.27,0.92,0.66,0.33,0.92,0.92,0.33,0.33,0.74,0.37,0.69,0.39,0.03,0.46,0.708,0.508,0.485
0.57,0.57,1.0,1.0,0.97,0.97,0.16,0.16,0.37,0.37,0.36,0.36,0.24,0.18,0.75,0.27,0.92,0.66,0.32,0.92,0.92,0.32,0.32,0.71,0.38,0.67,0.4,0.03,0.45,0.713,0.515,0.489
0.57,0.57,1.0,1.0,0.97,0.97,0.16,0.16,0.38,0.38,0.33,0.4,0.22,0.18,0.75,0.27,0.92,0.67,0.32,0.91,0.92,0.32,0.32,0.7,0.38,0.67,0.4,0.03,0.46,0.712,0.525,0.49
0.57,0.57,1.0,1.0,0.97,0.97,0.16,0.16,0.39,0.39,0.2,0.52,0.22,0.15,0.75,0.27,0.94,0.66,0.31,0.93,0.94,0.31,0.31,0.7,0.38,0.65,0.41,0.03,0.57,0.696,0.563,0.48
0.58,0.58,1.0,1.0,0.96,0.96,0.16,0.16,0.37,0.37,0.12,0.61,0.22,0.15,0.75,0.27,0.94,0.66,0.31,0.93,0.94,0.31,0.31,0.7,0.38,0.65,0.41,0.03,0.63,0.696,0.585,0.426
0.58,0.58,1.0,1.0,0.96,0.96,0.16,0.16,0.37,0.37,0.11,0.61,0.21,0.1,0.75,0.27,0.94,0.66,0.31,0.93,0.94,0.31,0.31,0.69,0.39,0.62,0.42,0.04,0.67,0.711,0.615,0.324
0.58,0.58,1.0,1.0,0.96,0.96,0.16,0.16,0.38,0.38,0.16,0.56,0.21,0.1,0.75,0.27,0.93,0.67,0.32,0.92,0.94,0.32,0.32,0.69,0.39,0.62,0.42,0.04,0.68,0.716,0.618,0.292
0.58,0.58,1.0,1.0,0.96,0.96,0.16,0.16,0.38,0.38,0.26,0.46,0.18,0.13,0.75,0.27,0.93,0.67,0.33,0.92,0.93,0.33,0.33,0.67,0.39,0.64,0.41,0.04,0.58,0.717,0.615,0.299
0.58,0.58,1.0,1.0,0.96,0.96,0.16,0.16,0.36,0.36,0.32,0.4,0.2,0.13,0.75,0.29,0.9,0.68,0.34,0.89,0.91,0.34,0.34,0.68,0.39,0.64,0.41,0.04,0.54,0.711,0.598,0.345
0.58,0.58,1.0,1.0,0.96,0.96,0.16,0.16,0.36,0.36,0.37,0.35,0.15,0.06,0.75,0.29,0.91,0.68,0.33,0.9,0.91,0.33,0.33,0.65,0.41,0.59,0.43,0.04,0.52,0.711,0.573,0.421
0.58,0.58,1.0,1.0,0.96,0.96,0.16,0.16,0.36,0.36,0.43,0.29,0.04,0.0,0.75,0.28,0.93,0.68,0.33,0.92,0.93,0.33,0.33,0.58,0.44,0.55,0.46,0.04,0.47,0.719,0.572,0.472
0.58,0.58,1.0,1.0,0.96,0.96,0.16,0.16,0.36,0.36,0.48,0.24,0.0,0.0,0.75,0.28,0.94,0.67,0.32,0.93,0.94,0.32,0.32,0.55,0.46,0.52,0.51,0.04,0.44,0.724,0.57,0.534
0.57,0.57,1.0,1.0,0.96,0.96,0.16,0.16,0.37,0.37,0.55,0.18,0.0,0.0,0.75,0.28,0.94,0.67,0.31,0.94,0.94,0.31,0.31,0.52,0.51,0.49,0.56,0.04,0.39,0.726,0.572,0.576
0.57,0.57,1.0,1.0,0.97,0.97,0.16,0.16,0.42,0.42,0.61,0.12,0.0,0.0,0.75,0.27,0.94,0.67,0.31,0.94,0.95,0.31,0.31,0.51,0.52,0.49,0.56,0.04,0.36,0.736,0.578,0.627
0.56,0.56,1.0,1.0,0.97,0.97,0.16,0.16,0.42,0.42,0.61,0.12,0.0,0.0,0.75,0.27,0.94,0.67,0.31,0.94,0.95,0.31,0.31,0.5,0.55,0.47,0.61,0.04,0.35,0.744,0.588,0.667
0.56,0.56,1.0,1.0,0.97,0.97,0.16,0.16,0.57,0.57,0.62,0.11,0.04,0.0,0.75,0.28,0.94,0.68,0.32,0.94,0.95,0.32,0.32,0.58,0.43,0.54,0.46,0.04,0.35,0.755,0.597,0.692
0.56,0.56,1.0,1.0,0.97,0.97,0.16,0.16,0.56,0.56,0.54,0.19,0.0,0.0,0.75,0.29,0.94,0.68,0.33,0.94,0.95,0.33,0.33,0.52,0.5,0.52,0.51,0.04,0.38,0.747,0.605,0.683
0.6,0.6,1.0,1.0,0.94,0.94,0.93,0.93,0.3,0.3,0.41,0.32,0.04,0.06,0.5,0.3,0.91,0.69,0.31,0.91,0.91,0.31,0.31,0.58,0.44,0.59,0.43,0.04,0.4,0.751,0.6,0.652
0.63,0.63,1.0,1.0,0.92,0.92,0.95,0.95,0.34,0.34,0.39,0.34,0.0,0.0,0.5,0.31,0.89,0.7,0.35,0.88,0.89,0.35,0.35,0.42,0.7,0.43,0.69,0.04,0.43,0.742,0.598,0.619
0.62,0.62,1.0,1.0,0.92,0.92,0.94,0.94,0.34,0.34,0.36,0.36,0.0,0.0,0.5,0.31,0.9,0.7,0.31,0.9,0.9,0.31,0.31,0.31,0.92,0.31,0.92,0.04,0.48,0.739,0.598,0.573
0.58,0.58,1.0,1.0,0.96,0.96,0.42,0.42,0.28,0.28,0.34,0.39,0.0,0.0,0.75,0.29,0.92,0.68,0.32,0.91,0.92,0.32,0.32,0.45,0.64,0.45,0.65,0.03,0.49,0.706,0.605,0.535
0.57,0.57,1.0,1.0,0.96,0.96,0.9,0.9,0.37,0.37,0.34,0.39,0.24,0.21,0.75,0.28,0.91,0.67,0.32,0.9,0.91,0.32,0.32,0.71,0.38,0.69,0.39,0.03,0.48,0.687,0.603,0.487
0.57,0.57,1.0,1.0,0.96,0.96,0.89,0.89,0.36,0.36,0.33,0.39,0.27,0.27,0.75,0.27,0.89,0.67,0.31,0.88,0.89,0.31,0.31,0.73,0.37,0.73,0.37,0.03,0.49,0.66,0.597,0.473
0.56,0.56,1.0,1.0,0.98,0.98,0.49,0.49,0.32,0.32,0.33,0.39,0.3,0.28,0.75,0.27,0.9,0.66,0.31,0.9,0.9,0.31,0.31,0.75,0.36,0.74,0.36,0.03,0.47,0.596,0.58,0.474
0.56,0.56,1.0,1.0,0.98,0.98,0.35,0.35,0.36,0.36,0.33,0.39,0.34,0.33,0.75,0.26,0.91,0.66,0.31,0.9,0.91,0.31,0.31,0.78,0.35,0.77,0.35,0.03,0.44,0.534,0.572,0.468
0.16,0.16,0.15,0.15,1.0,1.0,0.72,0.71,0.31,0.31,0.34,0.38,0.33,0.28,0.75,0.26,0.91,0.65,0.31,0.91,0.91,0.31,0.31,0.77,0.35,0.74,0.36,0.03,0.43,0.478,0.562,0.467
0.12,0.12,0.04,0.04,1.0,1.0,0.3,0.29,0.38,0.38,0.35,0.37,0.33,0.28,0.75,0.25,0.93,0.65,0.3,0.92,0.93,0.3,0.3,0.77,0.35,0.74,0.37,0.03,0.44,0.469,0.553,0.469
0.25,0.25,0.35,0.35,1.0,1.0,0.16,0.16,0.49,0.49,0.34,0.38,0.36,0.27,1.0,0.25,0.95,0.65,0.3,0.95,0.95,0.3,0.3,0.79,0.34,0.73,0.37,0.04,0.46,0.45,0.55,0.48
0.2,0.2,0.23,0.23,1.0,1.0,0.16,0.16,0.5,0.5,0.34,0.38,0.38,0.27,1.0,0.24,0.95,0.65,0.3,0.95,0.96,0.3,0.3,0.8,0.34,0.73,0.37,0.04,0.48,0.456,0.565,0.487
0.16,0.16,0.13,0.13,1.0,1.0,0.16,0.16,0.51,0.51,0.35,0.37,0.34,0.25,1.0,0.24,0.95,0.64,0.3,0.95,0.96,0.3,0.3,0.78,0.35,0.72,0.37,0.04,0.48,0.439,0.578,0.49
0.16,0.16,0.15,0.15,1.0,1.0,0.16,0.16,0.51,0.51,0.37,0.35,0.33,0.25,1.0,0.24,0.95,0.64,0.3,0.95,0.96,0.3,0.3,0.77,0.35,0.72,0.37,0.04,0.46,0.405,0.603,0.485
0.06,0.06,0.0,0.0,1.0,1.0,0.16,0.16,0.54,0.54,0.39,0.33,0.42,0.3,0.75,0.24,0.92,0.64,0.3,0.91,0.93,0.3,0.3,0.83,0.32,0.75,0.36,0.04,0.44,0.396,0.593,0.483
0.17,0.17,0.15,0.15,1.0,1.0,0.16,0.16,0.56,0.56,0.4,0.33,0.42,0.3,0.75,0.25,0.92,0.65,0.31,0.91,0.93,0.31,0.31,0.83,0.32,0.75,0.36,0.03,0.41,0.379,0.595,0.49
0.21,0.21,0.26,0.26,1.0,1.0,0.16,0.16,0.58,0.58,0.4,0.33,0.39,0.34,1.0,0.25,0.94,0.65,0.3,0.93,0.94,0.3,0.3,0.81,0.33,0.78,0.35,0.04,0.41,0.384,0.602,0.493
0.19,0.19,0.2,0.2,1.0,1.0,0.16,0.16,0.6,0.6,0.4,0.33,0.31,0.3,1.0,0.25,0.95,0.65,0.29,0.95,0.95,0.29,0.29,0.76,0.36,0.75,0.36,0.04,0.42,0.367,0.598,0.496
0.22,0.22,0.29,0.29,1.0,1.0,0.16,0.16,0.6,0.6,0.4,0.32,0.28,0.28,1.0,0.24,0.95,0.64,0.29,0.95,0.95,0.29,0.29,0.74,0.36,0.74,0.37,0.04,0.43,0.366,0.595,0.499
0.31,0.31,0.48,0.48,1.0,1.0,0.16,0.16,0.65,0.65,0.41,0.32,0.28,0.28,1.0,0.24,0.96,0.65,0.29,0.96,0.96,0.29,0.29,0.74,0.37,0.74,0.37,0.04,0.44,0.361,0.592,0.499
0.34,0.34,0.56,0.56,1.0,1.0,0.16,0.16,0.64,0.64,0.41,0.32,0.28,0.27,1.0,0.24,0.96,0.65,0.29,0.96,0.96,0.29,0.29,0.74,0.37,0.73,0.37,0.04,0.44,0.379,0.588,0.501
0.34,0.34,0.57,0.57,1.0,1.0,0.16,0.16,0.66,0.66,0.42,0.31,0.24,0.24,1.0,0.24,0.96,0.65,0.29,0.96,0.96,0.29,0.29,0.71,0.38,0.71,0.38,0.04,0.46,0.386,0.578,0.503
0.31,0.31,0.49,0.49,1.0,1.0,0.16,0.16,0.64,0.64,0.42,0.31,0.21,0.22,1.0,0.25,0.96,0.65,0.29,0.96,0.96,0.29,0.29,0.69,0.39,0.7,0.38,0.04,0.47,0.409,0.573,0.505
0.33,0.33,0.53,0.53,1.0,1.0,0.16,0.16,0.65,0.65,0.42,0.31,0.21,0.24,1.0,0.25,0.96,0.65,0.29,0.96,0.96,0.29,0.29,0.69,0.39,0.71,0.38,0.04,0.48,0.438,0.567,0.513
0.31,0.31,0.49,0.49,1.0,1.0,0.54,0.52,0.3,0.3,0.41,0.31,0.25,0.22,1.0,0.26,0.93,0.66,0.31,0.92,0.93,0.31,0.31,0.72,0.37,0.7,0.38,0.04,0.49,0.461,0.575,0.52
0.32,0.32,0.51,0.51,1.0,1.0,0.16,0.16,0.53,0.53,0.41,0.31,0.24,0.13,1.0,0.27,0.94,0.66,0.3,0.93,0.94,0.3,0.3,0.71,0.38,0.64,0.41,0.04,0.49,0.474,0.58,0.518
0.31,0.31,0.5,0.5,1.0,1.0,0.16,0.16,0.56,0.56,0.41,0.32,0.22,0.13,1.0,0.27,0.94,0.66,0.29,0.94,0.95,0.29,0.29,0.7,0.39,0.64,0.41,0.04,0.5,0.551,0.597,0.522
0.56,0.56,1.0,1.0,0.98,0.98,0.56,0.39,0.26,0.26,0.41,0.32,0.2,0.12,0.75,0.27,0.94,0.66,0.29,0.94,0.95,0.29,0.29,0.68,0.39,0.63,0.41,0.03,0.51,0.609,0.593,0.521
0.58,0.58,1.0,1.0,0.96,0.96,0.52,0.52,0.22,0.22,0.4,0.33,0.0,0.0,0.75,0.28,0.91,0.67,0.29,0.91,0.91,0.29,0.29,0.48,0.58,0.47,0.6,0.03,0.52,0.65,0.587,0.52
0.6,0.6,1.0,1.0,0.95,0.95,0.23,0.23,0.34,0.34,0.4,0.33,0.0,0.0,0.75,0.27,0.92,0.67,0.27,0.92,0.92,0.27,0.27,0.31,0.92,0.31,0.92,0.02,0.51,0.671,0.593,0.525
0.66,0.66,1.0,1.0,0.89,0.89,0.89,0.89,0.31,0.31,0.39,0.33,0.0,0.0,0.5,0.27,0.9,0.66,0.26,0.9,0.89,0.26,0.26,0.31,0.92,0.31,0.92,0.02,0.51,0.671,0.602,0.518
0.66,0.66,1.0,1.0,0.89,0.89,0.39,0.39,0.31,0.31,0.4,0.33,0.0,0.0,0.75,0.27,0.91,0.66,0.27,0.91,0.91,0.27,0.27,0.31,0.92,0.31,0.92,0.02,0.49,0.648,0.627,0.504
0.66,0.66,1.0,1.0,0.9,0.9,0.16,0.16,0.39,0.39,0.39,0.33,0.0,0.0,0.75,0.26,0.93,0.66,0.26,0.93,0.93,0.26,0.26,0.31,0.92,0.31,0.92,0.02,0.5,0.629,0.63,0.495
0.66,0.66,1.0,1.0,0.9,0.9,0.16,0.16,0.4,0.4,0.39,0.33,0.0,0.0,0.75,0.26,0.93,0.66,0.26,0.93,0.93,0.26,0.26,0.31,0.92,0.31,0.92,0.02,0.51,0.616,0.623,0.493
0.64,0.64,1.0,1.0,0.91,0.91,0.16,0.16,0.4,0.4,0.39,0.33,0.0,0.0,0.75,0.26,0.93,0.65,0.26,0.93,0.93,0.26,0.26,0.31,0.92,0.31,0.92,0.02,0.52,0.623,0.618,0.486
0.64,0.64,1.0,1.0,0.91,0.91,0.31,0.31,0.36,0.36,0.39,0.33,0.0,0.0,0.75,0.26,0.93,0.65,0.26,0.93,0.93,0.26,0.26,0.31,0.92,0.31,0.92,0.02,0.52,0.622,0.617,0.49
0.61,0.61,1.0,1.0,0.94,0.94,0.16,0.16,0.52,0.52,0.43,0.3,0.0,0.0,0.75,0.27,0.95,0.67,0.27,0.95,0.95,0.27,0.27,0.31,0.92,0.31,0.92,0.02,0.55,0.621,0.617,0.492
0.62,0.62,1.0,1.0,0.93,0.93,0.16,0.16,0.59,0.59,0.42,0.3,0.0,0.0,0.75,0.32,0.97,0.7,0.27,0.97,0.97,0.27,0.27,0.31,0.92,0.31,0.92,0.02,0.6,0.626,0.617,0.493
0.62,0.62,1.0,1.0,0.93,0.93,0.16,0.16,0.59,0.59,0.42,0.3,0.0,0.0,0.75,0.35,0.97,0.72,0.28,0.97,0.97,0.28,0.28,0.31,0.92,0.31,0.92,0.03,0.68,0.634,0.615,0.497
0.62,0.62,1.0,1.0,0.93,0.93,0.16,0.16,0.59,0.59,0.42,0.3,0.0,0.0,0.75,0.36,0.98,0.73,0.28,0.98,0.98,0.28,0.28,0.31,0.92,0.31,0.92,0.03,0.81,0.621,0.613,0.494
0.62,0.62,1.0,1.0,0.93,0.93,0.16,0.16,0.59,0.59,0.42,0.3,0.0,0.0,0.75,0.37,0.98,0.74,0.28,0.98,0.98,0.28,0.28,0.31,0.92,0.31,0.92,0.03,0.82,0.623,0.608,0.5
0.61,0.61,1.0,1.0,0.93,0.93,0.16,0.16,0.5,0.5,0.4,0.32,0.0,0.0,0.75,0.37,0.98,0.74,0.28,0.98,0.98,0.28,0.28,0.31,0.92,0.31,0.92,0.03,0.74,0.628,0.605,0.502
0.62,0.62,1.0,1.0,0.93,0.93,0.62,0.61,0.29,0.29,0.39,0.33,0.0,0.0,0.75,0.44,0.97,0.79,0.29,0.97,0.97,0.29,0.29,0.31,0.92,0.31,0.92,0.04,0.59,0.631,0.602,0.503
0.61,0.61,1.0,1.0,0.93,0.93,0.22,0.22,0.38,0.38,0.39,0.34,0.0,0.0,0.75,0.42,0.96,0.78,0.29,0.96,0.97,0.29,0.29,0.31,0.92,0.31,0.92,0.04,0.58,0.631,0.597,0.501
0.61,0.61,1.0,1.0,0.94,0.94,0.16,0.16,0.42,0.42,0.39,0.33,0.0,0.0,0.75,0.4,0.97,0.76,0.29,0.97,0.97,0.29,0.29,0.31,0.92,0.31,0.92,0.04,0.59,0.628,0.59,0.503
0.61,0.61,1.0,1.0,0.94,0.94,0.16,0.16,0.43,0.43,0.38,0.34,0.0,0.0,0.75,0.34,0.96,0.72,0.33,0.96,0.96,0.33,0.33,0.31,0.92,0.31,0.92,0.03,0.61,0.624,0.595,0.499
0.58,0.58,1.0,1.0,0.96,0.96,0.16,0.16,0.44,0.44,0.39,0.34,0.0,0.0,0.5,0.33,0.61,0.71,0.56,0.6,0.62,0.56,0.56,0.39,0.76,0.41,0.72,0.04,1.0,0.624,0.597,0.497
0.58,0.58,1.0,1.0,0.96,0.96,0.16,0.16,0.44,0.44,0.39,0.33,0.0,0.0,0.75,0.31,0.53,0.7,0.56,0.52,0.53,0.56,0.56,0.44,0.66,0.47,0.6,0.05,1.0,0.625,0.602,0.492
0.57,0.57,1.0,1.0,0.96,0.96,0.16,0.16,0.44,0.44,0.4,0.32,0.0,0.0,0.75,0.3,0.51,0.69,0.56,0.5,0.51,0.56,0.56,0.42,0.7,0.45,0.65,0.06,1.0,0.619,0.607,0.494
0.57,0.57,1.0,1.0,0.97,0.97,0.16,0.16,0.66,0.66,0.42,0.31,0.0,0.0,0.75,0.3,0.66,0.69,0.56,0.66,0.67,0.56,0.56,0.31,0.92,0.33,0.89,0.1,1.0,0.624,0.612,0.495
0.57,0.57,1.0,1.0,0.97,0.97,0.16,0.16,0.68,0.68,0.41,0.32,0.0,0.0,0.75,0.3,0.64,0.69,0.56,0.63,0.64,0.56,0.56,0.37,0.81,0.39,0.76,0.12,1.0,0.626,0.62,0.501
0.58,0.58,1.0,1.0,0.96,0.96,0.16,0.16,0.67,0.67,0.41,0.32,0.0,0.0,0.75,0.3,0.62,0.69,0.56,0.61,0.63,0.56,0.56,0.39,0.75,0.41,0.72,0.15,1.0,0.624,0.625,0.505
0.58,0.58,1.0,1.0,0.96,0.96,0.16,0.16,0.66,0.66,0.41,0.32,0.0,0.0,0.75,0.3,0.62,0.69,0.56,0.61,0.63,0.56,0.56,0.39,0.75,0.41,0.71,0.15,1.0,0.629,0.622,0.502
0.58,0.58,1.0,1.0,0.96,0.96,0.16,0.16,0.65,0.65,0.41,0.32,0.0,0.0,0.75,0.3,0.62,0.69,0.56,0.62,0.63,0.56,0.56,0.4,0.74,0.43,0.69,0.15,1.0,0.645,0.618,0.498
0.58,0.58,1.0,1.0,0.96,0.96,0.16,0.16,0.65,0.65,0.41,0.32,0.0,0.0,0.75,0.3,0.62,0.68,0.56,0.62,0.63,0.56,0.56,0.41,0.73,0.43,0.68,0.14,1.0,0.659,0.618,0.504
0.59,0.59,1.0,1.0,0.95,0.95,0.72,0.72,0.29,0.29,0.39,0.33,0.39,0.45,0.5,0.3,0.39,0.68,0.56,0.38,0.39,0.56,0.56,0.81,0.34,0.85,0.31,0.11,1.0,0.668,0.618,0.506
0.58,0.58,1.0,1.0,0.96,0.96,0.19,0.19,0.34,0.34,0.39,0.33,0.02,0.06,0.5,0.29,0.45,0.68,0.56,0.44,0.45,0.56,0.56,0.56,0.44,0.59,0.43,0.1,0.92,0.665,0.623,0.506
0.58,0.58,1.0,1.0,0.96,0.96,0.16,0.16,0.41,0.41,0.39,0.33,0.0,0.0,0.5,0.29,0.49,0.68,0.56,0.49,0.5,0.56,0.56,0.46,0.63,0.49,0.57,0.09,1.0,0.662,0.622,0.511
0.57,0.57,1.0,1.0,0.96,0.96,0.16,0.16,0.41,0.41,0.4,0.33,0.0,0.0,0.5,0.29,0.55,0.68,0.56,0.54,0.55,0.56,0.56,0.42,0.7,0.44,0.65,0.09,1.0,0.646,0.618,0.51
0.57,0.57,1.0,1.0,0.97,0.97,0.16,0.16,0.41,0.41,0.4,0.33,0.0,0.0,0.5,0.28,0.55,0.67,0.56,0.54,0.56,0.56,0.56,0.42,0.71,0.44,0.66,0.08,1.0,0.644,0.622,0.511
0.57,0.57,1.0,1.0,0.97,0.97,0.16,0.16,0.41,0.41,0.4,0.32,0.0,0.0,0.5,0.28,0.54,0.67,0.56,0.53,0.55,0.56,0.56,0.42,0.7,0.45,0.65,0.08,1.0,0.649,0.627,0.506
0.57,0.57,1.0,1.0,0.97,0.97,0.16,0.16,0.4,0.4,0.4,0.33,0.0,0.0,0.5,0.28,0.54,0.67,0.56,0.53,0.54,0.56,0.56,0.43,0.67,0.46,0.63,0.08,1.0,0.657,0.622,0.508
0.57,0.57,1.0,1.0,0.97,0.97,0.16,0.16,0.52,0.52,0.42,0.31,0.0,0.0,0.75,0.28,0.62,0.67,0.56,0.61,0.63,0.56,0.56,0.39,0.77,0.41,0.73,0.1,1.0,0.661,0.625,0.512
0.57,0.57,1.0,1.0,0.97,0.97,0.16,0.16,0.62,0.62,0.41,0.32,0.0,0.02,0.75,0.28,0.63,0.68,0.56,0.63,0.63,0.56,0.56,0.53,0.49,0.56,0.45,0.13,1.0,0.666,0.625,0.513
0.57,0.57,1.0,1.0,0.97,0.97,0.16,0.16,0.63,0.63,0.42,0.31,0.1,0.2,0.75,0.28,0.62,0.67,0.56,0.62,0.62,0.56,0.56,0.62,0.42,0.68,0.39,0.14,1.0,0.671,0.622,0.517
0.57,0.57,1.0,1.0,0.97,0.97,0.16,0.16,0.63,0.63,0.42,0.31,0.13,0.22,0.75,0.28,0.62,0.67,0.56,0.62,0.62,0.56,0.56,0.64,0.41,0.7,0.38,0.14,1.0,0.671,0.623,0.525
0.57,0.57,1.0,1.0,0.97,0.97,0.16,0.16,0.64,0.64,0.42,0.31,0.13,0.21,0.75,0.28,0.62,0.67,0.56,0.62,0.62,0.56,0.56,0.64,0.41,0.69,0.39,0.14,1.0,0.681,0.622,0.521
0.57,0.57,1.0,1.0,0.97,0.97,0.16,0.16,0.64,0.64,0.43,0.3,0.12,0.2,0.75,0.28,0.62,0.67,0.56,0.62,0.62,0.56,0.56,0.63,0.41,0.68,0.39,0.14,1.0,0.68,0.625,0.522
0.56,0.56,1.0,1.0,0.97,0.97,0.16,0.16,0.62,0.62,0.44,0.29,0.48,0.42,0.75,0.28,0.74,0.67,0.56,0.73,0.75,0.56,0.56,0.87,0.31,0.83,0.32,0.14,0.48,0.681,0.625,0.524
0.56,0.56,1.0,1.0,0.98,0.98,0.16,0.16,0.61,0.61,0.44,0.28,0.52,0.45,0.75,0.29,0.91,0.68,0.42,0.9,0.92,0.42,0.42,0.9,0.29,0.85,0.32,0.12,0.38,0.681,0.63,0.527
0.56,0.56,1.0,1.0,0.98,0.98,0.16,0.16,0.62,0.62,0.47,0.26,0.48,0.36,1.0,0.29,0.94,0.68,0.35,0.94,0.95,0.35,0.35,0.87,0.31,0.79,0.35,0.08,0.4,0.679,0.637,0.537
0.56,0.56,1.0,1.0,0.98,0.98,0.16,0.16,0.61,0.61,0.49,0.24,0.42,0.27,1.0,0.28,0.95,0.67,0.33,0.95,0.96,0.33,0.33,0.83,0.33,0.73,0.37,0.07,0.42,0.678,0.638,0.553
0.56,0.56,1.0,1.0,0.97,0.97,0.16,0.16,0.6,0.6,0.49,0.24,0.34,0.2,1.0,0.27,0.95,0.67,0.33,0.95,0.96,0.33,0.33,0.78,0.35,0.68,0.39,0.07,0.43,0.683,0.648,0.555
0.57,0.57,1.0,1.0,0.97,0.97,0.36,0.36,0.24,0.24,0.44,0.29,0.34,0.21,0.75,0.27,0.95,0.66,0.31,0.95,0.96,0.31,0.31,0.78,0.35,0.69,0.39,0.05,0.42,0.688,0.653,0.556
0.57,0.57,1.0,1.0,0.97,0.97,0.16,0.16,0.31,0.31,0.42,0.3,0.0,0.0,1.0,0.25,0.95,0.65,0.28,0.95,0.96,0.28,0.28,0.52,0.5,0.47,0.6,0.04,0.42,0.693,0.652,0.561
0.56,0.56,1.0,1.0,0.98,0.98,0.19,0.18,0.33,0.33,0.4,0.32,0.0,0.0,1.0,0.24,0.96,0.64,0.25,0.96,0.96,0.25,0.25,0.31,0.92,0.31,0.92,0.03,0.45,0.696,0.643,0.561
0.56,0.56,1.0,1.0,0.98,0.98,0.57,0.56,0.23,0.23,0.38,0.35,0.0,0.0,1.0,0.24,0.95,0.64,0.25,0.95,0.95,0.25,0.25,0.31,0.92,0.31,0.92,0.02,0.48,0.697,0.633,0.546
0.56,0.56,1.0,1.0,0.98,0.98,0.2,0.2,0.34,0.34,0.36,0.36,0.0,0.0,1.0,0.24,0.95,0.64,0.25,0.95,0.95,0.25,0.25,0.31,0.92,0.31,0.92,0.02,0.48,0.696,0.63,0.531
0.56,0.56,1.0,1.0,0.98,0.98,0.29,0.29,0.35,0.35,0.36,0.36,0.0,0.0,1.0,0.24,0.95,0.64,0.25,0.95,0.95,0.25,0.25,0.31,0.92,0.31,0.92,0.02,0.48,0.683,0.613,0.515
0.59,0.59,1.0,1.0,0.95,0.95,0.77,0.77,0.3,0.3,0.36,0.36,0.0,0.0,0.75,0.24,0.93,0.64,0.25,0.92,0.93,0.25,0.25,0.31,0.92,0.31,0.92,0.02,0.49,0.671,0.603,0.501
0.57,0.57,1.0,1.0,0.97,0.97,0.16,0.16,0.38,0.38,0.37,0.36,0.0,0.0,1.0,0.24,0.93,0.64,0.25,0.93,0.93,0.25,0.25,0.31,0.92,0.31,0.92,0.02,0.48,0.66,0.593,0.49
0.58,0.58,1.0,1.0,0.96,0.96,0.16,0.16,0.42,0.42,0.37,0.35,0.0,0.0,1.0,0.24,0.94,0.64,0.25,0.93,0.94,0.25,0.25,0.31,0.92,0.31,0.92,0.02,0.48,0.638,0.59,0.49
0.59,0.59,1.0,1.0,0.95,0.95,0.16,0.16,0.43,0.43,0.38,0.35,0.0,0.0,1.0,0.24,0.94,0.64,0.25,0.94,0.94,0.25,0.25,0.31,0.92,0.31,0.92,0.02,0.48,0.624,0.582,0.494
0.63,0.63,1.0,1.0,0.92,0.92,0.67,0.65,0.28,0.28,0.38,0.34,0.0,0.0,0.75,0.24,0.91,0.65,0.26,0.91,0.91,0.26,0.26,0.33,0.89,0.31,0.92,0.02,0.49,0.62,0.575,0.499
0.6,0.6,1.0,1.0,0.94,0.94,0.16,0.16,0.41,0.41,0.38,0.34,0.0,0.0,0.75,0.24,0.93,0.65,0.26,0.92,0.93,0.26,0.26,0.31,0.92,0.31,0.92,0.02,0.48,0.607,0.572,0.503
0.61,0.61,1.0,1.0,0.94,0.94,0.16,0.16,0.43,0.43,0.38,0.35,0.0,0.0,1.0,0.24,0.93,0.64,0.26,0.93,0.93,0.26,0.26,0.36,0.81,0.33,0.87,0.02,0.47,0.601,0.57,0.505
0.6,0.6,1.0,1.0,0.94,0.94,0.16,0.16,0.43,0.43,0.37,0.35,0.0,0.0,1.0,0.24,0.93,0.64,0.26,0.93,0.93,0.26,0.26,0.39,0.77,0.35,0.83,0.02,0.46,0.591,0.57,0.505
0.6,0.6,1.0,1.0,0.94,0.94,0.32,0.31,0.38,0.38,0.38,0.34,0.0,0.0,0.75,0.24,0.93,0.64,0.26,0.93,0.93,0.26,0.26,0.46,0.62,0.43,0.67,0.02,0.47,0.594,0.565,0.508
0.63,0.63,1.0,1.0,0.92,0.92,0.16,0.16,0.61,0.61,0.38,0.35,0.0,0.0,1.0,0.24,0.94,0.64,0.26,0.94,0.95,0.26,0.26,0.38,0.78,0.36,0.82,0.02,0.48,0.596,0.557,0.506
0.63,0.63,1.0,1.0,0.92,0.92,0.16,0.16,0.65,0.65,0.38,0.35,0.0,0.0,1.0,0.24,0.95,0.64,0.26,0.95,0.95,0.26,0.26,0.46,0.63,0.44,0.67,0.03,0.49,0.599,0.548,0.504
0.69,0.69,1.0,1.0,0.87,0.87,0.16,0.16,0.63,0.63,0.38,0.35,0.0,0.0,1.0,0.24,0.95,0.64,0.26,0.95,0.95,0.26,0.26,0.51,0.53,0.5,0.55,0.03,0.51,0.599,0.538,0.511
0.76,0.76,1.0,1.0,0.81,0.81,0.16,0.16,0.63,0.63,0.38,0.35,0.0,0.0,1.0,0.24,0.95,0.64,0.26,0.95,0.95,0.26,0.26,0.53,0.49,0.53,0.5,0.03,0.51,0.607,0.523,0.51
0.77,0.77,1.0,1.0,0.8,0.8,0.16,0.16,0.6,0.6,0.39,0.34,0.02,0.03,1.0,0.24,0.95,0.64,0.26,0.95,0.95,0.26,0.26,0.56,0.45,0.57,0.44,0.03,0.52,0.627,0.512,0.512
0.78,0.78,1.0,1.0,0.8,0.8,0.16,0.16,0.54,0.54,0.37,0.35,0.45,0.48,0.75,0.25,0.92,0.65,0.26,0.92,0.91,0.26,0.26,0.85,0.32,0.87,0.31,0.03,0.52,0.634,0.51,0.508
0.68,0.68,1.0,1.0,0.88,0.88,0.16,0.16,0.48,0.48,0.37,0.35,0.51,0.54,0.5,0.26,0.82,0.66,0.26,0.83,0.82,0.26,0.26,0.89,0.3,0.91,0.29,0.03,0.51,0.634,0.51,0.509
0.62,0.62,1.0,1.0,0.93,0.93,0.16,0.16,0.45,0.45,0.38,0.35,0.57,0.6,0.25,0.27,0.77,0.67,0.27,0.77,0.76,0.27,0.27,0.93,0.28,0.95,0.27,0.03,0.5,0.634,0.512,0.512
0.56,0.56,1.0,1.0,0.97,0.97,0.16,0.16,0.43,0.43,0.38,0.35,0.81,0.81,0.0,0.29,0.38,0.68,0.47,0.39,0.37,0.47,0.47,1.0,0.21,1.0,0.21,0.04,0.7,0.636,0.52,0.518
0.0,0.0,0.0,0.0,1.0,1.0,0.16,0.16,0.39,0.39,0.37,0.35,0.81,0.81,0.0,0.29,0.25,0.68,0.56,0.25,0.25,0.56,0.56,1.0,0.21,1.0,0.21,0.08,1.0,0.671,0.517,0.526
0.0,0.0,0.0,0.0,1.0,1.0,0.16,0.16,0.37,0.37,0.37,0.35,0.78,0.81,0.0,0.28,0.25,0.67,0.56,0.25,0.25,0.56,0.56,1.0,0.22,1.0,0.21,0.09,1.0,0.686,0.517,0.527
0.0,0.0,0.0,0.0,1.0,1.0,0.16,0.16,0.36,0.36,0.37,0.35,0.66,0.73,0.0,0.28,0.25,0.67,0.56,0.25,0.25,0.56,0.56,0.99,0.25,1.0,0.23,0.09,1.0,0.715,0.512,0.525
0.0,0.0,0.0,0.0,1.0,1.0,0.16,0.16,0.35,0.35,0.37,0.35,0.64,0.7,0.0,0.28,0.25,0.67,0.56,0.25,0.25,0.56,0.56,0.98,0.26,1.0,0.24,0.1,1.0,0.721,0.507,0.525
0.0,0.0,0.0,0.0,1.0,1.0,0.16,0.16,0.35,0.35,0.37,0.36,0.72,0.78,0.0,0.28,0.25,0.67,0.56,0.25,0.25,0.56,0.56,1.0,0.24,1.0,0.22,0.14,1.0,0.713,0.513,0.525
0.0,0.0,0.0,0.0,1.0,1.0,0.16,0.16,0.35,0.35,0.37,0.36,0.77,0.81,0.0,0.28,0.25,0.67,0.56,0.25,0.25,0.56,0.56,1.0,0.22,1.0,0.21,0.14,1.0,0.713,0.518,0.527
0.0,0.0,0.0,0.0,1.0,1.0,0.16,0.16,0.35,0.35,0.37,0.36,0.78,0.81,0.0,0.28,0.25,0.67,0.56,0.25,0.25,0.56,0.56,1.0,0.22,1.0,0.21,0.14,1.0,0.725,0.518,0.526
0.0,0.0,0.0,0.0,1.0,1.0,0.16,0.16,0.34,0.34,0.37,0.36,0.78,0.81,0.0,0.28,0.25,0.67,0.56,0.25,0.25,0.56,0.56,1.0,0.22,1.0,0.21,0.17,1.0,0.747,0.52,0.523
0.0,0.0,0.0,0.0,1.0,1.0,0.16,0.16,0.34,0.34,0.37,0.36,0.73,0.8,0.0,0.28,0.25,0.67,0.56,0.25,0.25,0.56,0.56,1.0,0.23,1.0,0.22,0.25,1.0,0.764,0.522,0.529
0.0,0.0,0.0,0.0,1.0,1.0,0.16,0.16,0.34,0.34,0.37,0.36,0.72,0.77,0.0,0.28,0.25,0.68,0.56,0.25,0.25,0.56,0.56,1.0,0.24,1.0,0.22,0.28,1.0,0.772,0.527,0.53
0.0,0.0,0.0,0.0,1.0,1.0,0.16,0.16,0.34,0.34,0.37,0.36,0.7,0.75,0.0,0.29,0.25,0.68,0.56,0.25,0.25,0.56,0.56,1.0,0.24,1.0,0.23,0.3,1.0,0.78,0.532,0.529
0.0,0.0,0.0,0.0,1.0,1.0,0.16,0.16,0.35,0.35,0.37,0.36,0.69,0.73,0.0,0.29,0.25,0.68,0.56,0.25,0.25,0.56,0.56,1.0,0.25,1.0,0.23,0.31,1.0,0.79,0.538,0.529
0.0,0.0,0.0,0.0,1.0,1.0,0.16,0.16,0.35,0.35,0.37,0.36,0.69,0.73,0.0,0.29,0.25,0.68,0.56,0.25,0.25,0.56,0.56,1.0,0.25,1.0,0.23,0.31,1.0,0.793,0.538,0.528
0.0,0.0,0.0,0.0,1.0,1.0,0.16,0.16,0.36,0.36,0.37,0.36,0.69,0.73,0.0,0.29,0.25,0.68,0.56,0.25,0.25,0.56,0.56,1.0,0.25,1.0,0.23,0.3,1.0,0.799,0.538,0.531
0.0,0.0,0.0,0.0,1.0,1.0,0.16,0.16,0.36,0.36,0.37,0.36,0.7,0.77,0.25,0.29,0.25,0.68,0.56,0.25,0.25,0.56,0.56,1.0,0.24,1.0,0.22,0.27,1.0,0.804,0.537,0.528
0.56,0.56,1.0,1.0,0.97,0.97,0.16,0.16,0.48,0.48,0.39,0.34,0.31,0.36,0.25,0.29,0.66,0.68,0.5,0.65,0.67,0.5,0.5,0.76,0.36,0.79,0.34,0.19,1.0,0.801,0.535,0.528
0.59,0.59,1.0,1.0,0.95,0.95,0.16,0.16,0.58,0.58,0.39,0.34,0.0,0.0,0.5,0.38,0.96,0.75,0.32,0.96,0.96,0.32,0.32,0.31,0.92,0.31,0.92,0.17,1.0,0.797,0.535,0.527
0.59,0.59,1.0,1.0,0.95,0.95,0.16,0.16,0.53,0.53,0.4,0.32,0.0,0.0,0.5,0.39,0.97,0.75,0.31,0.97,0.97,0.31,0.31,0.31,0.92,0.32,0.9,0.16,0.97,0.795,0.532,0.525
0.59,0.59,1.0,1.0,0.95,0.95,0.16,0.16,0.54,0.54,0.4,0.33,0.0,0.0,0.5,0.39,0.96,0.76,0.31,0.96,0.96,0.31,0.31,0.34,0.85,0.35,0.84,0.15,0.93,0.778,0.527,0.526
0.59,0.59,1.0,1.0,0.95,0.95,0.16,0.16,0.54,0.54,0.39,0.33,0.0,0.0,0.5,0.4,0.96,0.76,0.31,0.96,0.96,0.31,0.31,0.37,0.79,0.38,0.79,0.15,0.86,0.75,0.513,0.526
0.59,0.59,1.0,1.0,0.95,0.95,0.16,0.16,0.54,0.54,0.39,0.33,0.0,0.0,0.5,0.41,0.96,0.77,0.31,0.96,0.96,0.31,0.31,0.38,0.78,0.38,0.78,0.16,0.91,0.752,0.52,0.525
0.6,0.6,1.0,1.0,0.95,0.95,0.16,0.16,0.54,0.54,0.4,0.33,0.0,0.0,0.5,0.41,0.96,0.77,0.31,0.96,0.96,0.31,0.31,0.39,0.76,0.39,0.75,0.16,0.93,0.751,0.518,0.528
0.6,0.6,1.0,1.0,0.94,0.94,0.16,0.16,0.55,0.55,0.4,0.33,0.0,0.0,0.5,0.41,0.96,0.77,0.31,0.96,0.96,0.31,0.31,0.39,0.75,0.4,0.75,0.16,0.93,0.756,0.522,0.524
0.61,0.61,1.0,1.0,0.94,0.94,0.16,0.16,0.55,0.55,0.4,0.32,0.0,0.0,0.5,0.41,0.95,0.77,0.31,0.95,0.95,0.31,0.31,0.38,0.79,0.37,0.79,0.16,1.0,0.759,0.518,0.528
0.61,0.61,1.0,1.0,0.93,0.93,0.31,0.31,0.36,0.36,0.38,0.35,0.0,0.0,0.5,0.4,0.91,0.76,0.35,0.91,0.91,0.35,0.35,0.38,0.77,0.39,0.77,0.13,1.0,0.755,0.523,0.526
0.6,0.6,1.0,1.0,0.95,0.95,0.16,0.16,0.49,0.49,0.37,0.35,0.22,0.1,0.5,0.36,0.88,0.73,0.46,0.87,0.89,0.46,0.46,0.7,0.39,0.62,0.42,0.15,0.41,0.758,0.522,0.53
0.59,0.59,1.0,1.0,0.95,0.95,0.16,0.16,0.54,0.54,0.38,0.34,0.36,0.2,0.75,0.35,0.87,0.73,0.52,0.85,0.89,0.52,0.52,0.79,0.34,0.68,0.39,0.17,0.52,0.761,0.52,0.528
0.57,0.57,1.0,1.0,0.96,0.96,0.16,0.16,0.53,0.53,0.39,0.34,0.28,0.2,0.75,0.35,0.82,0.73,0.56,0.81,0.84,0.56,0.56,0.74,0.37,0.68,0.39,0.23,0.45,0.756,0.517,0.525
0.57,0.57,1.0,1.0,0.97,0.97,0.16,0.16,0.51,0.51,0.39,0.33,0.04,0.0,0.75,0.4,0.79,0.77,0.56,0.77,0.81,0.56,0.56,0.58,0.43,0.54,0.46,0.44,0.63,0.751,0.518,0.523
0.57,0.57,1.0,1.0,0.97,0.97,0.16,0.16,0.51,0.51,0.39,0.34,0.0,0.0,0.75,0.41,0.79,0.77,0.56,0.77,0.81,0.56,0.56,0.54,0.46,0.51,0.53,0.49,0.5,0.75,0.515,0.525
0.58,0.58,1.0,1.0,0.96,0.96,0.16,0.16,0.38,0.38,0.38,0.34,0.2,0.13,0.75,0.39,0.84,0.75,0.5,0.82,0.86,0.5,0.5,0.68,0.39,0.64,0.41,0.33,0.54,0.752,0.525,0.532
0.59,0.59,1.0,1.0,0.95,0.95,0.16,0.16,0.4,0.4,0.39,0.34,0.27,0.18,0.75,0.37,0.88,0.74,0.44,0.86,0.9,0.44,0.44,0.73,0.37,0.67,0.4,0.21,0.57,0.758,0.533,0.535
0.58,0.58,1.0,1.0,0.96,0.96,0.16,0.16,0.48,0.48,0.39,0.33,0.3,0.15,0.75,0.31,0.93,0.7,0.38,0.92,0.94,0.38,0.38,0.75,0.36,0.65,0.4,0.09,0.61,0.767,0.547,0.526
0.58,0.58,1.0,1.0,0.96,0.96,0.16,0.16,0.47,0.47,0.4,0.33,0.31,0.15,0.75,0.28,0.95,0.68,0.33,0.94,0.96,0.33,0.33,0.76,0.36,0.65,0.4,0.07,0.54,0.777,0.557,0.518
0.58,0.58,1.0,1.0,0.96,0.96,0.16,0.16,0.41,0.41,0.4,0.32,0.31,0.15,0.75,0.27,0.96,0.66,0.31,0.95,0.97,0.31,0.31,0.76,0.36,0.65,0.4,0.05,0.53,0.781,0.557,0.52
0.59,0.59,1.0,1.0,0.96,0.96,0.36,0.36,0.18,0.18,0.38,0.35,0.33,0.15,0.75,0.27,0.95,0.67,0.31,0.94,0.96,0.31,0.31,0.77,0.35,0.65,0.4,0.05,0.49,0.785,0.577,0.514
0.58,0.58,1.0,1.0,0.96,0.96,0.19,0.19,0.24,0.24,0.38,0.35,0.28,0.16,0.75,0.27,0.95,0.66,0.3,0.95,0.96,0.3,0.3,0.74,0.37,0.66,0.4,0.05,0.49,0.786,0.587,0.515
0.57,0.57,1.0,1.0,0.97,0.97,0.16,0.16,0.26,0.26,0.37,0.35,0.25,0.16,1.0,0.25,0.96,0.65,0.29,0.96,0.97,0.29,0.29,0.72,0.37,0.66,0.4,0.04,0.48,0.789,0.59,0.516
0.56,0.56,1.0,1.0,0.98,0.98,0.16,0.16,0.27,0.27,0.37,0.35,0.12,0.07,1.0,0.24,0.97,0.64,0.27,0.97,0.97,0.27,0.27,0.63,0.41,0.6,0.43,0.02,0.5,0.791,0.602,0.517
0.4,0.4,0.7,0.7,1.0,1.0,0.16,0.16,0.3,0.3,0.37,0.35,0.1,0.06,1.0,0.23,0.98,0.64,0.26,0.98,0.98,0.26,0.26,0.62,0.42,0.59,0.43,0.02,0.5,0.788,0.602,0.512
0.41,0.41,0.71,0.71,1.0,1.0,0.16,0.16,0.29,0.29,0.37,0.35,0.1,0.06,1.0,0.23,0.98,0.63,0.26,0.98,0.98,0.26,0.26,0.62,0.42,0.59,0.43,0.02,0.51,0.78,0.595,0.512
0.56,0.56,1.0,1.0,0.98,0.98,0.4,0.39,0.2,0.2,0.37,0.36,0.1,0.07,1.0,0.25,0.97,0.65,0.28,0.97,0.97,0.28,0.28,0.62,0.42,0.6,0.43,0.03,0.52,0.766,0.59,0.511
0.43,0.43,0.76,0.76,1.0,1.0,0.16,0.16,0.29,0.29,0.36,0.36,0.1,0.07,1.0,0.24,0.97,0.64,0.26,0.97,0.97,0.26,0.26,0.62,0.42,0.6,0.43,0.02,0.52,0.751,0.582,0.507
0.43,0.43,0.76,0.76,1.0,1.0,0.16,0.16,0.33,0.33,0.36,0.36,0.1,0.07,1.0,0.23,0.97,0.64,0.26,0.97,0.98,0.26,0.26,0.62,0.42,0.6,0.43,0.02,0.52,0.739,0.575,0.507
0.42,0.42,0.74,0.74,1.0,1.0,0.16,0.16,0.35,0.35,0.36,0.36,0.1,0.09,1.0,0.23,0.97,0.63,0.27,0.97,0.98,0.27,0.27,0.62,0.42,0.61,0.43,0.02,0.51,0.737,0.568,0.507
0.63,0.63,1.0,1.0,0.92,0.92,0.4,0.4,0.25,0.25,0.36,0.37,0.12,0.1,1.0,0.3,0.92,0.69,0.34,0.91,0.92,0.34,0.34,0.63,0.41,0.62,0.42,0.04,0.5,0.727,0.558,0.501
0.7,0.7,1.0,1.0,0.86,0.86,0.16,0.16,0.37,0.37,0.36,0.37,0.07,0.06,1.0,0.3,0.95,0.69,0.32,0.95,0.95,0.32,0.32,0.6,0.43,0.59,0.43,0.04,0.53,0.709,0.543,0.495
0.57,0.57,1.0,1.0,0.97,0.97,0.16,0.16,0.39,0.39,0.35,0.37,0.09,0.06,1.0,0.26,0.96,0.66,0.28,0.96,0.96,0.28,0.28,0.61,0.42,0.59,0.43,0.04,0.53,0.687,0.533,0.491
0.56,0.56,1.0,1.0,0.98,0.98,0.16,0.16,0.39,0.39,0.36,0.37,0.1,0.04,1.0,0.24,0.96,0.64,0.27,0.96,0.97,0.27,0.27,0.62,0.42,0.58,0.44,0.03,0.54,0.671,0.527,0.491
0.57,0.57,1.0,1.0,0.97,0.97,0.92,0.92,0.28,0.28,0.37,0.36,0.1,0.1,1.0,0.27,0.93,0.67,0.3,0.92,0.93,0.3,0.3,0.62,0.42,0.62,0.42,0.04,0.56,0.642,0.532,0.494
0.56,0.56,1.0,1.0,0.98,0.98,0.16,0.16,0.31,0.31,0.36,0.36,0.1,0.1,1.0,0.25,0.96,0.65,0.27,0.96,0.96,0.27,0.27,0.62,0.42,0.62,0.42,0.04,0.56,0.644,0.532,0.495
0.44,0.44,0.79,0.79,1.0,1.0,0.16,0.16,0.35,0.35,0.36,0.36,0.09,0.07,1.0,0.24,0.97,0.64,0.26,0.97,0.97,0.26,0.26,0.61,0.42,0.6,0.43,0.03,0.57,0.646,0.527,0.493
0.45,0.45,0.81,0.81,1.0,1.0,0.16,0.16,0.35,0.35,0.36,0.36,0.07,0.06,1.0,0.23,0.97,0.64,0.28,0.97,0.97,0.28,0.28,0.6,0.43,0.59,0.43,0.03,0.55,0.658,0.533,0.494
0.43,0.43,0.78,0.78,1.0,1.0,0.16,0.16,0.35,0.35,0.37,0.36,0.07,0.06,1.0,0.33,0.83,0.71,0.45,0.83,0.84,0.45,0.45,0.6,0.43,0.59,0.43,0.11,0.55,0.663,0.532,0.495
0.56,0.56,1.0,1.0,0.98,0.98,0.16,0.16,0.34,0.34,0.37,0.35,0.06,0.06,1.0,0.36,0.79,0.73,0.49,0.78,0.8,0.49,0.49,0.59,0.43,0.59,0.43,0.13,0.62,0.671,0.538,0.491
0.56,0.56,1.0,1.0,0.98,0.98,0.16,0.16,0.35,0.35,0.37,0.35,0.03,0.04,1.0,0.36,0.77,0.73,0.55,0.76,0.78,0.55,0.55,0.57,0.44,0.58,0.44,0.13,0.77,0.68,0.548,0.492
0.57,0.57,1.0,1.0,0.97,0.97,0.67,0.58,0.22,0.22,0.36,0.36,0.0,0.0,0.75,0.33,0.73,0.71,0.56,0.72,0.75,0.56,0.56,0.45,0.64,0.47,0.61,0.09,0.85,0.691,0.548,0.496
0.6,0.6,1.0,1.0,0.94,0.94,0.2,0.19,0.32,0.32,0.37,0.35,0.0,0.0,0.75,0.29,0.93,0.68,0.3,0.93,0.93,0.3,0.3,0.31,0.92,0.31,0.92,0.04,0.41,0.693,0.56,0.505
0.6,0.6,1.0,1.0,0.94,0.94,0.16,0.16,0.36,0.36,0.37,0.35,0.0,0.0,0.5,0.28,0.85,0.67,0.45,0.85,0.86,0.45,0.45,0.35,0.84,0.34,0.86,0.03,0.45,0.695,0.563,0.508
0.6,0.6,1.0,1.0,0.94,0.94,0.16,0.16,0.37,0.37,0.38,0.34,0.0,0.02,0.5,0.29,0.66,0.68,0.56,0.66,0.67,0.56,0.56,0.55,0.45,0.56,0.44,0.05,0.9,0.694,0.572,0.511
0.59,0.59,1.0,1.0,0.95,0.95,0.16,0.16,0.38,0.38,0.38,0.34,0.0,0.02,0.5,0.28,0.6,0.68,0.56,0.59,0.61,0.56,0.56,0.54,0.47,0.56,0.44,0.07,1.0,0.704,0.58,0.505
0.59,0.59,1.0,1.0,0.95,0.95,0.16,0.16,0.38,0.38,0.39,0.34,0.0,0.0,0.5,0.28,0.59,0.67,0.56,0.58,0.6,0.56,0.56,0.54,0.47,0.55,0.45,0.07,1.0,0.697,0.595,0.498
0.59,0.59,1.0,1.0,0.95,0.95,0.16,0.16,0.4,0.4,0.39,0.34,0.02,0.04,0.5,0.28,0.59,0.67,0.56,0.58,0.61,0.56,0.56,0.56,0.44,0.58,0.44,0.08,1.0,0.706,0.605,0.501
0.59,0.59,1.0,1.0,0.96,0.96,0.16,0.16,0.59,0.59,0.4,0.33,0.0,0.0,0.75,0.28,0.7,0.67,0.56,0.7,0.71,0.56,0.56,0.5,0.55,0.51,0.52,0.12,1.0,0.704,0.612,0.502
0.59,0.59,1.0,1.0,0.95,0.95,0.16,0.16,0.61,0.61,0.4,0.32,0.1,0.15,0.75,0.28,0.71,0.67,0.56,0.7,0.72,0.56,0.56,0.62,0.42,0.65,0.4,0.16,1.0,0.7,0.615,0.505
0.59,0.59,1.0,1.0,0.95,0.95,0.16,0.16,0.67,0.67,0.41,0.32,0.2,0.24,0.75,0.28,0.71,0.67,0.56,0.71,0.72,0.56,0.56,0.68,0.39,0.71,0.38,0.18,1.0,0.702,0.617,0.505
0.59,0.59,1.0,1.0,0.95,0.95,0.16,0.16,0.66,0.66,0.41,0.32,0.25,0.31,0.75,0.28,0.71,0.67,0.56,0.7,0.72,0.56,0.56,0.72,0.37,0.76,0.36,0.2,1.0,0.702,0.617,0.507
0.59,0.59,1.0,1.0,0.95,0.95,0.16,0.16,0.66,0.66,0.41,0.32,0.3,0.34,0.75,0.28,0.7,0.67,0.56,0.7,0.71,0.56,0.56,0.75,0.36,0.78,0.35,0.2,1.0,0.707,0.615,0.51
0.59,0.59,1.0,1.0,0.95,0.95,0.16,0.16,0.65,0.65,0.41,0.32,0.25,0.3,0.75,0.28,0.68,0.67,0.56,0.68,0.69,0.56,0.56,0.72,0.37,0.75,0.36,0.2,1.0,0.716,0.612,0.515
0.59,0.59,1.0,1.0,0.95,0.95,0.16,0.16,0.66,0.66,0.41,0.32,0.25,0.3,0.75,0.27,0.68,0.67,0.56,0.67,0.69,0.56,0.56,0.72,0.38,0.75,0.36,0.19,1.0,0.724,0.61,0.523
0.59,0.59,1.0,1.0,0.95,0.95,0.16,0.16,0.49,0.49,0.4,0.33,0.33,0.38,0.75,0.27,0.6,0.67,0.56,0.59,0.61,0.56,0.56,0.77,0.35,0.8,0.34,0.17,1.0,0.726,0.605,0.527
0.59,0.59,1.0,1.0,0.95,0.95,0.16,0.16,0.34,0.34,0.39,0.33,0.48,0.52,0.5,0.27,0.45,0.67,0.56,0.44,0.46,0.56,0.56,0.87,0.31,0.9,0.3,0.15,1.0,0.726,0.607,0.528
0.6,0.6,1.0,1.0,0.95,0.95,0.16,0.16,0.36,0.36,0.39,0.33,0.52,0.55,0.5,0.27,0.44,0.66,0.56,0.43,0.45,0.56,0.56,0.9,0.29,0.92,0.29,0.15,1.0,0.721,0.603,0.529
0.6,0.6,1.0,1.0,0.94,0.94,0.16,0.16,0.37,0.37,0.39,0.33,0.7,0.73,0.5,0.27,0.41,0.66,0.56,0.39,0.42,0.56,0.56,1.0,0.24,1.0,0.23,0.14,1.0,0.719,0.602,0.527
0.59,0.59,1.0,1.0,0.95,0.95,0.23,0.23,0.37,0.37,0.4,0.33,0.81,0.81,0.5,0.27,0.4,0.66,0.56,0.39,0.41,0.56,0.56,1.0,0.21,1.0,0.21,0.12,1.0,0.726,0.6,0.528
0.59,0.59,1.0,1.0,0.95,0.95,0.46,0.41,0.35,0.35,0.41,0.32,0.81,0.81,0.5,0.27,0.34,0.66,0.56,0.33,0.35,0.56,0.56,1.0,0.21,1.0,0.21,0.11,1.0,0.722,0.608,0.522
0.59,0.59,1.0,1.0,0.95,0.95,0.44,0.42,0.34,0.34,0.42,0.31,0.81,0.81,0.5,0.27,0.34,0.66,0.56,0.34,0.35,0.56,0.56,1.0,0.21,1.0,0.21,0.1,1.0,0.709,0.613,0.525
0.59,0.59,1.0,1.0,0.95,0.95,0.33,0.32,0.34,0.34,0.41,0.31,0.81,0.81,0.5,0.27,0.38,0.67,0.56,0.37,0.39,0.56,0.56,1.0,0.21,1.0,0.21,0.09,1.0,0.698,0.622,0.521
0.59,0.59,1.0,1.0,0.95,0.95,0.3,0.3,0.35,0.35,0.41,0.31,0.8,0.81,0.5,0.27,0.43,0.67,0.56,0.42,0.44,0.56,0.56,1.0,0.22,1.0,0.21,0.09,1.0,0.681,0.625,0.524
0.61,0.61,1.0,1.0,0.94,0.94,0.24,0.24,0.36,0.36,0.42,0.31,0.45,0.45,0.5,0.28,0.72,0.67,0.52,0.71,0.73,0.52,0.52,0.85,0.32,0.85,0.32,0.08,0.91,0.666,0.618,0.528
0.7,0.7,1.0,1.0,0.87,0.87,0.89,0.89,0.31,0.31,0.39,0.34,0.0,0.0,0.5,0.34,0.94,0.72,0.3,0.94,0.94,0.3,0.3,0.41,0.73,0.39,0.75,0.04,0.45,0.661,0.618,0.535
0.7,0.7,1.0,1.0,0.86,0.86,0.34,0.33,0.34,0.34,0.39,0.33,0.0,0.0,0.75,0.34,0.95,0.72,0.3,0.95,0.95,0.3,0.3,0.31,0.92,0.31,0.92,0.05,0.49,0.666,0.617,0.532
0.73,0.73,1.0,1.0,0.83,0.83,0.29,0.29,0.36,0.36,0.39,0.33,0.0,0.0,0.75,0.34,0.96,0.71,0.3,0.96,0.96,0.3,0.3,0.31,0.92,0.31,0.92,0.06,0.72,0.666,0.617,0.529
0.73,0.73,1.0,1.0,0.84,0.84,0.3,0.29,0.36,0.36,0.39,0.33,0.0,0.0,0.75,0.34,0.96,0.71,0.3,0.96,0.96,0.3,0.3,0.31,0.92,0.31,0.92,0.07,0.82,0.671,0.613,0.527
0.73,0.73,1.0,1.0,0.84,0.84,0.3,0.29,0.35,0.35,0.39,0.33,0.0,0.0,0.75,0.34,0.96,0.72,0.3,0.96,0.96,0.3,0.3,0.31,0.92,0.31,0.92,0.07,0.84,0.675,0.61,0.52
0.73,0.73,1.0,1.0,0.84,0.84,0.3,0.29,0.35,0.35,0.39,0.33,0.0,0.0,0.75,0.34,0.96,0.72,0.31,0.96,0.96,0.31,0.31,0.31,0.92,0.31,0.92,0.07,0.87,0.682,0.603,0.519
0.73,0.73,1.0,1.0,0.84,0.84,0.31,0.31,0.35,0.35,0.39,0.33,0.0,0.0,0.75,0.34,0.96,0.72,0.31,0.96,0.96,0.31,0.31,0.31,0.92,0.31,0.92,0.08,0.9,0.691,0.597,0.513
0.75,0.75,1.0,1.0,0.82,0.82,0.29,0.28,0.35,0.35,0.39,0.33,0.0,0.0,0.75,0.34,0.96,0.72,0.31,0.96,0.96,0.31,0.31,0.31,0.92,0.31,0.92,0.1,1.0,0.699,0.592,0.515
0.77,0.77,1.0,1.0,0.8,0.8,0.16,0.16,0.53,0.53,0.4,0.32,0.0,0.0,0.75,0.35,0.96,0.72,0.33,0.96,0.97,0.33,0.33,0.31,0.91,0.31,0.92,0.14,1.0,0.704,0.585,0.516
0.77,0.77,1.0,1.0,0.81,0.81,0.16,0.16,0.61,0.61,0.39,0.33,0.0,0.0,0.75,0.36,0.97,0.73,0.33,0.97,0.97,0.33,0.33,0.31,0.92,0.31,0.92,0.18,1.0,0.708,0.58,0.517
0.76,0.76,1.0,1.0,0.81,0.81,0.16,0.16,0.63,0.63,0.39,0.34,0.0,0.0,0.75,0.36,0.97,0.74,0.34,0.97,0.98,0.34,0.34,0.31,0.92,0.31,0.92,0.19,1.0,0.71,0.578,0.518
0.76,0.76,1.0,1.0,0.81,0.81,0.16,0.16,0.64,0.64,0.39,0.34,0.0,0.0,0.75,0.37,0.97,0.74,0.34,0.97,0.98,0.34,0.34,0.31,0.92,0.31,0.92,0.19,1.0,0.719,0.575,0.516
0.76,0.76,1.0,1.0,0.81,0.81,0.16,0.16,0.64,0.64,0.4,0.33,0.0,0.0,0.75,0.38,0.97,0.75,0.33,0.97,0.98,0.33,0.33,0.31,0.92,0.31,0.92,0.19,1.0,0.724,0.568,0.52
0.76,0.76,1.0,1.0,0.82,0.82,0.16,0.16,0.65,0.65,0.41,0.32,0.0,0.0,0.75,0.38,0.98,0.75,0.33,0.98,0.98,0.33,0.33,0.31,0.92,0.31,0.92,0.19,1.0,0.739,0.563,0.512
0.75,0.75,1.0,1.0,0.82,0.82,0.16,0.16,0.66,0.66,0.41,0.32,0.0,0.0,0.75,0.38,0.98,0.75,0.33,0.98,0.98,0.33,0.33,0.31,0.92,0.31,0.92,0.18,1.0,0.754,0.557,0.507
0.75,0.75,1.0,1.0,0.82,0.82,0.16,0.16,0.65,0.65,0.4,0.33,0.0,0.0,0.75,0.38,0.98,0.75,0.33,0.98,0.98,0.33,0.33,0.31,0.92,0.31,0.92,0.18,1.0,0.766,0.555,0.505
0.75,0.75,1.0,1.0,0.82,0.82,0.16,0.16,0.63,0.63,0.4,0.33,0.0,0.0,0.75,0.38,0.97,0.74,0.33,0.97,0.98,0.33,0.33,0.32,0.9,0.31,0.91,0.15,1.0,0.761,0.552,0.507
0.76,0.76,1.0,1.0,0.82,0.82,0.16,0.16,0.61,0.61,0.4,0.33,0.0,0.0,0.75,0.38,0.97,0.75,0.32,0.97,0.98,0.32,0.32,0.32,0.89,0.32,0.9,0.14,1.0,0.761,0.55,0.507
0.76,0.76,1.0,1.0,0.82,0.82,0.16,0.16,0.62,0.62,0.4,0.33,0.0,0.0,0.75,0.39,0.96,0.75,0.41,0.96,0.97,0.41,0.41,0.36,0.81,0.35,0.84,0.16,1.0,0.755,0.553,0.509
0.73,0.73,1.0,1.0,0.84,0.84,0.16,0.16,0.63,0.63,0.38,0.35,0.0,0.0,0.75,0.38,0.84,0.74,0.51,0.83,0.85,0.51,0.51,0.34,0.85,0.33,0.88,0.24,1.0,0.755,0.555,0.509
0.73,0.73,1.0,1.0,0.84,0.84,0.16,0.16,0.62,0.62,0.38,0.35,0.0,0.0,0.75,0.37,0.81,0.74,0.51,0.8,0.82,0.51,0.51,0.34,0.85,0.33,0.88,0.25,1.0,0.76,0.555,0.508
0.73,0.73,1.0,1.0,0.84,0.84,0.16,0.16,0.62,0.62,0.38,0.35,0.0,0.0,0.75,0.36,0.83,0.73,0.5,0.82,0.84,0.5,0.5,0.31,0.91,0.31,0.92,0.25,1.0,0.766,0.557,0.509
0.73,0.73,1.0,1.0,0.84,0.84,0.16,0.16,0.62,0.62,0.38,0.35,0.0,0.0,0.75,0.36,0.86,0.74,0.5,0.85,0.87,0.5,0.5,0.31,0.91,0.31,0.92,0.2,1.0,0.776,0.555,0.509
0.73,0.73,1.0,1.0,0.84,0.84,0.16,0.16,0.6,0.6,0.39,0.34,0.0,0.0,0.75,0.39,0.87,0.75,0.48,0.86,0.88,0.48,0.48,0.33,0.88,0.33,0.88,0.14,1.0,0.779,0.557,0.506
0.73,0.73,1.0,1.0,0.84,0.84,0.16,0.16,0.6,0.6,0.39,0.34,0.0,0.0,0.75,0.39,0.88,0.75,0.48,0.87,0.88,0.48,0.48,0.33,0.88,0.33,0.87,0.13,1.0,0.787,0.555,0.513
0.72,0.72,1.0,1.0,0.84,0.84,0.16,0.16,0.62,0.62,0.39,0.34,0.0,0.0,0.75,0.38,0.88,0.74,0.5,0.87,0.88,0.5,0.5,0.31,0.92,0.31,0.91,0.21,1.0,0.796,0.557,0.515
0.72,0.72,1.0,1.0,0.85,0.85,0.16,0.16,0.63,0.63,0.38,0.34,0.0,0.0,0.75,0.36,0.89,0.73,0.5,0.88,0.89,0.5,0.5,0.31,0.92,0.31,0.91,0.26,1.0,0.798,0.557,0.515
0.71,0.71,1.0,1.0,0.85,0.85,0.16,0.16,0.63,0.63,0.38,0.35,0.0,0.0,0.75,0.36,0.9,0.73,0.48,0.89,0.9,0.48,0.48,0.31,0.92,0.31,0.92,0.3,1.0,0.797,0.558,0.513
0.71,0.71,1.0,1.0,0.86,0.86,0.16,0.16,0.63,0.63,0.38,0.35,0.0,0.0,0.75,0.36,0.9,0.73,0.48,0.89,0.91,0.48,0.48,0.31,0.92,0.31,0.92,0.34,1.0,0.786,0.558,0.512
0.71,0.71,1.0,1.0,0.86,0.86,0.16,0.16,0.64,0.64,0.39,0.34,0.0,0.0,0.75,0.36,0.9,0.73,0.48,0.89,0.91,0.48,0.48,0.31,0.92,0.31,0.92,0.35,1.0,0.784,0.56,0.516
0.71,0.71,1.0,1.0,0.86,0.86,0.16,0.16,0.65,0.65,0.41,0.32,0.0,0.0,0.75,0.36,0.92,0.74,0.45,0.92,0.92,0.45,0.45,0.31,0.92,0.32,0.91,0.23,1.0,0.785,0.562,0.517
0.71,0.71,1.0,1.0,0.85,0.85,0.16,0.16,0.64,0.64,0.41,0.32,0.0,0.0,0.75,0.37,0.94,0.74,0.4,0.94,0.94,0.4,0.4,0.31,0.92,0.31,0.91,0.17,1.0,0.796,0.562,0.519
0.71,0.71,1.0,1.0,0.85,0.85,0.16,0.16,0.63,0.63,0.42,0.31,0.0,0.0,0.75,0.36,0.94,0.73,0.36,0.94,0.95,0.36,0.36,0.31,0.92,0.31,0.92,0.13,1.0,0.795,0.565,0.52
0.72,0.72,1.0,1.0,0.85,0.85,0.16,0.16,0.61,0.61,0.4,0.33,0.0,0.0,0.75,0.33,0.95,0.71,0.35,0.95,0.95,0.35,0.35,0.31,0.92,0.31,0.92,0.1,1.0,0.799,0.563,0.518
0.72,0.72,1.0,1.0,0.85,0.85,0.16,0.16,0.62,0.62,0.4,0.33,0.0,0.0,0.75,0.33,0.94,0.71,0.4,0.94,0.95,0.4,0.4,0.32,0.9,0.32,0.9,0.1,1.0,0.799,0.563,0.52
0.7,0.7,1.0,1.0,0.86,0.86,0.16,0.16,0.63,0.63,0.39,0.34,0.0,0.0,0.75,0.35,0.81,0.72,0.51,0.81,0.82,0.51,0.51,0.38,0.78,0.38,0.79,0.23,1.0,0.801,0.567,0.522
0.69,0.69,1.0,1.0,0.87,0.87,0.16,0.16,0.63,0.63,0.39,0.34,0.0,0.0,0.75,0.34,0.8,0.72,0.5,0.79,0.81,0.5,0.5,0.33,0.87,0.33,0.87,0.34,1.0,0.794,0.563,0.517
0.68,0.68,1.0,1.0,0.87,0.87,0.16,0.16,0.64,0.64,0.39,0.34,0.0,0.0,0.75,0.34,0.8,0.72,0.49,0.79,0.82,0.49,0.49,0.34,0.86,0.34,0.86,0.37,1.0,0.801,0.56,0.516
0.68,0.68,1.0,1.0,0.87,0.87,0.16,0.16,0.65,0.65,0.39,0.34,0.0,0.0,0.75,0.34,0.82,0.72,0.49,0.81,0.83,0.49,0.49,0.33,0.89,0.31,0.91,0.31,1.0,0.801,0.56,0.519
0.72,0.72,1.0,1.0,0.85,0.85,0.16,0.16,0.54,0.54,0.39,0.33,0.0,0.0,0.75,0.33,0.84,0.71,0.49,0.83,0.85,0.49,0.49,0.33,0.89,0.32,0.9,0.25,1.0,0.806,0.555,0.516
0.73,0.73,1.0,1.0,0.84,0.84,0.16,0.16,0.39,0.39,0.39,0.33,0.0,0.0,0.75,0.32,0.83,0.7,0.48,0.83,0.84,0.48,0.48,0.31,0.92,0.31,0.92,0.18,1.0,0.805,0.555,0.518
0.73,0.73,1.0,1.0,0.84,0.84,0.16,0.16,0.42,0.42,0.39,0.33,0.0,0.0,0.75,0.33,0.84,0.71,0.46,0.84,0.84,0.46,0.46,0.32,0.89,0.32,0.9,0.08,1.0,0.815,0.552,0.521
0.75,0.75,1.0,1.0,0.82,0.82,0.16,0.16,0.42,0.42,0.39,0.33,0.0,0.0,0.75,0.34,0.89,0.72,0.36,0.89,0.89,0.36,0.36,0.31,0.92,0.31,0.92,0.05,0.85,0.813,0.552,0.521
0.75,0.75,1.0,1.0,0.82,0.82,0.16,0.16,0.44,0.44,0.39,0.33,0.0,0.0,0.75,0.34,0.89,0.72,0.4,0.89,0.88,0.4,0.4,0.33,0.89,0.32,0.89,0.05,0.77,0.814,0.555,0.519
0.75,0.75,1.0,1.0,0.82,0.82,0.16,0.16,0.47,0.47,0.39,0.34,0.0,0.0,0.75,0.35,0.84,0.72,0.46,0.84,0.84,0.46,0.46,0.31,0.92,0.31,0.92,0.1,1.0,0.806,0.563,0.526
0.75,0.75,1.0,1.0,0.83,0.83,0.16,0.16,0.49,0.49,0.38,0.34,0.0,0.0,0.75,0.34,0.8,0.72,0.48,0.8,0.8,0.48,0.48,0.31,0.92,0.31,0.92,0.14,1.0,0.772,0.583,0.527
0.74,0.74,1.0,1.0,0.83,0.83,0.16,0.16,0.51,0.51,0.38,0.34,0.0,0.0,0.75,0.33,0.8,0.71,0.49,0.8,0.8,0.49,0.49,0.31,0.92,0.31,0.92,0.16,1.0,0.737,0.598,0.525
0.74,0.74,1.0,1.0,0.83,0.83,0.16,0.16,0.53,0.53,0.37,0.35,0.0,0.0,0.75,0.33,0.81,0.71,0.47,0.82,0.81,0.47,0.47,0.31,0.92,0.31,0.92,0.16,1.0,0.707,0.607,0.514
0.76,0.76,1.0,1.0,0.81,0.81,0.16,0.16,0.53,0.53,0.37,0.35,0.0,0.0,0.75,0.35,0.9,0.72,0.36,0.9,0.89,0.36,0.36,0.31,0.92,0.31,0.92,0.06,0.55,0.691,0.612,0.514
0.76,0.76,1.0,1.0,0.81,0.81,0.16,0.16,0.52,0.52,0.35,0.37,0.0,0.0,0.75,0.33,0.92,0.71,0.34,0.92,0.91,0.34,0.34,0.31,0.91,0.32,0.89,0.05,0.59,0.669,0.615,0.509
0.75,0.75,1.0,1.0,0.82,0.82,0.16,0.16,0.52,0.52,0.35,0.37,0.0,0.0,0.75,0.35,0.85,0.72,0.44,0.86,0.85,0.44,0.44,0.31,0.91,0.32,0.9,0.08,0.94,0.653,0.62,0.51
0.74,0.74,1.0,1.0,0.83,0.83,0.16,0.16,0.52,0.52,0.33,0.39,0.0,0.0,0.75,0.34,0.83,0.72,0.48,0.83,0.83,0.48,0.48,0.31,0.92,0.31,0.92,0.15,1.0,0.625,0.615,0.506
0.73,0.73,1.0,1.0,0.84,0.84,0.16,0.16,0.51,0.51,0.32,0.4,0.0,0.0,0.75,0.33,0.82,0.71,0.48,0.82,0.83,0.48,0.48,0.31,0.92,0.31,0.92,0.24,1.0,0.599,0.605,0.504
0.73,0.73,1.0,1.0,0.84,0.84,0.16,0.16,0.5,0.5,0.31,0.41,0.0,0.0,0.75,0.32,0.82,0.7,0.49,0.81,0.83,0.49,0.49,0.31,0.92,0.31,0.92,0.26,1.0,0.582,0.595,0.495
0.72,0.72,1.0,1.0,0.84,0.84,0.16,0.16,0.49,0.49,0.3,0.42,0.0,0.0,0.75,0.32,0.81,0.7,0.48,0.81,0.82,0.48,0.48,0.31,0.92,0.31,0.92,0.26,1.0,0.584,0.592,0.497
0.72,0.72,1.0,1.0,0.84,0.84,0.16,0.16,0.5,0.5,0.31,0.41,0.0,0.0,0.75,0.32,0.81,0.7,0.45,0.81,0.82,0.45,0.45,0.31,0.92,0.31,0.92,0.19,1.0,0.586,0.577,0.493
0.73,0.73,1.0,1.0,0.84,0.84,0.16,0.16,0.5,0.5,0.32,0.4,0.0,0.0,0.75,0.33,0.84,0.71,0.42,0.84,0.84,0.42,0.42,0.31,0.92,0.31,0.92,0.11,1.0,0.589,0.557,0.492
0.73,0.73,1.0,1.0,0.84,0.84,0.16,0.16,0.52,0.52,0.34,0.38,0.0,0.0,0.75,0.34,0.89,0.72,0.37,0.89,0.89,0.37,0.37,0.31,0.92,0.31,0.92,0.08,1.0,0.596,0.528,0.489
0.73,0.73,1.0,1.0,0.83,0.83,0.16,0.16,0.56,0.56,0.36,0.36,0.0,0.0,0.75,0.35,0.9,0.73,0.37,0.9,0.89,0.37,0.37,0.31,0.92,0.31,0.91,0.08,1.0,0.607,0.507,0.488
0.73,0.73,1.0,1.0,0.84,0.84,0.16,0.16,0.56,0.56,0.37,0.36,0.0,0.0,0.75,0.35,0.91,0.72,0.35,0.91,0.9,0.35,0.35,0.31,0.92,0.31,0.91,0.07,1.0,0.621,0.473,0.49
0.72,0.72,1.0,1.0,0.84,0.84,0.16,0.16,0.55,0.55,0.37,0.36,0.0,0.0,0.75,0.35,0.91,0.72,0.35,0.91,0.91,0.35,0.35,0.31,0.92,0.31,0.92,0.06,1.0,0.631,0.453,0.489
0.71,0.71,1.0,1.0,0.85,0.85,0.16,0.16,0.64,0.64,0.37,0.35,0.0,0.0,0.75,0.34,0.89,0.72,0.44,0.89,0.88,0.44,0.44,0.31,0.92,0.31,0.91,0.12,1.0,0.634,0.435,0.495
0.69,0.69,1.0,1.0,0.87,0.87,0.16,0.16,0.72,0.72,0.37,0.36,0.0,0.0,0.75,0.34,0.81,0.72,0.5,0.81,0.82,0.5,0.5,0.31,0.92,0.31,0.92,0.2,1.0,0.631,0.427,0.5
0.67,0.67,1.0,1.0,0.89,0.89,0.16,0.16,0.76,0.76,0.37,0.37,0.0,0.0,1.0,0.34,0.84,0.71,0.5,0.83,0.85,0.5,0.5,0.31,0.92,0.31,0.92,0.3,1.0,0.63,0.413,0.505
0.67,0.67,1.0,1.0,0.89,0.89,0.16,0.16,0.76,0.76,0.37,0.37,0.0,0.0,1.0,0.33,0.86,0.71,0.5,0.85,0.87,0.5,0.5,0.31,0.92,0.31,0.92,0.33,1.0,0.637,0.412,0.524
0.67,0.67,1.0,1.0,0.88,0.88,0.16,0.16,0.77,0.77,0.36,0.38,0.0,0.0,1.0,0.33,0.86,0.71,0.48,0.86,0.87,0.48,0.48,0.31,0.92,0.31,0.92,0.34,1.0,0.641,0.417,0.535
0.68,0.68,1.0,1.0,0.88,0.88,0.16,0.16,0.77,0.77,0.36,0.38,0.0,0.0,1.0,0.33,0.87,0.71,0.47,0.86,0.88,0.47,0.47,0.31,0.92,0.31,0.92,0.26,1.0,0.647,0.415,0.534
0.7,0.7,1.0,1.0,0.87,0.87,0.16,0.16,0.76,0.76,0.35,0.38,0.0,0.0,1.0,0.36,0.91,0.74,0.41,0.91,0.91,0.41,0.41,0.31,0.92,0.31,0.92,0.14,1.0,0.649,0.41,0.535
0.7,0.7,1.0,1.0,0.86,0.86,0.16,0.16,0.74,0.74,0.35,0.38,0.0,0.0,1.0,0.37,0.93,0.74,0.38,0.93,0.93,0.38,0.38,0.31,0.92,0.31,0.92,0.11,1.0,0.652,0.405,0.534
0.7,0.7,1.0,1.0,0.86,0.86,0.16,0.16,0.75,0.75,0.35,0.39,0.0,0.0,1.0,0.37,0.93,0.74,0.38,0.93,0.93,0.38,0.38,0.31,0.92,0.31,0.92,0.11,1.0,0.655,0.398,0.54
0.73,0.73,1.0,1.0,0.84,0.84,0.42,0.4,0.36,0.36,0.38,0.34,0.0,0.0,0.75,0.37,0.79,0.74,0.42,0.78,0.79,0.42,0.42,0.39,0.76,0.38,0.77,0.11,1.0,0.666,0.392,0.535
0.72,0.72,1.0,1.0,0.84,0.84,0.2,0.2,0.39,0.39,0.34,0.38,0.0,0.0,0.75,0.33,0.72,0.71,0.48,0.71,0.73,0.48,0.48,0.31,0.91,0.31,0.92,0.14,1.0,0.684,0.385,0.536
0.71,0.71,1.0,1.0,0.86,0.86,0.16,0.16,0.42,0.42,0.33,0.39,0.0,0.0,0.75,0.32,0.76,0.7,0.49,0.75,0.76,0.49,0.49,0.31,0.92,0.31,0.92,0.17,1.0,0.686,0.388,0.531
0.7,0.7,1.0,1.0,0.86,0.86,0.16,0.16,0.42,0.42,0.34,0.38,0.0,0.0,0.75,0.32,0.77,0.7,0.49,0.76,0.78,0.49,0.49,0.31,0.92,0.31,0.92,0.18,1.0,0.689,0.393,0.533
0.69,0.69,1.0,1.0,0.87,0.87,0.16,0.16,0.4,0.4,0.34,0.38,0.0,0.0,0.75,0.32,0.78,0.7,0.48,0.77,0.78,0.48,0.48,0.31,0.92,0.31,0.92,0.19,1.0,0.676,0.402,0.529
0.7,0.7,1.0,1.0,0.87,0.87,0.16,0.16,0.4,0.4,0.34,0.38,0.0,0.0,0.75,0.32,0.85,0.7,0.4,0.85,0.85,0.4,0.4,0.31,0.92,0.31,0.92,0.09,1.0,0.664,0.393,0.529
0.7,0.7,1.0,1.0,0.86,0.86,0.16,0.16,0.4,0.4,0.34,0.38,0.0,0.0,0.75,0.33,0.91,0.71,0.33,0.91,0.91,0.33,0.33,0.31,0.92,0.31,0.92,0.06,1.0,0.658,0.388,0.528
0.7,0.7,1.0,1.0,0.86,0.86,0.16,0.16,0.42,0.42,0.34,0.38,0.0,0.0,0.75,0.33,0.86,0.71,0.39,0.87,0.86,0.39,0.39,0.31,0.92,0.31,0.92,0.06,1.0,0.657,0.385,0.525
0.7,0.7,1.0,1.0,0.86,0.86,0.16,0.16,0.43,0.43,0.34,0.38,0.0,0.0,0.75,0.33,0.77,0.71,0.48,0.77,0.77,0.48,0.48,0.31,0.92,0.31,0.92,0.11,1.0,0.662,0.373,0.522
0.7,0.7,1.0,1.0,0.86,0.86,0.16,0.16,0.44,0.44,0.34,0.38,0.0,0.0,0.75,0.32,0.73,0.7,0.51,0.73,0.74,0.51,0.51,0.31,0.92,0.31,0.92,0.16,1.0,0.674,0.358,0.518
0.7,0.7,1.0,1.0,0.86,0.86,0.16,0.16,0.43,0.43,0.34,0.39,0.0,0.0,0.75,0.31,0.71,0.7,0.52,0.7,0.72,0.52,0.52,0.31,0.92,0.31,0.92,0.25,1.0,0.683,0.357,0.52
0.69,0.69,1.0,1.0,0.87,0.87,0.16,0.16,0.42,0.42,0.34,0.38,0.0,0.0,0.75,0.31,0.72,0.69,0.51,0.72,0.73,0.51,0.51,0.31,0.92,0.31,0.92,0.2,1.0,0.693,0.357,0.521
0.69,0.69,1.0,1.0,0.87,0.87,0.16,0.16,0.42,0.42,0.35,0.38,0.0,0.0,0.75,0.32,0.82,0.7,0.42,0.83,0.82,0.42,0.42,0.31,0.92,0.31,0.92,0.07,1.0,0.69,0.357,0.522
0.69,0.69,1.0,1.0,0.87,0.87,0.16,0.16,0.43,0.43,0.35,0.37,0.0,0.0,0.75,0.33,0.9,0.71,0.35,0.9,0.9,0.35,0.35,0.31,0.92,0.31,0.92,0.06,1.0,0.681,0.353,0.522
0.69,0.69,1.0,1.0,0.87,0.87,0.16,0.16,0.43,0.43,0.35,0.37,0.0,0.0,0.75,0.33,0.87,0.71,0.38,0.87,0.87,0.38,0.38,0.31,0.92,0.31,0.92,0.06,1.0,0.669,0.358,0.523
0.67,0.67,1.0,1.0,0.89,0.89,0.16,0.16,0.43,0.43,0.35,0.37,0.0,0.0,0.75,0.31,0.67,0.69,0.54,0.67,0.68,0.54,0.54,0.32,0.9,0.33,0.88,0.13,1.0,0.664,0.372,0.521
0.66,0.66,1.0,1.0,0.89,0.89,0.16,0.16,0.43,0.43,0.35,0.37,0.0,0.0,0.75,0.3,0.67,0.69,0.52,0.66,0.68,0.52,0.52,0.31,0.92,0.31,0.91,0.24,1.0,0.667,0.373,0.523
0.68,0.68,1.0,1.0,0.88,0.88,0.16,0.16,0.43,0.43,0.35,0.37,0.0,0.0,0.75,0.3,0.67,0.69,0.52,0.67,0.68,0.52,0.52,0.33,0.87,0.35,0.84,0.27,1.0,0.684,0.378,0.518
0.67,0.67,1.0,1.0,0.89,0.89,0.16,0.16,0.42,0.42,0.35,0.37,0.0,0.0,0.75,0.3,0.7,0.68,0.52,0.7,0.71,0.52,0.52,0.32,0.9,0.33,0.87,0.26,1.0,0.697,0.383,0.518
0.68,0.68,1.0,1.0,0.88,0.88,0.16,0.16,0.41,0.41,0.35,0.37,0.0,0.0,0.75,0.3,0.76,0.69,0.45,0.76,0.76,0.45,0.45,0.31,0.92,0.31,0.92,0.13,1.0,0.687,0.387,0.516
0.68,0.68,1.0,1.0,0.88,0.88,0.65,0.64,0.25,0.25,0.36,0.36,0.0,0.0,0.5,0.34,0.85,0.72,0.35,0.85,0.85,0.35,0.35,0.32,0.9,0.32,0.89,0.06,1.0,0.679,0.385,0.515
0.68,0.68,1.0,1.0,0.87,0.87,0.31,0.31,0.34,0.34,0.36,0.36,0.0,0.0,0.75,0.34,0.87,0.72,0.35,0.87,0.87,0.35,0.35,0.31,0.92,0.31,0.92,0.06,1.0,0.672,0.392,0.516
0.67,0.67,1.0,1.0,0.88,0.88,0.16,0.16,0.38,0.38,0.35,0.37,0.0,0.0,0.75,0.34,0.84,0.72,0.4,0.84,0.84,0.4,0.4,0.31,0.92,0.31,0.92,0.06,1.0,0.679,0.395,0.519
0.67,0.67,1.0,1.0,0.89,0.89,0.16,0.16,0.41,0.41,0.35,0.37,0.0,0.0,0.75,0.33,0.73,0.71,0.48,0.73,0.74,0.48,0.48,0.31,0.92,0.31,0.92,0.11,1.0,0.671,0.395,0.538
0.66,0.66,1.0,1.0,0.89,0.89,0.16,0.16,0.43,0.43,0.35,0.37,0.0,0.0,0.75,0.32,0.73,0.7,0.51,0.73,0.73,0.51,0.51,0.31,0.92,0.31,0.92,0.2,1.0,0.669,0.4,0.532
0.67,0.67,1.0,1.0,0.89,0.89,0.16,0.16,0.43,0.43,0.34,0.38,0.0,0.0,0.75,0.31,0.73,0.7,0.5,0.73,0.74,0.5,0.5,0.31,0.91,0.32,0.89,0.26,1.0,0.678,0.398,0.531
0.67,0.67,1.0,1.0,0.89,0.89,0.16,0.16,0.42,0.42,0.35,0.37,0.0,0.0,0.75,0.31,0.78,0.69,0.49,0.77,0.78,0.49,0.49,0.31,0.92,0.31,0.92,0.29,1.0,0.685,0.397,0.524
0.65,0.65,1.0,1.0,0.9,0.9,0.16,0.16,0.39,0.39,0.36,0.36,0.0,0.0,0.75,0.31,0.81,0.69,0.47,0.81,0.81,0.47,0.47,0.31,0.92,0.31,0.92,0.13,1.0,0.689,0.387,0.525
0.68,0.68,1.0,1.0,0.88,0.88,0.16,0.16,0.38,0.38,0.36,0.36,0.0,0.0,0.75,0.31,0.92,0.7,0.34,0.92,0.92,0.34,0.34,0.31,0.92,0.31,0.92,0.07,1.0,0.682,0.388,0.526
0.67,0.67,1.0,1.0,0.89,0.89,0.16,0.16,0.38,0.38,0.36,0.36,0.0,0.0,0.75,0.31,0.93,0.69,0.33,0.93,0.93,0.33,0.33,0.31,0.92,0.31,0.92,0.06,1.0,0.682,0.387,0.527
0.7,0.7,1.0,1.0,0.86,0.86,0.85,0.85,0.23,0.23,0.36,0.36,0.0,0.0,0.5,0.33,0.84,0.71,0.35,0.84,0.84,0.35,0.35,0.4,0.74,0.41,0.72,0.05,1.0,0.675,0.392,0.526
0.66,0.66,1.0,1.0,0.9,0.9,0.23,0.23,0.32,0.32,0.36,0.36,0.0,0.0,0.75,0.34,0.87,0.71,0.37,0.87,0.87,0.37,0.37,0.31,0.92,0.31,0.92,0.05,1.0,0.654,0.4,0.535
0.67,0.67,1.0,1.0,0.89,0.89,0.16,0.16,0.37,0.37,0.36,0.36,0.0,0.0,0.5,0.33,0.84,0.71,0.39,0.85,0.84,0.39,0.39,0.31,0.92,0.31,0.92,0.05,1.0,0.649,0.407,0.531
0.67,0.67,1.0,1.0,0.89,0.89,0.43,0.43,0.28,0.28,0.37,0.36,0.0,0.0,0.5,0.33,0.83,0.71,0.38,0.83,0.83,0.38,0.38,0.35,0.83,0.36,0.82,0.05,1.0,0.659,0.415,0.523
0.73,0.73,1.0,1.0,0.84,0.84,0.95,0.95,0.3,0.3,0.35,0.37,0.0,0.0,0.25,0.34,0.72,0.72,0.38,0.73,0.72,0.38,0.38,0.5,0.56,0.51,0.53,0.05,0.82,0.676,0.413,0.519
0.73,0.73,1.0,1.0,0.84,0.84,0.94,0.94,0.3,0.3,0.35,0.37,0.0,0.0,0.25,0.34,0.76,0.72,0.37,0.76,0.75,0.37,0.37,0.47,0.61,0.48,0.58,0.05,0.81,0.694,0.395,0.521
0.69,0.69,1.0,1.0,0.87,0.87,0.93,0.93,0.31,0.31,0.36,0.36,0.0,0.0,0.5,0.34,0.8,0.72,0.37,0.8,0.8,0.37,0.37,0.44,0.66,0.45,0.65,0.05,0.82,0.702,0.393,0.52
0.66,0.66,1.0,1.0,0.9,0.9,0.24,0.24,0.33,0.33,0.36,0.36,0.0,0.0,0.5,0.34,0.83,0.72,0.37,0.84,0.83,0.37,0.37,0.31,0.92,0.31,0.92,0.05,0.89,0.698,0.393,0.523
0.65,0.65,1.0,1.0,0.9,0.9,0.16,0.16,0.38,0.38,0.36,0.36,0.0,0.0,0.5,0.34,0.84,0.71,0.39,0.84,0.84,0.39,0.39,0.31,0.92,0.31,0.92,0.05,0.95,0.695,0.395,0.522
0.63,0.63,1.0,1.0,0.92,0.92,0.16,0.16,0.4,0.4,0.35,0.37,0.0,0.0,0.75,0.32,0.82,0.7,0.4,0.83,0.81,0.4,0.4,0.31,0.92,0.31,0.92,0.05,0.96,0.689,0.395,0.525
0.63,0.63,1.0,1.0,0.92,0.92,0.16,0.16,0.42,0.42,0.35,0.37,0.0,0.0,0.75,0.32,0.81,0.7,0.42,0.81,0.81,0.42,0.42,0.31,0.92,0.31,0.92,0.05,1.0,0.69,0.397,0.526
0.63,0.63,1.0,1.0,0.92,0.92,0.16,0.16,0.43,0.43,0.36,0.36,0.0,0.0,0.75,0.32,0.82,0.7,0.42,0.83,0.82,0.42,0.42,0.31,0.92,0.31,0.92,0.07,0.99,0.681,0.398,0.522
0.66,0.66,1.0,1.0,0.9,0.9,0.75,0.75,0.26,0.26,0.38,0.34,0.0,0.0,0.5,0.32,0.88,0.7,0.33,0.88,0.87,0.33,0.33,0.35,0.85,0.35,0.84,0.06,0.57,0.685,0.398,0.52
0.66,0.66,1.0,1.0,0.9,0.9,0.28,0.28,0.34,0.34,0.39,0.34,0.0,0.0,0.75,0.32,0.89,0.7,0.31,0.89,0.88,0.31,0.31,0.31,0.92,0.31,0.92,0.05,0.48,0.684,0.407,0.524
0.62,0.62,1.0,1.0,0.93,0.93,0.16,0.16,0.43,0.43,0.41,0.31,0.0,0.0,0.75,0.29,0.92,0.68,0.3,0.92,0.91,0.3,0.3,0.31,0.92,0.31,0.92,0.03,0.49,0.684,0.405,0.525
0.61,0.61,1.0,1.0,0.94,0.94,0.16,0.16,0.44,0.44,0.49,0.23,0.0,0.0,0.75,0.28,0.94,0.67,0.29,0.94,0.93,0.29,0.29,0.31,0.92,0.31,0.92,0.03,0.44,0.681,0.407,0.525
0.61,0.61,1.0,1.0,0.94,0.94,0.16,0.16,0.45,0.45,0.55,0.17,0.0,0.0,0.75,0.27,0.94,0.67,0.29,0.94,0.93,0.29,0.29,0.31,0.92,0.31,0.92,0.03,0.29,0.674,0.41,0.527
0.61,0.61,1.0,1.0,0.94,0.94,0.16,0.16,0.45,0.45,0.6,0.13,0.0,0.0,0.75,0.27,0.94,0.66,0.29,0.94,0.93,0.29,0.29,0.31,0.92,0.31,0.92,0.02,0.21,0.657,0.423,0.521
0.61,0.61,1.0,1.0,0.94,0.94,0.16,0.16,0.45,0.45,0.61,0.12,0.0,0.0,0.75,0.26,0.94,0.66,0.29,0.94,0.94,0.29,0.29,0.31,0.92,0.31,0.92,0.02,0.19,0.648,0.427,0.527
0.6,0.6,1.0,1.0,0.94,0.94,0.16,0.16,0.45,0.45,0.62,0.11,0.0,0.0,0.75,0.26,0.94,0.66,0.29,0.95,0.94,0.29,0.29,0.31,0.92,0.31,0.92,0.02,0.17,0.658,0.445,0.526
0.63,0.63,1.0,1.0,0.92,0.92,0.89,0.89,0.31,0.31,0.53,0.2,0.0,0.0,0.5,0.28,0.88,0.67,0.29,0.89,0.87,0.29,0.29,0.35,0.84,0.33,0.88,0.02,0.16,0.649,0.467,0.525
0.61,0.61,1.0,1.0,0.93,0.93,0.2,0.2,0.37,0.37,0.56,0.16,0.0,0.0,0.5,0.28,0.89,0.67,0.3,0.89,0.88,0.3,0.3,0.31,0.92,0.31,0.92,0.03,0.15,0.644,0.503,0.521
0.6,0.6,1.0,1.0,0.94,0.94,0.16,0.16,0.43,0.43,0.52,0.21,0.0,0.0,0.5,0.28,0.88,0.67,0.34,0.89,0.87,0.34,0.34,0.31,0.92,0.31,0.92,0.03,0.2,0.646,0.528,0.545
0.6,0.6,1.0,1.0,0.94,0.94,0.16,0.16,0.42,0.42,0.5,0.23,0.0,0.0,0.5,0.29,0.79,0.68,0.38,0.8,0.78,0.38,0.38,0.5,0.55,0.5,0.55,0.02,0.28,0.649,0.568,0.614
0.61,0.61,1.0,1.0,0.93,0.93,0.43,0.43,0.32,0.32,0.43,0.29,0.07,0.07,0.5,0.32,0.76,0.71,0.37,0.77,0.75,0.37,0.37,0.6,0.43,0.6,0.43,0.03,0.32,0.643,0.603,0.649
0.6,0.6,1.0,1.0,0.94,0.94,0.16,0.16,0.44,0.44,0.32,0.4,0.0,0.0,0.75,0.31,0.8,0.7,0.41,0.81,0.78,0.41,0.41,0.49,0.56,0.51,0.53,0.02,0.51,0.641,0.633,0.673
0.6,0.6,1.0,1.0,0.95,0.95,0.16,0.16,0.44,0.44,0.25,0.48,0.0,0.0,0.75,0.29,0.81,0.68,0.41,0.82,0.8,0.41,0.41,0.52,0.5,0.54,0.47,0.02,0.75,0.641,0.657,0.678
0.59,0.59,1.0,1.0,0.95,0.95,0.16,0.16,0.45,0.45,0.21,0.52,0.12,0.16,0.5,0.29,0.79,0.68,0.42,0.79,0.79,0.42,0.42,0.63,0.42,0.66,0.4,0.03,1.0,0.633,0.68,0.677
0.58,0.58,1.0,1.0,0.96,0.96,0.16,0.16,0.44,0.44,0.15,0.57,0.03,0.04,0.5,0.28,0.81,0.68,0.39,0.81,0.81,0.39,0.39,0.57,0.44,0.58,0.44,0.03,1.0,0.632,0.688,0.667
0.58,0.58,1.0,1.0,0.96,0.96,0.16,0.16,0.43,0.43,0.1,0.63,0.0,0.0,0.5,0.28,0.8,0.67,0.4,0.79,0.8,0.4,0.4,0.5,0.54,0.52,0.51,0.03,1.0,0.644,0.713,0.645
0.58,0.58,1.0,1.0,0.96,0.96,0.16,0.16,0.41,0.41,0.02,0.72,0.0,0.0,0.5,0.28,0.77,0.68,0.45,0.75,0.79,0.45,0.45,0.47,0.6,0.45,0.64,0.03,1.0,0.651,0.733,0.605
0.58,0.58,1.0,1.0,0.96,0.96,0.16,0.16,0.38,0.38,0.0,0.77,0.0,0.0,0.5,0.28,0.84,0.67,0.39,0.83,0.86,0.39,0.39,0.4,0.73,0.4,0.75,0.03,1.0,0.639,0.735,0.564
0.58,0.58,1.0,1.0,0.96,0.96,0.16,0.16,0.38,0.38,0.0,0.78,0.0,0.0,0.5,0.28,0.82,0.67,0.42,0.81,0.84,0.42,0.42,0.42,0.7,0.41,0.73,0.03,1.0,0.623,0.727,0.517
0.58,0.58,1.0,1.0,0.96,0.96,0.16,0.16,0.38,0.38,0.0,0.78,0.0,0.0,0.5,0.28,0.83,0.67,0.4,0.82,0.85,0.4,0.4,0.45,0.64,0.44,0.67,0.03,1.0,0.616,0.71,0.448
0.59,0.59,1.0,1.0,0.95,0.95,0.16,0.16,0.42,0.42,0.0,0.74,0.0,0.0,0.75,0.28,0.89,0.67,0.33,0.88,0.9,0.33,0.33,0.35,0.83,0.34,0.85,0.03,1.0,0.626,0.698,0.41
0.59,0.59,1.0,1.0,0.95,0.95,0.24,0.23,0.31,0.31,0.08,0.65,0.0,0.0,0.75,0.29,0.85,0.68,0.35,0.84,0.87,0.35,0.35,0.47,0.61,0.47,0.61,0.03,1.0,0.642,0.677,0.365
0.59,0.59,1.0,1.0,0.95,0.95,0.16,0.16,0.4,0.4,0.05,0.68,0.0,0.0,0.75,0.3,0.9,0.69,0.33,0.89,0.91,0.33,0.33,0.34,0.86,0.35,0.85,0.04,1.0,0.651,0.662,0.328
0.58,0.58,1.0,1.0,0.96,0.96,0.16,0.16,0.45,0.45,0.11,0.61,0.0,0.0,0.75,0.29,0.93,0.68,0.32,0.92,0.93,0.32,0.32,0.32,0.89,0.32,0.89,0.04,1.0,0.659,0.617,0.276
0.59,0.59,1.0,1.0,0.95,0.95,0.16,0.16,0.44,0.44,0.2,0.53,0.0,0.0,0.75,0.28,0.91,0.68,0.32,0.9,0.91,0.32,0.32,0.32,0.9,0.32,0.9,0.04,1.0,0.661,0.575,0.237
0.58,0.58,1.0,1.0,0.96,0.96,0.16,0.16,0.43,0.43,0.24,0.49,0.0,0.0,0.75,0.28,0.91,0.67,0.36,0.9,0.91,0.36,0.36,0.35,0.85,0.35,0.83,0.04,1.0,0.665,0.542,0.195
0.58,0.58,1.0,1.0,0.96,0.96,0.16,0.16,0.43,0.43,0.27,0.46,0.0,0.0,0.5,0.28,0.85,0.67,0.38,0.85,0.86,0.38,0.38,0.38,0.77,0.39,0.77,0.04,1.0,0.664,0.525,0.188
0.58,0.58,1.0,1.0,0.96,0.96,0.16,0.16,0.45,0.45,0.29,0.43,0.0,0.0,0.75,0.28,0.88,0.68,0.34,0.87,0.88,0.34,0.34,0.38,0.78,0.39,0.77,0.04,1.0,0.655,0.5,0.197
0.58,0.58,1.0,1.0,0.96,0.96,0.16,0.16,0.47,0.47,0.33,0.4,0.0,0.0,0.75,0.28,0.83,0.68,0.38,0.84,0.83,0.38,0.38,0.39,0.75,0.41,0.73,0.04,1.0,0.651,0.458,0.225
0.59,0.59,1.0,1.0,0.95,0.95,0.28,0.27,0.35,0.35,0.37,0.35,0.18,0.18,0.5,0.29,0.79,0.68,0.37,0.79,0.79,0.37,0.37,0.67,0.4,0.67,0.4,0.03,0.85,0.654,0.402,0.262
0.59,0.59,1.0,1.0,0.95,0.95,0.24,0.23,0.36,0.36,0.37,0.35,0.16,0.2,0.5,0.3,0.78,0.69,0.38,0.78,0.77,0.38,0.38,0.66,0.4,0.68,0.39,0.03,0.89,0.651,0.378,0.284
0.57,0.57,1.0,1.0,0.96,0.96,0.16,0.16,0.5,0.5,0.37,0.35,0.0,0.0,0.75,0.29,0.82,0.68,0.4,0.83,0.81,0.4,0.4,0.36,0.83,0.37,0.8,0.03,0.85,0.65,0.348,0.333
0.57,0.57,1.0,1.0,0.97,0.97,0.16,0.16,0.51,0.51,0.37,0.35,0.0,0.0,0.75,0.29,0.83,0.68,0.43,0.84,0.82,0.43,0.43,0.37,0.81,0.38,0.78,0.03,0.98,0.661,0.328,0.383
0.57,0.57,1.0,1.0,0.96,0.96,0.16,0.16,0.5,0.5,0.37,0.35,0.0,0.0,0.75,0.29,0.81,0.68,0.47,0.81,0.8,0.47,0.47,0.44,0.67,0.44,0.66,0.03,1.0,0.669,0.322,0.43
0.57,0.57,1.0,1.0,0.97,0.97,0.16,0.16,0.48,0.48,0.38,0.34,0.1,0.06,0.75,0.32,0.58,0.7,0.56,0.56,0.6,0.56,0.56,0.62,0.42,0.59,0.43,0.09,1.0,0.676,0.33,0.453
0.57,0.57,1.0,1.0,0.97,0.97,0.18,0.16,0.35,0.35,0.39,0.33,0.27,0.22,0.75,0.32,0.53,0.7,0.56,0.51,0.54,0.56,0.56,0.73,0.37,0.7,0.38,0.1,0.49,0.672,0.342,0.475
0.57,0.57,1.0,1.0,0.97,0.97,0.16,0.16,0.34,0.34,0.39,0.33,0.3,0.24,0.75,0.32,0.65,0.71,0.56,0.63,0.66,0.56,0.56,0.75,0.36,0.71,0.38,0.11,0.31,0.652,0.357,0.51
0.57,0.57,1.0,1.0,0.97,0.97,0.16,0.16,0.38,0.38,0.38,0.34,0.21,0.15,0.75,0.32,0.73,0.7,0.56,0.72,0.75,0.56,0.56,0.69,0.39,0.65,0.41,0.11,0.43,0.633,0.385,0.528
0.57,0.57,1.0,1.0,0.97,0.97,0.16,0.16,0.33,0.33,0.39,0.33,0.2,0.15,0.75,0.32,0.76,0.71,0.56,0.74,0.77,0.56,0.56,0.68,0.39,0.65,0.4,0.1,0.46,0.614,0.413,0.529
0.63,0.63,1.0,1.0,0.92,0.92,0.27,0.27,0.23,0.23,0.38,0.34,0.13,0.13,0.75,0.34,0.76,0.71,0.53,0.75,0.77,0.53,0.53,0.64,0.41,0.64,0.41,0.1,0.48,0.614,0.448,0.526
0.65,0.65,1.0,1.0,0.91,0.91,0.16,0.16,0.26,0.26,0.38,0.34,0.07,0.07,0.75,0.34,0.78,0.72,0.53,0.77,0.79,0.53,0.53,0.6,0.43,0.6,0.43,0.09,0.56,0.617,0.477,0.518
0.6,0.6,1.0,1.0,0.94,0.94,0.16,0.16,0.26,0.26,0.38,0.35,0.07,0.07,0.75,0.35,0.77,0.72,0.52,0.76,0.78,0.52,0.52,0.6,0.43,0.6,0.43,0.09,0.53,0.621,0.498,0.514
0.59,0.59,1.0,1.0,0.95,0.95,0.51,0.51,0.14,0.14,0.36,0.36,0.09,0.1,0.75,0.36,0.78,0.73,0.47,0.77,0.79,0.47,0.47,0.61,0.42,0.62,0.42,0.08,0.64,0.634,0.512,0.516
0.57,0.57,1.0,1.0,0.97,0.97,0.21,0.21,0.24,0.24,0.35,0.37,0.09,0.1,1.0,0.31,0.89,0.69,0.36,0.89,0.89,0.36,0.36,0.61,0.42,0.62,0.42,0.05,0.56,0.672,0.523,0.525
0.45,0.45,0.8,0.8,1.0,1.0,0.16,0.16,0.27,0.27,0.35,0.38,0.09,0.1,1.0,0.25,0.96,0.65,0.28,0.96,0.96,0.28,0.28,0.61,0.42,0.62,0.42,0.03,0.56,0.699,0.528,0.526
0.45,0.45,0.82,0.82,1.0,1.0,0.16,0.16,0.29,0.29,0.35,0.37,0.09,0.1,1.0,0.23,0.97,0.64,0.26,0.97,0.97,0.26,0.26,0.61,0.42,0.62,0.42,0.02,0.57,0.71,0.53,0.525
0.46,0.46,0.83,0.83,1.0,1.0,0.16,0.16,0.31,0.31,0.36,0.37,0.1,0.1,1.0,0.23,0.98,0.63,0.26,0.98,0.98,0.26,0.26,0.62,0.42,0.62,0.42,0.02,0.58,0.726,0.533,0.526
0.44,0.44,0.79,0.79,1.0,1.0,0.16,0.16,0.33,0.33,0.36,0.36,0.24,0.13,1.0,0.23,0.98,0.63,0.27,0.98,0.98,0.27,0.27,0.71,0.38,0.64,0.41,0.02,0.57,0.744,0.545,0.525
0.56,0.56,1.0,1.0,0.98,0.98,0.16,0.16,0.39,0.39,0.35,0.38,0.34,0.21,1.0,0.23,0.97,0.64,0.31,0.97,0.98,0.31,0.31,0.78,0.35,0.69,0.39,0.03,0.57,0.749,0.553,0.523
0.56,0.56,1.0,1.0,0.98,0.98,0.16,0.16,0.42,0.42,0.36,0.36,0.28,0.16,1.0,0.24,0.96,0.64,0.29,0.96,0.97,0.29,0.29,0.74,0.36,0.66,0.4,0.03,0.55,0.763,0.558,0.517
0.56,0.56,1.0,1.0,0.98,0.98,0.16,0.16,0.47,0.47,0.38,0.35,0.0,0.0,1.0,0.24,0.97,0.64,0.29,0.97,0.98,0.29,0.29,0.31,0.92,0.31,0.92,0.03,0.59,0.776,0.567,0.514
0.56,0.56,1.0,1.0,0.98,0.98,0.16,0.16,0.43,0.43,0.38,0.34,0.0,0.0,0.75,0.24,0.97,0.64,0.29,0.97,0.97,0.29,0.29,0.31,0.92,0.31,0.92,0.03,0.63,0.769,0.58,0.5
0.6,0.6,1.0,1.0,0.95,0.95,0.24,0.24,0.35,0.35,0.4,0.33,0.03,0.0,0.75,0.26,0.9,0.66,0.3,0.89,0.9,0.3,0.3,0.57,0.44,0.55,0.46,0.03,0.51,0.757,0.592,0.491
0.71,0.71,1.0,1.0,0.85,0.85,0.16,0.16,0.41,0.41,0.38,0.34,0.0,0.0,0.75,0.26,0.92,0.66,0.29,0.91,0.92,0.29,0.29,0.38,0.78,0.37,0.8,0.02,0.49,0.751,0.603,0.485
0.81,0.81,1.0,1.0,0.77,0.77,0.82,0.82,0.26,0.26,0.38,0.34,0.0,0.0,0.75,0.29,0.9,0.68,0.3,0.89,0.9,0.3,0.3,0.54,0.47,0.51,0.52,0.03,0.46,0.739,0.613,0.488
0.82,0.82,1.0,1.0,0.77,0.77,0.3,0.3,0.35,0.35,0.37,0.35,0.0,0.0,0.75,0.29,0.91,0.68,0.3,0.91,0.91,0.3,0.3,0.43,0.68,0.41,0.72,0.03,0.45,0.719,0.623,0.492
0.81,0.81,1.0,1.0,0.77,0.77,0.21,0.21,0.38,0.38,0.36,0.36,0.0,0.0,0.75,0.28,0.93,0.68,0.29,0.92,0.93,0.29,0.29,0.38,0.79,0.36,0.82,0.03,0.45,0.7,0.642,0.475
0.81,0.81,1.0,1.0,0.77,0.77,0.19,0.19,0.37,0.37,0.35,0.37,0.0,0.0,0.75,0.28,0.93,0.67,0.29,0.93,0.93,0.29,0.29,0.42,0.7,0.41,0.73,0.03,0.46,0.68,0.655,0.48
0.8,0.8,1.0,1.0,0.78,0.78,0.21,0.2,0.37,0.37,0.34,0.38,0.0,0.0,0.75,0.28,0.93,0.67,0.29,0.93,0.93,0.29,0.29,0.43,0.68,0.41,0.71,0.03,0.48,0.664,0.665,0.492
0.78,0.78,1.0,1.0,0.8,0.8,0.92,0.91,0.29,0.29,0.36,0.37,0.0,0.0,0.75,0.32,0.91,0.7,0.29,0.91,0.91,0.29,0.29,0.47,0.61,0.47,0.61,0.04,0.63,0.645,0.673,0.496
0.76,0.76,1.0,1.0,0.81,0.81,0.42,0.41,0.31,0.31,0.36,0.37,0.0,0.0,0.75,0.32,0.92,0.7,0.29,0.91,0.92,0.29,0.29,0.35,0.84,0.34,0.86,0.05,0.68,0.64,0.677,0.488
0.77,0.77,1.0,1.0,0.81,0.81,0.23,0.23,0.36,0.36,0.34,0.38,0.0,0.0,0.75,0.3,0.93,0.69,0.28,0.92,0.93,0.28,0.28,0.43,0.68,0.42,0.7,0.05,0.79,0.63,0.672,0.481
0.75,0.75,1.0,1.0,0.82,0.82,0.21,0.2,0.38,0.38,0.34,0.38,0.27,0.25,0.75,0.34,0.72,0.72,0.47,0.71,0.73,0.47,0.47,0.73,0.37,0.72,0.37,0.07,0.98,0.629,0.655,0.472
0.75,0.75,1.0,1.0,0.82,0.82,0.79,0.79,0.3,0.3,0.34,0.38,0.38,0.38,0.5,0.33,0.56,0.71,0.53,0.55,0.57,0.53,0.53,0.8,0.34,0.8,0.34,0.07,1.0,0.622,0.632,0.471
0.75,0.75,1.0,1.0,0.82,0.82,0.28,0.28,0.38,0.38,0.34,0.38,0.42,0.43,0.75,0.32,0.54,0.7,0.56,0.52,0.55,0.56,0.56,0.83,0.33,0.84,0.32,0.08,1.0,0.639,0.608,0.47
0.76,0.76,1.0,1.0,0.82,0.82,0.21,0.2,0.4,0.4,0.33,0.39,0.51,0.54,0.75,0.32,0.46,0.7,0.56,0.45,0.47,0.56,0.56,0.89,0.3,0.91,0.29,0.11,1.0,0.659,0.57,0.466
0.75,0.75,1.0,1.0,0.82,0.82,0.82,0.82,0.33,0.33,0.35,0.37,0.58,0.61,0.5,0.32,0.33,0.7,0.56,0.32,0.35,0.56,0.56,0.94,0.28,0.96,0.27,0.13,1.0,0.666,0.543,0.467
0.73,0.73,1.0,1.0,0.84,0.84,0.75,0.74,0.33,0.33,0.36,0.36,0.51,0.52,0.5,0.31,0.38,0.7,0.56,0.36,0.4,0.56,0.56,0.89,0.3,0.9,0.29,0.19,1.0,0.672,0.515,0.473
0.73,0.73,1.0,1.0,0.84,0.84,0.41,0.39,0.36,0.36,0.35,0.37,0.33,0.38,0.75,0.31,0.52,0.7,0.54,0.5,0.53,0.54,0.54,0.77,0.35,0.8,0.34,0.2,1.0,0.675,0.487,0.482
0.72,0.72,1.0,1.0,0.84,0.84,0.29,0.28,0.37,0.37,0.36,0.36,0.06,0.07,0.75,0.32,0.84,0.7,0.37,0.84,0.84,0.37,0.37,0.59,0.43,0.6,0.43,0.07,1.0,0.693,0.462,0.479
0.73,0.73,1.0,1.0,0.84,0.84,0.35,0.34,0.38,0.38,0.38,0.35,0.0,0.0,0.75,0.33,0.91,0.71,0.32,0.9,0.91,0.32,0.32,0.45,0.65,0.44,0.67,0.06,1.0,0.682,0.443,0.477
0.71,0.71,1.0,1.0,0.85,0.85,0.39,0.35,0.37,0.37,0.38,0.34,0.0,0.0,0.75,0.33,0.92,0.71,0.34,0.91,0.92,0.34,0.34,0.44,0.66,0.43,0.68,0.06,1.0,0.654,0.44,0.491
0.7,0.7,1.0,1.0,0.86,0.86,0.37,0.34,0.37,0.37,0.38,0.34,0.0,0.0,0.75,0.33,0.88,0.71,0.39,0.87,0.88,0.39,0.39,0.52,0.52,0.5,0.54,0.06,1.0,0.634,0.43,0.495
0.7,0.7,1.0,1.0,0.86,0.86,0.35,0.32,0.37,0.37,0.38,0.34,0.0,0.0,0.75,0.33,0.85,0.71,0.39,0.84,0.86,0.39,0.39,0.54,0.47,0.54,0.47,0.06,1.0,0.626,0.42,0.502
0.7,0.7,1.0,1.0,0.86,0.86,0.29,0.27,0.38,0.38,0.38,0.35,0.03,0.02,0.75,0.33,0.82,0.71,0.43,0.81,0.83,0.43,0.43,0.57,0.44,0.56,0.45,0.06,1.0,0.629,0.415,0.501
0.7,0.7,1.0,1.0,0.86,0.86,0.24,0.24,0.39,0.39,0.37,0.35,0.04,0.03,0.75,0.32,0.78,0.7,0.46,0.77,0.79,0.46,0.46,0.58,0.44,0.57,0.44,0.07,1.0,0.639,0.413,0.504
0.7,0.7,1.0,1.0,0.86,0.86,0.26,0.25,0.39,0.39,0.37,0.36,0.0,0.0,0.75,0.32,0.81,0.7,0.42,0.8,0.81,0.42,0.42,0.46,0.62,0.45,0.64,0.09,1.0,0.661,0.418,0.503
0.7,0.7,1.0,1.0,0.86,0.86,0.27,0.26,0.42,0.42,0.38,0.34,0.0,0.0,0.75,0.32,0.9,0.7,0.35,0.9,0.9,0.35,0.35,0.4,0.74,0.39,0.75,0.08,1.0,0.674,0.425,0.505
0.7,0.7,1.0,1.0,0.86,0.86,0.16,0.16,0.55,0.55,0.38,0.35,0.0,0.0,0.75,0.31,0.95,0.7,0.3,0.95,0.96,0.3,0.3,0.31,0.92,0.31,0.92,0.08,1.0,0.677,0.433,0.508
0.68,0.68,1.0,1.0,0.87,0.87,0.16,0.16,0.59,0.59,0.38,0.35,0.0,0.0,0.75,0.31,0.95,0.69,0.31,0.95,0.96,0.31,0.31,0.31,0.92,0.31,0.92,0.08,1.0,0.677,0.44,0.514
0.67,0.67,1.0,1.0,0.89,0.89,0.16,0.16,0.67,0.67,0.34,0.39,0.0,0.0,0.75,0.31,0.95,0.69,0.34,0.95,0.95,0.34,0.34,0.36,0.83,0.36,0.82,0.08,1.0,0.676,0.442,0.511
0.68,0.68,1.0,1.0,0.88,0.88,0.16,0.16,0.61,0.61,0.35,0.38,0.0,0.0,0.75,0.31,0.94,0.69,0.34,0.94,0.95,0.34,0.34,0.41,0.72,0.41,0.72,0.08,1.0,0.682,0.445,0.512
0.7,0.7,1.0,1.0,0.87,0.87,0.16,0.16,0.61,0.61,0.36,0.37,0.0,0.0,0.75,0.32,0.91,0.71,0.38,0.9,0.91,0.38,0.38,0.48,0.58,0.49,0.57,0.08,1.0,0.68,0.447,0.511
0.7,0.7,1.0,1.0,0.86,0.86,0.16,0.16,0.65,0.65,0.34,0.39,0.0,0.0,0.75,0.33,0.91,0.71,0.37,0.91,0.91,0.37,0.37,0.47,0.61,0.48,0.59,0.08,1.0,0.676,0.46,0.508
0.7,0.7,1.0,1.0,0.86,0.86,0.16,0.16,0.65,0.65,0.35,0.38,0.0,0.0,0.75,0.33,0.93,0.71,0.38,0.92,0.93,0.38,0.38,0.46,0.63,0.46,0.63,0.08,1.0,0.679,0.467,0.506
0.72,0.72,1.0,1.0,0.85,0.85,0.23,0.22,0.43,0.43,0.4,0.33,0.0,0.0,0.75,0.33,0.93,0.71,0.34,0.92,0.93,0.34,0.34,0.44,0.66,0.43,0.68,0.06,1.0,0.686,0.483,0.504
0.71,0.71,1.0,1.0,0.85,0.85,0.87,0.86,0.34,0.34,0.39,0.34,0.0,0.0,0.5,0.32,0.93,0.71,0.31,0.92,0.93,0.31,0.31,0.38,0.78,0.36,0.81,0.05,0.72,0.695,0.49,0.503
0.65,0.65,1.0,1.0,0.9,0.9,0.32,0.32,0.32,0.32,0.39,0.33,0.0,0.0,0.75,0.33,0.95,0.71,0.31,0.95,0.96,0.31,0.31,0.31,0.92,0.31,0.92,0.05,0.66,0.711,0.498,0.505
0.62,0.62,1.0,1.0,0.93,0.93,0.16,0.16,0.38,0.38,0.39,0.33,0.0,0.0,0.75,0.34,0.98,0.72,0.3,0.98,0.98,0.3,0.3,0.31,0.92,0.31,0.92,0.05,0.63,0.734,0.498,0.496
0.61,0.61,1.0,1.0,0.93,0.93,0.16,0.16,0.39,0.39,0.38,0.34,0.0,0.0,0.75,0.36,0.98,0.73,0.3,0.98,0.98,0.3,0.3,0.31,0.92,0.31,0.92,0.07,0.79,0.748,0.505,0.495
0.61,0.61,1.0,1.0,0.93,0.93,0.16,0.16,0.39,0.39,0.39,0.33,0.0,0.0,0.75,0.38,0.98,0.75,0.3,0.98,0.98,0.3,0.3,0.31,0.92,0.31,0.92,0.08,0.74,0.754,0.508,0.497
0.61,0.61,1.0,1.0,0.93,0.93,0.16,0.16,0.38,0.38,0.38,0.34,0.0,0.0,0.75,0.4,0.99,0.77,0.3,0.99,0.99,0.3,0.3,0.31,0.92,0.31,0.92,0.11,0.76,0.747,0.503,0.5
0.61,0.61,1.0,1.0,0.93,0.93,0.16,0.16,0.38,0.38,0.38,0.35,0.0,0.0,0.75,0.42,0.99,0.78,0.3,0.99,0.99,0.3,0.3,0.31,0.92,0.31,0.92,0.11,0.75,0.738,0.508,0.497
0.62,0.62,1.0,1.0,0.93,0.93,0.16,0.16,0.39,0.39,0.38,0.34,0.0,0.0,0.75,0.42,0.99,0.78,0.31,0.99,0.99,0.31,0.31,0.31,0.92,0.31,0.92,0.13,0.83,0.728,0.513,0.493
0.63,0.63,1.0,1.0,0.92,0.92,0.16,0.16,0.39,0.39,0.38,0.34,0.0,0.0,0.75,0.38,0.99,0.75,0.3,0.99,0.99,0.3,0.3,0.31,0.92,0.31,0.92,0.13,0.88,0.725,0.525,0.496
0.63,0.63,1.0,1.0,0.92,0.92,0.16,0.16,0.38,0.38,0.38,0.34,0.0,0.0,0.75,0.38,0.99,0.75,0.3,0.99,0.99,0.3,0.3,0.31,0.92,0.31,0.92,0.13,0.8,0.721,0.528,0.501
0.63,0.63,1.0,1.0,0.92,0.92,0.16,0.16,0.38,0.38,0.38,0.34,0.0,0.0,0.75,0.38,0.99,0.75,0.3,0.99,0.99,0.3,0.3,0.31,0.92,0.31,0.92,0.14,0.89,0.721,0.538,0.495
0.63,0.63,1.0,1.0,0.92,0.92,0.16,0.16,0.38,0.38,0.37,0.35,0.0,0.0,0.75,0.43,0.99,0.78,0.31,0.99,0.99,0.31,0.31,0.31,0.92,0.31,0.92,0.21,1.0,0.723,0.545,0.5
0.63,0.63,1.0,1.0,0.92,0.92,0.16,0.16,0.38,0.38,0.37,0.35,0.0,0.0,0.75,0.43,0.99,0.79,0.31,0.99,0.99,0.31,0.31,0.31,0.92,0.31,0.92,0.25,0.86,0.731,0.552,0.496
0.63,0.63,1.0,1.0,0.92,0.92,0.16,0.16,0.38,0.38,0.37,0.35,0.0,0.0,0.75,0.43,0.99,0.78,0.31,0.99,0.99,0.31,0.31,0.31,0.92,0.31,0.92,0.26,0.85,0.742,0.558,0.507
0.63,0.63,1.0,1.0,0.92,0.92,0.16,0.16,0.36,0.36,0.36,0.36,0.0,0.0,0.75,0.43,0.99,0.78,0.3,0.99,0.99,0.3,0.3,0.31,0.92,0.31,0.92,0.13,0.69,0.749,0.563,0.501
0.62,0.62,1.0,1.0,0.93,0.93,0.16,0.16,0.35,0.35,0.37,0.35,0.0,0.0,0.75,0.44,0.98,0.79,0.29,0.98,0.98,0.29,0.29,0.31,0.92,0.31,0.92,0.07,0.63,0.743,0.568,0.505
0.62,0.62,1.0,1.0,0.93,0.93,0.16,0.16,0.35,0.35,0.36,0.36,0.0,0.0,0.75,0.46,0.98,0.81,0.29,0.98,0.98,0.29,0.29,0.31,0.92,0.31,0.92,0.09,0.62,0.723,0.575,0.507
0.63,0.63,1.0,1.0,0.92,0.92,0.18,0.18,0.38,0.38,0.36,0.36,0.0,0.0,0.75,0.4,0.97,0.76,0.37,0.97,0.97,0.37,0.37,0.31,0.92,0.31,0.92,0.18,1.0,0.687,0.568,0.521
0.63,0.63,1.0,1.0,0.92,0.92,0.16,0.16,0.38,0.38,0.35,0.37,0.0,0.0,0.75,0.38,0.91,0.75,0.47,0.9,0.91,0.47,0.47,0.31,0.92,0.31,0.92,0.28,1.0,0.663,0.57,0.518
0.63,0.63,1.0,1.0,0.92,0.92,0.16,0.16,0.38,0.38,0.35,0.37,0.0,0.0,0.75,0.38,0.9,0.75,0.47,0.89,0.9,0.47,0.47,0.31,0.92,0.31,0.92,0.32,1.0,0.621,0.567,0.53
0.63,0.63,1.0,1.0,0.92,0.92,0.16,0.16,0.37,0.37,0.35,0.37,0.0,0.0,0.75,0.38,0.9,0.75,0.46,0.89,0.9,0.46,0.46,0.31,0.92,0.31,0.92,0.33,1.0,0.619,0.563,0.525
0.63,0.63,1.0,1.0,0.92,0.92,0.16,0.16,0.36,0.36,0.36,0.36,0.0,0.0,0.75,0.39,0.9,0.76,0.46,0.89,0.9,0.46,0.46,0.31,0.92,0.31,0.92,0.33,1.0,0.628,0.563,0.522
0.63,0.63,1.0,1.0,0.92,0.92,0.16,0.16,0.35,0.35,0.36,0.36,0.0,0.0,0.75,0.4,0.9,0.76,0.46,0.89,0.9,0.46,0.46,0.31,0.92,0.31,0.92,0.33,1.0,0.631,0.558,0.522
0.64,0.64,1.0,1.0,0.91,0.91,0.16,0.16,0.35,0.35,0.37,0.35,0.0,0.0,0.75,0.42,0.93,0.78,0.42,0.92,0.93,0.42,0.42,0.31,0.92,0.31,0.92,0.17,1.0,0.631,0.552,0.518
0.64,0.64,1.0,1.0,0.91,0.91,0.16,0.16,0.35,0.35,0.37,0.35,0.0,0.0,0.75,0.43,0.94,0.78,0.44,0.94,0.94,0.44,0.44,0.31,0.92,0.31,0.92,0.11,1.0,0.618,0.548,0.52
0.62,0.62,1.0,1.0,0.93,0.93,0.16,0.16,0.37,0.37,0.36,0.36,0.0,0.0,0.75,0.41,0.86,0.77,0.51,0.86,0.87,0.51,0.51,0.31,0.92,0.31,0.92,0.3,1.0,0.605,0.555,0.519
0.61,0.61,1.0,1.0,0.93,0.93,0.16,0.16,0.37,0.37,0.35,0.37,0.0,0.0,0.75,0.39,0.86,0.76,0.52,0.86,0.87,0.52,0.52,0.31,0.92,0.31,0.92,0.34,1.0,0.604,0.563,0.516
0.62,0.62,1.0,1.0,0.92,0.92,0.16,0.16,0.35,0.35,0.36,0.36,0.0,0.0,0.75,0.41,0.91,0.77,0.43,0.91,0.91,0.43,0.43,0.31,0.92,0.31,0.92,0.09,1.0,0.618,0.572,0.516
0.62,0.62,1.0,1.0,0.93,0.93,0.16,0.16,0.35,0.35,0.37,0.35,0.0,0.0,0.75,0.39,0.93,0.76,0.46,0.93,0.93,0.46,0.46,0.31,0.92,0.31,0.92,0.1,0.92,0.625,0.578,0.517
0.63,0.63,1.0,1.0,0.92,0.92,0.16,0.16,0.35,0.35,0.37,0.35,0.0,0.0,0.75,0.42,0.92,0.78,0.48,0.92,0.92,0.48,0.48,0.31,0.92,0.31,0.92,0.23,1.0,0.636,0.58,0.519
0.63,0.63,1.0,1.0,0.92,0.92,0.16,0.16,0.35,0.35,0.38,0.34,0.0,0.0,0.75,0.41,0.91,0.77,0.49,0.91,0.91,0.49,0.49,0.31,0.92,0.31,0.92,0.29,1.0,0.653,0.58,0.523
0.63,0.63,1.0,1.0,0.92,0.92,0.16,0.16,0.35,0.35,0.38,0.34,0.0,0.0,0.75,0.41,0.91,0.77,0.49,0.91,0.91,0.49,0.49,0.31,0.92,0.31,0.92,0.29,1.0,0.655,0.582,0.525
0.63,0.63,1.0,1.0,0.92,0.92,0.16,0.16,0.38,0.38,0.39,0.33,0.0,0.0,0.75,0.41,0.92,0.77,0.45,0.92,0.92,0.45,0.45,0.31,0.92,0.31,0.92,0.18,0.94,0.639,0.583,0.526
0.63,0.63,1.0,1.0,0.92,0.92,0.81,0.81,0.24,0.24,0.39,0.33,0.0,0.0,0.75,0.37,0.95,0.74,0.31,0.95,0.95,0.31,0.31,0.31,0.92,0.31,0.92,0.07,0.37,0.626,0.582,0.526
0.6,0.6,1.0,1.0,0.94,0.94,0.19,0.19,0.38,0.38,0.39,0.33,0.0,0.0,0.75,0.32,0.97,0.71,0.29,0.97,0.97,0.29,0.29,0.31,0.92,0.31,0.92,0.06,0.43,0.633,0.587,0.525
0.59,0.59,1.0,1.0,0.95,0.95,0.16,0.16,0.43,0.43,0.37,0.35,0.0,0.0,0.75,0.31,0.97,0.7,0.29,0.97,0.97,0.29,0.29,0.31,0.92,0.31,0.92,0.05,0.49,0.637,0.585,0.521
0.61,0.61,1.0,1.0,0.94,0.94,0.16,0.16,0.43,0.43,0.34,0.38,0.0,0.0,0.75,0.31,0.97,0.69,0.3,0.97,0.97,0.3,0.3,0.31,0.92,0.31,0.92,0.05,0.51,0.637,0.572,0.52
0.59,0.59,1.0,1.0,0.95,0.95,0.16,0.16,0.42,0.42,0.31,0.41,0.0,0.0,0.75,0.31,0.97,0.69,0.31,0.97,0.97,0.31,0.31,0.31,0.92,0.31,0.92,0.05,0.61,0.636,0.577,0.529
0.6,0.6,1.0,1.0,0.94,0.94,0.16,0.16,0.42,0.42,0.29,0.43,0.0,0.0,0.75,0.33,0.96,0.71,0.36,0.96,0.96,0.36,0.36,0.31,0.92,0.31,0.92,0.05,0.7,0.651,0.595,0.538
0.61,0.61,1.0,1.0,0.94,0.94,0.16,0.16,0.42,0.42,0.28,0.44,0.0,0.0,0.75,0.36,0.95,0.73,0.38,0.95,0.95,0.38,0.38,0.31,0.92,0.31,0.92,0.06,0.92,0.664,0.617,0.549
0.61,0.61,1.0,1.0,0.94,0.94,0.65,0.65,0.25,0.25,0.3,0.43,0.0,0.0,0.75,0.39,0.9,0.76,0.42,0.89,0.9,0.42,0.42,0.31,0.92,0.31,0.92,0.1,1.0,0.661,0.64,0.559
0.62,0.62,1.0,1.0,0.93,0.93,0.49,0.48,0.29,0.29,0.3,0.42,0.0,0.0,0.75,0.4,0.88,0.76,0.4,0.88,0.88,0.4,0.4,0.31,0.92,0.31,0.92,0.13,1.0,0.631,0.672,0.556
0.61,0.61,1.0,1.0,0.94,0.94,0.16,0.16,0.37,0.37,0.3,0.42,0.0,0.0,0.75,0.39,0.9,0.76,0.43,0.89,0.9,0.43,0.43,0.31,0.92,0.31,0.92,0.15,1.0,0.605,0.672,0.55
0.62,0.62,1.0,1.0,0.93,0.93,0.16,0.16,0.37,0.37,0.3,0.42,0.0,0.0,0.75,0.39,0.9,0.75,0.45,0.89,0.9,0.45,0.45,0.31,0.92,0.31,0.92,0.16,1.0,0.585,0.672,0.539
0.61,0.61,1.0,1.0,0.93,0.93,0.16,0.16,0.4,0.4,0.31,0.41,0.0,0.0,0.75,0.39,0.91,0.75,0.43,0.9,0.91,0.43,0.43,0.31,0.92,0.31,0.92,0.16,1.0,0.567,0.657,0.52
0.61,0.61,1.0,1.0,0.94,0.94,0.16,0.16,0.46,0.46,0.32,0.4,0.0,0.0,0.75,0.38,0.92,0.75,0.4,0.92,0.92,0.4,0.4,0.31,0.92,0.31,0.92,0.1,1.0,0.558,0.63,0.505
0.61,0.61,1.0,1.0,0.94,0.94,0.16,0.16,0.61,0.61,0.3,0.43,0.0,0.0,0.75,0.37,0.95,0.74,0.35,0.95,0.95,0.35,0.35,0.31,0.92,0.31,0.92,0.09,1.0,0.56,0.585,0.493
0.6,0.6,1.0,1.0,0.94,0.94,0.16,0.16,0.68,0.68,0.32,0.42,0.0,0.0,0.75,0.36,0.96,0.73,0.35,0.96,0.96,0.35,0.35,0.31,0.92,0.31,0.92,0.11,1.0,0.572,0.548,0.479
0.62,0.62,1.0,1.0,0.93,0.93,0.16,0.16,0.7,0.7,0.33,0.41,0.0,0.0,1.0,0.42,0.95,0.77,0.41,0.95,0.96,0.41,0.41,0.31,0.92,0.31,0.92,0.19,1.0,0.576,0.512,0.471
0.61,0.61,1.0,1.0,0.94,0.94,0.16,0.16,0.68,0.68,0.32,0.41,0.0,0.0,1.0,0.42,0.88,0.78,0.45,0.87,0.89,0.45,0.45,0.51,0.52,0.5,0.55,0.19,1.0,0.591,0.478,0.477
0.6,0.6,1.0,1.0,0.95,0.95,0.16,0.16,0.62,0.62,0.3,0.43,0.24,0.2,1.0,0.36,0.86,0.74,0.47,0.85,0.88,0.47,0.47,0.71,0.38,0.68,0.39,0.15,0.82,0.599,0.445,0.478
0.59,0.59,1.0,1.0,0.95,0.95,0.16,0.16,0.62,0.62,0.31,0.42,0.21,0.16,1.0,0.36,0.87,0.73,0.45,0.86,0.88,0.45,0.45,0.69,0.39,0.66,0.4,0.13,0.82,0.638,0.428,0.475
0.59,0.59,1.0,1.0,0.95,0.95,0.16,0.16,0.63,0.63,0.31,0.42,0.18,0.13,1.0,0.36,0.89,0.73,0.43,0.88,0.9,0.43,0.43,0.67,0.4,0.64,0.41,0.11,0.8,0.66,0.423,0.478
0.59,0.59,1.0,1.0,0.95,0.95,0.16,0.16,0.64,0.64,0.31,0.42,0.16,0.13,1.0,0.36,0.93,0.73,0.39,0.92,0.93,0.39,0.39,0.66,0.4,0.64,0.41,0.1,0.79,0.665,0.413,0.475
0.59,0.59,1.0,1.0,0.95,0.95,0.16,0.16,0.64,0.64,0.31,0.42,0.2,0.16,1.0,0.35,0.94,0.72,0.38,0.93,0.94,0.38,0.38,0.68,0.39,0.66,0.4,0.09,0.75,0.663,0.403,0.474
0.59,0.59,1.0,1.0,0.95,0.95,0.16,0.16,0.54,0.54,0.3,0.42,0.21,0.18,1.0,0.31,0.95,0.7,0.34,0.95,0.96,0.34,0.34,0.69,0.39,0.67,0.4,0.08,0.66,0.666,0.387,0.474
0.58,0.58,1.0,1.0,0.96,0.96,0.37,0.37,0.19,0.19,0.33,0.39,0.25,0.24,0.75,0.29,0.96,0.68,0.33,0.96,0.96,0.33,0.33,0.72,0.37,0.71,0.38,0.06,0.62,0.691,0.372,0.475
0.58,0.58,1.0,1.0,0.96,0.96,0.2,0.2,0.22,0.22,0.33,0.4,0.22,0.21,1.0,0.26,0.96,0.66,0.29,0.96,0.96,0.29,0.29,0.7,0.39,0.69,0.39,0.04,0.62,0.708,0.37,0.481
0.57,0.57,1.0,1.0,0.97,0.97,0.16,0.16,0.24,0.24,0.33,0.4,0.15,0.15,1.0,0.24,0.97,0.65,0.27,0.97,0.97,0.27,0.27,0.65,0.41,0.65,0.41,0.03,0.64,0.715,0.368,0.484
0.57,0.57,1.0,1.0,0.97,0.97,0.65,0.64,0.14,0.14,0.32,0.4,0.12,0.13,1.0,0.27,0.97,0.66,0.29,0.97,0.97,0.29,0.29,0.63,0.42,0.64,0.41,0.03,0.65,0.703,0.367,0.489
0.57,0.57,1.0,1.0,0.97,0.97,0.26,0.25,0.22,0.22,0.32,0.4,0.0,0.0,1.0,0.25,0.97,0.65,0.27,0.97,0.97,0.27,0.27,0.54,0.47,0.55,0.45,0.03,0.65,0.699,0.363,0.49
0.56,0.56,1.0,1.0,0.97,0.97,0.18,0.18,0.28,0.28,0.31,0.41,0.0,0.0,1.0,0.25,0.98,0.65,0.27,0.98,0.98,0.27,0.27,0.31,0.92,0.31,0.92,0.02,0.78,0.698,0.355,0.49
0.56,0.56,1.0,1.0,0.97,0.97,0.16,0.16,0.29,0.29,0.32,0.41,0.0,0.0,1.0,0.25,0.98,0.65,0.27,0.98,0.98,0.27,0.27,0.31,0.92,0.31,0.92,0.02,0.8,0.696,0.352,0.495
0.63,0.63,1.0,1.0,0.92,0.92,0.55,0.55,0.19,0.19,0.34,0.38,0.0,0.0,0.75,0.27,0.95,0.66,0.28,0.95,0.95,0.28,0.28,0.31,0.92,0.31,0.92,0.02,0.85,0.709,0.348,0.49
0.63,0.63,1.0,1.0,0.92,0.92,0.24,0.24,0.29,0.29,0.34,0.39,0.0,0.0,0.75,0.27,0.95,0.67,0.28,0.95,0.95,0.28,0.28,0.31,0.92,0.31,0.92,0.03,0.82,0.714,0.342,0.485
0.65,0.65,1.0,1.0,0.9,0.9,0.65,0.65,0.18,0.18,0.34,0.38,0.0,0.0,0.75,0.29,0.95,0.68,0.29,0.95,0.95,0.29,0.29,0.31,0.92,0.31,0.92,0.03,0.78,0.721,0.35,0.484
0.64,0.64,1.0,1.0,0.91,0.91,0.49,0.49,0.21,0.21,0.34,0.39,0.0,0.0,0.75,0.3,0.94,0.69,0.3,0.94,0.94,0.3,0.3,0.31,0.92,0.31,0.92,0.05,0.93,0.724,0.347,0.475
0.63,0.63,1.0,1.0,0.92,0.92,0.21,0.21,0.29,0.29,0.33,0.39,0.0,0.0,0.75,0.3,0.95,0.69,0.3,0.95,0.95,0.3,0.3,0.31,0.92,0.31,0.92,0.07,1.0,0.736,0.34,0.468
0.63,0.63,1.0,1.0,0.91,0.91,0.16,0.16,0.3,0.3,0.34,0.38,0.0,0.0,0.75,0.3,0.95,0.69,0.32,0.95,0.96,0.32,0.32,0.31,0.92,0.31,0.92,0.07,1.0,0.739,0.348,0.464
0.65,0.65,1.0,1.0,0.9,0.9,0.16,0.16,0.3,0.3,0.34,0.38,0.0,0.0,0.5,0.33,0.73,0.71,0.56,0.72,0.75,0.56,0.56,0.31,0.92,0.31,0.92,0.08,1.0,0.736,0.353,0.461
0.65,0.65,1.0,1.0,0.9,0.9,0.16,0.16,0.31,0.31,0.34,0.38,0.0,0.0,0.5,0.34,0.72,0.72,0.56,0.71,0.73,0.56,0.56,0.31,0.92,0.31,0.92,0.08,1.0,0.716,0.357,0.455
0.62,0.62,1.0,1.0,0.93,0.93,0.16,0.16,0.54,0.54,0.33,0.4,0.0,0.0,0.75,0.35,0.94,0.73,0.36,0.94,0.94,0.36,0.36,0.31,0.92,0.31,0.92,0.08,1.0,0.709,0.368,0.461
0.6,0.6,1.0,1.0,0.94,0.94,0.16,0.16,0.71,0.71,0.32,0.41,0.0,0.0,0.75,0.34,0.97,0.72,0.31,0.97,0.98,0.31,0.31,0.31,0.92,0.31,0.92,0.09,1.0,0.717,0.38,0.465
0.6,0.6,1.0,1.0,0.94,0.94,0.16,0.16,0.71,0.71,0.33,0.41,0.0,0.0,0.75,0.36,0.98,0.74,0.3,0.98,0.98,0.3,0.3,0.31,0.92,0.31,0.92,0.08,0.97,0.717,0.39,0.465
0.6,0.6,1.0,1.0,0.94,0.94,0.16,0.16,0.7,0.7,0.33,0.4,0.0,0.0,0.75,0.39,0.98,0.76,0.29,0.98,0.98,0.29,0.29,0.31,0.92,0.31,0.92,0.08,0.75,0.726,0.395,0.465
0.6,0.6,1.0,1.0,0.94,0.94,0.16,0.16,0.71,0.71,0.34,0.39,0.0,0.0,0.75,0.42,0.98,0.78,0.32,0.98,0.99,0.32,0.32,0.31,0.92,0.31,0.92,0.14,1.0,0.738,0.403,0.465
0.61,0.61,1.0,1.0,0.93,0.93,0.16,0.16,0.7,0.7,0.35,0.39,0.0,0.0,0.75,0.49,0.89,0.83,0.49,0.88,0.9,0.49,0.49,0.31,0.92,0.31,0.92,0.22,1.0,0.748,0.415,0.464
0.61,0.61,1.0,1.0,0.93,0.93,0.16,0.16,0.69,0.69,0.35,0.38,0.0,0.0,1.0,0.45,0.87,0.8,0.48,0.86,0.88,0.48,0.48,0.31,0.92,0.31,0.92,0.33,1.0,0.748,0.425,0.464
0.61,0.61,1.0,1.0,0.93,0.93,0.16,0.16,0.7,0.7,0.37,0.37,0.0,0.0,1.0,0.45,0.88,0.8,0.48,0.87,0.89,0.48,0.48,0.31,0.92,0.31,0.92,0.39,1.0,0.756,0.438,0.471
0.61,0.61,1.0,1.0,0.93,0.93,0.16,0.16,0.71,0.71,0.37,0.37,0.0,0.0,1.0,0.44,0.89,0.79,0.5,0.87,0.9,0.5,0.5,0.31,0.92,0.31,0.92,0.53,0.5,0.742,0.455,0.475
0.62,0.62,1.0,1.0,0.93,0.93,0.16,0.16,0.71,0.71,0.37,0.36,0.0,0.0,1.0,0.44,0.89,0.79,0.5,0.87,0.9,0.5,0.5,0.31,0.92,0.31,0.92,0.65,0.5,0.723,0.473,0.474
0.62,0.62,1.0,1.0,0.93,0.93,0.16,0.16,0.71,0.71,0.38,0.36,0.0,0.0,1.0,0.43,0.89,0.78,0.5,0.87,0.9,0.5,0.5,0.31,0.92,0.31,0.92,0.65,0.5,0.718,0.493,0.474
0.62,0.62,1.0,1.0,0.93,0.93,0.16,0.16,0.7,0.7,0.38,0.35,0.0,0.0,1.0,0.43,0.89,0.78,0.49,0.87,0.9,0.49,0.49,0.31,0.92,0.31,0.92,0.58,0.5,0.726,0.505,0.472
0.61,0.61,1.0,1.0,0.94,0.94,0.16,0.16,0.72,0.72,0.4,0.33,0.0,0.0,1.0,0.42,0.9,0.78,0.49,0.89,0.91,0.49,0.49,0.31,0.92,0.31,0.92,0.42,1.0,0.74,0.52,0.468
0.61,0.61,1.0,1.0,0.94,0.94,0.16,0.16,0.72,0.72,0.41,0.33,0.0,0.0,1.0,0.43,0.93,0.79,0.47,0.92,0.93,0.47,0.47,0.31,0.92,0.31,0.92,0.2,1.0,0.738,0.528,0.472
0.6,0.6,1.0,1.0,0.94,0.94,0.16,0.16,0.7,0.7,0.41,0.32,0.0,0.0,0.75,0.36,0.96,0.73,0.37,0.96,0.96,0.37,0.37,0.31,0.92,0.31,0.92,0.12,1.0,0.74,0.532,0.472
0.6,0.6,1.0,1.0,0.94,0.94,0.16,0.16,0.69,0.69,0.41,0.32,0.0,0.0,0.75,0.33,0.97,0.71,0.32,0.97,0.98,0.32,0.32,0.31,0.92,0.31,0.92,0.1,1.0,0.757,0.535,0.471
0.59,0.59,1.0,1.0,0.95,0.95,0.16,0.16,0.7,0.7,0.43,0.31,0.0,0.0,0.75,0.33,0.98,0.71,0.31,0.98,0.98,0.31,0.31,0.31,0.92,0.31,0.92,0.09,1.0,0.76,0.547,0.469
0.59,0.59,1.0,1.0,0.95,0.95,0.16,0.16,0.7,0.7,0.44,0.3,0.0,0.0,0.75,0.33,0.98,0.71,0.3,0.98,0.98,0.3,0.3,0.31,0.92,0.31,0.92,0.09,1.0,0.757,0.562,0.471
0.59,0.59,1.0,1.0,0.95,0.95,0.16,0.16,0.7,0.7,0.42,0.32,0.0,0.0,0.75,0.44,0.94,0.8,0.47,0.94,0.95,0.47,0.47,0.31,0.92,0.31,0.92,0.15,1.0,0.767,0.575,0.472
0.59,0.59,1.0,1.0,0.95,0.95,0.16,0.16,0.7,0.7,0.42,0.32,0.0,0.0,1.0,0.4,0.86,0.76,0.5,0.85,0.87,0.5,0.5,0.31,0.92,0.31,0.92,0.22,1.0,0.771,0.582,0.475
0.59,0.59,1.0,1.0,0.95,0.95,0.16,0.16,0.69,0.69,0.44,0.3,0.0,0.0,1.0,0.38,0.85,0.75,0.5,0.85,0.86,0.5,0.5,0.31,0.92,0.31,0.92,0.24,1.0,0.776,0.59,0.478
0.61,0.61,1.0,1.0,0.94,0.94,0.16,0.16,0.56,0.56,0.41,0.32,0.0,0.0,0.75,0.35,0.79,0.72,0.52,0.79,0.79,0.52,0.52,0.31,0.92,0.31,0.92,0.19,1.0,0.764,0.595,0.482
0.64,0.64,1.0,1.0,0.91,0.91,0.31,0.31,0.26,0.26,0.39,0.33,0.0,0.0,0.5,0.32,0.76,0.71,0.55,0.76,0.75,0.55,0.55,0.31,0.92,0.32,0.91,0.12,0.81,0.754,0.597,0.485
0.65,0.65,1.0,1.0,0.9,0.9,0.16,0.16,0.31,0.31,0.39,0.33,0.0,0.0,0.5,0.32,0.77,0.7,0.56,0.77,0.77,0.56,0.56,0.31,0.92,0.31,0.92,0.09,0.79,0.736,0.6,0.485
0.66,0.66,1.0,1.0,0.89,0.89,0.16,0.16,0.32,0.32,0.39,0.33,0.0,0.0,0.5,0.32,0.88,0.7,0.43,0.88,0.88,0.43,0.43,0.31,0.92,0.31,0.92,0.06,0.76,0.73,0.602,0.483
0.67,0.67,1.0,1.0,0.88,0.88,0.7,0.7,0.2,0.2,0.4,0.33,0.0,0.0,0.5,0.33,0.89,0.71,0.37,0.89,0.88,0.37,0.37,0.41,0.73,0.4,0.74,0.05,0.53,0.724,0.612,0.485
0.68,0.68,1.0,1.0,0.88,0.88,0.28,0.28,0.31,0.31,0.4,0.33,0.0,0.0,0.5,0.34,0.9,0.71,0.37,0.9,0.89,0.37,0.37,0.33,0.88,0.33,0.88,0.05,0.47,0.722,0.622,0.485
0.69,0.69,1.0,1.0,0.87,0.87,0.2,0.2,0.35,0.35,0.4,0.32,0.0,0.0,0.5,0.33,0.91,0.71,0.37,0.91,0.9,0.37,0.37,0.31,0.92,0.31,0.92,0.04,0.49,0.72,0.628,0.486
0.72,0.72,1.0,1.0,0.84,0.84,0.82,0.82,0.29,0.29,0.4,0.32,0.0,0.0,0.5,0.35,0.86,0.72,0.36,0.87,0.85,0.36,0.36,0.41,0.72,0.4,0.74,0.04,0.42,0.731,0.643,0.493
0.73,0.73,1.0,1.0,0.83,0.83,0.93,0.93,0.3,0.3,0.4,0.32,0.0,0.0,0.25,0.37,0.83,0.74,0.34,0.84,0.82,0.34,0.34,0.45,0.64,0.44,0.65,0.04,0.36,0.744,0.652,0.502
0.74,0.74,1.0,1.0,0.83,0.83,0.92,0.92,0.3,0.3,0.39,0.33,0.0,0.0,0.25,0.37,0.82,0.74,0.34,0.83,0.82,0.34,0.34,0.44,0.66,0.44,0.67,0.03,0.35,0.739,0.663,0.496
0.74,0.74,1.0,1.0,0.83,0.83,0.92,0.92,0.29,0.29,0.39,0.33,0.0,0.0,0.25,0.37,0.83,0.74,0.33,0.84,0.82,0.33,0.33,0.43,0.68,0.42,0.7,0.03,0.36,0.741,0.667,0.496
0.73,0.73,1.0,1.0,0.83,0.83,0.92,0.92,0.29,0.29,0.39,0.33,0.0,0.0,0.25,0.37,0.82,0.74,0.34,0.83,0.82,0.34,0.34,0.44,0.66,0.43,0.68,0.03,0.35,0.736,0.668,0.494
0.73,0.73,1.0,1.0,0.84,0.84,0.92,0.92,0.3,0.3,0.39,0.33,0.0,0.0,0.25,0.36,0.85,0.74,0.33,0.86,0.85,0.33,0.33,0.43,0.68,0.43,0.69,0.03,0.35,0.726,0.67,0.495
0.72,0.72,1.0,1.0,0.84,0.84,0.92,0.92,0.3,0.3,0.39,0.33,0.0,0.0,0.25,0.36,0.86,0.73,0.34,0.86,0.86,0.34,0.34,0.4,0.74,0.4,0.74,0.03,0.36,0.719,0.673,0.492
0.68,0.68,1.0,1.0,0.88,0.88,0.9,0.9,0.3,0.3,0.38,0.34,0.0,0.0,0.25,0.35,0.87,0.73,0.33,0.87,0.87,0.33,0.33,0.43,0.68,0.43,0.68,0.03,0.38,0.711,0.672,0.495
0.6,0.6,1.0,1.0,0.94,0.94,0.16,0.16,0.56,0.56,0.41,0.32,0.0,0.0,0.75,0.32,0.93,0.71,0.34,0.93,0.92,0.34,0.34,0.31,0.92,0.31,0.92,0.04,0.65,0.691,0.678,0.49
0.6,0.6,1.0,1.0,0.94,0.94,0.16,0.16,0.57,0.57,0.41,0.32,0.0,0.0,0.75,0.32,0.94,0.7,0.36,0.94,0.93,0.36,0.36,0.31,0.92,0.31,0.92,0.06,0.88,0.678,0.677,0.488
0.61,0.61,1.0,1.0,0.94,0.94,0.16,0.16,0.66,0.66,0.43,0.3,0.0,0.0,0.75,0.32,0.93,0.7,0.38,0.93,0.93,0.38,0.38,0.31,0.92,0.31,0.92,0.06,1.0,0.64,0.668,0.487
0.62,0.62,1.0,1.0,0.93,0.93,0.16,0.16,0.67,0.67,0.42,0.31,0.0,0.0,0.75,0.33,0.92,0.71,0.41,0.92,0.92,0.41,0.41,0.31,0.92,0.31,0.92,0.08,1.0,0.62,0.662,0.485
0.64,0.64,1.0,1.0,0.91,0.91,0.77,0.75,0.25,0.25,0.39,0.34,0.0,0.0,0.5,0.33,0.91,0.71,0.36,0.91,0.91,0.36,0.36,0.35,0.83,0.35,0.83,0.08,0.78,0.61,0.653,0.485
0.63,0.63,1.0,1.0,0.92,0.92,0.16,0.16,0.58,0.58,0.41,0.32,0.0,0.0,0.75,0.32,0.92,0.71,0.36,0.92,0.92,0.36,0.36,0.31,0.92,0.31,0.92,0.08,1.0,0.605,0.652,0.486
0.62,0.62,1.0,1.0,0.92,0.92,0.16,0.16,0.62,0.62,0.41,0.32,0.0,0.0,0.75,0.32,0.94,0.7,0.36,0.93,0.94,0.36,0.36,0.31,0.92,0.31,0.92,0.08,1.0,0.611,0.647,0.488
0.63,0.63,1.0,1.0,0.92,0.92,0.16,0.16,0.63,0.63,0.4,0.33,0.0,0.0,0.75,0.32,0.94,0.71,0.38,0.94,0.94,0.38,0.38,0.31,0.92,0.31,0.92,0.08,0.97,0.623,0.65,0.493
0.67,0.67,1.0,1.0,0.89,0.89,0.92,0.92,0.29,0.29,0.37,0.36,0.0,0.0,0.5,0.33,0.81,0.71,0.37,0.82,0.81,0.37,0.37,0.47,0.6,0.48,0.59,0.06,0.44,0.642,0.638,0.488
0.68,0.68,1.0,1.0,0.88,0.88,0.93,0.93,0.3,0.3,0.37,0.35,0.0,0.0,0.5,0.33,0.84,0.71,0.36,0.84,0.84,0.36,0.36,0.44,0.67,0.44,0.66,0.06,0.51,0.669,0.635,0.491
0.68,0.68,1.0,1.0,0.88,0.88,0.93,0.93,0.29,0.29,0.37,0.35,0.0,0.0,0.5,0.33,0.84,0.71,0.36,0.84,0.84,0.36,0.36,0.45,0.65,0.45,0.65,0.05,0.5,0.711,0.617,0.499
0.68,0.68,1.0,1.0,0.87,0.87,0.93,0.93,0.29,0.29,0.37,0.35,0.0,0.0,0.5,0.33,0.84,0.71,0.36,0.85,0.84,0.36,0.36,0.44,0.66,0.44,0.67,0.05,0.49,0.716,0.615,0.496
0.67,0.67,1.0,1.0,0.88,0.88,0.92,0.92,0.29,0.29,0.37,0.35,0.0,0.0,0.5,0.33,0.85,0.71,0.35,0.85,0.85,0.35,0.35,0.42,0.7,0.42,0.7,0.05,0.48,0.718,0.612,0.494
0.66,0.66,1.0,1.0,0.9,0.9,0.86,0.86,0.28,0.28,0.37,0.35,0.0,0.0,0.5,0.33,0.87,0.71,0.35,0.87,0.87,0.35,0.35,0.42,0.71,0.41,0.72,0.05,0.48,0.72,0.612,0.493
0.64,0.64,1.0,1.0,0.91,0.91,0.8,0.78,0.25,0.25,0.37,0.36,0.0,0.0,0.5,0.33,0.88,0.71,0.34,0.88,0.88,0.34,0.34,0.39,0.76,0.38,0.78,0.05,0.51,0.732,0.61,0.491
0.64,0.64,1.0,1.0,0.91,0.91,0.6,0.6,0.25,0.25,0.37,0.36,0.0,0.0,0.5,0.33,0.89,0.71,0.34,0.89,0.89,0.34,0.34,0.38,0.78,0.37,0.8,0.05,0.52,0.746,0.61,0.491
0.63,0.63,1.0,1.0,0.92,0.92,0.61,0.6,0.25,0.25,0.37,0.35,0.0,0.0,0.5,0.33,0.89,0.71,0.34,0.89,0.89,0.34,0.34,0.38,0.78,0.37,0.8,0.05,0.5,0.746,0.608,0.486
0.63,0.63,1.0,1.0,0.92,0.92,0.65,0.65,0.24,0.24,0.37,0.35,0.0,0.0,0.5,0.32,0.89,0.71,0.34,0.89,0.89,0.34,0.34,0.39,0.77,0.38,0.78,0.05,0.49,0.73,0.61,0.487
0.62,0.62,1.0,1.0,0.92,0.92,0.76,0.74,0.24,0.24,0.37,0.36,0.0,0.0,0.5,0.32,0.9,0.7,0.33,0.9,0.9,0.33,0.33,0.36,0.81,0.36,0.83,0.05,0.5,0.721,0.612,0.491
0.62,0.62,1.0,1.0,0.92,0.92,0.78,0.77,0.24,0.24,0.37,0.36,0.0,0.0,0.5,0.32,0.9,0.7,0.33,0.9,0.9,0.33,0.33,0.37,0.79,0.36,0.81,0.05,0.51,0.708,0.613,0.495
0.63,0.63,1.0,1.0,0.92,0.92,0.79,0.79,0.25,0.25,0.37,0.35,0.0,0.0,0.5,0.31,0.9,0.7,0.33,0.9,0.9,0.33,0.33,0.37,0.8,0.36,0.82,0.05,0.52,0.709,0.612,0.499
0.62,0.62,1.0,1.0,0.92,0.92,0.76,0.75,0.24,0.24,0.38,0.35,0.0,0.0,0.5,0.32,0.9,0.7,0.32,0.9,0.9,0.32,0.32,0.39,0.76,0.38,0.78,0.05,0.51,0.711,0.613,0.497
0.64,0.64,1.0,1.0,0.91,0.91,0.58,0.58,0.23,0.23,0.38,0.35,0.0,0.0,0.5,0.32,0.9,0.7,0.34,0.9,0.9,0.34,0.34,0.36,0.82,0.35,0.84,0.05,0.49,0.724,0.615,0.497
0.7,0.7,1.0,1.0,0.86,0.86,0.94,0.94,0.3,0.3,0.38,0.34,0.0,0.0,0.5,0.32,0.88,0.7,0.35,0.88,0.87,0.35,0.35,0.4,0.74,0.41,0.73,0.05,0.49,0.716,0.617,0.498
0.62,0.62,1.0,1.0,0.92,0.92,0.32,0.32,0.26,0.26,0.38,0.35,0.0,0.0,0.75,0.31,0.91,0.69,0.35,0.91,0.91,0.35,0.35,0.31,0.92,0.31,0.92,0.05,0.52,0.71,0.615,0.491
0.62,0.62,1.0,1.0,0.93,0.93,0.21,0.21,0.29,0.29,0.37,0.35,0.0,0.0,0.75,0.3,0.92,0.68,0.35,0.92,0.92,0.35,0.35,0.31,0.92,0.31,0.92,0.05,0.53,0.708,0.615,0.486
0.65,0.65,1.0,1.0,0.9,0.9,0.93,0.93,0.28,0.28,0.37,0.35,0.0,0.0,0.5,0.3,0.87,0.69,0.35,0.87,0.87,0.35,0.35,0.4,0.75,0.4,0.73,0.05,0.55,0.711,0.617,0.489
0.66,0.66,1.0,1.0,0.89,0.89,0.94,0.94,0.28,0.28,0.37,0.35,0.0,0.0,0.5,0.31,0.84,0.69,0.35,0.85,0.84,0.35,0.35,0.42,0.71,0.42,0.69,0.05,0.54,0.711,0.617,0.492
0.65,0.65,1.0,1.0,0.9,0.9,0.91,0.91,0.28,0.28,0.37,0.35,0.0,0.0,0.5,0.31,0.85,0.69,0.35,0.85,0.85,0.35,0.35,0.41,0.72,0.41,0.72,0.05,0.53,0.711,0.615,0.495
0.63,0.63,1.0,1.0,0.92,0.92,0.78,0.77,0.23,0.23,0.37,0.36,0.0,0.0,0.75,0.31,0.88,0.7,0.35,0.88,0.88,0.35,0.35,0.36,0.83,0.35,0.83,0.05,0.54,0.719,0.612,0.495
0.62,0.62,1.0,1.0,0.93,0.93,0.54,0.53,0.23,0.23,0.38,0.35,0.0,0.0,0.75,0.31,0.9,0.7,0.35,0.9,0.9,0.35,0.35,0.35,0.85,0.34,0.85,0.05,0.53,0.715,0.613,0.496
0.62,0.62,1.0,1.0,0.93,0.93,0.52,0.51,0.23,0.23,0.38,0.34,0.0,0.0,0.75,0.31,0.9,0.7,0.35,0.9,0.9,0.35,0.35,0.33,0.87,0.33,0.88,0.05,0.53,0.713,0.613,0.496
0.62,0.62,1.0,1.0,0.93,0.93,0.8,0.8,0.23,0.23,0.38,0.35,0.0,0.0,0.75,0.31,0.9,0.7,0.34,0.9,0.9,0.34,0.34,0.36,0.83,0.36,0.82,0.05,0.55,0.708,0.613,0.498
0.66,0.66,1.0,1.0,0.89,0.89,0.94,0.94,0.3,0.3,0.38,0.35,0.0,0.0,0.5,0.31,0.87,0.7,0.34,0.87,0.87,0.34,0.34,0.4,0.75,0.4,0.75,0.05,0.54,0.703,0.613,0.502
0.63,0.63,1.0,1.0,0.92,0.92,0.83,0.81,0.25,0.25,0.37,0.36,0.0,0.0,0.5,0.31,0.89,0.7,0.33,0.88,0.89,0.33,0.33,0.36,0.82,0.36,0.83,0.05,0.53,0.71,0.612,0.495
0.62,0.62,1.0,1.0,0.92,0.92,0.6,0.6,0.23,0.23,0.38,0.35,0.0,0.0,0.75,0.32,0.9,0.7,0.33,0.9,0.9,0.33,0.33,0.35,0.84,0.35,0.84,0.05,0.52,0.717,0.61,0.49
0.62,0.62,1.0,1.0,0.93,0.93,0.59,0.59,0.24,0.24,0.38,0.35,0.0,0.0,0.75,0.32,0.9,0.7,0.33,0.9,0.9,0.33,0.33,0.34,0.85,0.34,0.85,0.05,0.52,0.727,0.607,0.495
0.62,0.62,1.0,1.0,0.93,0.93,0.6,0.6,0.24,0.24,0.38,0.35,0.0,0.0,0.75,0.31,0.91,0.7,0.33,0.91,0.91,0.33,0.33,0.32,0.9,0.31,0.91,0.05,0.52,0.731,0.603,0.503
0.62,0.62,1.0,1.0,0.93,0.93,0.83,0.83,0.24,0.24,0.38,0.35,0.0,0.0,0.5,0.31,0.91,0.7,0.33,0.91,0.91,0.33,0.33,0.37,0.81,0.36,0.81,0.05,0.54,0.723,0.607,0.501
0.63,0.63,1.0,1.0,0.92,0.92,0.61,0.61,0.21,0.21,0.38,0.35,0.0,0.0,0.75,0.31,0.9,0.7,0.33,0.9,0.9,0.33,0.33,0.35,0.83,0.35,0.84,0.05,0.54,0.718,0.607,0.5
0.63,0.63,1.0,1.0,0.92,0.92,0.54,0.54,0.23,0.23,0.38,0.34,0.0,0.0,0.75,0.31,0.9,0.7,0.34,0.9,0.9,0.34,0.34,0.35,0.85,0.34,0.86,0.05,0.53,0.721,0.61,0.495
0.64,0.64,1.0,1.0,0.91,0.91,0.8,0.79,0.23,0.23,0.37,0.35,0.0,0.0,0.75,0.32,0.91,0.7,0.34,0.91,0.91,0.34,0.34,0.34,0.86,0.34,0.87,0.05,0.54,0.725,0.61,0.496
0.67,0.67,1.0,1.0,0.89,0.89,0.93,0.93,0.3,0.3,0.37,0.35,0.0,0.0,0.5,0.32,0.89,0.7,0.34,0.89,0.89,0.34,0.34,0.38,0.77,0.39,0.76,0.05,0.54,0.724,0.605,0.501
0.63,0.63,1.0,1.0,0.92,0.92,0.74,0.73,0.21,0.21,0.37,0.36,0.0,0.0,0.5,0.32,0.9,0.7,0.34,0.9,0.9,0.34,0.34,0.33,0.87,0.33,0.87,0.05,0.55,0.719,0.605,0.505
0.62,0.62,1.0,1.0,0.93,0.93,0.56,0.55,0.24,0.24,0.37,0.36,0.0,0.0,0.75,0.31,0.92,0.7,0.33,0.92,0.92,0.33,0.33,0.31,0.92,0.31,0.92,0.05,0.56,0.709,0.602,0.498
0.62,0.62,1.0,1.0,0.93,0.93,0.51,0.5,0.25,0.25,0.37,0.36,0.0,0.0,0.75,0.31,0.93,0.69,0.33,0.93,0.93,0.33,0.33,0.31,0.92,0.31,0.92,0.05,0.65,0.712,0.6,0.497
0.66,0.66,1.0,1.0,0.9,0.9,0.88,0.89,0.28,0.28,0.37,0.36,0.0,0.0,0.5,0.31,0.93,0.69,0.33,0.93,0.92,0.33,0.33,0.31,0.91,0.32,0.9,0.05,0.67,0.715,0.598,0.496
0.61,0.61,1.0,1.0,0.93,0.93,0.59,0.58,0.24,0.24,0.36,0.37,0.0,0.0,0.75,0.3,0.92,0.69,0.34,0.92,0.92,0.34,0.34,0.31,0.92,0.31,0.92,0.05,0.78,0.718,0.603,0.498
0.61,0.61,1.0,1.0,0.94,0.94,0.46,0.46,0.26,0.26,0.36,0.37,0.0,0.0,0.75,0.3,0.93,0.69,0.36,0.93,0.93,0.36,0.36,0.31,0.92,0.31,0.92,0.05,0.87,0.725,0.602,0.5
0.6,0.6,1.0,1.0,0.94,0.94,0.43,0.43,0.26,0.26,0.35,0.37,0.0,0.0,0.75,0.3,0.93,0.69,0.36,0.93,0.93,0.36,0.36,0.31,0.92,0.31,0.92,0.05,0.93,0.726,0.602,0.501
0.64,0.64,1.0,1.0,0.91,0.91,0.85,0.85,0.24,0.24,0.34,0.39,0.0,0.0,0.5,0.3,0.91,0.69,0.35,0.91,0.91,0.35,0.35,0.32,0.9,0.33,0.87,0.05,0.95,0.716,0.603,0.498
0.61,0.61,1.0,1.0,0.94,0.94,0.61,0.6,0.22,0.22,0.34,0.38,0.0,0.0,0.75,0.3,0.9,0.69,0.36,0.9,0.9,0.36,0.36,0.32,0.9,0.32,0.89,0.05,1.0,0.711,0.6,0.502
0.6,0.6,1.0,1.0,0.94,0.94,0.45,0.45,0.25,0.25,0.34,0.39,0.0,0.0,0.75,0.3,0.91,0.69,0.36,0.9,0.91,0.36,0.36,0.31,0.92,0.31,0.91,0.05,1.0,0.71,0.593,0.502
0.6,0.6,1.0,1.0,0.95,0.95,0.41,0.41,0.26,0.26,0.34,0.38,0.0,0.0,0.75,0.31,0.91,0.69,0.36,0.9,0.91,0.36,0.36,0.33,0.87,0.34,0.86,0.06,0.98,0.714,0.583,0.5
0.6,0.6,1.0,1.0,0.94,0.94,0.4,0.4,0.26,0.26,0.36,0.37,0.0,0.0,0.75,0.31,0.91,0.69,0.36,0.9,0.91,0.36,0.36,0.33,0.88,0.33,0.88,0.06,0.86,0.718,0.567,0.49
0.61,0.61,1.0,1.0,0.94,0.94,0.41,0.4,0.27,0.27,0.4,0.33,0.0,0.0,0.75,0.3,0.91,0.69,0.34,0.9,0.91,0.34,0.34,0.38,0.77,0.38,0.78,0.05,0.62,0.713,0.545,0.489
0.6,0.6,1.0,1.0,0.94,0.94,0.42,0.4,0.27,0.27,0.45,0.28,0.0,0.0,0.75,0.3,0.91,0.69,0.32,0.91,0.91,0.32,0.32,0.34,0.86,0.32,0.89,0.05,0.51,0.709,0.52,0.494
0.6,0.6,1.0,1.0,0.94,0.94,0.44,0.44,0.27,0.27,0.46,0.27,0.0,0.0,0.75,0.29,0.91,0.68,0.32,0.91,0.91,0.32,0.32,0.32,0.89,0.31,0.92,0.04,0.47,0.709,0.497,0.495
0.6,0.6,1.0,1.0,0.94,0.94,0.35,0.33,0.29,0.29,0.54,0.19,0.0,0.0,0.75,0.29,0.92,0.68,0.32,0.92,0.92,0.32,0.32,0.31,0.92,0.31,0.92,0.04,0.35,0.713,0.472,0.493
0.59,0.59,1.0,1.0,0.95,0.95,0.28,0.28,0.31,0.31,0.59,0.14,0.0,0.0,0.75,0.28,0.94,0.67,0.3,0.94,0.93,0.3,0.3,0.31,0.92,0.31,0.92,0.04,0.21,0.722,0.433,0.487
0.59,0.59,1.0,1.0,0.95,0.95,0.28,0.28,0.32,0.32,0.53,0.2,0.0,0.0,0.5,0.28,0.92,0.67,0.32,0.92,0.91,0.32,0.32,0.31,0.92,0.31,0.92,0.04,0.22,0.728,0.403,0.485
0.59,0.59,1.0,1.0,0.95,0.95,0.29,0.28,0.32,0.32,0.41,0.31,0.0,0.0,0.5,0.29,0.91,0.68,0.33,0.91,0.9,0.33,0.33,0.31,0.92,0.31,0.92,0.03,0.35,0.727,0.383,0.485
0.59,0.59,1.0,1.0,0.95,0.95,0.24,0.24,0.35,0.35,0.29,0.43,0.0,0.0,0.75,0.29,0.92,0.68,0.33,0.92,0.92,0.33,0.33,0.31,0.92,0.31,0.92,0.03,0.47,0.733,0.358,0.476
0.59,0.59,1.0,1.0,0.95,0.95,0.24,0.24,0.36,0.36,0.22,0.5,0.0,0.0,0.75,0.3,0.92,0.69,0.32,0.92,0.92,0.32,0.32,0.31,0.92,0.31,0.92,0.03,0.8,0.735,0.337,0.482
0.6,0.6,1.0,1.0,0.95,0.95,0.2,0.2,0.36,0.36,0.19,0.54,0.0,0.0,0.75,0.3,0.89,0.69,0.37,0.88,0.9,0.37,0.37,0.36,0.81,0.37,0.8,0.03,0.83,0.747,0.327,0.494
0.59,0.59,1.0,1.0,0.95,0.95,0.16,0.16,0.36,0.36,0.19,0.54,0.36,0.33,0.75,0.33,0.6,0.71,0.56,0.59,0.62,0.56,0.56,0.79,0.34,0.77,0.35,0.07,0.65,0.737,0.325,0.519
0.58,0.58,1.0,1.0,0.96,0.96,0.4,0.4,0.27,0.27,0.29,0.44,0.42,0.38,0.75,0.33,0.68,0.71,0.52,0.67,0.7,0.52,0.52,0.83,0.33,0.8,0.34,0.1,0.37,0.747,0.352,0.558
0.57,0.57,1.0,1.0,0.96,0.96,0.16,0.16,0.34,0.34,0.3,0.43,0.39,0.3,0.75,0.33,0.79,0.71,0.5,0.77,0.8,0.5,0.5,0.81,0.33,0.75,0.36,0.11,0.35,0.742,0.392,0.594
0.57,0.57,1.0,1.0,0.97,0.97,0.16,0.16,0.33,0.33,0.35,0.37,0.27,0.21,0.75,0.33,0.78,0.71,0.49,0.76,0.79,0.49,0.49,0.73,0.37,0.69,0.39,0.09,0.36,0.729,0.438,0.645
0.59,0.59,1.0,1.0,0.96,0.96,0.87,0.87,0.23,0.23,0.34,0.38,0.24,0.21,0.75,0.33,0.8,0.71,0.4,0.79,0.82,0.4,0.4,0.71,0.38,0.69,0.39,0.08,0.39,0.729,0.458,0.702
0.57,0.57,1.0,1.0,0.96,0.96,0.21,0.21,0.27,0.27,0.35,0.37,0.2,0.16,0.75,0.33,0.86,0.71,0.42,0.86,0.87,0.42,0.42,0.68,0.39,0.66,0.4,0.06,0.41,0.706,0.488,0.703
0.57,0.57,1.0,1.0,0.97,0.97,0.16,0.16,0.28,0.28,0.35,0.37,0.18,0.15,1.0,0.3,0.9,0.69,0.4,0.89,0.9,0.4,0.4,0.67,0.4,0.65,0.4,0.05,0.43,0.684,0.523,0.634
0.56,0.56,1.0,1.0,0.97,0.97,0.16,0.16,0.28,0.28,0.35,0.38,0.15,0.13,1.0,0.3,0.9,0.68,0.39,0.89,0.9,0.39,0.39,0.65,0.4,0.64,0.41,0.04,0.45,0.661,0.567,0.513
0.58,0.58,1.0,1.0,0.96,0.96,0.92,0.92,0.23,0.23,0.35,0.38,0.13,0.13,0.75,0.34,0.89,0.72,0.35,0.88,0.89,0.35,0.35,0.64,0.41,0.64,0.41,0.04,0.48,0.644,0.577,0.41
0.58,0.58,1.0,1.0,0.96,0.96,0.36,0.36,0.19,0.19,0.35,0.38,0.1,0.1,0.75,0.35,0.89,0.73,0.36,0.88,0.89,0.36,0.36,0.62,0.42,0.62,0.42,0.04,0.52,0.65,0.598,0.357
0.57,0.57,1.0,1.0,0.97,0.97,0.21,0.21,0.25,0.25,0.35,0.38,0.09,0.09,1.0,0.3,0.91,0.69,0.36,0.91,0.91,0.36,0.36,0.61,0.42,0.61,0.42,0.04,0.52,0.651,0.608,0.345
0.57,0.57,1.0,1.0,0.97,0.97,0.19,0.19,0.28,0.28,0.34,0.38,0.0,0.0,0.75,0.29,0.94,0.68,0.34,0.94,0.94,0.34,0.34,0.31,0.92,0.31,0.92,0.03,0.57,0.646,0.593,0.385
0.57,0.57,1.0,1.0,0.97,0.97,0.16,0.16,0.3,0.3,0.35,0.37,0.0,0.0,0.75,0.27,0.95,0.67,0.32,0.95,0.95,0.32,0.32,0.31,0.92,0.31,0.92,0.03,0.6,0.672,0.572,0.448
0.59,0.59,1.0,1.0,0.95,0.95,0.89,0.88,0.24,0.24,0.37,0.36,0.0,0.0,0.75,0.27,0.92,0.66,0.31,0.92,0.92,0.31,0.31,0.31,0.92,0.31,0.92,0.03,0.61,0.699,0.548,0.495
0.63,0.63,1.0,1.0,0.92,0.92,0.52,0.52,0.23,0.23,0.38,0.35,0.0,0.0,0.5,0.28,0.91,0.67,0.32,0.9,0.91,0.32,0.32,0.34,0.87,0.32,0.89,0.03,0.55,0.709,0.535,0.513
0.67,0.67,1.0,1.0,0.89,0.89,0.85,0.85,0.26,0.26,0.37,0.35,0.0,0.0,0.5,0.32,0.83,0.7,0.35,0.83,0.84,0.35,0.35,0.52,0.5,0.51,0.53,0.03,0.49,0.724,0.532,0.516
0.68,0.68,1.0,1.0,0.88,0.88,0.88,0.88,0.27,0.27,0.37,0.35,0.0,0.0,0.5,0.34,0.77,0.72,0.42,0.76,0.78,0.42,0.42,0.55,0.45,0.55,0.46,0.03,0.58,0.735,0.528,0.512
0.64,0.64,1.0,1.0,0.91,0.91,0.4,0.39,0.28,0.28,0.38,0.34,0.02,0.0,0.5,0.33,0.73,0.71,0.48,0.72,0.74,0.48,0.48,0.56,0.45,0.54,0.47,0.04,0.81,0.746,0.53,0.508
0.64,0.64,1.0,1.0,0.91,0.91,0.48,0.46,0.29,0.29,0.38,0.34,0.0,0.0,0.5,0.33,0.78,0.71,0.43,0.77,0.79,0.43,0.43,0.46,0.62,0.46,0.62,0.04,1.0,0.753,0.527,0.509
0.63,0.63,1.0,1.0,0.92,0.92,0.8,0.8,0.26,0.26,0.38,0.35,0.0,0.0,0.5,0.33,0.83,0.71,0.4,0.83,0.84,0.4,0.4,0.41,0.72,0.41,0.73,0.04,1.0,0.766,0.53,0.513
0.62,0.62,1.0,1.0,0.93,0.93,0.47,0.46,0.29,0.29,0.38,0.34,0.0,0.0,0.5,0.33,0.84,0.71,0.38,0.84,0.85,0.38,0.38,0.36,0.83,0.35,0.83,0.04,1.0,0.768,0.527,0.508
0.61,0.61,1.0,1.0,0.93,0.93,0.16,0.16,0.44,0.44,0.41,0.31,0.0,0.0,0.75,0.33,0.89,0.71,0.42,0.88,0.89,0.42,0.42,0.31,0.92,0.31,0.92,0.04,1.0,0.761,0.532,0.505
0.61,0.61,1.0,1.0,0.93,0.93,0.34,0.26,0.34,0.34,0.39,0.34,0.0,0.0,0.75,0.33,0.87,0.71,0.41,0.86,0.88,0.41,0.41,0.33,0.89,0.32,0.9,0.05,1.0,0.744,0.537,0.505
0.6,0.6,1.0,1.0,0.94,0.94,0.16,0.16,0.53,0.53,0.41,0.32,0.0,0.0,0.75,0.32,0.9,0.7,0.38,0.89,0.9,0.38,0.38,0.31,0.92,0.31,0.92,0.05,1.0,0.729,0.545,0.508
0.6,0.6,1.0,1.0,0.95,0.95,0.16,0.16,0.56,0.56,0.41,0.32,0.0,0.0,0.75,0.32,0.91,0.7,0.37,0.9,0.91,0.37,0.37,0.31,0.92,0.31,0.92,0.06,1.0,0.724,0.55,0.515
0.6,0.6,1.0,1.0,0.95,0.95,0.16,0.16,0.55,0.55,0.4,0.32,0.0,0.0,0.75,0.31,0.92,0.7,0.36,0.91,0.92,0.36,0.36,0.31,0.92,0.31,0.92,0.06,1.0,0.714,0.562,0.503
0.6,0.6,1.0,1.0,0.95,0.95,0.16,0.16,0.55,0.55,0.4,0.32,0.0,0.0,0.75,0.31,0.92,0.7,0.36,0.91,0.92,0.36,0.36,0.31,0.92,0.31,0.92,0.05,1.0,0.701,0.57,0.508
0.6,0.6,1.0,1.0,0.94,0.94,0.47,0.25,0.37,0.37,0.38,0.35,0.0,0.0,0.75,0.31,0.82,0.7,0.41,0.81,0.84,0.41,0.41,0.4,0.75,0.38,0.78,0.05,1.0,0.695,0.572,0.514
0.61,0.61,1.0,1.0,0.93,0.93,0.86,0.88,0.26,0.26,0.35,0.37,0.12,0.16,0.5,0.31,0.46,0.7,0.56,0.45,0.48,0.56,0.56,0.63,0.41,0.66,0.4,0.09,1.0,0.701,0.572,0.512
0.62,0.62,1.0,1.0,0.93,0.93,0.88,0.89,0.28,0.28,0.36,0.37,0.03,0.07,0.5,0.31,0.43,0.69,0.56,0.42,0.44,0.56,0.56,0.57,0.44,0.6,0.43,0.1,1.0,0.707,0.568,0.51
0.6,0.6,1.0,1.0,0.94,0.94,0.85,0.85,0.26,0.26,0.35,0.38,0.0,0.02,0.5,0.31,0.54,0.69,0.56,0.52,0.56,0.56,0.56,0.53,0.48,0.56,0.45,0.11,1.0,0.711,0.563,0.516
0.59,0.59,1.0,1.0,0.95,0.95,0.35,0.35,0.27,0.27,0.32,0.41,0.0,0.0,0.5,0.3,0.64,0.69,0.56,0.62,0.65,0.56,0.56,0.49,0.56,0.51,0.53,0.11,1.0,0.727,0.563,0.505
0.59,0.59,1.0,1.0,0.95,0.95,0.22,0.22,0.3,0.3,0.31,0.41,0.0,0.0,0.5,0.3,0.66,0.68,0.56,0.65,0.67,0.56,0.56,0.49,0.56,0.51,0.53,0.11,1.0,0.742,0.562,0.505
0.6,0.6,1.0,1.0,0.95,0.95,0.19,0.19,0.31,0.31,0.32,0.4,0.0,0.0,0.5,0.29,0.71,0.68,0.56,0.7,0.72,0.56,0.56,0.45,0.65,0.46,0.63,0.08,1.0,0.754,0.558,0.495
0.6,0.6,1.0,1.0,0.95,0.95,0.16,0.16,0.31,0.31,0.33,0.4,0.0,0.0,0.5,0.29,0.76,0.68,0.53,0.75,0.76,0.53,0.53,0.4,0.74,0.41,0.72,0.06,1.0,0.758,0.562,0.504
0.6,0.6,1.0,1.0,0.95,0.95,0.16,0.16,0.31,0.31,0.34,0.39,0.0,0.0,0.5,0.29,0.82,0.68,0.47,0.82,0.83,0.47,0.47,0.35,0.84,0.35,0.84,0.05,1.0,0.759,0.558,0.505
0.6,0.6,1.0,1.0,0.94,0.94,0.16,0.16,0.32,0.32,0.35,0.37,0.0,0.0,0.5,0.29,0.88,0.68,0.39,0.87,0.88,0.39,0.39,0.31,0.92,0.31,0.92,0.04,0.84,0.764,0.562,0.506
0.6,0.6,1.0,1.0,0.94,0.94,0.22,0.22,0.32,0.32,0.41,0.32,0.0,0.0,0.5,0.29,0.86,0.68,0.39,0.86,0.86,0.39,0.39,0.31,0.92,0.31,0.92,0.04,0.55,0.764,0.563,0.506
0.6,0.6,1.0,1.0,0.94,0.94,0.2,0.2,0.33,0.33,0.44,0.28,0.0,0.0,0.5,0.29,0.89,0.68,0.38,0.89,0.89,0.38,0.38,0.31,0.92,0.31,0.92,0.03,0.45,0.77,0.56,0.506
0.6,0.6,1.0,1.0,0.94,0.94,0.21,0.21,0.33,0.33,0.45,0.28,0.0,0.0,0.5,0.29,0.89,0.68,0.35,0.89,0.88,0.35,0.35,0.31,0.92,0.31,0.92,0.03,0.42,0.78,0.558,0.511
0.6,0.6,1.0,1.0,0.95,0.95,0.16,0.16,0.35,0.35,0.45,0.27,0.0,0.0,0.5,0.29,0.88,0.68,0.39,0.88,0.87,0.39,0.39,0.31,0.92,0.31,0.92,0.03,0.4,0.77,0.558,0.508
0.59,0.59,1.0,1.0,0.95,0.95,0.16,0.16,0.33,0.33,0.41,0.31,0.0,0.0,0.75,0.28,0.88,0.67,0.4,0.88,0.88,0.4,0.4,0.31,0.92,0.31,0.92,0.03,0.4,0.756,0.568,0.495
0.59,0.59,1.0,1.0,0.95,0.95,0.16,0.16,0.34,0.34,0.35,0.38,0.0,0.0,0.5,0.28,0.87,0.67,0.4,0.87,0.87,0.4,0.4,0.31,0.92,0.31,0.92,0.03,0.5,0.748,0.58,0.47
0.59,0.59,1.0,1.0,0.95,0.95,0.16,0.16,0.34,0.34,0.31,0.41,0.0,0.0,0.75,0.28,0.88,0.68,0.4,0.87,0.88,0.4,0.4,0.31,0.92,0.31,0.92,0.03,0.63,0.736,0.58,0.471
0.59,0.59,1.0,1.0,0.95,0.95,0.16,0.16,0.34,0.34,0.31,0.41,0.0,0.0,0.75,0.28,0.9,0.67,0.35,0.89,0.9,0.35,0.35,0.31,0.92,0.31,0.92,0.03,0.81,0.733,0.58,0.48
0.59,0.59,1.0,1.0,0.95,0.95,0.16,0.16,0.34,0.34,0.34,0.38,0.0,0.0,0.75,0.28,0.9,0.67,0.37,0.89,0.9,0.37,0.37,0.31,0.92,0.31,0.92,0.03,0.85,0.734,0.577,0.484
0.59,0.59,1.0,1.0,0.95,0.95,0.16,0.16,0.35,0.35,0.37,0.35,0.0,0.0,0.75,0.28,0.91,0.67,0.34,0.9,0.91,0.34,0.34,0.31,0.92,0.31,0.92,0.03,0.6,0.727,0.58,0.49
0.59,0.59,1.0,1.0,0.95,0.95,0.82,0.82,0.24,0.24,0.39,0.34,0.0,0.0,0.5,0.28,0.83,0.67,0.37,0.83,0.84,0.37,0.37,0.49,0.57,0.47,0.6,0.03,0.47,0.721,0.577,0.513
0.59,0.59,1.0,1.0,0.95,0.95,0.16,0.16,0.35,0.35,0.41,0.32,0.13,0.1,0.5,0.29,0.8,0.68,0.45,0.8,0.8,0.45,0.45,0.64,0.41,0.62,0.42,0.03,0.39,0.719,0.57,0.558
0.58,0.58,1.0,1.0,0.96,0.96,0.16,0.16,0.37,0.37,0.4,0.32,0.0,0.0,0.5,0.28,0.83,0.67,0.43,0.83,0.84,0.43,0.43,0.54,0.47,0.51,0.53,0.03,0.38,0.719,0.573,0.587
0.59,0.59,1.0,1.0,0.96,0.96,0.16,0.16,0.38,0.38,0.39,0.33,0.0,0.0,0.75,0.28,0.84,0.67,0.41,0.84,0.85,0.41,0.41,0.45,0.64,0.41,0.71,0.03,0.37,0.714,0.575,0.592
0.59,0.59,1.0,1.0,0.95,0.95,0.16,0.16,0.37,0.37,0.37,0.35,0.0,0.0,0.75,0.27,0.86,0.67,0.38,0.86,0.87,0.38,0.38,0.38,0.77,0.37,0.81,0.02,0.38,0.712,0.575,0.585
0.59,0.59,1.0,1.0,0.95,0.95,0.16,0.16,0.37,0.37,0.37,0.35,0.0,0.0,0.75,0.27,0.86,0.67,0.39,0.86,0.87,0.39,0.39,0.39,0.75,0.37,0.8,0.02,0.39,0.713,0.573,0.539
0.59,0.59,1.0,1.0,0.95,0.95,0.16,0.16,0.37,0.37,0.37,0.35,0.0,0.0,0.75,0.27,0.88,0.66,0.36,0.87,0.88,0.36,0.36,0.42,0.7,0.39,0.76,0.02,0.4,0.71,0.56,0.487
0.59,0.59,1.0,1.0,0.95,0.95,0.16,0.16,0.37,0.37,0.37,0.35,0.0,0.0,0.75,0.26,0.9,0.66,0.34,0.9,0.9,0.34,0.34,0.41,0.72,0.38,0.78,0.02,0.4,0.711,0.553,0.47
0.59,0.59,1.0,1.0,0.96,0.96,0.16,0.16,0.37,0.37,0.37,0.35,0.13,0.06,0.75,0.26,0.9,0.66,0.37,0.89,0.9,0.37,0.37,0.64,0.41,0.59,0.43,0.02,0.4,0.706,0.545,0.473
0.58,0.58,1.0,1.0,0.96,0.96,0.16,0.16,0.37,0.37,0.37,0.35,0.33,0.25,0.5,0.3,0.75,0.69,0.52,0.74,0.76,0.52,0.52,0.77,0.35,0.72,0.37,0.04,0.35,0.704,0.547,0.5
0.58,0.58,1.0,1.0,0.96,0.96,0.16,0.16,0.35,0.35,0.35,0.37,0.33,0.25,0.5,0.31,0.71,0.7,0.53,0.7,0.72,0.53,0.53,0.77,0.35,0.72,0.37,0.05,0.33,0.699,0.552,0.525
0.58,0.58,1.0,1.0,0.96,0.96,0.32,0.32,0.27,0.27,0.31,0.42,0.31,0.27,0.5,0.33,0.7,0.71,0.5,0.7,0.71,0.5,0.5,0.76,0.36,0.73,0.37,0.05,0.33,0.698,0.555,0.548
0.58,0.58,1.0,1.0,0.96,0.96,0.16,0.16,0.34,0.34,0.27,0.45,0.3,0.27,0.75,0.33,0.71,0.71,0.55,0.71,0.72,0.55,0.55,0.75,0.36,0.73,0.37,0.05,0.38,0.692,0.56,0.556
0.58,0.58,1.0,1.0,0.96,0.96,0.16,0.16,0.35,0.35,0.27,0.46,0.3,0.25,0.75,0.32,0.73,0.7,0.54,0.72,0.74,0.54,0.54,0.75,0.36,0.72,0.37,0.05,0.42,0.695,0.568,0.552
0.58,0.58,1.0,1.0,0.96,0.96,0.16,0.16,0.35,0.35,0.27,0.45,0.28,0.24,0.75,0.32,0.73,0.7,0.53,0.72,0.74,0.53,0.53,0.74,0.36,0.71,0.38,0.05,0.42,0.694,0.567,0.538
0.57,0.57,1.0,1.0,0.97,0.97,0.16,0.16,0.35,0.35,0.28,0.44,0.28,0.24,0.5,0.31,0.73,0.7,0.52,0.72,0.75,0.52,0.52,0.74,0.37,0.71,0.38,0.05,0.44,0.694,0.56,0.525
0.57,0.57,1.0,1.0,0.97,0.97,0.16,0.16,0.35,0.35,0.32,0.4,0.24,0.18,0.5,0.3,0.78,0.69,0.5,0.76,0.79,0.5,0.5,0.71,0.38,0.67,0.4,0.04,0.48,0.69,0.558,0.52
0.57,0.57,1.0,1.0,0.97,0.97,0.16,0.16,0.36,0.36,0.34,0.38,0.21,0.13,0.5,0.3,0.78,0.69,0.5,0.77,0.79,0.5,0.5,0.69,0.39,0.64,0.41,0.04,0.49,0.694,0.557,0.523
0.58,0.58,1.0,1.0,0.96,0.96,0.16,0.16,0.36,0.36,0.36,0.37,0.15,0.1,0.5,0.3,0.78,0.69,0.49,0.77,0.79,0.49,0.49,0.65,0.41,0.62,0.42,0.04,0.44,0.698,0.555,0.523
0.58,0.58,1.0,1.0,0.96,0.96,0.16,0.16,0.35,0.35,0.35,0.37,0.13,0.09,0.5,0.3,0.78,0.69,0.5,0.77,0.79,0.5,0.5,0.64,0.41,0.61,0.42,0.04,0.4,0.7,0.553,0.522
0.58,0.58,1.0,1.0,0.96,0.96,0.16,0.16,0.34,0.34,0.35,0.38,0.15,0.09,0.5,0.3,0.77,0.69,0.5,0.76,0.78,0.5,0.5,0.65,0.41,0.61,0.42,0.04,0.4,0.698,0.548,0.521
0.59,0.59,1.0,1.0,0.95,0.95,0.43,0.43,0.24,0.24,0.35,0.37,0.18,0.16,0.5,0.32,0.78,0.7,0.46,0.77,0.78,0.46,0.46,0.67,0.4,0.66,0.4,0.04,0.4,0.699,0.542,0.513
0.59,0.59,1.0,1.0,0.95,0.95,0.27,0.27,0.27,0.27,0.36,0.37,0.18,0.15,0.5,0.33,0.77,0.71,0.48,0.76,0.77,0.48,0.48,0.67,0.4,0.65,0.41,0.05,0.39,0.7,0.53,0.476
0.59,0.59,1.0,1.0,0.95,0.95,0.16,0.16,0.34,0.34,0.35,0.37,0.07,0.04,0.5,0.33,0.77,0.71,0.49,0.76,0.77,0.49,0.49,0.6,0.43,0.58,0.44,0.05,0.39,0.696,0.523,0.447
0.59,0.59,1.0,1.0,0.95,0.95,0.16,0.16,0.37,0.37,0.35,0.37,0.04,0.0,0.5,0.33,0.8,0.71,0.48,0.79,0.8,0.48,0.48,0.58,0.44,0.55,0.45,0.04,0.4,0.697,0.518,0.433
0.59,0.59,1.0,1.0,0.95,0.95,0.16,0.16,0.38,0.38,0.35,0.37,0.27,0.16,0.75,0.29,0.91,0.68,0.36,0.9,0.91,0.36,0.36,0.73,0.37,0.66,0.4,0.04,0.4,0.696,0.515,0.435
0.58,0.58,1.0,1.0,0.96,0.96,0.16,0.16,0.38,0.38,0.35,0.37,0.22,0.13,0.75,0.27,0.92,0.67,0.35,0.91,0.92,0.35,0.35,0.7,0.38,0.64,0.41,0.04,0.41,0.697,0.51,0.447
0.58,0.58,1.0,1.0,0.96,0.96,0.16,0.16,0.37,0.37,0.35,0.37,0.15,0.06,0.75,0.26,0.93,0.66,0.34,0.92,0.93,0.34,0.34,0.65,0.4,0.59,0.43,0.04,0.43,0.701,0.512,0.47
0.58,0.58,1.0,1.0,0.96,0.96,0.16,0.16,0.46,0.46,0.13,0.6,0.18,0.15,0.75,0.26,0.93,0.66,0.33,0.92,0.93,0.33,0.33,0.67,0.4,0.65,0.41,0.03,0.43,0.7,0.52,0.5
0.59,0.59,1.0,1.0,0.95,0.95,0.16,0.16,0.55,0.55,0.08,0.65,0.27,0.22,0.75,0.26,0.93,0.66,0.35,0.92,0.93,0.35,0.35,0.73,0.37,0.7,0.39,0.03,0.44,0.704,0.522,0.514
0.6,0.6,1.0,1.0,0.95,0.95,0.16,0.16,0.6,0.6,0.09,0.64,0.3,0.24,0.75,0.26,0.92,0.66,0.33,0.91,0.92,0.33,0.33,0.75,0.36,0.71,0.38,0.04,0.47,0.709,0.518,0.515
0.6,0.6,1.0,1.0,0.94,0.94,0.16,0.16,0.6,0.6,0.11,0.62,0.28,0.24,0.75,0.27,0.92,0.66,0.34,0.92,0.92,0.34,0.34,0.74,0.36,0.71,0.38,0.04,0.47,0.716,0.515,0.505
0.6,0.6,1.0,1.0,0.94,0.94,0.16,0.16,0.6,0.6,0.16,0.57,0.28,0.24,0.75,0.27,0.93,0.67,0.34,0.92,0.93,0.34,0.34,0.74,0.36,0.71,0.38,0.04,0.47,0.721,0.517,0.512
0.6,0.6,1.0,1.0,0.94,0.94,0.6,0.6,0.19,0.19,0.37,0.36,0.24,0.22,0.5,0.3,0.91,0.68,0.32,0.91,0.91,0.32,0.32,0.71,0.38,0.7,0.38,0.04,0.45,0.718,0.518,0.515
0.59,0.59,1.0,1.0,0.95,0.95,0.19,0.19,0.29,0.29,0.36,0.37,0.12,0.09,0.75,0.29,0.91,0.68,0.32,0.91,0.91,0.32,0.32,0.63,0.42,0.61,0.42,0.04,0.44,0.721,0.518,0.512
0.59,0.59,1.0,1.0,0.95,0.95,0.16,0.16,0.32,0.32,0.35,0.37,0.04,0.02,0.75,0.29,0.92,0.68,0.32,0.91,0.92,0.32,0.32,0.58,0.44,0.56,0.45,0.04,0.43,0.716,0.515,0.512
0.59,0.59,1.0,1.0,0.95,0.95,0.16,0.16,0.33,0.33,0.35,0.37,0.02,0.0,0.75,0.28,0.93,0.67,0.31,0.92,0.93,0.31,0.31,0.56,0.44,0.55,0.46,0.04,0.45,0.722,0.513,0.51
0.58,0.58,1.0,1.0,0.96,0.96,0.16,0.16,0.33,0.33,0.35,0.37,0.02,0.0,0.75,0.28,0.93,0.67,0.31,0.92,0.93,0.31,0.31,0.56,0.45,0.54,0.46,0.04,0.48,0.726,0.512,0.506
0.59,0.59,1.0,1.0,0.95,0.95,0.59,0.6,0.22,0.22,0.34,0.38,0.12,0.1,0.75,0.28,0.92,0.67,0.31,0.92,0.92,0.31,0.31,0.63,0.42,0.62,0.42,0.04,0.49,0.729,0.512,0.508
0.61,0.61,1.0,1.0,0.94,0.94,0.96,0.96,0.32,0.32,0.35,0.38,0.18,0.2,0.5,0.3,0.86,0.69,0.3,0.86,0.87,0.3,0.3,0.67,0.4,0.68,0.39,0.04,0.53,0.733,0.512,0.51
0.6,0.6,1.0,1.0,0.94,0.94,0.64,0.61,0.22,0.22,0.34,0.39,0.15,0.1,0.75,0.3,0.89,0.69,0.3,0.88,0.89,0.3,0.3,0.65,0.41,0.62,0.42,0.04,0.54,0.732,0.51,0.524
0.58,0.58,1.0,1.0,0.96,0.96,0.16,0.16,0.33,0.33,0.34,0.39,0.0,0.0,0.75,0.28,0.92,0.67,0.3,0.92,0.92,0.3,0.3,0.46,0.62,0.46,0.63,0.04,0.54,0.738,0.508,0.529
0.58,0.58,1.0,1.0,0.96,0.96,0.16,0.16,0.33,0.33,0.35,0.38,0.0,0.0,0.75,0.28,0.93,0.67,0.3,0.92,0.93,0.3,0.3,0.5,0.55,0.49,0.56,0.04,0.56,0.731,0.503,0.53
0.58,0.58,1.0,1.0,0.96,0.96,0.16,0.16,0.34,0.34,0.35,0.38,0.0,0.0,0.75,0.27,0.93,0.67,0.3,0.92,0.93,0.3,0.3,0.51,0.53,0.5,0.55,0.04,0.56,0.728,0.508,0.53
0.58,0.58,1.0,1.0,0.96,0.96,0.16,0.16,0.34,0.34,0.35,0.37,0.0,0.0,0.75,0.27,0.93,0.67,0.3,0.92,0.93,0.3,0.3,0.5,0.54,0.49,0.56,0.04,0.57,0.739,0.507,0.525
0.59,0.59,1.0,1.0,0.95,0.95,0.16,0.16,0.33,0.33,0.35,0.38,0.0,0.0,0.75,0.27,0.93,0.67,0.29,0.92,0.93,0.29,0.29,0.49,0.56,0.49,0.57,0.04,0.57,0.745,0.505,0.517
0.59,0.59,1.0,1.0,0.95,0.95,0.51,0.5,0.21,0.21,0.35,0.37,0.02,0.02,0.75,0.28,0.92,0.67,0.3,0.92,0.92,0.3,0.3,0.56,0.45,0.56,0.45,0.04,0.57,0.735,0.503,0.511
0.59,0.59,1.0,1.0,0.95,0.95,0.19,0.18,0.3,0.3,0.35,0.38,0.09,0.07,0.75,0.29,0.91,0.68,0.32,0.91,0.91,0.32,0.32,0.61,0.42,0.6,0.43,0.05,0.55,0.731,0.503,0.51
0.58,0.58,1.0,1.0,0.96,0.96,0.16,0.16,0.32,0.32,0.35,0.38,0.2,0.16,0.75,0.31,0.83,0.69,0.37,0.83,0.84,0.37,0.37,0.68,0.39,0.66,0.4,0.05,0.51,0.726,0.498,0.506
0.58,0.58,1.0,1.0,0.96,0.96,0.16,0.16,0.32,0.32,0.35,0.37,0.2,0.18,0.75,0.32,0.74,0.71,0.43,0.74,0.75,0.43,0.43,0.68,0.39,0.67,0.4,0.08,0.48,0.721,0.5,0.502
0.57,0.57,1.0,1.0,0.97,0.97,0.16,0.16,0.31,0.31,0.35,0.37,0.2,0.18,0.75,0.33,0.74,0.71,0.45,0.74,0.75,0.45,0.45,0.68,0.39,0.67,0.4,0.08,0.47,0.72,0.5,0.505
0.59,0.59,1.0,1.0,0.95,0.95,0.27,0.27,0.25,0.25,0.35,0.37,0.18,0.18,0.75,0.34,0.78,0.72,0.43,0.77,0.79,0.43,0.43,0.67,0.39,0.67,0.4,0.07,0.47,0.719,0.5,0.501
0.61,0.61,1.0,1.0,0.94,0.94,0.16,0.16,0.31,0.31,0.35,0.37,0.15,0.13,1.0,0.34,0.77,0.72,0.51,0.76,0.78,0.51,0.51,0.65,0.4,0.64,0.41,0.08,0.48,0.721,0.497,0.49
0.58,0.58,1.0,1.0,0.96,0.96,0.16,0.16,0.32,0.32,0.35,0.37,0.15,0.13,0.75,0.34,0.71,0.72,0.56,0.7,0.73,0.56,0.56,0.65,0.41,0.64,0.41,0.11,0.47,0.721,0.502,0.493
0.58,0.58,1.0,1.0,0.96,0.96,0.55,0.54,0.2,0.2,0.36,0.37,0.16,0.18,0.75,0.36,0.7,0.73,0.51,0.69,0.71,0.51,0.51,0.66,0.4,0.67,0.4,0.14,0.47,0.724,0.503,0.494
0.57,0.57,1.0,1.0,0.97,0.97,0.16,0.16,0.32,0.32,0.35,0.38,0.15,0.13,1.0,0.35,0.76,0.73,0.54,0.75,0.77,0.54,0.54,0.65,0.41,0.64,0.41,0.15,0.49,0.725,0.505,0.495
0.56,0.56,1.0,1.0,0.97,0.97,0.16,0.16,0.34,0.34,0.34,0.38,0.1,0.1,1.0,0.28,0.92,0.68,0.37,0.91,0.92,0.37,0.37,0.62,0.42,0.62,0.42,0.05,0.5,0.724,0.505,0.497
0.57,0.57,1.0,1.0,0.97,0.97,0.6,0.58,0.24,0.24,0.36,0.37,0.0,0.0,0.75,0.26,0.96,0.66,0.3,0.96,0.96,0.3,0.3,0.31,0.92,0.31,0.92,0.03,0.63,0.724,0.505,0.495
0.61,0.61,1.0,1.0,0.94,0.94,0.42,0.42,0.26,0.26,0.35,0.37,0.0,0.0,0.75,0.29,0.94,0.68,0.3,0.93,0.94,0.3,0.3,0.31,0.92,0.31,0.92,0.03,0.62,0.729,0.507,0.498
0.61,0.61,1.0,1.0,0.94,0.94,0.46,0.45,0.28,0.28,0.35,0.37,0.0,0.0,0.5,0.3,0.81,0.69,0.44,0.81,0.81,0.44,0.44,0.35,0.84,0.35,0.84,0.03,0.62,0.725,0.508,0.499
0.62,0.62,1.0,1.0,0.92,0.92,0.49,0.49,0.25,0.25,0.35,0.37,0.0,0.0,0.5,0.32,0.74,0.7,0.48,0.74,0.75,0.48,0.48,0.4,0.73,0.4,0.74,0.04,0.92,0.723,0.508,0.5
0.62,0.62,1.0,1.0,0.93,0.93,0.22,0.22,0.32,0.32,0.34,0.38,0.0,0.0,0.5,0.31,0.81,0.7,0.48,0.81,0.82,0.48,0.48,0.35,0.85,0.35,0.84,0.04,0.93,0.721,0.505,0.498
0.64,0.64,1.0,1.0,0.91,0.91,0.9,0.9,0.28,0.28,0.35,0.38,0.0,0.0,0.5,0.32,0.78,0.7,0.42,0.78,0.78,0.42,0.42,0.44,0.66,0.45,0.65,0.04,0.94,0.72,0.503,0.497
0.62,0.62,1.0,1.0,0.93,0.93,0.52,0.51,0.25,0.25,0.35,0.37,0.0,0.0,0.5,0.32,0.82,0.7,0.42,0.82,0.83,0.42,0.42,0.36,0.83,0.36,0.82,0.05,1.0,0.706,0.508,0.496
0.61,0.61,1.0,1.0,0.93,0.93,0.33,0.32,0.31,0.31,0.35,0.38,0.0,0.0,0.5,0.33,0.8,0.71,0.48,0.79,0.81,0.48,0.48,0.38,0.78,0.38,0.78,0.06,1.0,0.704,0.51,0.496
0.61,0.61,1.0,1.0,0.94,0.94,0.24,0.23,0.33,0.33,0.34,0.38,0.0,0.0,0.5,0.33,0.85,0.71,0.42,0.85,0.85,0.42,0.42,0.31,0.92,0.31,0.91,0.06,1.0,0.701,0.51,0.498
0.6,0.6,1.0,1.0,0.94,0.94,0.16,0.16,0.35,0.35,0.34,0.38,0.0,0.0,0.75,0.33,0.86,0.71,0.48,0.86,0.87,0.48,0.48,0.31,0.92,0.31,0.92,0.11,1.0,0.704,0.51,0.498
0.61,0.61,1.0,1.0,0.94,0.94,0.16,0.16,0.37,0.37,0.34,0.38,0.0,0.0,0.75,0.33,0.85,0.71,0.48,0.84,0.86,0.48,0.48,0.31,0.92,0.31,0.92,0.18,1.0,0.698,0.515,0.493
0.62,0.62,1.0,1.0,0.93,0.93,0.16,0.16,0.37,0.37,0.34,0.38,0.0,0.0,0.75,0.33,0.89,0.71,0.46,0.88,0.9,0.46,0.46,0.31,0.92,0.31,0.92,0.22,1.0,0.701,0.513,0.487
0.62,0.62,1.0,1.0,0.93,0.93,0.16,0.16,0.37,0.37,0.34,0.38,0.0,0.0,0.75,0.34,0.91,0.71,0.44,0.9,0.91,0.44,0.44,0.31,0.92,0.31,0.92,0.25,1.0,0.691,0.523,0.483
0.62,0.62,1.0,1.0,0.92,0.92,0.16,0.16,0.35,0.35,0.33,0.39,0.0,0.0,0.75,0.34,0.92,0.71,0.43,0.91,0.92,0.43,0.43,0.31,0.92,0.31,0.92,0.28,1.0,0.691,0.532,0.48
0.63,0.63,1.0,1.0,0.92,0.92,0.18,0.18,0.33,0.33,0.34,0.38,0.0,0.0,0.75,0.34,0.96,0.72,0.33,0.96,0.96,0.33,0.33,0.31,0.92,0.31,0.92,0.16,1.0,0.692,0.533,0.483
0.62,0.62,1.0,1.0,0.92,0.92,0.2,0.2,0.32,0.32,0.35,0.37,0.0,0.0,0.75,0.33,0.97,0.71,0.32,0.97,0.97,0.32,0.32,0.31,0.92,0.31,0.92,0.1,1.0,0.706,0.537,0.481
0.62,0.62,1.0,1.0,0.93,0.93,0.2,0.2,0.32,0.32,0.35,0.37,0.0,0.0,0.75,0.33,0.97,0.71,0.31,0.97,0.98,0.31,0.31,0.31,0.92,0.31,0.92,0.08,0.91,0.72,0.537,0.479
0.6,0.6,1.0,1.0,0.94,0.94,0.19,0.19,0.33,0.33,0.35,0.38,0.0,0.0,0.75,0.32,0.98,0.7,0.31,0.98,0.98,0.31,0.31,0.31,0.92,0.31,0.92,0.06,0.93,0.723,0.533,0.492
0.6,0.6,1.0,1.0,0.94,0.94,0.16,0.16,0.35,0.35,0.35,0.38,0.0,0.0,0.75,0.33,0.94,0.71,0.41,0.94,0.95,0.41,0.41,0.31,0.92,0.31,0.92,0.06,1.0,0.729,0.54,0.485
0.6,0.6,1.0,1.0,0.94,0.94,0.3,0.3,0.31,0.31,0.34,0.39,0.0,0.0,0.5,0.35,0.72,0.72,0.56,0.72,0.73,0.56,0.56,0.31,0.92,0.31,0.92,0.06,1.0,0.731,0.545,0.478
0.6,0.6,1.0,1.0,0.94,0.94,0.28,0.28,0.3,0.3,0.33,0.39,0.0,0.0,0.5,0.35,0.65,0.72,0.56,0.64,0.66,0.56,0.56,0.31,0.92,0.31,0.92,0.08,1.0,0.73,0.547,0.477
0.6,0.6,1.0,1.0,0.94,0.94,0.16,0.16,0.36,0.36,0.32,0.4,0.0,0.0,0.75,0.35,0.82,0.72,0.56,0.81,0.83,0.56,0.56,0.31,0.92,0.31,0.92,0.09,1.0,0.734,0.548,0.481
0.6,0.6,1.0,1.0,0.94,0.94,0.16,0.16,0.37,0.37,0.29,0.43,0.0,0.0,0.75,0.32,0.95,0.7,0.35,0.95,0.95,0.35,0.35,0.31,0.92,0.31,0.92,0.07,1.0,0.741,0.555,0.483
0.59,0.59,1.0,1.0,0.95,0.95,0.16,0.16,0.58,0.58,0.21,0.52,0.0,0.0,0.75,0.32,0.96,0.7,0.32,0.96,0.97,0.32,0.32,0.31,0.92,0.31,0.92,0.07,1.0,0.755,0.558,0.484
0.59,0.59,1.0,1.0,0.95,0.95,0.16,0.16,0.63,0.63,0.17,0.56,0.0,0.0,0.75,0.34,0.96,0.72,0.33,0.96,0.97,0.33,0.33,0.31,0.92,0.31,0.92,0.1,1.0,0.761,0.562,0.487
0.59,0.59,1.0,1.0,0.95,0.95,0.16,0.16,0.63,0.63,0.2,0.54,0.0,0.0,0.75,0.34,0.96,0.71,0.33,0.96,0.97,0.33,0.33,0.31,0.92,0.31,0.92,0.1,1.0,0.781,0.563,0.487
0.59,0.59,1.0,1.0,0.95,0.95,0.16,0.16,0.62,0.62,0.32,0.41,0.0,0.0,0.75,0.31,0.97,0.7,0.33,0.96,0.98,0.33,0.33,0.31,0.92,0.31,0.92,0.1,1.0,0.801,0.557,0.49
0.59,0.59,1.0,1.0,0.95,0.95,0.16,0.16,0.62,0.62,0.37,0.36,0.0,0.0,0.75,0.31,0.96,0.69,0.34,0.96,0.97,0.34,0.34,0.31,0.92,0.31,0.92,0.09,1.0,0.796,0.553,0.493
0.6,0.6,1.0,1.0,0.94,0.94,0.81,0.78,0.29,0.29,0.35,0.38,0.0,0.0,0.5,0.31,0.95,0.69,0.33,0.95,0.95,0.33,0.33,0.31,0.92,0.31,0.92,0.07,0.86,0.786,0.557,0.492
0.61,0.61,1.0,1.0,0.93,0.93,0.56,0.55,0.25,0.25,0.35,0.38,0.0,0.0,0.75,0.32,0.92,0.7,0.35,0.92,0.92,0.35,0.35,0.31,0.92,0.31,0.92,0.06,0.82,0.767,0.558,0.487
0.61,0.61,1.0,1.0,0.94,0.94,0.19,0.19,0.32,0.32,0.28,0.44,0.0,0.0,0.75,0.3,0.95,0.69,0.32,0.95,0.95,0.32,0.32,0.31,0.92,0.31,0.92,0.05,0.6,0.744,0.56,0.485
0.61,0.61,1.0,1.0,0.94,0.94,0.16,0.16,0.35,0.35,0.2,0.52,0.0,0.0,0.75,0.29,0.95,0.68,0.31,0.95,0.96,0.31,0.31,0.31,0.92,0.31,0.92,0.05,0.85,0.731,0.575,0.475
0.61,0.61,1.0,1.0,0.94,0.94,0.16,0.16,0.35,0.35,0.18,0.54,0.0,0.0,0.75,0.29,0.96,0.68,0.3,0.96,0.96,0.3,0.3,0.31,0.92,0.31,0.92,0.04,0.86,0.729,0.583,0.474
0.6,0.6,1.0,1.0,0.94,0.94,0.16,0.16,0.37,0.37,0.19,0.54,0.0,0.0,0.75,0.28,0.96,0.68,0.3,0.96,0.96,0.3,0.3,0.31,0.92,0.31,0.92,0.04,0.87,0.736,0.595,0.466
0.59,0.59,1.0,1.0,0.95,0.95,0.16,0.16,0.38,0.38,0.2,0.52,0.0,0.0,0.75,0.29,0.96,0.68,0.29,0.96,0.97,0.29,0.29,0.31,0.92,0.31,0.92,0.04,0.89,0.745,0.583,0.442
0.58,0.58,1.0,1.0,0.96,0.96,0.16,0.16,0.39,0.39,0.23,0.49,0.0,0.0,0.75,0.31,0.97,0.69,0.28,0.97,0.97,0.28,0.28,0.31,0.92,0.31,0.92,0.04,0.86,0.759,0.573,0.352
0.6,0.6,1.0,1.0,0.95,0.95,0.51,0.5,0.3,0.3,0.3,0.42,0.0,0.0,0.75,0.37,0.97,0.74,0.29,0.97,0.97,0.29,0.29,0.31,0.92,0.31,0.92,0.04,0.73,0.767,0.565,0.304
0.59,0.59,1.0,1.0,0.95,0.95,0.16,0.16,0.39,0.39,0.32,0.41,0.0,0.0,0.75,0.36,0.97,0.73,0.29,0.97,0.97,0.29,0.29,0.31,0.92,0.31,0.92,0.04,0.7,0.788,0.562,0.317
0.58,0.58,1.0,1.0,0.96,0.96,0.16,0.16,0.4,0.4,0.33,0.39,0.0,0.0,0.75,0.35,0.97,0.72,0.29,0.97,0.97,0.29,0.29,0.31,0.92,0.31,0.92,0.04,0.68,0.791,0.555,0.375
0.58,0.58,1.0,1.0,0.96,0.96,0.16,0.16,0.4,0.4,0.34,0.38,0.0,0.0,0.75,0.34,0.97,0.72,0.29,0.97,0.97,0.29,0.29,0.31,0.92,0.31,0.92,0.04,0.65,0.775,0.565,0.446
0.58,0.58,1.0,1.0,0.96,0.96,0.16,0.16,0.41,0.41,0.34,0.38,0.0,0.0,0.75,0.36,0.97,0.73,0.3,0.97,0.97,0.3,0.3,0.31,0.92,0.31,0.92,0.06,0.64,0.778,0.583,0.481
0.59,0.59,1.0,1.0,0.95,0.95,0.16,0.16,0.43,0.43,0.34,0.38,0.0,0.0,0.75,0.42,0.97,0.78,0.3,0.97,0.97,0.3,0.3,0.31,0.92,0.31,0.92,0.13,0.66,0.774,0.593,0.486
0.6,0.6,1.0,1.0,0.95,0.95,0.16,0.16,0.44,0.44,0.34,0.38,0.0,0.0,0.75,0.43,0.98,0.78,0.31,0.98,0.98,0.31,0.31,0.31,0.92,0.31,0.92,0.19,0.84,0.769,0.615,0.45
0.61,0.61,1.0,1.0,0.94,0.94,0.16,0.16,0.44,0.44,0.34,0.38,0.0,0.0,0.75,0.44,0.97,0.79,0.35,0.97,0.98,0.35,0.35,0.31,0.92,0.31,0.92,0.21,1.0,0.757,0.632,0.384
0.61,0.61,1.0,1.0,0.94,0.94,0.52,0.47,0.35,0.35,0.34,0.38,0.0,0.0,0.75,0.43,0.95,0.79,0.34,0.95,0.96,0.34,0.34,0.31,0.92,0.31,0.92,0.21,1.0,0.749,0.66,0.349
0.61,0.61,1.0,1.0,0.93,0.93,0.44,0.42,0.34,0.34,0.34,0.38,0.0,0.0,0.75,0.4,0.89,0.76,0.36,0.88,0.89,0.36,0.36,0.31,0.92,0.31,0.92,0.18,1.0,0.739,0.667,0.351
0.62,0.62,1.0,1.0,0.93,0.93,0.16,0.16,0.4,0.4,0.34,0.39,0.0,0.0,0.75,0.35,0.84,0.73,0.43,0.83,0.85,0.43,0.43,0.31,0.92,0.31,0.92,0.18,1.0,0.736,0.652,0.357
0.62,0.62,1.0,1.0,0.93,0.93,0.16,0.16,0.4,0.4,0.33,0.39,0.0,0.0,0.75,0.34,0.81,0.72,0.47,0.8,0.82,0.47,0.47,0.31,0.92,0.31,0.92,0.2,1.0,0.702,0.608,0.379
0.62,0.62,1.0,1.0,0.93,0.93,0.16,0.16,0.38,0.38,0.34,0.39,0.0,0.0,0.75,0.33,0.85,0.71,0.47,0.85,0.85,0.47,0.47,0.31,0.92,0.31,0.92,0.12,1.0,0.672,0.565,0.407
0.61,0.61,1.0,1.0,0.93,0.93,0.16,0.16,0.36,0.36,0.35,0.38,0.0,0.0,0.75,0.34,0.94,0.72,0.36,0.93,0.94,0.36,0.36,0.31,0.92,0.31,0.92,0.08,0.97,0.669,0.5,0.446
0.62,0.62,1.0,1.0,0.93,0.93,0.73,0.71,0.23,0.23,0.33,0.39,0.0,0.0,0.75,0.35,0.94,0.72,0.32,0.94,0.94,0.32,0.32,0.31,0.92,0.31,0.92,0.08,0.87,0.673,0.45,0.466
0.61,0.61,1.0,1.0,0.94,0.94,0.23,0.23,0.31,0.31,0.34,0.38,0.0,0.0,0.75,0.33,0.96,0.71,0.3,0.96,0.96,0.3,0.3,0.31,0.92,0.31,0.92,0.07,0.67,0.67,0.412,0.485
0.61,0.61,1.0,1.0,0.94,0.94,0.16,0.16,0.34,0.34,0.34,0.38,0.0,0.0,0.75,0.32,0.96,0.7,0.3,0.96,0.96,0.3,0.3,0.31,0.92,0.31,0.92,0.06,0.65,0.672,0.398,0.493
0.59,0.59,1.0,1.0,0.95,0.95,0.16,0.16,0.55,0.55,0.27,0.46,0.0,0.0,0.75,0.31,0.97,0.7,0.29,0.97,0.97,0.29,0.29,0.31,0.92,0.31,0.92,0.05,0.73,0.674,0.393,0.498
0.59,0.59,1.0,1.0,0.95,0.95,0.16,0.16,0.63,0.63,0.28,0.45,0.0,0.0,0.75,0.31,0.97,0.69,0.28,0.97,0.97,0.28,0.28,0.31,0.92,0.31,0.92,0.04,0.73,0.681,0.388,0.501
0.59,0.59,1.0,1.0,0.95,0.95,0.16,0.16,0.66,0.66,0.26,0.48,0.0,0.0,0.75,0.3,0.97,0.69,0.28,0.97,0.97,0.28,0.28,0.31,0.92,0.31,0.92,0.04,0.81,0.689,0.382,0.498
0.61,0.61,1.0,1.0,0.94,0.94,0.49,0.49,0.32,0.32,0.35,0.38,0.0,0.0,0.75,0.3,0.96,0.69,0.28,0.96,0.96,0.28,0.28,0.31,0.92,0.31,0.92,0.04,0.7,0.684,0.382,0.497
0.63,0.63,1.0,1.0,0.92,0.92,0.75,0.72,0.26,0.26,0.35,0.38,0.0,0.0,0.75,0.33,0.94,0.71,0.28,0.94,0.94,0.28,0.28,0.31,0.92,0.31,0.92,0.03,0.63,0.666,0.383,0.496
0.59,0.59,1.0,1.0,0.95,0.95,0.16,0.16,0.36,0.36,0.33,0.39,0.0,0.0,0.75,0.31,0.94,0.7,0.29,0.94,0.95,0.29,0.29,0.31,0.92,0.31,0.92,0.03,0.63,0.676,0.393,0.496
0.59,0.59,1.0,1.0,0.95,0.95,0.16,0.16,0.37,0.37,0.33,0.39,0.0,0.0,0.75,0.31,0.84,0.69,0.47,0.84,0.85,0.47,0.47,0.31,0.92,0.31,0.92,0.03,0.7,0.689,0.392,0.491
0.61,0.61,1.0,1.0,0.93,0.93,0.79,0.77,0.22,0.22,0.33,0.39,0.22,0.22,0.5,0.37,0.7,0.74,0.47,0.69,0.71,0.47,0.47,0.7,0.38,0.7,0.38,0.07,0.61,0.704,0.4,0.488
0.59,0.59,1.0,1.0,0.95,0.95,0.2,0.21,0.32,0.32,0.34,0.38,0.07,0.04,0.5,0.36,0.73,0.73,0.54,0.72,0.75,0.54,0.54,0.6,0.43,0.58,0.44,0.08,0.55,0.731,0.397,0.485
0.58,0.58,1.0,1.0,0.96,0.96,0.16,0.16,0.34,0.34,0.34,0.39,0.07,0.04,0.5,0.33,0.73,0.71,0.55,0.72,0.75,0.55,0.55,0.6,0.43,0.58,0.44,0.06,0.65,0.746,0.402,0.485
0.58,0.58,1.0,1.0,0.96,0.96,0.16,0.16,0.34,0.34,0.34,0.39,0.27,0.2,0.75,0.33,0.84,0.71,0.46,0.83,0.85,0.46,0.46,0.73,0.37,0.68,0.39,0.06,0.61,0.761,0.407,0.486
0.58,0.58,1.0,1.0,0.96,0.96,0.16,0.16,0.33,0.33,0.34,0.38,0.28,0.21,0.75,0.29,0.93,0.68,0.35,0.92,0.93,0.35,0.35,0.74,0.36,0.69,0.39,0.06,0.54,0.782,0.407,0.487
0.57,0.57,1.0,1.0,0.97,0.97,0.81,0.64,0.21,0.21,0.33,0.4,0.27,0.16,0.75,0.28,0.94,0.67,0.32,0.93,0.94,0.32,0.32,0.73,0.37,0.66,0.4,0.05,0.53,0.788,0.413,0.49
0.56,0.56,1.0,1.0,0.98,0.98,0.16,0.16,0.28,0.28,0.34,0.38,0.21,0.18,1.0,0.25,0.96,0.65,0.28,0.96,0.97,0.28,0.28,0.69,0.39,0.67,0.4,0.03,0.56,0.78,0.422,0.493
0.44,0.44,0.8,0.8,1.0,1.0,0.16,0.16,0.3,0.3,0.34,0.38,0.13,0.13,1.0,0.23,0.98,0.64,0.26,0.98,0.98,0.26,0.26,0.64,0.41,0.64,0.41,0.02,0.59,0.756,0.428,0.495
0.45,0.45,0.82,0.82,1.0,1.0,0.16,0.16,0.3,0.3,0.34,0.38,0.12,0.12,1.0,0.23,0.98,0.63,0.26,0.98,0.98,0.26,0.26,0.63,0.41,0.63,0.41,0.02,0.6,0.734,0.437,0.495
0.56,0.56,1.0,1.0,0.98,0.98,0.81,0.79,0.2,0.2,0.33,0.39,0.1,0.12,1.0,0.26,0.96,0.65,0.29,0.96,0.97,0.29,0.29,0.62,0.42,0.63,0.41,0.02,0.61,0.718,0.452,0.486
0.56,0.56,1.0,1.0,0.98,0.98,0.19,0.19,0.26,0.26,0.34,0.38,0.09,0.09,1.0,0.25,0.97,0.65,0.27,0.97,0.97,0.27,0.27,0.61,0.42,0.61,0.42,0.02,0.61,0.699,0.465,0.481
0.44,0.44,0.79,0.79,1.0,1.0,0.16,0.16,0.29,0.29,0.35,0.38,0.09,0.1,1.0,0.23,0.98,0.64,0.26,0.98,0.98,0.26,0.26,0.61,0.42,0.62,0.42,0.02,0.61,0.693,0.467,0.475
0.44,0.44,0.79,0.79,1.0,1.0,0.16,0.16,0.32,0.32,0.34,0.39,0.0,0.0,1.0,0.23,0.98,0.64,0.26,0.98,0.98,0.26,0.26,0.31,0.92,0.31,0.92,0.02,0.73,0.692,0.463,0.479
0.43,0.43,0.77,0.77,1.0,1.0,0.16,0.16,0.32,0.32,0.34,0.39,0.0,0.0,1.0,0.24,0.98,0.64,0.26,0.98,0.98,0.26,0.26,0.31,0.92,0.31,0.92,0.02,0.75,0.705,0.46,0.487
0.44,0.44,0.79,0.79,1.0,1.0,0.16,0.16,0.32,0.32,0.34,0.38,0.03,0.06,1.0,0.23,0.98,0.64,0.26,0.98,0.98,0.26,0.26,0.57,0.44,0.59,0.43,0.02,0.69,0.709,0.452,0.485
0.45,0.45,0.82,0.82,1.0,1.0,0.16,0.16,0.31,0.31,0.35,0.38,0.06,0.07,1.0,0.22,0.99,0.63,0.25,0.99,0.99,0.25,0.25,0.59,0.43,0.6,0.43,0.02,0.67,0.714,0.445,0.49
0.46,0.46,0.83,0.83,1.0,1.0,0.16,0.16,0.32,0.32,0.35,0.38,0.0,0.0,1.0,0.22,0.99,0.63,0.25,0.99,0.99,0.25,0.25,0.38,0.78,0.38,0.78,0.02,0.75,0.716,0.437,0.487
0.46,0.46,0.84,0.84,1.0,1.0,0.16,0.16,0.33,0.33,0.34,0.38,0.0,0.0,1.0,0.22,0.99,0.63,0.25,0.99,0.99,0.25,0.25,0.31,0.92,0.31,0.92,0.03,0.96,0.713,0.435,0.491
0.56,0.56,1.0,1.0,0.97,0.97,0.28,0.28,0.26,0.26,0.34,0.38,0.0,0.0,1.0,0.25,0.99,0.65,0.28,0.99,0.99,0.28,0.28,0.31,0.92,0.31,0.92,0.07,0.88,0.719,0.433,0.488
0.58,0.58,1.0,1.0,0.96,0.96,0.31,0.31,0.23,0.23,0.34,0.38,0.0,0.0,1.0,0.3,0.97,0.68,0.29,0.97,0.98,0.29,0.29,0.31,0.92,0.31,0.92,0.1,0.82,0.722,0.428,0.485
0.56,0.56,1.0,1.0,0.98,0.98,0.16,0.16,0.29,0.29,0.34,0.38,0.0,0.0,1.0,0.26,0.98,0.65,0.27,0.98,0.98,0.27,0.27,0.31,0.92,0.31,0.92,0.05,0.76,0.726,0.43,0.487
0.56,0.56,1.0,1.0,0.98,0.98,0.16,0.16,0.29,0.29,0.34,0.38,0.0,0.0,1.0,0.26,0.94,0.66,0.34,0.94,0.95,0.34,0.34,0.45,0.65,0.45,0.65,0.04,0.65,0.731,0.433,0.487
0.56,0.56,1.0,1.0,0.97,0.97,0.16,0.16,0.3,0.3,0.34,0.38,0.0,0.0,1.0,0.33,0.92,0.71,0.35,0.91,0.93,0.35,0.35,0.31,0.92,0.31,0.92,0.07,0.75,0.741,0.435,0.49
0.6,0.6,1.0,1.0,0.94,0.94,0.86,0.86,0.23,0.23,0.34,0.38,0.0,0.0,0.75,0.27,0.92,0.66,0.29,0.92,0.92,0.29,0.29,0.31,0.92,0.31,0.92,0.03,0.82,0.741,0.443,0.487
0.6,0.6,1.0,1.0,0.94,0.94,0.35,0.35,0.27,0.27,0.34,0.38,0.0,0.0,0.75,0.27,0.93,0.66,0.28,0.92,0.93,0.28,0.28,0.31,0.92,0.31,0.92,0.03,0.66,0.738,0.452,0.489
0.6,0.6,1.0,1.0,0.94,0.94,0.27,0.27,0.29,0.29,0.34,0.38,0.0,0.0,0.75,0.27,0.93,0.66,0.27,0.93,0.93,0.27,0.27,0.31,0.92,0.31,0.92,0.03,0.64,0.728,0.458,0.487
0.68,0.68,1.0,1.0,0.88,0.88,0.89,0.89,0.26,0.26,0.35,0.37,0.0,0.0,0.5,0.28,0.9,0.67,0.27,0.9,0.9,0.27,0.27,0.31,0.92,0.31,0.92,0.02,0.6,0.722,0.46,0.488
0.68,0.68,1.0,1.0,0.88,0.88,0.74,0.69,0.26,0.26,0.35,0.38,0.0,0.0,0.75,0.29,0.91,0.68,0.27,0.91,0.91,0.27,0.27,0.31,0.92,0.31,0.92,0.02,0.61,0.718,0.462,0.491
0.68,0.68,1.0,1.0,0.88,0.88,0.44,0.43,0.29,0.29,0.36,0.37,0.0,0.0,0.75,0.29,0.92,0.68,0.27,0.91,0.92,0.27,0.27,0.31,0.92,0.31,0.92,0.03,0.61,0.72,0.468,0.492
0.72,0.72,1.0,1.0,0.84,0.84,0.85,0.85,0.27,0.27,0.36,0.37,0.0,0.0,0.5,0.31,0.91,0.69,0.28,0.91,0.91,0.28,0.28,0.42,0.7,0.41,0.72,0.03,0.58,0.721,0.465,0.495
0.74,0.74,1.0,1.0,0.83,0.83,0.62,0.62,0.25,0.25,0.36,0.37,0.0,0.0,0.5,0.34,0.89,0.72,0.3,0.89,0.89,0.3,0.3,0.42,0.7,0.41,0.71,0.04,0.59,0.719,0.467,0.496
0.73,0.73,1.0,1.0,0.83,0.83,0.32,0.32,0.32,0.32,0.35,0.37,0.0,0.0,0.5,0.35,0.88,0.72,0.37,0.87,0.88,0.37,0.37,0.42,0.71,0.41,0.72,0.05,0.78,0.729,0.467,0.497
0.74,0.74,1.0,1.0,0.83,0.83,0.23,0.23,0.34,0.34,0.34,0.38,0.02,0.02,0.5,0.34,0.72,0.72,0.5,0.72,0.73,0.5,0.5,0.56,0.44,0.56,0.44,0.09,0.94,0.737,0.468,0.5
0.73,0.73,1.0,1.0,0.84,0.84,0.23,0.23,0.34,0.34,0.34,0.38,0.0,0.0,0.5,0.32,0.67,0.7,0.51,0.67,0.68,0.51,0.51,0.5,0.55,0.5,0.54,0.12,1.0,0.748,0.465,0.495
0.73,0.73,1.0,1.0,0.84,0.84,0.26,0.25,0.35,0.35,0.34,0.38,0.0,0.0,0.5,0.31,0.67,0.7,0.49,0.67,0.68,0.49,0.49,0.45,0.64,0.45,0.64,0.16,1.0,0.74,0.468,0.499
0.73,0.73,1.0,1.0,0.84,0.84,0.28,0.28,0.34,0.34,0.35,0.37,0.0,0.0,0.5,0.32,0.73,0.7,0.46,0.73,0.74,0.46,0.46,0.4,0.74,0.4,0.74,0.19,1.0,0.736,0.47,0.5
0.71,0.71,1.0,1.0,0.85,0.85,0.32,0.31,0.33,0.33,0.35,0.37,0.0,0.0,0.75,0.32,0.76,0.7,0.44,0.75,0.76,0.44,0.44,0.34,0.86,0.33,0.87,0.2,1.0,0.721,0.47,0.496
0.7,0.7,1.0,1.0,0.86,0.86,0.49,0.47,0.32,0.32,0.35,0.38,0.0,0.0,0.75,0.32,0.76,0.7,0.43,0.75,0.76,0.43,0.43,0.34,0.86,0.34,0.87,0.21,1.0,0.716,0.48,0.491
0.69,0.69,1.0,1.0,0.87,0.87,0.65,0.61,0.32,0.32,0.34,0.38,0.0,0.0,0.75,0.32,0.75,0.7,0.42,0.74,0.76,0.42,0.42,0.42,0.7,0.42,0.71,0.18,1.0,0.718,0.478,0.482
0.68,0.68,1.0,1.0,0.88,0.88,0.79,0.8,0.35,0.35,0.37,0.36,0.0,0.0,0.5,0.33,0.81,0.71,0.38,0.81,0.81,0.38,0.38,0.49,0.57,0.49,0.57,0.08,1.0,0.72,0.48,0.49
0.66,0.66,1.0,1.0,0.89,0.89,0.8,0.8,0.35,0.35,0.37,0.35,0.0,0.0,0.5,0.34,0.92,0.72,0.32,0.92,0.92,0.32,0.32,0.39,0.75,0.4,0.75,0.07,0.89,0.699,0.485,0.485
0.65,0.65,1.0,1.0,0.9,0.9,0.81,0.81,0.35,0.35,0.38,0.35,0.0,0.0,0.5,0.33,0.92,0.71,0.31,0.92,0.92,0.31,0.31,0.41,0.72,0.41,0.73,0.06,0.86,0.7,0.477,0.485
0.64,0.64,1.0,1.0,0.91,0.91,0.82,0.81,0.34,0.34,0.38,0.35,0.0,0.0,0.5,0.33,0.91,0.71,0.32,0.9,0.91,0.32,0.32,0.45,0.65,0.45,0.65,0.06,0.89,0.698,0.475,0.484
0.63,0.63,1.0,1.0,0.92,0.92,0.82,0.81,0.34,0.34,0.37,0.35,0.0,0.0,0.5,0.34,0.86,0.72,0.35,0.85,0.87,0.35,0.35,0.45,0.65,0.44,0.66,0.05,1.0,0.691,0.475,0.491
0.64,0.64,1.0,1.0,0.91,0.91,0.79,0.78,0.33,0.33,0.37,0.36,0.0,0.0,0.5,0.34,0.81,0.72,0.39,0.8,0.82,0.39,0.39,0.47,0.61,0.46,0.62,0.08,1.0,0.702,0.473,0.486
0.64,0.64,1.0,1.0,0.91,0.91,0.71,0.7,0.33,0.33,0.36,0.36,0.0,0.0,0.5,0.33,0.73,0.71,0.43,0.73,0.74,0.43,0.43,0.42,0.69,0.42,0.7,0.14,1.0,0.701,0.47,0.485
0.64,0.64,1.0,1.0,0.91,0.91,0.61,0.59,0.31,0.31,0.35,0.37,0.0,0.0,0.5,0.31,0.72,0.7,0.42,0.72,0.73,0.42,0.42,0.37,0.81,0.36,0.81,0.22,1.0,0.709,0.47,0.485
0.64,0.64,1.0,1.0,0.91,0.91,0.6,0.57,0.3,0.3,0.35,0.37,0.0,0.0,0.5,0.31,0.74,0.69,0.42,0.73,0.75,0.42,0.42,0.37,0.81,0.37,0.8,0.26,1.0,0.708,0.473,0.494
0.63,0.63,1.0,1.0,0.92,0.92,0.83,0.83,0.36,0.36,0.37,0.35,0.0,0.0,0.5,0.31,0.85,0.7,0.35,0.85,0.85,0.35,0.35,0.34,0.86,0.33,0.87,0.1,1.0,0.712,0.473,0.491
0.61,0.61,1.0,1.0,0.93,0.93,0.86,0.86,0.37,0.37,0.38,0.35,0.0,0.0,0.5,0.32,0.93,0.7,0.3,0.93,0.92,0.3,0.3,0.33,0.88,0.34,0.86,0.08,1.0,0.724,0.48,0.49
0.61,0.61,1.0,1.0,0.94,0.94,0.85,0.85,0.37,0.37,0.38,0.34,0.0,0.0,0.5,0.31,0.93,0.7,0.3,0.93,0.93,0.3,0.3,0.34,0.85,0.35,0.83,0.07,0.88,0.73,0.485,0.495
0.61,0.61,1.0,1.0,0.94,0.94,0.85,0.85,0.37,0.37,0.39,0.34,0.0,0.0,0.5,0.31,0.93,0.69,0.3,0.93,0.93,0.3,0.3,0.34,0.85,0.35,0.83,0.07,0.79,0.736,0.49,0.495
0.61,0.61,1.0,1.0,0.94,0.94,0.86,0.85,0.38,0.38,0.39,0.34,0.0,0.0,0.5,0.3,0.93,0.69,0.29,0.93,0.93,0.29,0.29,0.33,0.88,0.34,0.86,0.06,0.76,0.735,0.49,0.5
0.61,0.61,1.0,1.0,0.94,0.94,0.3,0.27,0.52,0.52,0.37,0.36,0.0,0.0,0.75,0.3,0.93,0.69,0.3,0.93,0.93,0.3,0.3,0.32,0.9,0.32,0.89,0.06,1.0,0.72,0.503,0.505
0.62,0.62,1.0,1.0,0.93,0.93,0.16,0.16,0.55,0.55,0.36,0.37,0.0,0.0,0.75,0.3,0.93,0.69,0.31,0.93,0.93,0.31,0.31,0.33,0.89,0.35,0.85,0.07,1.0,0.708,0.51,0.504
0.62,0.62,1.0,1.0,0.93,0.93,0.16,0.16,0.56,0.56,0.37,0.36,0.0,0.0,0.75,0.3,0.93,0.69,0.3,0.93,0.93,0.3,0.3,0.32,0.9,0.34,0.86,0.07,1.0,0.709,0.523,0.505
0.62,0.62,1.0,1.0,0.93,0.93,0.16,0.16,0.55,0.55,0.37,0.36,0.0,0.0,0.75,0.3,0.92,0.69,0.31,0.92,0.92,0.31,0.31,0.34,0.86,0.35,0.83,0.07,1.0,0.711,0.523,0.504
0.63,0.63,1.0,1.0,0.92,0.92,0.16,0.16,0.55,0.55,0.37,0.36,0.0,0.0,0.75,0.3,0.91,0.69,0.32,0.91,0.91,0.32,0.32,0.35,0.84,0.36,0.82,0.07,1.0,0.725,0.525,0.507
0.63,0.63,1.0,1.0,0.92,0.92,0.91,0.91,0.31,0.31,0.38,0.35,0.0,0.0,0.25,0.3,0.91,0.68,0.28,0.91,0.91,0.28,0.28,0.36,0.82,0.39,0.77,0.05,0.85,0.734,0.525,0.505
0.64,0.64,1.0,1.0,0.91,0.91,0.89,0.89,0.29,0.29,0.38,0.35,0.0,0.0,0.25,0.3,0.89,0.68,0.32,0.89,0.88,0.32,0.32,0.47,0.6,0.49,0.58,0.05,0.7,0.756,0.525,0.504
0.65,0.65,1.0,1.0,0.9,0.9,0.88,0.88,0.3,0.3,0.38,0.35,0.0,0.0,0.5,0.31,0.87,0.69,0.34,0.87,0.87,0.34,0.34,0.49,0.56,0.49,0.56,0.05,0.73,0.77,0.525,0.503
0.64,0.64,1.0,1.0,0.91,0.91,0.87,0.87,0.31,0.31,0.38,0.35,0.0,0.0,0.5,0.31,0.85,0.7,0.36,0.85,0.85,0.36,0.36,0.49,0.56,0.49,0.57,0.04,0.74,0.783,0.53,0.508
0.62,0.62,1.0,1.0,0.93,0.93,0.87,0.87,0.31,0.31,0.38,0.35,0.0,0.0,0.5,0.32,0.85,0.7,0.36,0.85,0.85,0.36,0.36,0.52,0.5,0.52,0.5,0.04,0.7,0.777,0.543,0.513
0.67,0.67,1.0,1.0,0.88,0.88,0.89,0.89,0.28,0.28,0.37,0.36,0.0,0.0,0.25,0.32,0.79,0.71,0.38,0.79,0.79,0.38,0.38,0.55,0.45,0.55,0.45,0.04,0.55,0.777,0.555,0.515
0.67,0.67,1.0,1.0,0.89,0.89,0.89,0.89,0.28,0.28,0.37,0.35,0.0,0.0,0.25,0.33,0.8,0.71,0.38,0.8,0.8,0.38,0.38,0.55,0.45,0.55,0.45,0.03,0.52,0.781,0.562,0.521
0.66,0.66,1.0,1.0,0.89,0.89,0.89,0.89,0.28,0.28,0.38,0.35,0.0,0.0,0.25,0.33,0.8,0.71,0.37,0.8,0.8,0.37,0.37,0.55,0.45,0.55,0.45,0.03,0.5,0.782,0.572,0.525
0.65,0.65,1.0,1.0,0.91,0.91,0.89,0.89,0.28,0.28,0.38,0.35,0.03,0.04,0.5,0.33,0.79,0.71,0.38,0.79,0.79,0.38,0.38,0.57,0.44,0.58,0.44,0.03,0.47,0.784,0.578,0.525
0.65,0.65,1.0,1.0,0.91,0.91,0.89,0.89,0.28,0.28,0.38,0.35,0.0,0.0,0.5,0.33,0.8,0.71,0.38,0.8,0.8,0.38,0.38,0.54,0.47,0.55,0.46,0.03,0.42,0.828,0.593,0.54
0.65,0.65,1.0,1.0,0.91,0.91,0.89,0.89,0.27,0.27,0.38,0.35,0.02,0.02,0.25,0.32,0.77,0.71,0.39,0.77,0.76,0.39,0.39,0.56,0.45,0.56,0.45,0.03,0.43,0.847,0.592,0.54
0.65,0.65,1.0,1.0,0.91,0.91,0.88,0.88,0.28,0.28,0.38,0.35,0.0,0.0,0.5,0.32,0.77,0.7,0.4,0.77,0.76,0.4,0.4,0.54,0.48,0.53,0.49,0.04,0.46,0.864,0.595,0.543
0.62,0.62,1.0,1.0,0.93,0.93,0.49,0.48,0.27,0.27,0.38,0.35,0.0,0.0,0.5,0.32,0.82,0.7,0.38,0.82,0.82,0.38,0.38,0.5,0.54,0.5,0.54,0.04,0.62,0.859,0.595,0.537
0.64,0.64,1.0,1.0,0.91,0.91,0.9,0.9,0.26,0.26,0.38,0.35,0.0,0.0,0.25,0.32,0.77,0.7,0.38,0.77,0.76,0.38,0.38,0.55,0.45,0.55,0.45,0.05,0.59,0.855,0.598,0.537
0.66,0.66,1.0,1.0,0.9,0.9,0.91,0.91,0.24,0.24,0.37,0.35,0.02,0.02,0.25,0.32,0.74,0.7,0.38,0.75,0.74,0.38,0.38,0.56,0.45,0.56,0.44,0.04,0.55,0.842,0.588,0.543
0.66,0.66,1.0,1.0,0.9,0.9,0.91,0.91,0.26,0.26,0.38,0.35,0.04,0.06,0.25,0.32,0.76,0.7,0.38,0.76,0.75,0.38,0.38,0.58,0.44,0.59,0.43,0.04,0.51,0.82,0.593,0.53
0.65,0.65,1.0,1.0,0.9,0.9,0.88,0.88,0.26,0.26,0.38,0.34,0.0,0.0,0.5,0.32,0.81,0.7,0.38,0.81,0.8,0.38,0.38,0.55,0.45,0.55,0.45,0.04,0.51,0.788,0.595,0.522
0.62,0.62,1.0,1.0,0.93,0.93,0.55,0.55,0.23,0.23,0.38,0.35,0.0,0.0,0.5,0.31,0.83,0.7,0.37,0.83,0.83,0.37,0.37,0.52,0.5,0.52,0.5,0.04,0.57,0.744,0.602,0.514
0.61,0.61,1.0,1.0,0.93,0.93,0.53,0.52,0.25,0.25,0.39,0.34,0.0,0.0,0.5,0.31,0.83,0.7,0.37,0.83,0.83,0.37,0.37,0.53,0.48,0.53,0.48,0.05,0.56,0.717,0.598,0.505
0.61,0.61,1.0,1.0,0.94,0.94,0.38,0.38,0.27,0.27,0.39,0.34,0.0,0.0,0.5,0.31,0.82,0.7,0.38,0.82,0.82,0.38,0.38,0.44,0.65,0.44,0.66,0.05,0.62,0.705,0.597,0.5
0.61,0.61,1.0,1.0,0.94,0.94,0.43,0.43,0.28,0.28,0.38,0.34,0.0,0.0,0.5,0.33,0.9,0.71,0.34,0.89,0.9,0.34,0.34,0.31,0.92,0.31,0.92,0.11,0.92,0.706,0.597,0.505
0.61,0.61,1.0,1.0,0.93,0.93,0.79,0.78,0.26,0.26,0.38,0.35,0.0,0.0,0.5,0.34,0.91,0.72,0.34,0.9,0.91,0.34,0.34,0.31,0.92,0.31,0.92,0.13,1.0,0.709,0.602,0.51
0.64,0.64,1.0,1.0,0.91,0.91,0.85,0.84,0.26,0.26,0.37,0.35,0.0,0.0,0.5,0.35,0.91,0.73,0.32,0.91,0.91,0.32,0.32,0.31,0.92,0.31,0.92,0.11,0.87,0.721,0.597,0.515
0.62,0.62,1.0,1.0,0.93,0.93,0.42,0.41,0.28,0.28,0.31,0.41,0.0,0.0,0.5,0.32,0.93,0.7,0.31,0.93,0.93,0.31,0.31,0.31,0.92,0.31,0.92,0.09,0.86,0.745,0.58,0.533
0.61,0.61,1.0,1.0,0.93,0.93,0.3,0.28,0.31,0.31,0.18,0.55,0.0,0.0,0.75,0.31,0.94,0.69,0.3,0.94,0.95,0.3,0.3,0.31,0.92,0.31,0.92,0.06,1.0,0.761,0.583,0.537
0.61,0.61,1.0,1.0,0.94,0.94,0.23,0.23,0.32,0.32,0.13,0.6,0.0,0.0,0.75,0.3,0.95,0.69,0.29,0.95,0.96,0.29,0.29,0.31,0.92,0.31,0.92,0.05,1.0,0.764,0.583,0.54
0.6,0.6,1.0,1.0,0.94,0.94,0.22,0.22,0.33,0.33,0.16,0.56,0.0,0.0,0.75,0.3,0.95,0.69,0.29,0.95,0.96,0.29,0.29,0.31,0.92,0.31,0.92,0.05,1.0,0.774,0.58,0.532
0.6,0.6,1.0,1.0,0.94,0.94,0.29,0.29,0.33,0.33,0.33,0.4,0.0,0.0,0.75,0.3,0.95,0.68,0.28,0.95,0.96,0.28,0.28,0.31,0.92,0.31,0.92,0.04,0.73,0.78,0.578,0.536
0.6,0.6,1.0,1.0,0.95,0.95,0.49,0.45,0.33,0.33,0.47,0.26,0.0,0.0,0.5,0.29,0.94,0.68,0.29,0.94,0.94,0.29,0.29,0.31,0.92,0.31,0.92,0.04,0.53,0.776,0.577,0.539
0.59,0.59,1.0,1.0,0.95,0.95,0.41,0.4,0.33,0.33,0.56,0.16,0.0,0.0,0.5,0.29,0.94,0.68,0.29,0.94,0.94,0.29,0.29,0.31,0.92,0.31,0.92,0.03,0.37,0.775,0.575,0.542
0.58,0.58,1.0,1.0,0.96,0.96,0.16,0.16,0.44,0.44,0.65,0.08,0.0,0.0,0.75,0.28,0.95,0.67,0.28,0.95,0.95,0.28,0.28,0.31,0.92,0.31,0.92,0.03,0.27,0.765,0.58,0.546
0.57,0.57,1.0,1.0,0.97,0.97,0.16,0.16,0.47,0.47,0.55,0.17,0.0,0.0,0.5,0.28,0.95,0.67,0.28,0.95,0.95,0.28,0.28,0.31,0.92,0.31,0.92,0.03,0.33,0.769,0.578,0.538
0.57,0.57,1.0,1.0,0.97,0.97,0.16,0.16,0.49,0.49,0.63,0.1,0.0,0.0,0.75,0.28,0.95,0.68,0.28,0.95,0.95,0.28,0.28,0.31,0.92,0.31,0.92,0.02,0.44,0.774,0.578,0.535
0.58,0.58,1.0,1.0,0.96,0.96,0.16,0.16,0.51,0.51,0.56,0.17,0.0,0.0,0.75,0.29,0.95,0.68,0.28,0.96,0.95,0.28,0.28,0.31,0.92,0.31,0.92,0.02,0.55,0.771,0.575,0.538
0.59,0.59,1.0,1.0,0.95,0.95,0.16,0.16,0.51,0.51,0.33,0.39,0.0,0.0,0.75,0.29,0.96,0.68,0.28,0.96,0.96,0.28,0.28,0.31,0.92,0.31,0.92,0.02,0.69,0.778,0.57,0.54
0.59,0.59,1.0,1.0,0.95,0.95,0.16,0.16,0.49,0.49,0.26,0.47,0.0,0.0,0.75,0.29,0.96,0.68,0.28,0.96,0.96,0.28,0.28,0.31,0.92,0.31,0.92,0.02,0.81,0.771,0.57,0.542
0.59,0.59,1.0,1.0,0.95,0.95,0.16,0.16,0.48,0.48,0.21,0.51,0.0,0.0,0.75,0.29,0.96,0.68,0.28,0.96,0.96,0.28,0.28,0.31,0.92,0.31,0.92,0.03,1.0,0.772,0.567,0.546
0.6,0.6,1.0,1.0,0.95,0.95,0.16,0.16,0.55,0.55,0.23,0.5,0.0,0.0,0.75,0.29,0.96,0.68,0.28,0.96,0.97,0.28,0.28,0.31,0.92,0.31,0.92,0.03,0.87,0.766,0.567,0.481
0.57,0.57,1.0,1.0,0.96,0.96,0.16,0.16,0.58,0.58,0.36,0.37,0.0,0.0,0.75,0.29,0.96,0.68,0.28,0.96,0.97,0.28,0.28,0.31,0.92,0.31,0.92,0.03,0.74,0.753,0.575,0.371
0.57,0.57,1.0,1.0,0.97,0.97,0.16,0.16,0.63,0.63,0.49,0.24,0.0,0.0,0.75,0.29,0.96,0.68,0.29,0.96,0.96,0.29,0.29,0.31,0.92,0.31,0.92,0.03,0.66,0.749,0.583,0.314
0.57,0.57,1.0,1.0,0.97,0.97,0.16,0.16,0.62,0.62,0.59,0.14,0.0,0.0,0.75,0.3,0.93,0.69,0.34,0.93,0.93,0.34,0.34,0.31,0.92,0.31,0.92,0.03,0.54,0.729,0.583,0.33
0.57,0.57,1.0,1.0,0.97,0.97,0.16,0.16,0.63,0.63,0.63,0.11,0.0,0.0,0.75,0.32,0.93,0.7,0.35,0.93,0.92,0.35,0.35,0.31,0.92,0.31,0.92,0.03,0.41,0.721,0.55,0.436
0.58,0.58,1.0,1.0,0.96,0.96,0.72,0.72,0.3,0.3,0.5,0.23,0.16,0.13,0.5,0.32,0.61,0.7,0.53,0.62,0.61,0.53,0.53,0.66,0.4,0.64,0.41,0.07,0.35,0.711,0.528,0.558
0.6,0.6,1.0,1.0,0.95,0.95,0.88,0.88,0.26,0.26,0.4,0.32,0.27,0.27,0.5,0.32,0.43,0.7,0.56,0.43,0.44,0.56,0.56,0.73,0.37,0.73,0.37,0.11,0.41,0.72,0.502,0.675
0.61,0.61,1.0,1.0,0.94,0.94,0.89,0.89,0.27,0.27,0.33,0.39,0.22,0.27,0.5,0.32,0.41,0.71,0.56,0.39,0.42,0.56,0.56,0.7,0.38,0.73,0.37,0.13,0.98,0.711,0.487,0.723
0.6,0.6,1.0,1.0,0.94,0.94,0.27,0.27,0.27,0.27,0.26,0.47,0.0,0.03,0.5,0.32,0.49,0.7,0.56,0.48,0.51,0.56,0.56,0.54,0.48,0.57,0.44,0.14,1.0,0.701,0.487,0.686
0.6,0.6,1.0,1.0,0.95,0.95,0.18,0.18,0.3,0.3,0.21,0.51,0.0,0.0,0.5,0.3,0.57,0.69,0.56,0.54,0.59,0.56,0.56,0.49,0.58,0.51,0.52,0.14,1.0,0.706,0.492,0.614
0.62,0.62,1.0,1.0,0.93,0.93,0.93,0.93,0.29,0.29,0.32,0.4,0.0,0.0,0.5,0.3,0.43,0.69,0.56,0.41,0.46,0.56,0.56,0.52,0.51,0.55,0.46,0.14,1.0,0.714,0.512,0.544
0.58,0.58,1.0,1.0,0.96,0.96,0.51,0.51,0.25,0.25,0.47,0.25,0.0,0.0,0.5,0.3,0.53,0.69,0.56,0.52,0.53,0.56,0.56,0.52,0.51,0.52,0.51,0.15,0.65,0.721,0.547,0.487
0.58,0.58,1.0,1.0,0.96,0.96,0.21,0.21,0.31,0.31,0.6,0.13,0.0,0.0,0.5,0.3,0.59,0.69,0.56,0.6,0.58,0.56,0.56,0.43,0.69,0.41,0.72,0.15,0.08,0.741,0.578,0.389
0.57,0.57,1.0,1.0,0.96,0.96,0.16,0.16,0.32,0.32,0.63,0.1,0.0,0.0,0.5,0.3,0.59,0.69,0.56,0.6,0.58,0.56,0.56,0.41,0.72,0.4,0.75,0.16,0.03,0.762,0.6,0.34
0.57,0.57,1.0,1.0,0.96,0.96,0.16,0.16,0.33,0.33,0.61,0.12,0.0,0.0,0.5,0.3,0.58,0.68,0.56,0.6,0.57,0.56,0.56,0.39,0.77,0.37,0.8,0.15,0.01,0.761,0.608,0.335
0.57,0.57,1.0,1.0,0.96,0.96,0.16,0.16,0.34,0.34,0.57,0.16,0.0,0.0,0.5,0.3,0.6,0.68,0.56,0.61,0.59,0.56,0.56,0.38,0.77,0.38,0.79,0.13,0.08,0.738,0.597,0.419
0.58,0.58,1.0,1.0,0.96,0.96,0.16,0.16,0.35,0.35,0.47,0.25,0.0,0.0,0.5,0.3,0.84,0.69,0.42,0.86,0.83,0.42,0.42,0.31,0.92,0.31,0.92,0.07,0.37,0.737,0.593,0.516
0.59,0.59,1.0,1.0,0.96,0.96,0.16,0.16,0.33,0.33,0.43,0.29,0.0,0.0,0.5,0.31,0.87,0.7,0.38,0.88,0.86,0.38,0.38,0.31,0.92,0.31,0.92,0.06,0.35,0.759,0.582,0.588
0.6,0.6,1.0,1.0,0.94,0.94,0.79,0.78,0.22,0.22,0.36,0.37,0.0,0.0,0.5,0.33,0.86,0.71,0.36,0.87,0.86,0.36,0.36,0.38,0.78,0.39,0.76,0.07,0.48,0.764,0.585,0.671
0.6,0.6,1.0,1.0,0.95,0.95,0.24,0.24,0.3,0.3,0.33,0.39,0.0,0.0,0.5,0.33,0.87,0.71,0.36,0.87,0.87,0.36,0.36,0.31,0.92,0.33,0.89,0.07,0.78,0.758,0.588,0.694
0.59,0.59,1.0,1.0,0.95,0.95,0.16,0.16,0.33,0.33,0.32,0.4,0.0,0.0,0.5,0.31,0.9,0.7,0.33,0.9,0.9,0.33,0.33,0.31,0.92,0.31,0.92,0.05,0.79,0.78,0.587,0.623
0.59,0.59,1.0,1.0,0.95,0.95,0.16,0.16,0.37,0.37,0.16,0.57,0.0,0.0,0.5,0.31,0.9,0.69,0.34,0.9,0.9,0.34,0.34,0.31,0.92,0.31,0.92,0.05,0.72,0.777,0.603,0.541
0.59,0.59,1.0,1.0,0.95,0.95,0.16,0.16,0.4,0.4,0.17,0.56,0.0,0.0,0.5,0.3,0.91,0.69,0.31,0.91,0.9,0.31,0.31,0.31,0.92,0.31,0.92,0.04,0.7,0.779,0.62,0.468
0.59,0.59,1.0,1.0,0.95,0.95,0.74,0.73,0.21,0.21,0.38,0.35,0.0,0.0,0.5,0.3,0.86,0.69,0.35,0.86,0.86,0.35,0.35,0.38,0.78,0.38,0.78,0.04,0.53,0.784,0.627,0.414
0.59,0.59,1.0,1.0,0.95,0.95,0.16,0.16,0.34,0.34,0.37,0.35,0.0,0.0,0.5,0.3,0.89,0.69,0.32,0.89,0.89,0.32,0.32,0.31,0.92,0.31,0.92,0.04,0.5,0.777,0.633,0.41
0.59,0.59,1.0,1.0,0.95,0.95,0.16,0.16,0.55,0.55,0.0,0.79,0.0,0.0,0.5,0.3,0.91,0.68,0.3,0.91,0.91,0.3,0.3,0.31,0.92,0.31,0.92,0.04,0.57,0.773,0.62,0.487
0.6,0.6,1.0,1.0,0.94,0.94,0.16,0.16,0.52,0.52,0.0,0.86,0.0,0.0,0.75,0.29,0.91,0.68,0.31,0.91,0.91,0.31,0.31,0.31,0.92,0.31,0.92,0.03,0.73,0.776,0.593,0.64
0.6,0.6,1.0,1.0,0.94,0.94,0.16,0.16,0.57,0.57,0.0,0.81,0.0,0.0,0.5,0.29,0.91,0.68,0.3,0.91,0.91,0.3,0.3,0.34,0.86,0.33,0.87,0.03,0.71,0.773,0.578,0.716
0.6,0.6,1.0,1.0,0.94,0.94,0.16,0.16,0.57,0.57,0.0,0.79,0.0,0.0,0.75,0.29,0.91,0.68,0.3,0.91,0.91,0.3,0.3,0.31,0.92,0.31,0.92,0.03,0.62,0.764,0.563,0.741
0.59,0.59,1.0,1.0,0.95,0.95,0.81,0.81,0.24,0.24,0.35,0.38,0.0,0.0,0.5,0.3,0.84,0.69,0.34,0.84,0.85,0.34,0.34,0.5,0.54,0.51,0.53,0.03,0.62,0.763,0.573,0.72
0.59,0.59,1.0,1.0,0.95,0.95,0.3,0.3,0.27,0.27,0.33,0.39,0.0,0.0,0.5,0.32,0.82,0.7,0.38,0.82,0.82,0.38,0.38,0.47,0.61,0.48,0.58,0.04,0.65,0.763,0.573,0.679
0.59,0.59,1.0,1.0,0.95,0.95,0.16,0.16,0.32,0.32,0.33,0.4,0.0,0.0,0.5,0.33,0.78,0.71,0.44,0.78,0.78,0.44,0.44,0.45,0.64,0.47,0.61,0.05,0.68,0.749,0.577,0.618
0.58,0.58,1.0,1.0,0.96,0.96,0.16,0.16,0.33,0.33,0.33,0.4,0.0,0.0,0.5,0.33,0.64,0.71,0.53,0.63,0.64,0.53,0.53,0.5,0.55,0.52,0.52,0.11,0.83,0.751,0.587,0.565
0.59,0.59,1.0,1.0,0.95,0.95,0.93,0.93,0.28,0.28,0.35,0.37,0.0,0.0,0.5,0.33,0.5,0.71,0.53,0.48,0.52,0.53,0.53,0.48,0.58,0.5,0.55,0.19,1.0,0.748,0.598,0.528
0.6,0.6,1.0,1.0,0.95,0.95,0.94,0.94,0.3,0.3,0.35,0.38,0.0,0.0,0.25,0.34,0.49,0.71,0.53,0.47,0.51,0.53,0.53,0.47,0.6,0.5,0.55,0.31,1.0,0.751,0.608,0.495
0.58,0.58,1.0,1.0,0.96,0.96,0.56,0.55,0.23,0.23,0.35,0.38,0.0,0.0,0.5,0.33,0.61,0.71,0.52,0.59,0.63,0.52,0.52,0.52,0.52,0.54,0.47,0.48,0.5,0.751,0.618,0.486
0.58,0.58,1.0,1.0,0.96,0.96,0.25,0.25,0.3,0.3,0.35,0.38,0.0,0.0,0.5,0.31,0.69,0.7,0.51,0.68,0.7,0.51,0.51,0.35,0.84,0.38,0.79,0.33,1.0,0.744,0.618,0.506
0.6,0.6,1.0,1.0,0.94,0.94,0.92,0.92,0.3,0.3,0.35,0.37,0.0,0.0,0.5,0.33,0.67,0.71,0.45,0.66,0.68,0.45,0.45,0.39,0.76,0.41,0.72,0.11,1.0,0.752,0.61,0.525
0.6,0.6,1.0,1.0,0.95,0.95,0.53,0.53,0.24,0.24,0.35,0.38,0.0,0.0,0.5,0.33,0.9,0.71,0.33,0.89,0.9,0.33,0.33,0.31,0.92,0.31,0.92,0.06,0.84,0.761,0.587,0.538
0.58,0.58,1.0,1.0,0.96,0.96,0.33,0.33,0.28,0.28,0.34,0.38,0.0,0.0,0.5,0.31,0.93,0.7,0.29,0.93,0.93,0.29,0.29,0.31,0.92,0.31,0.92,0.04,0.64,0.762,0.573,0.532
0.58,0.58,1.0,1.0,0.96,0.96,0.27,0.27,0.3,0.3,0.34,0.38,0.0,0.0,0.5,0.3,0.93,0.69,0.29,0.93,0.93,0.29,0.29,0.31,0.92,0.31,0.92,0.03,0.62,0.76,0.563,0.537
0.58,0.58,1.0,1.0,0.96,0.96,0.25,0.24,0.31,0.31,0.33,0.39,0.0,0.0,0.5,0.3,0.91,0.69,0.32,0.91,0.91,0.32,0.32,0.31,0.92,0.31,0.92,0.03,0.63,0.753,0.542,0.524
0.58,0.58,1.0,1.0,0.96,0.96,0.16,0.16,0.32,0.32,0.33,0.4,0.0,0.0,0.5,0.32,0.78,0.7,0.45,0.78,0.78,0.45,0.45,0.36,0.82,0.37,0.81,0.03,0.8,0.761,0.522,0.522
0.58,0.58,1.0,1.0,0.96,0.96,0.16,0.16,0.38,0.38,0.41,0.32,0.0,0.0,0.5,0.32,0.61,0.7,0.55,0.6,0.63,0.55,0.55,0.47,0.61,0.48,0.58,0.08,1.0,0.761,0.515,0.523
0.57,0.57,1.0,1.0,0.97,0.97,0.16,0.16,0.42,0.42,0.44,0.28,0.0,0.0,0.5,0.32,0.58,0.7,0.56,0.57,0.6,0.56,0.56,0.4,0.74,0.41,0.73,0.13,1.0,0.767,0.517,0.516
0.57,0.57,1.0,1.0,0.96,0.96,0.16,0.16,0.42,0.42,0.42,0.3,0.0,0.0,0.5,0.32,0.58,0.7,0.56,0.57,0.6,0.56,0.56,0.35,0.83,0.36,0.82,0.16,1.0,0.778,0.523,0.507
0.57,0.57,1.0,1.0,0.97,0.97,0.16,0.16,0.55,0.55,0.67,0.07,0.0,0.0,0.75,0.32,0.66,0.7,0.54,0.64,0.67,0.54,0.54,0.37,0.8,0.38,0.79,0.17,1.0,0.773,0.523,0.505
0.57,0.57,1.0,1.0,0.97,0.97,0.16,0.16,0.57,0.57,0.67,0.06,0.0,0.0,0.75,0.33,0.9,0.71,0.36,0.9,0.9,0.36,0.36,0.31,0.92,0.31,0.92,0.06,1.0,0.769,0.522,0.51
0.57,0.57,1.0,1.0,0.97,0.97,0.16,0.16,0.55,0.55,0.64,0.09,0.0,0.0,0.75,0.3,0.93,0.69,0.31,0.93,0.93,0.31,0.31,0.31,0.92,0.31,0.92,0.04,0.83,0.766,0.522,0.523
0.57,0.57,1.0,1.0,0.97,0.97,0.16,0.16,0.55,0.55,0.57,0.16,0.0,0.0,0.75,0.3,0.91,0.69,0.34,0.9,0.91,0.34,0.34,0.31,0.92,0.31,0.92,0.03,0.77,0.754,0.52,0.521
0.57,0.57,1.0,1.0,0.97,0.97,0.16,0.16,0.55,0.55,0.5,0.23,0.0,0.0,0.5,0.34,0.59,0.72,0.56,0.58,0.61,0.56,0.56,0.41,0.72,0.42,0.7,0.08,1.0,0.762,0.515,0.522
0.57,0.57,1.0,1.0,0.97,0.97,0.16,0.16,0.54,0.54,0.46,0.27,0.0,0.0,0.75,0.34,0.56,0.72,0.56,0.54,0.57,0.56,0.56,0.42,0.7,0.43,0.68,0.18,1.0,0.766,0.507,0.513
0.57,0.57,1.0,1.0,0.97,0.97,0.16,0.16,0.54,0.54,0.41,0.32,0.0,0.0,0.75,0.34,0.57,0.72,0.56,0.55,0.58,0.56,0.56,0.39,0.77,0.4,0.75,0.21,1.0,0.759,0.497,0.513
0.58,0.58,1.0,1.0,0.96,0.96,0.79,0.75,0.21,0.21,0.35,0.38,0.0,0.0,0.5,0.34,0.53,0.72,0.53,0.52,0.54,0.53,0.53,0.52,0.51,0.53,0.49,0.15,1.0,0.756,0.497,0.514
0.58,0.58,1.0,1.0,0.96,0.96,0.44,0.44,0.23,0.23,0.36,0.37,0.0,0.0,0.5,0.34,0.74,0.72,0.47,0.74,0.74,0.47,0.47,0.36,0.82,0.36,0.81,0.07,0.76,0.752,0.5,0.505
0.59,0.59,1.0,1.0,0.95,0.95,0.26,0.26,0.29,0.29,0.35,0.37,0.0,0.0,0.5,0.3,0.91,0.69,0.32,0.91,0.91,0.32,0.32,0.31,0.92,0.31,0.92,0.04,0.51,0.744,0.507,0.502
0.61,0.61,1.0,1.0,0.94,0.94,0.85,0.85,0.26,0.26,0.37,0.36,0.0,0.0,0.5,0.29,0.92,0.68,0.3,0.92,0.92,0.3,0.3,0.31,0.92,0.31,0.92,0.04,0.53,0.736,0.512,0.5
0.62,0.62,1.0,1.0,0.93,0.93,0.92,0.92,0.27,0.27,0.35,0.37,0.0,0.0,0.5,0.29,0.9,0.68,0.29,0.89,0.9,0.29,0.29,0.31,0.92,0.31,0.92,0.03,0.55,0.732,0.518,0.495
0.61,0.61,1.0,1.0,0.94,0.94,0.92,0.92,0.29,0.29,0.37,0.36,0.0,0.0,0.5,0.3,0.81,0.69,0.34,0.8,0.81,0.34,0.34,0.45,0.65,0.45,0.65,0.03,0.54,0.731,0.523,0.493
0.61,0.61,1.0,1.0,0.94,0.94,0.93,0.93,0.31,0.31,0.37,0.36,0.0,0.0,0.25,0.35,0.51,0.73,0.53,0.51,0.51,0.53,0.53,0.53,0.5,0.54,0.48,0.03,0.45,0.738,0.527,0.489
0.6,0.6,1.0,1.0,0.94,0.94,0.93,0.93,0.31,0.31,0.37,0.36,0.0,0.0,0.25,0.36,0.57,0.73,0.5,0.57,0.57,0.5,0.5,0.54,0.47,0.54,0.46,0.03,0.43,0.749,0.533,0.485
0.6,0.6,1.0,1.0,0.94,0.94,0.93,0.93,0.31,0.31,0.37,0.35,0.0,0.0,0.25,0.36,0.58,0.73,0.49,0.58,0.57,0.49,0.49,0.53,0.48,0.54,0.47,0.03,0.41,0.758,0.537,0.486
0.6,0.6,1.0,1.0,0.94,0.94,0.93,0.93,0.3,0.3,0.37,0.35,0.0,0.0,0.5,0.36,0.6,0.73,0.48,0.61,0.6,0.48,0.48,0.52,0.5,0.53,0.48,0.03,0.41,0.757,0.54,0.489
0.58,0.58,1.0,1.0,0.96,0.96,0.32,0.32,0.27,0.27,0.36,0.36,0.0,0.0,0.5,0.33,0.7,0.71,0.48,0.71,0.7,0.48,0.48,0.44,0.67,0.45,0.65,0.03,0.43,0.746,0.548,0.496
0.58,0.58,1.0,1.0,0.96,0.96,0.26,0.26,0.29,0.29,0.36,0.36,0.0,0.0,0.5,0.32,0.78,0.7,0.44,0.78,0.77,0.44,0.44,0.44,0.66,0.45,0.64,0.03,0.44,0.748,0.563,0.501
0.6,0.6,1.0,1.0,0.94,0.94,0.92,0.92,0.29,0.29,0.38,0.35,0.0,0.0,0.5,0.33,0.72,0.71,0.39,0.73,0.72,0.39,0.39,0.54,0.48,0.55,0.46,0.03,0.45,0.761,0.57,0.505
0.59,0.59,1.0,1.0,0.95,0.95,0.57,0.57,0.24,0.24,0.37,0.35,0.02,0.02,0.5,0.33,0.69,0.71,0.45,0.7,0.69,0.45,0.45,0.56,0.44,0.56,0.44,0.03,0.45,0.775,0.573,0.505
0.59,0.59,1.0,1.0,0.95,0.95,0.35,0.35,0.26,0.26,0.38,0.35,0.0,0.0,0.5,0.32,0.69,0.71,0.45,0.7,0.69,0.45,0.45,0.54,0.47,0.55,0.46,0.03,0.43,0.774,0.582,0.503
0.59,0.59,1.0,1.0,0.95,0.95,0.3,0.3,0.27,0.27,0.38,0.34,0.0,0.0,0.5,0.32,0.71,0.7,0.46,0.72,0.7,0.46,0.46,0.5,0.54,0.51,0.53,0.03,0.41,0.773,0.59,0.505
0.59,0.59,1.0,1.0,0.95,0.95,0.26,0.26,0.28,0.28,0.4,0.33,0.0,0.0,0.5,0.32,0.73,0.7,0.43,0.74,0.73,0.43,0.43,0.5,0.55,0.5,0.55,0.03,0.39,0.775,0.592,0.508
0.6,0.6,1.0,1.0,0.95,0.95,0.25,0.25,0.28,0.28,0.4,0.32,0.0,0.0,0.5,0.32,0.74,0.7,0.43,0.75,0.74,0.43,0.43,0.49,0.57,0.49,0.58,0.04,0.36,0.761,0.595,0.501
0.6,0.6,1.0,1.0,0.94,0.94,0.25,0.25,0.29,0.29,0.41,0.32,0.0,0.0,0.5,0.31,0.77,0.7,0.43,0.77,0.76,0.43,0.43,0.48,0.59,0.47,0.61,0.05,0.34,0.753,0.598,0.498
0.61,0.61,1.0,1.0,0.94,0.94,0.25,0.25,0.28,0.28,0.41,0.31,0.03,0.0,0.5,0.31,0.53,0.7,0.53,0.53,0.53,0.53,0.53,0.57,0.44,0.55,0.45,0.11,0.28,0.741,0.608,0.505
0.6,0.6,1.0,1.0,0.94,0.94,0.27,0.27,0.27,0.27,0.4,0.32,0.0,0.0,0.5,0.31,0.52,0.69,0.53,0.51,0.52,0.53,0.53,0.52,0.5,0.52,0.51,0.2,0.37,0.706,0.618,0.498
0.6,0.6,1.0,1.0,0.94,0.94,0.26,0.26,0.27,0.27,0.39,0.34,0.0,0.0,0.5,0.3,0.57,0.69,0.52,0.56,0.57,0.52,0.52,0.46,0.63,0.45,0.64,0.23,0.47,0.682,0.612,0.495
0.6,0.6,1.0,1.0,0.94,0.94,0.26,0.26,0.27,0.27,0.38,0.34,0.0,0.0,0.5,0.3,0.64,0.69,0.49,0.63,0.64,0.49,0.49,0.42,0.69,0.41,0.72,0.17,0.3,0.671,0.615,0.494
0.61,0.61,1.0,1.0,0.94,0.94,0.26,0.26,0.27,0.27,0.38,0.34,0.0,0.0,0.5,0.31,0.77,0.7,0.43,0.77,0.76,0.43,0.43,0.36,0.81,0.35,0.83,0.11,0.2,0.665,0.617,0.495
0.61,0.61,1.0,1.0,0.94,0.94,0.26,0.26,0.28,0.28,0.41,0.32,0.0,0.0,0.5,0.32,0.81,0.7,0.4,0.82,0.81,0.4,0.4,0.37,0.8,0.36,0.82,0.07,0.26,0.67,0.617,0.494
0.6,0.6,1.0,1.0,0.94,0.94,0.3,0.3,0.28,0.28,0.46,0.27,0.0,0.0,0.5,0.31,0.86,0.69,0.35,0.87,0.86,0.35,0.35,0.36,0.82,0.35,0.84,0.05,0.27,0.686,0.625,0.492
0.59,0.59,1.0,1.0,0.95,0.95,0.26,0.26,0.3,0.3,0.5,0.22,0.0,0.0,0.5,0.3,0.82,0.69,0.37,0.83,0.82,0.37,0.37,0.43,0.68,0.42,0.71,0.04,0.28,0.691,0.632,0.491
0.59,0.59,1.0,1.0,0.95,0.95,0.9,0.9,0.28,0.28,0.45,0.27,0.1,0.09,0.25,0.3,0.58,0.69,0.52,0.59,0.57,0.52,0.52,0.62,0.42,0.61,0.42,0.04,0.27,0.691,0.633,0.499
0.59,0.59,1.0,1.0,0.95,0.95,0.46,0.46,0.25,0.25,0.42,0.3,0.0,0.0,0.5,0.31,0.56,0.69,0.54,0.56,0.56,0.54,0.54,0.55,0.46,0.54,0.47,0.06,0.32,0.703,0.647,0.506
0.58,0.58,1.0,1.0,0.96,0.96,0.23,0.22,0.33,0.33,0.4,0.32,0.0,0.0,0.5,0.31,0.58,0.7,0.56,0.57,0.58,0.56,0.56,0.53,0.5,0.52,0.5,0.07,0.39,0.722,0.648,0.51
0.58,0.58,1.0,1.0,0.96,0.96,0.2,0.2,0.35,0.35,0.38,0.34,0.0,0.0,0.5,0.32,0.57,0.7,0.56,0.57,0.57,0.56,0.56,0.52,0.51,0.52,0.51,0.07,0.4,0.733,0.648,0.516
0.58,0.58,1.0,1.0,0.96,0.96,0.16,0.16,0.36,0.36,0.36,0.37,0.0,0.0,0.5,0.32,0.63,0.7,0.54,0.63,0.63,0.54,0.54,0.48,0.59,0.48,0.58,0.07,0.44,0.743,0.645,0.525
0.61,0.61,1.0,1.0,0.93,0.93,0.94,0.94,0.32,0.32,0.33,0.39,0.0,0.0,0.5,0.32,0.62,0.7,0.51,0.62,0.63,0.51,0.51,0.51,0.52,0.53,0.49,0.06,0.48,0.755,0.637,0.53
0.6,0.6,1.0,1.0,0.95,0.95,0.72,0.67,0.27,0.27,0.29,0.44,0.0,0.0,0.5,0.33,0.73,0.71,0.44,0.72,0.74,0.44,0.44,0.46,0.62,0.47,0.62,0.05,0.71,0.759,0.633,0.535
0.59,0.59,1.0,1.0,0.95,0.95,0.23,0.22,0.37,0.37,0.36,0.37,0.0,0.0,0.75,0.32,0.88,0.7,0.35,0.87,0.88,0.35,0.35,0.41,0.73,0.42,0.7,0.04,0.82,0.77,0.625,0.541
0.59,0.59,1.0,1.0,0.95,0.95,0.16,0.16,0.38,0.38,0.39,0.33,0.0,0.0,0.75,0.29,0.92,0.68,0.33,0.91,0.92,0.33,0.33,0.42,0.7,0.44,0.67,0.03,0.91,0.791,0.615,0.544
0.59,0.59,1.0,1.0,0.95,0.95,0.59,0.41,0.32,0.32,0.32,0.4,0.0,0.0,0.75,0.28,0.92,0.67,0.32,0.91,0.92,0.32,0.32,0.49,0.56,0.48,0.58,0.03,0.76,0.802,0.603,0.536
0.59,0.59,1.0,1.0,0.95,0.95,0.43,0.42,0.28,0.28,0.28,0.44,0.0,0.0,0.5,0.3,0.88,0.69,0.33,0.87,0.88,0.33,0.33,0.53,0.48,0.54,0.48,0.03,0.71,0.806,0.588,0.528
0.58,0.58,1.0,1.0,0.96,0.96,0.16,0.16,0.34,0.34,0.35,0.38,0.0,0.0,0.5,0.3,0.88,0.68,0.36,0.88,0.87,0.36,0.36,0.5,0.56,0.51,0.52,0.03,0.57,0.799,0.587,0.531
0.58,0.58,1.0,1.0,0.96,0.96,0.16,0.16,0.35,0.35,0.4,0.32,0.0,0.0,0.5,0.29,0.85,0.68,0.35,0.86,0.85,0.35,0.35,0.51,0.53,0.52,0.51,0.03,0.52,0.779,0.577,0.54
0.58,0.58,1.0,1.0,0.96,0.96,0.16,0.16,0.35,0.35,0.43,0.29,0.0,0.0,0.5,0.29,0.88,0.68,0.33,0.88,0.87,0.33,0.33,0.42,0.7,0.43,0.69,0.03,0.48,0.774,0.563,0.567
0.58,0.58,1.0,1.0,0.96,0.96,0.16,0.16,0.35,0.35,0.43,0.29,0.0,0.0,0.5,0.28,0.84,0.68,0.38,0.85,0.84,0.38,0.38,0.49,0.57,0.49,0.56,0.03,0.46,0.759,0.552,0.612
0.58,0.58,1.0,1.0,0.96,0.96,0.16,0.16,0.35,0.35,0.41,0.32,0.0,0.02,0.5,0.29,0.67,0.68,0.52,0.68,0.67,0.52,0.52,0.54,0.46,0.56,0.45,0.03,0.42,0.741,0.555,0.62
0.58,0.58,1.0,1.0,0.96,0.96,0.16,0.16,0.36,0.36,0.39,0.33,0.0,0.02,0.5,0.29,0.59,0.68,0.56,0.59,0.58,0.56,0.56,0.55,0.45,0.56,0.45,0.08,0.51,0.721,0.563,0.594
0.58,0.58,1.0,1.0,0.96,0.96,0.16,0.16,0.36,0.36,0.38,0.34,0.0,0.0,0.5,0.29,0.54,0.68,0.56,0.54,0.54,0.56,0.56,0.48,0.58,0.48,0.58,0.12,0.52,0.709,0.57,0.555
0.58,0.58,1.0,1.0,0.96,0.96,0.16,0.16,0.35,0.35,0.37,0.35,0.0,0.0,0.5,0.29,0.61,0.68,0.53,0.61,0.61,0.53,0.53,0.44,0.67,0.43,0.68,0.16,0.27,0.69,0.575,0.531
0.59,0.59,1.0,1.0,0.95,0.95,0.16,0.16,0.4,0.4,0.19,0.53,0.0,0.0,0.5,0.3,0.72,0.69,0.48,0.72,0.72,0.48,0.48,0.46,0.62,0.46,0.63,0.14,0.28,0.684,0.563,0.518
0.59,0.59,1.0,1.0,0.95,0.95,0.16,0.16,0.51,0.51,0.0,0.78,0.0,0.0,0.5,0.3,0.79,0.69,0.48,0.79,0.78,0.48,0.48,0.46,0.62,0.45,0.65,0.07,0.45,0.675,0.55,0.495
0.59,0.59,1.0,1.0,0.95,0.95,0.16,0.16,0.57,0.57,0.0,0.78,0.0,0.0,0.5,0.31,0.86,0.69,0.4,0.87,0.86,0.4,0.4,0.42,0.71,0.41,0.73,0.06,0.43,0.659,0.513,0.467
0.59,0.59,1.0,1.0,0.95,0.95,0.16,0.16,0.59,0.59,0.0,0.79,0.0,0.0,0.5,0.31,0.88,0.69,0.38,0.88,0.88,0.38,0.38,0.45,0.64,0.44,0.66,0.05,0.43,0.664,0.488,0.405
0.58,0.58,1.0,1.0,0.96,0.96,0.83,0.83,0.26,0.26,0.42,0.31,0.0,0.0,0.5,0.3,0.87,0.69,0.34,0.87,0.87,0.34,0.34,0.54,0.46,0.54,0.47,0.04,0.44,0.656,0.462,0.38
0.6,0.6,1.0,1.0,0.95,0.95,0.88,0.88,0.28,0.28,0.4,0.33,0.0,0.0,0.5,0.31,0.83,0.69,0.33,0.84,0.83,0.33,0.33,0.51,0.54,0.5,0.54,0.04,0.43,0.664,0.433,0.373
0.59,0.59,1.0,1.0,0.95,0.95,0.34,0.34,0.29,0.29,0.38,0.34,0.0,0.0,0.5,0.32,0.81,0.7,0.38,0.82,0.81,0.38,0.38,0.43,0.69,0.43,0.67,0.03,0.43,0.674,0.412,0.376
0.59,0.59,1.0,1.0,0.95,0.95,0.16,0.16,0.34,0.34,0.38,0.34,0.0,0.0,0.5,0.3,0.87,0.69,0.35,0.87,0.87,0.35,0.35,0.4,0.74,0.41,0.72,0.03,0.44,0.689,0.378,0.457
0.58,0.58,1.0,1.0,0.96,0.96,0.16,0.16,0.35,0.35,0.38,0.34,0.0,0.0,0.5,0.29,0.84,0.68,0.41,0.84,0.84,0.41,0.41,0.37,0.8,0.37,0.8,0.03,0.44,0.704,0.368,0.519
0.58,0.58,1.0,1.0,0.96,0.96,0.16,0.16,0.35,0.35,0.38,0.35,0.0,0.0,0.5,0.3,0.62,0.69,0.56,0.62,0.63,0.56,0.56,0.39,0.76,0.41,0.73,0.05,0.99,0.719,0.357,0.563
0.58,0.58,1.0,1.0,0.96,0.96,0.86,0.86,0.26,0.26,0.37,0.35,0.0,0.0,0.5,0.31,0.47,0.69,0.56,0.46,0.48,0.56,0.56,0.44,0.67,0.45,0.64,0.11,1.0,0.724,0.352,0.585
0.58,0.58,1.0,1.0,0.96,0.96,0.31,0.31,0.27,0.27,0.37,0.35,0.0,0.0,0.5,0.31,0.62,0.69,0.55,0.61,0.64,0.55,0.55,0.38,0.77,0.4,0.74,0.19,1.0,0.719,0.355,0.586
0.58,0.58,1.0,1.0,0.96,0.96,0.16,0.16,0.28,0.28,0.37,0.35,0.0,0.0,0.5,0.31,0.56,0.69,0.56,0.54,0.57,0.56,0.56,0.54,0.48,0.54,0.47,0.24,1.0,0.714,0.367,0.573
0.59,0.59,1.0,1.0,0.95,0.95,0.2,0.2,0.21,0.21,0.36,0.36,0.25,0.24,0.5,0.34,0.52,0.72,0.53,0.5,0.54,0.53,0.53,0.72,0.37,0.71,0.38,0.26,0.67,0.711,0.373,0.564
0.59,0.59,1.0,1.0,0.95,0.95,0.25,0.24,0.19,0.19,0.36,0.37,0.2,0.18,0.5,0.37,0.59,0.74,0.49,0.57,0.62,0.49,0.49,0.68,0.39,0.67,0.4,0.21,0.61,0.719,0.383,0.555
0.59,0.59,1.0,1.0,0.95,0.95,0.58,0.58,0.12,0.12,0.36,0.37,0.18,0.16,0.5,0.42,0.64,0.77,0.44,0.62,0.66,0.44,0.44,0.67,0.4,0.66,0.4,0.2,0.52,0.745,0.385,0.544
0.61,0.61,1.0,1.0,0.93,0.93,0.59,0.59,0.1,0.1,0.36,0.36,0.13,0.16,0.75,0.45,0.67,0.8,0.43,0.65,0.68,0.43,0.43,0.64,0.41,0.66,0.4,0.22,0.53,0.751,0.39,0.549
0.61,0.61,1.0,1.0,0.93,0.93,0.35,0.35,0.12,0.12,0.36,0.37,0.1,0.12,0.5,0.46,0.64,0.81,0.45,0.62,0.65,0.45,0.45,0.62,0.42,0.63,0.41,0.2,0.52,0.746,0.388,0.572
0.61,0.61,1.0,1.0,0.94,0.94,0.34,0.34,0.12,0.12,0.35,0.37,0.07,0.09,0.5,0.46,0.64,0.81,0.45,0.62,0.65,0.45,0.45,0.6,0.43,0.61,0.42,0.13,0.51,0.754,0.388,0.595
0.62,0.62,1.0,1.0,0.93,0.93,0.58,0.58,0.07,0.07,0.35,0.38,0.07,0.09,0.5,0.46,0.67,0.81,0.43,0.66,0.69,0.43,0.43,0.6,0.43,0.61,0.42,0.11,0.52,0.754,0.4,0.604
0.61,0.61,1.0,1.0,0.94,0.94,0.32,0.32,0.13,0.13,0.33,0.4,0.07,0.09,0.5,0.43,0.72,0.78,0.43,0.71,0.73,0.43,0.43,0.6,0.43,0.61,0.42,0.08,0.53,0.742,0.417,0.598
0.6,0.6,1.0,1.0,0.94,0.94,0.69,0.69,0.12,0.12,0.33,0.4,0.0,0.0,0.75,0.27,0.95,0.67,0.28,0.95,0.95,0.28,0.28,0.31,0.92,0.31,0.92,0.03,0.6,0.719,0.432,0.576
0.61,0.61,1.0,1.0,0.94,0.94,0.5,0.5,0.16,0.16,0.35,0.38,0.0,0.0,0.75,0.26,0.95,0.65,0.27,0.95,0.95,0.27,0.27,0.31,0.92,0.31,0.92,0.03,0.65,0.699,0.435,0.559
0.62,0.62,1.0,1.0,0.93,0.93,0.77,0.77,0.19,0.19,0.34,0.38,0.0,0.0,0.5,0.26,0.92,0.66,0.27,0.92,0.92,0.27,0.27,0.31,0.92,0.31,0.92,0.03,0.62,0.688,0.443,0.555
0.62,0.62,1.0,1.0,0.92,0.92,0.61,0.59,0.2,0.2,0.35,0.38,0.0,0.0,0.5,0.28,0.89,0.67,0.29,0.89,0.89,0.29,0.29,0.31,0.92,0.31,0.92,0.03,0.62,0.696,0.445,0.547
0.61,0.61,1.0,1.0,0.94,0.94,0.3,0.3,0.29,0.29,0.35,0.38,0.0,0.0,0.5,0.28,0.9,0.67,0.3,0.89,0.9,0.3,0.3,0.32,0.89,0.32,0.89,0.02,0.58,0.701,0.433,0.55
0.63,0.63,1.0,1.0,0.92,0.92,0.89,0.89,0.26,0.26,0.34,0.38,0.0,0.0,0.5,0.32,0.61,0.7,0.48,0.6,0.62,0.48,0.48,0.54,0.47,0.54,0.47,0.03,0.89,0.728,0.427,0.544
0.59,0.59,1.0,1.0,0.95,0.95,0.25,0.25,0.29,0.29,0.33,0.39,0.0,0.0,0.5,0.32,0.46,0.7,0.56,0.45,0.48,0.56,0.56,0.55,0.45,0.55,0.45,0.09,1.0,0.746,0.43,0.545
0.59,0.59,1.0,1.0,0.95,0.95,0.16,0.16,0.32,0.32,0.33,0.4,0.0,0.0,0.5,0.3,0.53,0.69,0.56,0.51,0.54,0.56,0.56,0.53,0.49,0.55,0.45,0.36,1.0,0.781,0.438,0.534
0.59,0.59,1.0,1.0,0.95,0.95,0.2,0.19,0.3,0.3,0.33,0.39,0.15,0.21,0.5,0.3,0.56,0.68,0.56,0.54,0.57,0.56,0.56,0.65,0.41,0.69,0.39,0.5,0.5,0.834,0.447,0.528
0.59,0.59,1.0,1.0,0.95,0.95,0.19,0.19,0.29,0.29,0.34,0.38,0.0,0.0,0.5,0.29,0.56,0.68,0.56,0.55,0.57,0.56,0.56,0.45,0.65,0.48,0.59,0.25,1.0,0.867,0.443,0.518
0.6,0.6,1.0,1.0,0.95,0.95,0.21,0.21,0.28,0.28,0.34,0.38,0.0,0.0,0.5,0.29,0.62,0.68,0.55,0.62,0.63,0.55,0.55,0.43,0.68,0.45,0.64,0.1,1.0,0.89,0.448,0.514
0.62,0.62,1.0,1.0,0.93,0.93,0.29,0.29,0.26,0.26,0.35,0.37,0.0,0.0,0.5,0.29,0.82,0.68,0.41,0.83,0.82,0.41,0.41,0.39,0.76,0.41,0.73,0.06,0.9,0.911,0.457,0.515
0.62,0.62,1.0,1.0,0.93,0.93,0.4,0.4,0.25,0.25,0.35,0.37,0.0,0.0,0.5,0.29,0.89,0.68,0.34,0.89,0.89,0.34,0.34,0.37,0.8,0.38,0.79,0.05,0.81,0.929,0.465,0.517
0.65,0.65,1.0,1.0,0.9,0.9,0.87,0.87,0.2,0.2,0.35,0.38,0.0,0.0,0.5,0.29,0.83,0.68,0.35,0.83,0.83,0.35,0.35,0.47,0.61,0.48,0.59,0.04,0.79,0.935,0.472,0.517
0.61,0.61,1.0,1.0,0.93,0.93,0.4,0.4,0.23,0.23,0.35,0.37,0.0,0.0,0.5,0.29,0.87,0.68,0.35,0.87,0.87,0.35,0.35,0.42,0.7,0.43,0.67,0.04,0.75,0.931,0.48,0.512
0.61,0.61,1.0,1.0,0.94,0.94,0.24,0.24,0.27,0.27,0.35,0.38,0.0,0.0,0.5,0.29,0.85,0.68,0.38,0.86,0.85,0.38,0.38,0.44,0.66,0.46,0.63,0.03,0.74,0.908,0.493,0.503
0.61,0.61,1.0,1.0,0.94,0.94,0.21,0.21,0.28,0.28,0.35,0.38,0.0,0.0,0.5,0.29,0.84,0.68,0.39,0.85,0.84,0.39,0.39,0.44,0.67,0.45,0.64,0.03,0.71,0.874,0.515,0.488
0.6,0.6,1.0,1.0,0.94,0.94,0.22,0.22,0.28,0.28,0.36,0.37,0.0,0.0,0.5,0.29,0.79,0.68,0.46,0.79,0.78,0.46,0.46,0.48,0.58,0.5,0.55,0.03,0.72,0.829,0.517,0.498
0.59,0.59,1.0,1.0,0.95,0.95,0.16,0.16,0.34,0.34,0.36,0.36,0.09,0.13,0.5,0.29,0.65,0.68,0.56,0.65,0.65,0.56,0.56,0.61,0.42,0.64,0.41,0.04,0.92,0.797,0.528,0.5
0.59,0.59,1.0,1.0,0.95,0.95,0.16,0.16,0.44,0.44,0.34,0.39,0.04,0.09,0.5,0.3,0.56,0.69,0.56,0.55,0.56,0.56,0.56,0.58,0.44,0.61,0.42,0.08,1.0,0.773,0.528,0.505
0.58,0.58,1.0,1.0,0.96,0.96,0.26,0.25,0.31,0.31,0.37,0.36,0.12,0.18,0.5,0.31,0.43,0.69,0.56,0.42,0.44,0.56,0.56,0.63,0.42,0.67,0.4,0.15,1.0,0.752,0.527,0.503
0.58,0.58,1.0,1.0,0.96,0.96,0.55,0.55,0.21,0.21,0.37,0.36,0.09,0.15,0.5,0.3,0.41,0.69,0.56,0.4,0.42,0.56,0.56,0.61,0.42,0.65,0.41,0.19,1.0,0.741,0.522,0.5
0.59,0.59,1.0,1.0,0.96,0.96,0.16,0.16,0.28,0.28,0.36,0.37,0.0,0.0,0.5,0.3,0.46,0.69,0.56,0.46,0.47,0.56,0.56,0.46,0.62,0.48,0.58,0.19,0.99,0.712,0.513,0.51
0.59,0.59,1.0,1.0,0.95,0.95,0.16,0.16,0.29,0.29,0.36,0.36,0.0,0.0,0.5,0.3,0.47,0.69,0.56,0.47,0.48,0.56,0.56,0.44,0.66,0.45,0.64,0.19,0.96,0.724,0.505,0.505
0.59,0.59,1.0,1.0,0.95,0.95,0.31,0.31,0.27,0.27,0.37,0.35,0.0,0.0,0.5,0.3,0.48,0.69,0.56,0.48,0.49,0.56,0.56,0.45,0.65,0.46,0.63,0.19,0.87,0.745,0.498,0.507
0.59,0.59,1.0,1.0,0.95,0.95,0.34,0.34,0.25,0.25,0.37,0.35,0.0,0.0,0.5,0.3,0.56,0.69,0.55,0.55,0.57,0.55,0.55,0.43,0.68,0.44,0.67,0.2,0.99,0.766,0.497,0.508
0.59,0.59,1.0,1.0,0.95,0.95,0.16,0.16,0.32,0.32,0.37,0.35,0.0,0.0,0.5,0.31,0.5,0.69,0.56,0.5,0.5,0.56,0.56,0.42,0.7,0.43,0.69,0.15,0.77,0.781,0.495,0.51
0.59,0.59,1.0,1.0,0.95,0.95,0.16,0.16,0.43,0.43,0.2,0.53,0.0,0.0,0.5,0.31,0.59,0.69,0.56,0.59,0.59,0.56,0.56,0.38,0.79,0.39,0.76,0.14,1.0,0.781,0.505,0.507
0.6,0.6,1.0,1.0,0.94,0.94,0.16,0.16,0.45,0.45,0.06,0.67,0.0,0.0,0.5,0.31,0.74,0.69,0.53,0.75,0.74,0.53,0.53,0.32,0.89,0.33,0.87,0.07,1.0,0.791,0.507,0.507
0.61,0.61,1.0,1.0,0.94,0.94,0.16,0.16,0.46,0.46,0.03,0.71,0.0,0.0,0.5,0.3,0.87,0.69,0.39,0.87,0.87,0.39,0.39,0.31,0.91,0.31,0.91,0.05,0.78,0.788,0.507,0.506
0.6,0.6,1.0,1.0,0.94,0.94,0.16,0.16,0.54,0.54,0.0,0.78,0.0,0.0,0.5,0.29,0.9,0.68,0.33,0.89,0.9,0.33,0.33,0.33,0.88,0.32,0.9,0.04,0.66,0.784,0.508,0.512
0.6,0.6,1.0,1.0,0.95,0.95,0.16,0.16,0.56,0.56,0.0,0.75,0.0,0.0,0.75,0.29,0.91,0.68,0.32,0.91,0.91,0.32,0.32,0.31,0.92,0.31,0.92,0.03,0.58,0.784,0.52,0.507
0.6,0.6,1.0,1.0,0.95,0.95,0.16,0.16,0.57,0.57,0.01,0.73,0.0,0.0,0.75,0.29,0.9,0.68,0.35,0.9,0.9,0.35,0.35,0.31,0.92,0.31,0.92,0.03,0.62,0.785,0.535,0.506
0.59,0.59,1.0,1.0,0.95,0.95,0.16,0.16,0.39,0.39,0.15,0.58,0.0,0.0,0.75,0.28,0.91,0.68,0.34,0.9,0.91,0.34,0.34,0.33,0.87,0.33,0.87,0.03,0.57,0.782,0.548,0.506
0.59,0.59,1.0,1.0,0.95,0.95,0.38,0.38,0.24,0.24,0.37,0.36,0.0,0.0,0.5,0.29,0.85,0.68,0.36,0.85,0.86,0.36,0.36,0.37,0.79,0.37,0.81,0.03,0.52,0.789,0.563,0.505
0.59,0.59,1.0,1.0,0.96,0.96,0.16,0.16,0.33,0.33,0.36,0.36,0.0,0.0,0.5,0.3,0.63,0.69,0.56,0.62,0.64,0.56,0.56,0.45,0.65,0.45,0.64,0.06,0.58,0.786,0.567,0.509
0.58,0.58,1.0,1.0,0.96,0.96,0.16,0.16,0.33,0.33,0.36,0.37,0.0,0.0,0.5,0.31,0.54,0.69,0.56,0.53,0.55,0.56,0.56,0.41,0.72,0.42,0.7,0.1,0.96,0.786,0.577,0.508
0.58,0.58,1.0,1.0,0.96,0.96,0.64,0.63,0.21,0.21,0.35,0.38,0.0,0.0,0.5,0.32,0.56,0.7,0.54,0.54,0.57,0.54,0.54,0.43,0.68,0.45,0.64,0.16,1.0,0.796,0.592,0.51
0.58,0.58,1.0,1.0,0.96,0.96,0.28,0.28,0.28,0.28,0.36,0.37,0.0,0.0,0.5,0.32,0.59,0.7,0.55,0.58,0.59,0.55,0.55,0.4,0.74,0.41,0.71,0.12,0.79,0.803,0.595,0.511
0.58,0.58,1.0,1.0,0.96,0.96,0.52,0.51,0.26,0.26,0.38,0.34,0.0,0.0,0.5,0.3,0.93,0.69,0.3,0.93,0.93,0.3,0.3,0.31,0.92,0.31,0.92,0.04,0.49,0.798,0.6,0.507
0.59,0.59,1.0,1.0,0.95,0.95,0.73,0.73,0.23,0.23,0.37,0.35,0.0,0.0,0.5,0.3,0.91,0.69,0.29,0.91,0.9,0.29,0.29,0.31,0.92,0.31,0.92,0.03,0.51,0.795,0.607,0.513
0.57,0.57,1.0,1.0,0.97,0.97,0.31,0.31,0.29,0.29,0.36,0.36,0.0,0.0,0.5,0.31,0.94,0.69,0.28,0.94,0.94,0.28,0.28,0.31,0.92,0.31,0.92,0.03,0.52,0.793,0.605,0.516
0.57,0.57,1.0,1.0,0.97,0.97,0.25,0.24,0.32,0.32,0.36,0.36,0.0,0.0,0.75,0.3,0.94,0.69,0.28,0.94,0.94,0.28,0.28,0.31,0.92,0.31,0.92,0.03,0.52,0.791,0.6,0.515
0.56,0.56,1.0,1.0,0.97,0.97,0.3,0.29,0.31,0.31,0.35,0.37,0.0,0.0,0.75,0.3,0.94,0.69,0.28,0.94,0.94,0.28,0.28,0.31,0.92,0.31,0.92,0.02,0.53,0.784,0.583,0.518
0.61,0.61,1.0,1.0,0.94,0.94,0.92,0.92,0.3,0.3,0.34,0.38,0.0,0.0,0.5,0.3,0.94,0.69,0.27,0.93,0.94,0.27,0.27,0.31,0.92,0.31,0.92,0.02,0.61,0.771,0.583,0.505
0.61,0.61,1.0,1.0,0.94,0.94,0.93,0.93,0.31,0.31,0.29,0.44,0.0,0.0,0.5,0.32,0.93,0.7,0.27,0.92,0.93,0.27,0.27,0.31,0.92,0.31,0.92,0.02,0.66,0.755,0.572,0.513
0.61,0.61,1.0,1.0,0.93,0.93,0.93,0.93,0.31,0.31,0.24,0.49,0.0,0.0,0.5,0.32,0.92,0.7,0.27,0.91,0.93,0.27,0.27,0.31,0.92,0.31,0.92,0.02,0.71,0.756,0.563,0.513
0.62,0.62,1.0,1.0,0.92,0.92,0.93,0.93,0.31,0.31,0.22,0.51,0.0,0.0,0.5,0.32,0.92,0.7,0.27,0.91,0.93,0.27,0.27,0.31,0.92,0.31,0.92,0.02,0.78,0.762,0.552,0.514
0.63,0.63,1.0,1.0,0.92,0.92,0.92,0.92,0.32,0.32,0.22,0.51,0.0,0.0,0.5,0.32,0.92,0.7,0.27,0.91,0.93,0.27,0.27,0.31,0.92,0.31,0.92,0.02,0.8,0.761,0.543,0.515
0.57,0.57,1.0,1.0,0.97,0.97,0.21,0.21,0.31,0.31,0.26,0.47,0.0,0.0,0.75,0.3,0.95,0.69,0.28,0.95,0.95,0.28,0.28,0.31,0.92,0.31,0.92,0.02,0.79,0.759,0.538,0.515
0.57,0.57,1.0,1.0,0.97,0.97,0.16,0.16,0.35,0.35,0.35,0.37,0.0,0.0,0.75,0.29,0.95,0.68,0.28,0.95,0.96,0.28,0.28,0.31,0.92,0.31,0.92,0.02,0.64,0.759,0.54,0.515
0.57,0.57,1.0,1.0,0.97,0.97,0.16,0.16,0.35,0.35,0.41,0.31,0.0,0.0,0.75,0.29,0.95,0.68,0.28,0.95,0.95,0.28,0.28,0.31,0.92,0.31,0.92,0.02,0.53,0.761,0.537,0.513
0.59,0.59,1.0,1.0,0.95,0.95,0.84,0.83,0.25,0.25,0.44,0.29,0.0,0.0,0.5,0.28,0.93,0.68,0.28,0.93,0.93,0.28,0.28,0.31,0.92,0.31,0.92,0.02,0.47,0.747,0.535,0.503
0.59,0.59,1.0,1.0,0.95,0.95,0.44,0.43,0.25,0.25,0.43,0.29,0.0,0.0,0.75,0.29,0.92,0.68,0.28,0.92,0.92,0.28,0.28,0.31,0.92,0.31,0.92,0.02,0.44,0.744,0.54,0.495
0.58,0.58,1.0,1.0,0.96,0.96,0.22,0.22,0.32,0.32,0.39,0.34,0.0,0.0,0.75,0.29,0.94,0.68,0.28,0.94,0.94,0.28,0.28,0.31,0.92,0.31,0.92,0.02,0.43,0.747,0.54,0.505
0.58,0.58,1.0,1.0,0.96,0.96,0.16,0.16,0.33,0.33,0.33,0.4,0.0,0.0,0.75,0.29,0.94,0.68,0.28,0.94,0.94,0.28,0.28,0.31,0.92,0.31,0.92,0.02,0.53,0.746,0.545,0.501
0.58,0.58,1.0,1.0,0.96,0.96,0.16,0.16,0.32,0.32,0.29,0.43,0.0,0.0,0.75,0.28,0.94,0.67,0.28,0.94,0.95,0.28,0.28,0.31,0.92,0.31,0.92,0.02,0.63,0.742,0.545,0.509
0.64,0.64,1.0,1.0,0.91,0.91,0.96,0.96,0.28,0.28,0.32,0.4,0.0,0.0,0.5,0.29,0.9,0.68,0.28,0.89,0.9,0.28,0.28,0.31,0.92,0.31,0.92,0.02,0.65,0.731,0.552,0.513
0.63,0.63,1.0,1.0,0.92,0.92,0.94,0.94,0.28,0.28,0.33,0.39,0.0,0.0,0.5,0.3,0.9,0.69,0.28,0.89,0.9,0.28,0.28,0.31,0.92,0.31,0.92,0.02,0.64,0.728,0.553,0.501
0.62,0.62,1.0,1.0,0.93,0.93,0.9,0.9,0.28,0.28,0.34,0.38,0.0,0.0,0.5,0.3,0.91,0.69,0.28,0.9,0.91,0.28,0.28,0.31,0.92,0.31,0.92,0.02,0.64,0.726,0.555,0.5
0.61,0.61,1.0,1.0,0.93,0.93,0.77,0.75,0.24,0.24,0.35,0.38,0.0,0.0,0.75,0.3,0.91,0.69,0.29,0.91,0.91,0.29,0.29,0.31,0.92,0.31,0.92,0.03,0.63,0.724,0.553,0.488
0.59,0.59,1.0,1.0,0.95,0.95,0.47,0.47,0.24,0.24,0.36,0.37,0.0,0.0,0.75,0.3,0.92,0.69,0.29,0.92,0.92,0.29,0.29,0.31,0.92,0.31,0.92,0.03,0.61,0.717,0.552,0.48
0.58,0.58,1.0,1.0,0.96,0.96,0.47,0.47,0.26,0.26,0.36,0.37,0.0,0.0,0.75,0.3,0.93,0.69,0.29,0.93,0.93,0.29,0.29,0.31,0.92,0.31,0.92,0.03,0.56,0.707,0.55,0.434
0.58,0.58,1.0,1.0,0.96,0.96,0.21,0.21,0.35,0.35,0.11,0.63,0.0,0.0,0.5,0.3,0.93,0.69,0.3,0.93,0.93,0.3,0.3,0.31,0.92,0.31,0.92,0.03,0.55,0.71,0.555,0.383
0.59,0.59,1.0,1.0,0.95,0.95,0.16,0.16,0.5,0.5,0.0,0.76,0.0,0.0,0.5,0.33,0.56,0.71,0.56,0.56,0.56,0.56,0.56,0.46,0.62,0.47,0.61,0.05,1.0,0.718,0.573,0.334
0.6,0.6,1.0,1.0,0.94,0.94,0.16,0.16,0.53,0.53,0.0,0.76,0.0,0.03,0.5,0.33,0.43,0.71,0.56,0.43,0.43,0.56,0.56,0.54,0.47,0.57,0.44,0.1,1.0,0.719,0.577,0.323
0.6,0.6,1.0,1.0,0.94,0.94,0.16,0.16,0.55,0.55,0.0,0.75,0.15,0.22,0.5,0.32,0.45,0.71,0.56,0.45,0.44,0.56,0.56,0.65,0.41,0.7,0.38,0.19,1.0,0.724,0.558,0.37
0.6,0.6,1.0,1.0,0.94,0.94,0.16,0.16,0.54,0.54,0.05,0.68,0.1,0.18,0.5,0.32,0.49,0.7,0.56,0.5,0.49,0.56,0.56,0.62,0.42,0.67,0.4,0.21,1.0,0.724,0.535,0.453
0.6,0.6,1.0,1.0,0.94,0.94,0.16,0.16,0.52,0.52,0.08,0.65,0.02,0.07,0.5,0.32,0.59,0.7,0.56,0.6,0.58,0.56,0.56,0.56,0.45,0.6,0.43,0.09,1.0,0.728,0.508,0.527
0.6,0.6,1.0,1.0,0.95,0.95,0.46,0.46,0.23,0.23,0.38,0.34,0.07,0.1,0.5,0.31,0.58,0.7,0.54,0.58,0.58,0.54,0.54,0.6,0.43,0.62,0.42,0.07,1.0,0.732,0.5,0.568
0.59,0.59,1.0,1.0,0.95,0.95,0.16,0.16,0.31,0.31,0.37,0.36,0.02,0.06,0.5,0.31,0.47,0.69,0.56,0.47,0.47,0.56,0.56,0.56,0.44,0.59,0.43,0.09,0.99,0.74,0.497,0.58
0.59,0.59,1.0,1.0,0.96,0.96,0.16,0.16,0.32,0.32,0.36,0.36,0.0,0.0,0.5,0.31,0.52,0.69,0.56,0.51,0.52,0.56,0.56,0.44,0.67,0.46,0.63,0.16,1.0,0.733,0.5,0.541
0.58,0.58,1.0,1.0,0.96,0.96,0.16,0.16,0.33,0.33,0.36,0.36,0.0,0.0,0.5,0.3,0.66,0.69,0.55,0.65,0.66,0.55,0.55,0.34,0.85,0.36,0.82,0.2,1.0,0.736,0.51,0.484
0.59,0.59,1.0,1.0,0.95,0.95,0.16,0.16,0.33,0.33,0.36,0.36,0.0,0.0,0.5,0.31,0.88,0.69,0.42,0.88,0.88,0.42,0.42,0.31,0.92,0.31,0.92,0.1,1.0,0.74,0.52,0.445
0.59,0.59,1.0,1.0,0.95,0.95,0.16,0.16,0.32,0.32,0.36,0.36,0.0,0.0,0.5,0.32,0.91,0.7,0.38,0.91,0.91,0.38,0.38,0.31,0.92,0.31,0.92,0.07,0.88,0.739,0.522,0.447
0.58,0.58,1.0,1.0,0.96,0.96,0.16,0.16,0.32,0.32,0.36,0.36,0.0,0.0,0.5,0.33,0.78,0.71,0.51,0.77,0.79,0.51,0.51,0.31,0.92,0.31,0.92,0.15,1.0,0.748,0.522,0.473
0.58,0.58,1.0,1.0,0.96,0.96,0.16,0.16,0.33,0.33,0.35,0.38,0.0,0.0,0.5,0.32,0.75,0.7,0.52,0.74,0.76,0.52,0.52,0.31,0.92,0.31,0.92,0.22,1.0,0.756,0.523,0.482
0.58,0.58,1.0,1.0,0.96,0.96,0.16,0.16,0.34,0.34,0.34,0.38,0.0,0.0,0.75,0.31,0.79,0.7,0.52,0.77,0.8,0.52,0.52,0.31,0.92,0.31,0.92,0.18,1.0,0.75,0.523,0.487
0.58,0.58,1.0,1.0,0.96,0.96,0.16,0.16,0.38,0.38,0.34,0.38,0.0,0.0,0.5,0.32,0.91,0.71,0.41,0.9,0.91,0.41,0.41,0.31,0.92,0.31,0.92,0.07,1.0,0.752,0.528,0.484
0.57,0.57,1.0,1.0,0.97,0.97,0.16,0.16,0.39,0.39,0.34,0.39,0.31,0.27,0.75,0.33,0.67,0.71,0.56,0.66,0.68,0.56,0.56,0.76,0.36,0.73,0.37,0.07,0.69,0.756,0.532,0.487
0.56,0.56,1.0,1.0,0.98,0.98,0.16,0.16,0.38,0.38,0.34,0.39,0.24,0.21,0.75,0.33,0.69,0.71,0.55,0.68,0.7,0.55,0.55,0.71,0.38,0.69,0.39,0.07,0.6,0.754,0.538,0.492
0.55,0.55,1.0,1.0,0.98,0.98,0.16,0.16,0.39,0.39,0.34,0.39,0.22,0.16,0.75,0.33,0.78,0.71,0.46,0.76,0.79,0.46,0.46,0.7,0.38,0.66,0.4,0.06,0.6,0.752,0.535,0.505
0.12,0.12,0.05,0.05,1.0,1.0,0.16,0.16,0.39,0.39,0.33,0.39,0.22,0.15,0.75,0.33,0.78,0.71,0.48,0.76,0.79,0.48,0.48,0.7,0.38,0.65,0.41,0.06,0.56,0.774,0.532,0.518
0.1,0.1,0.0,0.0,1.0,1.0,0.16,0.16,0.39,0.39,0.33,0.39,0.21,0.13,1.0,0.33,0.8,0.71,0.46,0.79,0.82,0.46,0.46,0.69,0.39,0.64,0.41,0.06,0.56,0.798,0.518,0.535
0.25,0.25,0.36,0.36,1.0,1.0,0.16,0.16,0.38,0.38,0.33,0.4,0.2,0.13,1.0,0.3,0.9,0.69,0.39,0.89,0.91,0.39,0.39,0.68,0.39,0.64,0.41,0.05,0.57,0.81,0.512,0.545
0.38,0.38,0.64,0.64,1.0,1.0,0.16,0.16,0.36,0.36,0.33,0.39,0.15,0.12,1.0,0.25,0.96,0.65,0.29,0.96,0.96,0.29,0.29,0.65,0.41,0.63,0.41,0.03,0.57,0.816,0.515,0.538
0.56,0.56,1.0,1.0,0.98,0.98,0.26,0.26,0.24,0.24,0.34,0.39,0.12,0.12,1.0,0.26,0.95,0.66,0.29,0.95,0.96,0.29,0.29,0.63,0.42,0.63,0.41,0.02,0.57,0.806,0.512,0.534
0.41,0.41,0.72,0.72,1.0,1.0,0.16,0.16,0.33,0.33,0.33,0.39,0.1,0.12,1.0,0.24,0.97,0.64,0.27,0.97,0.97,0.27,0.27,0.62,0.42,0.63,0.42,0.02,0.58,0.796,0.507,0.521
0.41,0.41,0.72,0.72,1.0,1.0,0.16,0.16,0.33,0.33,0.33,0.39,0.09,0.1,1.0,0.23,0.98,0.64,0.27,0.98,0.98,0.27,0.27,0.61,0.42,0.62,0.42,0.02,0.6,0.791,0.512,0.505
0.4,0.4,0.69,0.69,1.0,1.0,0.16,0.16,0.31,0.31,0.33,0.39,0.07,0.09,1.0,0.23,0.98,0.63,0.27,0.98,0.98,0.27,0.27,0.6,0.43,0.61,0.42,0.02,0.6,0.781,0.515,0.504
0.43,0.43,0.76,0.76,1.0,1.0,0.16,0.16,0.29,0.29,0.33,0.39,0.07,0.09,1.0,0.23,0.98,0.63,0.26,0.98,0.98,0.26,0.26,0.6,0.43,0.61,0.42,0.02,0.62,0.774,0.508,0.5
0.44,0.44,0.78,0.78,1.0,1.0,0.16,0.16,0.29,0.29,0.33,0.39,0.09,0.09,1.0,0.22,0.98,0.63,0.26,0.98,0.98,0.26,0.26,0.61,0.42,0.61,0.42,0.01,0.63,0.766,0.49,0.5
0.44,0.44,0.78,0.78,1.0,1.0,0.16,0.16,0.28,0.28,0.33,0.39,0.1,0.1,1.0,0.22,0.99,0.63,0.26,0.99,0.99,0.26,0.26,0.62,0.42,0.62,0.42,0.01,0.64,0.769,0.487,0.499
