0.44,0.44,0.79,0.79,1.0,1.0,0.16,0.16,0.45,0.45,0.32,0.41,0.0,0.0,1.0,0.23,0.98,0.63,0.26,0.98,0.99,0.26,0.26,0.54,0.46,0.52,0.5,0.02,0.61,0.566,0.505,0.493
0.43,0.43,0.77,0.77,1.0,1.0,0.16,0.16,0.44,0.44,0.33,0.4,0.0,0.0,1.0,0.22,0.99,0.63,0.26,0.99,0.99,0.26,0.26,0.54,0.46,0.55,0.46,0.02,0.61,0.576,0.508,0.493
0.43,0.43,0.76,0.76,1.0,1.0,0.16,0.16,0.45,0.45,0.32,0.4,0.0,0.0,1.0,0.22,0.99,0.63,0.26,0.99,0.99,0.26,0.26,0.55,0.46,0.54,0.47,0.02,0.61,0.588,0.503,0.456
0.42,0.42,0.75,0.75,1.0,1.0,0.16,0.16,0.51,0.51,0.3,0.42,0.0,0.0,1.0,0.23,0.98,0.63,0.26,0.98,0.99,0.26,0.26,0.55,0.45,0.55,0.45,0.02,0.6,0.591,0.502,0.435
0.43,0.43,0.76,0.76,1.0,1.0,0.16,0.16,0.53,0.53,0.29,0.43,0.02,0.02,1.0,0.23,0.98,0.63,0.26,0.98,0.99,0.26,0.26,0.56,0.45,0.56,0.45,0.02,0.59,0.594,0.51,0.445
0.43,0.43,0.77,0.77,1.0,1.0,0.16,0.16,0.52,0.52,0.28,0.44,0.0,0.0,1.0,0.23,0.99,0.63,0.26,0.99,0.99,0.26,0.26,0.55,0.45,0.55,0.45,0.02,0.59,0.594,0.51,0.441
0.43,0.43,0.76,0.76,1.0,1.0,0.16,0.16,0.52,0.52,0.29,0.44,0.0,0.0,1.0,0.23,0.98,0.63,0.26,0.98,0.98,0.26,0.26,0.54,0.47,0.55,0.46,0.02,0.59,0.591,0.508,0.448
0.43,0.43,0.76,0.76,1.0,1.0,0.16,0.16,0.52,0.52,0.29,0.43,0.0,0.0,1.0,0.23,0.98,0.64,0.26,0.98,0.98,0.26,0.26,0.55,0.46,0.55,0.45,0.02,0.58,0.596,0.515,0.458
0.43,0.43,0.76,0.76,1.0,1.0,0.16,0.16,0.52,0.52,0.29,0.44,0.0,0.03,1.0,0.23,0.98,0.64,0.26,0.98,0.98,0.26,0.26,0.55,0.45,0.57,0.44,0.02,0.57,0.601,0.525,0.462
0.43,0.43,0.76,0.76,1.0,1.0,0.16,0.16,0.51,0.51,0.28,0.45,0.02,0.03,1.0,0.23,0.98,0.64,0.26,0.98,0.98,0.26,0.26,0.56,0.45,0.57,0.44,0.02,0.57,0.596,0.528,0.458
0.45,0.45,0.81,0.81,1.0,1.0,0.16,0.16,0.38,0.38,0.32,0.4,0.06,0.06,1.0,0.23,0.98,0.63,0.26,0.98,0.98,0.26,0.26,0.59,0.43,0.59,0.43,0.02,0.56,0.596,0.528,0.453
0.45,0.45,0.82,0.82,1.0,1.0,0.16,0.16,0.38,0.38,0.32,0.4,0.06,0.04,1.0,0.23,0.98,0.63,0.26,0.98,0.98,0.26,0.26,0.59,0.43,0.58,0.44,0.02,0.56,0.599,0.523,0.445
0.44,0.44,0.78,0.78,1.0,1.0,0.41,0.41,0.26,0.26,0.34,0.39,0.06,0.06,1.0,0.24,0.96,0.64,0.28,0.96,0.96,0.28,0.28,0.59,0.43,0.59,0.43,0.02,0.56,0.606,0.525,0.446
0.45,0.45,0.82,0.82,1.0,1.0,0.16,0.16,0.37,0.37,0.34,0.38,0.06,0.07,1.0,0.21,0.97,0.62,0.26,0.97,0.97,0.26,0.26,0.59,0.43,0.6,0.43,0.0,0.54,0.609,0.525,0.446
0.46,0.46,0.83,0.83,1.0,1.0,0.16,0.16,0.37,0.37,0.34,0.38,0.06,0.06,1.0,0.21,0.98,0.62,0.26,0.98,0.98,0.26,0.26,0.59,0.43,0.59,0.43,0.0,0.54,0.612,0.525,0.46
0.45,0.45,0.82,0.82,1.0,1.0,0.84,0.84,0.27,0.27,0.34,0.38,0.06,0.06,1.0,0.24,0.96,0.64,0.28,0.96,0.96,0.28,0.28,0.59,0.43,0.59,0.43,0.01,0.54,0.627,0.532,0.468
0.44,0.44,0.8,0.8,1.0,1.0,0.2,0.2,0.29,0.29,0.34,0.38,0.07,0.09,1.0,0.25,0.95,0.65,0.27,0.95,0.95,0.27,0.27,0.6,0.43,0.61,0.42,0.02,0.53,0.623,0.528,0.482
0.44,0.44,0.78,0.78,1.0,1.0,0.16,0.16,0.36,0.36,0.34,0.38,0.04,0.03,1.0,0.23,0.97,0.64,0.26,0.97,0.98,0.26,0.26,0.58,0.44,0.57,0.44,0.02,0.54,0.636,0.508,0.496
0.45,0.45,0.8,0.8,1.0,1.0,0.16,0.16,0.35,0.35,0.34,0.38,0.04,0.07,1.0,0.23,0.98,0.63,0.26,0.98,0.98,0.26,0.26,0.58,0.44,0.6,0.43,0.01,0.56,0.646,0.492,0.507
0.46,0.46,0.84,0.84,1.0,1.0,0.16,0.16,0.35,0.35,0.34,0.38,0.04,0.04,1.0,0.22,0.98,0.63,0.26,0.98,0.98,0.26,0.26,0.58,0.44,0.58,0.44,0.01,0.61,0.698,0.478,0.513
0.45,0.45,0.8,0.8,1.0,1.0,0.16,0.16,0.34,0.34,0.34,0.38,0.03,0.04,1.0,0.22,0.98,0.63,0.26,0.98,0.98,0.26,0.26,0.57,0.44,0.58,0.44,0.01,0.6,0.724,0.477,0.506
0.46,0.46,0.84,0.84,1.0,1.0,0.73,0.72,0.16,0.16,0.35,0.38,0.06,0.06,1.0,0.22,0.98,0.63,0.27,0.98,0.98,0.27,0.27,0.59,0.43,0.59,0.43,0.01,0.59,0.709,0.493,0.495
0.46,0.46,0.84,0.84,1.0,1.0,0.16,0.16,0.3,0.3,0.36,0.37,0.06,0.06,1.0,0.23,0.98,0.63,0.26,0.98,0.98,0.26,0.26,0.59,0.43,0.59,0.43,0.02,0.59,0.727,0.522,0.465
0.46,0.46,0.83,0.83,1.0,1.0,0.16,0.16,0.32,0.32,0.36,0.36,0.06,0.06,1.0,0.22,0.98,0.63,0.26,0.98,0.98,0.26,0.26,0.59,0.43,0.59,0.43,0.01,0.56,0.746,0.513,0.457
0.46,0.46,0.83,0.83,1.0,1.0,0.16,0.16,0.34,0.34,0.36,0.37,0.04,0.06,1.0,0.22,0.98,0.63,0.26,0.98,0.98,0.26,0.26,0.58,0.43,0.59,0.43,0.01,0.56,0.685,0.537,0.443
0.4,0.4,0.71,0.71,1.0,1.0,0.16,0.16,0.35,0.35,0.36,0.36,0.06,0.04,1.0,0.22,0.98,0.63,0.26,0.98,0.98,0.26,0.26,0.59,0.43,0.58,0.44,0.01,0.56,0.672,0.527,0.464
0.39,0.39,0.67,0.67,1.0,1.0,0.16,0.16,0.35,0.35,0.36,0.37,0.06,0.06,1.0,0.22,0.97,0.63,0.27,0.97,0.97,0.27,0.27,0.59,0.43,0.59,0.43,0.01,0.55,0.599,0.502,0.5
0.34,0.34,0.56,0.56,1.0,1.0,0.16,0.16,0.36,0.36,0.35,0.37,0.09,0.09,1.0,0.26,0.9,0.66,0.34,0.9,0.9,0.34,0.34,0.61,0.42,0.61,0.42,0.02,0.51,0.611,0.513,0.525
0.15,0.15,0.12,0.12,1.0,1.0,0.16,0.16,0.36,0.36,0.35,0.37,0.1,0.1,0.5,0.33,0.58,0.71,0.52,0.57,0.58,0.52,0.52,0.62,0.42,0.62,0.42,0.05,0.48,0.628,0.515,0.504
0.01,0.01,0.0,0.0,1.0,1.0,0.16,0.16,0.36,0.36,0.36,0.36,0.13,0.12,0.25,0.37,0.36,0.74,0.56,0.36,0.37,0.56,0.56,0.64,0.41,0.63,0.42,0.06,0.48,0.634,0.513,0.493
0.0,0.0,0.0,0.0,1.0,1.0,0.16,0.16,0.35,0.35,0.36,0.36,0.22,0.21,0.0,0.4,0.25,0.76,0.56,0.25,0.25,0.56,0.56,0.7,0.38,0.69,0.39,0.07,0.53,0.629,0.512,0.483
0.0,0.0,0.0,0.0,1.0,1.0,0.16,0.16,0.33,0.33,0.36,0.36,0.3,0.31,0.0,0.42,0.25,0.78,0.56,0.25,0.25,0.56,0.56,0.75,0.36,0.76,0.36,0.09,0.58,0.618,0.51,0.473
0.0,0.0,0.0,0.0,1.0,1.0,0.16,0.16,0.31,0.31,0.36,0.36,0.36,0.4,0.0,0.46,0.25,0.81,0.56,0.25,0.25,0.56,0.56,0.79,0.34,0.82,0.33,0.14,0.76,0.614,0.513,0.472
0.0,0.0,0.0,0.0,1.0,1.0,0.16,0.16,0.31,0.31,0.36,0.36,0.39,0.43,0.0,0.46,0.25,0.81,0.56,0.25,0.25,0.56,0.56,0.81,0.33,0.84,0.32,0.18,0.81,0.619,0.518,0.473
0.0,0.0,0.0,0.0,1.0,1.0,0.16,0.16,0.3,0.3,0.36,0.36,0.39,0.43,0.0,0.42,0.25,0.78,0.56,0.25,0.25,0.56,0.56,0.81,0.33,0.84,0.32,0.21,0.88,0.63,0.518,0.474
0.0,0.0,0.0,0.0,1.0,1.0,0.16,0.16,0.3,0.3,0.36,0.36,0.43,0.46,0.0,0.39,0.25,0.76,0.56,0.25,0.25,0.56,0.56,0.84,0.32,0.86,0.31,0.34,0.71,0.626,0.518,0.475
0.0,0.0,0.0,0.0,1.0,1.0,0.16,0.16,0.3,0.3,0.35,0.37,0.45,0.49,0.0,0.38,0.25,0.74,0.56,0.25,0.25,0.56,0.56,0.85,0.32,0.88,0.3,0.47,0.5,0.629,0.517,0.474
0.0,0.0,0.0,0.0,1.0,1.0,0.16,0.16,0.29,0.29,0.35,0.37,0.42,0.48,0.0,0.37,0.25,0.74,0.56,0.25,0.25,0.56,0.56,0.83,0.32,0.87,0.31,0.57,0.5,0.636,0.517,0.47
0.0,0.0,0.0,0.0,1.0,1.0,0.16,0.16,0.31,0.31,0.36,0.36,0.45,0.52,0.0,0.35,0.25,0.72,0.56,0.25,0.25,0.56,0.56,0.85,0.32,0.9,0.3,0.62,0.5,0.645,0.515,0.466
0.0,0.0,0.0,0.0,1.0,1.0,0.16,0.16,0.34,0.34,0.38,0.34,0.42,0.51,0.0,0.36,0.25,0.73,0.56,0.25,0.25,0.56,0.56,0.83,0.32,0.89,0.3,0.59,0.5,0.656,0.512,0.465
0.0,0.0,0.0,0.0,1.0,1.0,0.16,0.16,0.34,0.34,0.37,0.35,0.49,0.57,0.0,0.36,0.25,0.73,0.56,0.25,0.25,0.56,0.56,0.88,0.3,0.93,0.28,0.59,0.5,0.664,0.515,0.459
0.0,0.0,0.0,0.0,1.0,1.0,0.16,0.16,0.35,0.35,0.38,0.35,0.49,0.57,0.0,0.36,0.25,0.73,0.56,0.25,0.25,0.56,0.56,0.88,0.3,0.93,0.28,0.61,0.5,0.668,0.508,0.462
0.0,0.0,0.0,0.0,1.0,1.0,0.16,0.16,0.36,0.36,0.38,0.34,0.49,0.57,0.0,0.36,0.25,0.73,0.56,0.25,0.25,0.56,0.56,0.88,0.3,0.93,0.28,0.61,0.5,0.668,0.505,0.455
0.0,0.0,0.0,0.0,1.0,1.0,0.16,0.16,0.37,0.37,0.38,0.35,0.45,0.54,0.0,0.36,0.25,0.73,0.56,0.25,0.25,0.56,0.56,0.85,0.32,0.91,0.29,0.59,0.5,0.666,0.507,0.455
0.0,0.0,0.0,0.0,1.0,1.0,0.16,0.16,0.43,0.43,0.36,0.37,0.43,0.51,0.0,0.4,0.25,0.76,0.56,0.25,0.25,0.56,0.56,0.84,0.32,0.89,0.3,0.6,0.5,0.665,0.508,0.456
0.0,0.0,0.0,0.0,1.0,1.0,0.16,0.16,0.46,0.46,0.34,0.38,0.45,0.54,0.0,0.43,0.25,0.79,0.56,0.25,0.25,0.56,0.56,0.85,0.32,0.91,0.29,0.55,0.5,0.649,0.515,0.454
0.0,0.0,0.0,0.0,1.0,1.0,0.16,0.16,0.39,0.39,0.33,0.39,0.49,0.57,0.0,0.42,0.25,0.78,0.56,0.25,0.25,0.56,0.56,0.88,0.3,0.93,0.28,0.54,0.5,0.617,0.52,0.444
0.0,0.0,0.0,0.0,1.0,1.0,0.16,0.16,0.4,0.4,0.34,0.38,0.51,0.58,0.0,0.41,0.25,0.77,0.56,0.25,0.25,0.56,0.56,0.89,0.3,0.94,0.28,0.46,0.5,0.576,0.518,0.431
0.0,0.0,0.0,0.0,1.0,1.0,0.16,0.16,0.4,0.4,0.34,0.38,0.54,0.61,0.0,0.41,0.25,0.77,0.56,0.25,0.25,0.56,0.56,0.91,0.29,0.96,0.27,0.46,0.5,0.537,0.53,0.418
0.0,0.0,0.0,0.0,1.0,1.0,0.16,0.16,0.4,0.4,0.35,0.37,0.51,0.57,0.0,0.41,0.25,0.77,0.56,0.25,0.25,0.56,0.56,0.89,0.3,0.93,0.28,0.38,0.54,0.514,0.545,0.425
0.0,0.0,0.0,0.0,1.0,1.0,0.16,0.16,0.42,0.42,0.35,0.37,0.49,0.58,0.0,0.42,0.25,0.78,0.56,0.25,0.25,0.56,0.56,0.88,0.3,0.94,0.28,0.37,0.33,0.489,0.555,0.435
0.0,0.0,0.0,0.0,1.0,1.0,0.16,0.16,0.5,0.5,0.37,0.35,0.4,0.51,0.0,0.45,0.25,0.8,0.56,0.25,0.25,0.56,0.56,0.82,0.33,0.89,0.3,0.38,0.71,0.477,0.563,0.436
0.0,0.0,0.0,0.0,1.0,1.0,0.16,0.16,0.49,0.49,0.37,0.35,0.42,0.51,0.0,0.48,0.25,0.82,0.56,0.25,0.25,0.56,0.56,0.83,0.33,0.89,0.3,0.39,0.75,0.464,0.563,0.435
0.08,0.08,0.0,0.0,1.0,1.0,0.16,0.16,0.51,0.51,0.36,0.36,0.42,0.52,0.0,0.5,0.25,0.83,0.56,0.25,0.25,0.56,0.56,0.83,0.33,0.9,0.3,0.45,0.5,0.45,0.562,0.437
0.14,0.14,0.09,0.09,1.0,1.0,0.16,0.16,0.5,0.5,0.36,0.36,0.48,0.58,0.0,0.5,0.25,0.83,0.56,0.25,0.25,0.56,0.56,0.87,0.31,0.94,0.28,0.45,0.5,0.419,0.547,0.435
0.56,0.56,1.0,1.0,0.98,0.98,0.16,0.16,0.53,0.53,0.35,0.37,0.46,0.55,0.0,0.49,0.25,0.83,0.56,0.25,0.25,0.56,0.56,0.86,0.31,0.92,0.29,0.43,0.61,0.427,0.54,0.441
0.07,0.07,0.0,0.0,1.0,1.0,0.16,0.16,0.54,0.54,0.35,0.38,0.43,0.52,0.0,0.5,0.25,0.84,0.56,0.25,0.25,0.56,0.56,0.84,0.32,0.9,0.3,0.44,0.47,0.427,0.53,0.432
0.09,0.09,0.0,0.0,1.0,1.0,0.16,0.16,0.54,0.54,0.35,0.37,0.48,0.55,0.0,0.5,0.25,0.84,0.56,0.25,0.25,0.56,0.56,0.87,0.31,0.92,0.29,0.51,0.5,0.442,0.54,0.437
0.08,0.08,0.0,0.0,1.0,1.0,0.16,0.16,0.54,0.54,0.35,0.37,0.45,0.54,0.0,0.51,0.25,0.84,0.56,0.25,0.25,0.56,0.56,0.85,0.32,0.91,0.29,0.47,0.5,0.414,0.552,0.427
0.05,0.05,0.0,0.0,1.0,1.0,0.16,0.16,0.54,0.54,0.35,0.37,0.43,0.52,0.0,0.52,0.25,0.85,0.56,0.25,0.25,0.56,0.56,0.84,0.32,0.9,0.29,0.42,0.6,0.403,0.568,0.424
0.01,0.01,0.0,0.0,1.0,1.0,0.16,0.16,0.53,0.53,0.32,0.4,0.4,0.48,0.0,0.55,0.25,0.88,0.56,0.25,0.25,0.56,0.56,0.82,0.33,0.87,0.31,0.36,0.96,0.392,0.593,0.415
0.07,0.07,0.0,0.0,1.0,1.0,0.16,0.16,0.54,0.54,0.32,0.41,0.42,0.51,0.0,0.57,0.25,0.89,0.56,0.25,0.25,0.56,0.56,0.83,0.33,0.89,0.3,0.38,0.83,0.394,0.6,0.412
0.04,0.04,0.0,0.0,1.0,1.0,0.16,0.16,0.54,0.54,0.32,0.4,0.48,0.55,0.0,0.53,0.25,0.86,0.56,0.25,0.25,0.56,0.56,0.87,0.31,0.92,0.29,0.38,0.71,0.387,0.607,0.394
0.09,0.09,0.0,0.0,1.0,1.0,0.16,0.16,0.54,0.54,0.32,0.41,0.43,0.51,0.0,0.53,0.25,0.86,0.56,0.25,0.25,0.56,0.56,0.84,0.32,0.89,0.3,0.37,0.79,0.39,0.605,0.376
0.14,0.14,0.09,0.09,1.0,1.0,0.16,0.16,0.54,0.54,0.32,0.4,0.36,0.39,0.0,0.53,0.25,0.86,0.56,0.25,0.25,0.56,0.56,0.79,0.34,0.81,0.33,0.34,0.72,0.392,0.6,0.375
0.15,0.15,0.12,0.12,1.0,1.0,0.16,0.16,0.55,0.55,0.32,0.4,0.34,0.34,0.0,0.49,0.25,0.83,0.56,0.25,0.25,0.56,0.56,0.78,0.35,0.78,0.35,0.27,0.72,0.399,0.6,0.375
0.16,0.16,0.14,0.14,1.0,1.0,0.16,0.16,0.55,0.55,0.32,0.41,0.36,0.36,0.0,0.47,0.28,0.81,0.56,0.27,0.28,0.56,0.56,0.79,0.34,0.79,0.34,0.22,0.66,0.387,0.587,0.381
0.2,0.2,0.23,0.23,1.0,1.0,0.16,0.16,0.56,0.56,0.31,0.42,0.38,0.38,0.0,0.47,0.26,0.81,0.56,0.26,0.26,0.56,0.56,0.8,0.34,0.8,0.34,0.25,0.33,0.394,0.582,0.387
0.28,0.28,0.42,0.42,1.0,1.0,0.16,0.16,0.56,0.56,0.29,0.44,0.33,0.31,0.0,0.52,0.25,0.85,0.56,0.25,0.25,0.56,0.56,0.77,0.35,0.76,0.36,0.3,0.2,0.404,0.577,0.389
0.29,0.29,0.44,0.44,1.0,1.0,0.16,0.16,0.55,0.55,0.25,0.47,0.0,0.0,0.0,0.61,0.25,0.92,0.56,0.25,0.25,0.56,0.56,0.38,0.7,0.38,0.7,0.37,0.0,0.415,0.577,0.386
0.28,0.28,0.43,0.43,1.0,1.0,0.16,0.16,0.55,0.55,0.25,0.48,0.0,0.0,0.0,0.62,0.25,0.93,0.56,0.25,0.25,0.56,0.56,0.38,0.7,0.38,0.7,0.38,0.0,0.424,0.577,0.381
0.28,0.28,0.42,0.42,1.0,1.0,0.16,0.16,0.54,0.54,0.24,0.48,0.34,0.33,0.0,0.54,0.25,0.87,0.56,0.25,0.25,0.56,0.56,0.78,0.35,0.77,0.35,0.51,0.5,0.431,0.577,0.364
0.28,0.28,0.41,0.41,1.0,1.0,0.16,0.16,0.53,0.53,0.24,0.48,0.38,0.38,0.0,0.48,0.25,0.82,0.56,0.25,0.25,0.56,0.56,0.8,0.34,0.8,0.34,0.63,0.5,0.456,0.583,0.339
0.19,0.19,0.2,0.2,1.0,1.0,0.16,0.16,0.53,0.53,0.24,0.48,0.27,0.31,0.0,0.52,0.25,0.85,0.56,0.25,0.25,0.56,0.56,0.73,0.37,0.76,0.36,0.5,0.5,0.461,0.582,0.337
0.18,0.18,0.2,0.2,1.0,1.0,0.16,0.16,0.54,0.54,0.24,0.48,0.24,0.28,0.0,0.54,0.25,0.86,0.56,0.25,0.25,0.56,0.56,0.71,0.38,0.74,0.37,0.49,0.5,0.46,0.583,0.34
0.16,0.16,0.14,0.14,1.0,1.0,0.16,0.16,0.54,0.54,0.24,0.48,0.25,0.31,0.0,0.53,0.25,0.86,0.56,0.25,0.25,0.56,0.56,0.72,0.37,0.76,0.36,0.5,0.5,0.457,0.573,0.338
0.17,0.17,0.15,0.15,1.0,1.0,0.16,0.16,0.54,0.54,0.24,0.48,0.3,0.36,0.0,0.53,0.25,0.86,0.56,0.25,0.25,0.56,0.56,0.75,0.36,0.79,0.35,0.53,0.5,0.456,0.56,0.333
0.18,0.18,0.19,0.19,1.0,1.0,0.16,0.16,0.54,0.54,0.25,0.48,0.38,0.42,0.0,0.5,0.25,0.83,0.56,0.25,0.25,0.56,0.56,0.8,0.34,0.83,0.32,0.62,0.5,0.444,0.55,0.33
0.17,0.17,0.16,0.16,1.0,1.0,0.16,0.16,0.54,0.54,0.25,0.47,0.43,0.48,0.0,0.48,0.25,0.83,0.56,0.25,0.25,0.56,0.56,0.84,0.32,0.87,0.31,0.55,0.5,0.437,0.552,0.329
0.13,0.13,0.08,0.08,1.0,1.0,0.16,0.16,0.54,0.54,0.25,0.47,0.42,0.4,0.0,0.46,0.25,0.81,0.56,0.25,0.25,0.56,0.56,0.83,0.33,0.82,0.33,0.35,0.48,0.442,0.557,0.333
0.09,0.09,0.0,0.0,1.0,1.0,0.16,0.16,0.54,0.54,0.25,0.47,0.36,0.36,0.0,0.41,0.25,0.77,0.56,0.25,0.25,0.56,0.56,0.79,0.34,0.79,0.35,0.23,1.0,0.449,0.563,0.336
0.1,0.1,0.0,0.0,1.0,1.0,0.16,0.16,0.54,0.54,0.25,0.47,0.31,0.28,0.0,0.41,0.29,0.77,0.56,0.26,0.31,0.56,0.56,0.76,0.36,0.74,0.36,0.2,1.0,0.438,0.568,0.337
0.19,0.19,0.21,0.21,1.0,1.0,0.16,0.16,0.52,0.52,0.25,0.47,0.25,0.25,0.5,0.41,0.57,0.77,0.53,0.56,0.57,0.53,0.53,0.72,0.37,0.72,0.37,0.11,0.98,0.437,0.568,0.342
0.41,0.41,0.71,0.71,1.0,1.0,0.16,0.16,0.64,0.64,0.26,0.47,0.27,0.22,1.0,0.29,0.93,0.68,0.33,0.93,0.93,0.33,0.33,0.73,0.37,0.7,0.38,0.06,0.5,0.433,0.558,0.342
0.44,0.44,0.8,0.8,1.0,1.0,0.16,0.16,0.67,0.67,0.27,0.46,0.24,0.2,1.0,0.27,0.95,0.67,0.31,0.95,0.95,0.31,0.31,0.71,0.38,0.68,0.39,0.06,0.51,0.432,0.548,0.342
0.45,0.45,0.81,0.81,1.0,1.0,0.16,0.16,0.66,0.66,0.27,0.46,0.24,0.18,1.0,0.27,0.95,0.67,0.31,0.95,0.95,0.31,0.31,0.71,0.38,0.67,0.4,0.06,0.53,0.434,0.55,0.345
0.46,0.46,0.83,0.83,1.0,1.0,0.26,0.26,0.43,0.43,0.24,0.48,0.22,0.16,1.0,0.27,0.95,0.66,0.31,0.95,0.96,0.31,0.31,0.7,0.38,0.66,0.4,0.05,0.54,0.422,0.55,0.338
0.56,0.56,1.0,1.0,0.97,0.97,0.37,0.37,0.36,0.36,0.24,0.48,0.22,0.18,1.0,0.26,0.94,0.66,0.32,0.94,0.95,0.32,0.32,0.7,0.38,0.67,0.4,0.04,0.53,0.432,0.547,0.344
0.56,0.56,1.0,1.0,0.98,0.98,0.16,0.16,0.46,0.46,0.23,0.49,0.22,0.16,1.0,0.25,0.95,0.65,0.3,0.95,0.95,0.3,0.3,0.7,0.38,0.66,0.4,0.04,0.52,0.445,0.545,0.343
0.56,0.56,1.0,1.0,0.98,0.98,0.94,0.94,0.39,0.39,0.27,0.45,0.21,0.16,1.0,0.25,0.94,0.65,0.31,0.94,0.95,0.31,0.31,0.69,0.39,0.66,0.4,0.04,0.51,0.444,0.543,0.339
0.37,0.37,0.63,0.63,1.0,1.0,0.16,0.16,0.45,0.45,0.27,0.45,0.21,0.18,1.0,0.25,0.94,0.65,0.31,0.94,0.95,0.31,0.31,0.69,0.39,0.67,0.4,0.03,0.5,0.449,0.547,0.332
0.37,0.37,0.62,0.62,1.0,1.0,0.16,0.16,0.46,0.46,0.31,0.41,0.21,0.16,1.0,0.25,0.95,0.65,0.3,0.95,0.95,0.3,0.3,0.69,0.39,0.66,0.4,0.03,0.49,0.463,0.552,0.334
0.37,0.37,0.62,0.62,1.0,1.0,0.16,0.16,0.47,0.47,0.34,0.38,0.2,0.15,1.0,0.24,0.95,0.65,0.3,0.95,0.95,0.3,0.3,0.68,0.39,0.65,0.41,0.03,0.49,0.465,0.56,0.343
0.37,0.37,0.63,0.63,1.0,1.0,0.16,0.16,0.49,0.49,0.36,0.36,0.18,0.15,1.0,0.24,0.96,0.64,0.29,0.96,0.96,0.29,0.29,0.67,0.4,0.65,0.41,0.03,0.48,0.466,0.563,0.365
0.36,0.36,0.61,0.61,1.0,1.0,0.16,0.16,0.5,0.5,0.37,0.35,0.16,0.13,1.0,0.23,0.96,0.64,0.28,0.96,0.96,0.28,0.28,0.66,0.4,0.64,0.41,0.03,0.48,0.475,0.557,0.398
0.33,0.33,0.53,0.53,1.0,1.0,0.16,0.16,0.5,0.5,0.37,0.35,0.16,0.13,1.0,0.23,0.96,0.64,0.29,0.96,0.96,0.29,0.29,0.66,0.4,0.64,0.41,0.03,0.48,0.48,0.555,0.426
0.29,0.29,0.44,0.44,1.0,1.0,0.16,0.16,0.51,0.51,0.36,0.36,0.18,0.15,1.0,0.24,0.96,0.64,0.3,0.96,0.96,0.3,0.3,0.67,0.4,0.65,0.41,0.03,0.47,0.476,0.543,0.457
0.29,0.29,0.43,0.43,1.0,1.0,0.16,0.16,0.54,0.54,0.34,0.38,0.21,0.18,1.0,0.24,0.96,0.64,0.31,0.96,0.96,0.31,0.31,0.69,0.39,0.67,0.4,0.04,0.42,0.461,0.533,0.465
0.25,0.25,0.35,0.35,1.0,1.0,0.16,0.16,0.56,0.56,0.33,0.39,0.22,0.18,1.0,0.24,0.96,0.64,0.32,0.96,0.96,0.32,0.32,0.7,0.38,0.67,0.4,0.04,0.4,0.434,0.522,0.472
0.26,0.26,0.38,0.38,1.0,1.0,0.16,0.16,0.57,0.57,0.32,0.4,0.22,0.18,1.0,0.25,0.95,0.65,0.32,0.95,0.96,0.32,0.32,0.7,0.39,0.67,0.4,0.05,0.39,0.407,0.52,0.471
0.23,0.23,0.3,0.3,1.0,1.0,0.16,0.16,0.57,0.57,0.33,0.39,0.22,0.21,1.0,0.25,0.95,0.65,0.32,0.95,0.95,0.32,0.32,0.7,0.38,0.69,0.39,0.05,0.39,0.364,0.507,0.483
0.11,0.11,0.03,0.03,1.0,1.0,0.16,0.16,0.56,0.56,0.34,0.38,0.33,0.31,0.5,0.38,0.57,0.75,0.51,0.56,0.57,0.51,0.51,0.77,0.35,0.76,0.36,0.13,0.42,0.338,0.498,0.486
0.0,0.0,0.0,0.0,1.0,1.0,0.16,0.16,0.5,0.5,0.35,0.37,0.4,0.43,0.0,0.44,0.25,0.79,0.56,0.25,0.25,0.56,0.56,0.82,0.33,0.84,0.32,0.24,0.66,0.314,0.503,0.485
0.0,0.0,0.0,0.0,1.0,1.0,0.16,0.16,0.47,0.47,0.35,0.37,0.51,0.55,0.0,0.44,0.25,0.79,0.56,0.25,0.25,0.56,0.56,0.89,0.3,0.92,0.29,0.25,0.63,0.286,0.505,0.49
0.0,0.0,0.0,0.0,1.0,1.0,0.16,0.16,0.45,0.45,0.34,0.38,0.55,0.6,0.0,0.43,0.25,0.79,0.56,0.25,0.25,0.56,0.56,0.92,0.29,0.95,0.27,0.28,0.53,0.276,0.503,0.496
0.0,0.0,0.0,0.0,1.0,1.0,0.16,0.16,0.44,0.44,0.33,0.39,0.6,0.67,0.0,0.44,0.25,0.79,0.56,0.25,0.25,0.56,0.56,0.95,0.27,1.0,0.25,0.37,0.54,0.271,0.508,0.499
0.0,0.0,0.0,0.0,1.0,1.0,0.16,0.16,0.45,0.45,0.33,0.39,0.61,0.7,0.0,0.44,0.25,0.79,0.56,0.25,0.25,0.56,0.56,0.96,0.27,1.0,0.24,0.42,0.59,0.281,0.503,0.507
0.0,0.0,0.0,0.0,1.0,1.0,0.16,0.16,0.46,0.46,0.33,0.39,0.64,0.73,0.0,0.44,0.25,0.79,0.56,0.25,0.25,0.56,0.56,0.98,0.26,1.0,0.23,0.45,0.5,0.286,0.503,0.507
0.0,0.0,0.0,0.0,1.0,1.0,0.16,0.16,0.48,0.48,0.31,0.41,0.63,0.72,0.0,0.44,0.25,0.79,0.56,0.25,0.25,0.56,0.56,0.97,0.26,1.0,0.23,0.57,0.5,0.291,0.507,0.501
0.0,0.0,0.0,0.0,1.0,1.0,0.16,0.16,0.48,0.48,0.3,0.42,0.58,0.69,0.0,0.44,0.25,0.79,0.56,0.25,0.25,0.56,0.56,0.94,0.27,1.0,0.25,0.59,0.5,0.297,0.507,0.499
0.0,0.0,0.0,0.0,1.0,1.0,0.16,0.16,0.48,0.48,0.29,0.43,0.54,0.66,0.0,0.45,0.25,0.8,0.56,0.25,0.25,0.56,0.56,0.91,0.29,0.99,0.26,0.6,0.5,0.292,0.51,0.497
0.0,0.0,0.0,0.0,1.0,1.0,0.16,0.16,0.48,0.48,0.28,0.45,0.54,0.64,0.0,0.45,0.25,0.8,0.56,0.25,0.25,0.56,0.56,0.91,0.29,0.98,0.26,0.6,0.5,0.289,0.51,0.49
0.0,0.0,0.0,0.0,1.0,1.0,0.16,0.16,0.48,0.48,0.27,0.46,0.54,0.64,0.0,0.45,0.25,0.8,0.56,0.25,0.25,0.56,0.56,0.91,0.29,0.98,0.26,0.59,0.5,0.292,0.507,0.482
0.0,0.0,0.0,0.0,1.0,1.0,0.16,0.16,0.48,0.48,0.27,0.45,0.54,0.63,0.0,0.46,0.25,0.8,0.56,0.25,0.25,0.56,0.56,0.91,0.29,0.97,0.26,0.59,0.5,0.295,0.505,0.475
0.0,0.0,0.0,0.0,1.0,1.0,0.16,0.16,0.48,0.48,0.27,0.46,0.57,0.64,0.0,0.46,0.25,0.8,0.56,0.25,0.25,0.56,0.56,0.93,0.28,0.98,0.26,0.58,0.5,0.3,0.498,0.471
0.0,0.0,0.0,0.0,1.0,1.0,0.16,0.16,0.48,0.48,0.26,0.46,0.6,0.69,0.0,0.42,0.25,0.78,0.56,0.25,0.25,0.56,0.56,0.95,0.27,1.0,0.25,0.59,0.5,0.296,0.492,0.468
0.0,0.0,0.0,0.0,1.0,1.0,0.16,0.16,0.47,0.47,0.25,0.47,0.6,0.69,0.0,0.41,0.25,0.77,0.56,0.25,0.25,0.56,0.56,0.95,0.27,1.0,0.25,0.66,0.5,0.301,0.488,0.466
0.0,0.0,0.0,0.0,1.0,1.0,0.16,0.16,0.45,0.45,0.24,0.48,0.57,0.64,0.0,0.4,0.25,0.76,0.56,0.25,0.25,0.56,0.56,0.93,0.28,0.98,0.26,0.66,0.5,0.312,0.495,0.467
0.0,0.0,0.0,0.0,1.0,1.0,0.16,0.16,0.44,0.44,0.25,0.47,0.49,0.57,0.0,0.4,0.25,0.76,0.56,0.25,0.25,0.56,0.56,0.88,0.3,0.93,0.28,0.61,0.5,0.331,0.498,0.465
0.0,0.0,0.0,0.0,1.0,1.0,0.16,0.16,0.41,0.41,0.3,0.43,0.48,0.55,0.0,0.39,0.25,0.76,0.56,0.25,0.25,0.56,0.56,0.87,0.31,0.92,0.28,0.6,0.5,0.334,0.5,0.464
0.0,0.0,0.0,0.0,1.0,1.0,0.16,0.16,0.41,0.41,0.3,0.42,0.46,0.54,0.0,0.38,0.25,0.75,0.56,0.25,0.25,0.56,0.56,0.86,0.31,0.91,0.29,0.6,0.5,0.348,0.492,0.459
0.0,0.0,0.0,0.0,1.0,1.0,0.16,0.16,0.41,0.41,0.3,0.42,0.46,0.52,0.0,0.37,0.25,0.74,0.56,0.25,0.25,0.56,0.56,0.86,0.31,0.9,0.29,0.63,0.5,0.388,0.493,0.453
0.0,0.0,0.0,0.0,1.0,1.0,0.16,0.16,0.38,0.38,0.31,0.41,0.54,0.58,0.0,0.35,0.25,0.72,0.56,0.25,0.25,0.56,0.56,0.91,0.29,0.94,0.28,0.58,0.5,0.434,0.497,0.454
0.0,0.0,0.0,0.0,1.0,1.0,0.16,0.16,0.37,0.37,0.32,0.4,0.52,0.57,0.0,0.34,0.25,0.72,0.56,0.25,0.25,0.56,0.56,0.9,0.3,0.93,0.28,0.43,1.0,0.451,0.493,0.457
0.0,0.0,0.0,0.0,1.0,1.0,0.16,0.16,0.36,0.36,0.36,0.36,0.46,0.51,0.0,0.34,0.25,0.72,0.56,0.25,0.25,0.56,0.56,0.86,0.31,0.89,0.3,0.36,1.0,0.477,0.49,0.474
0.0,0.0,0.0,0.0,1.0,1.0,0.16,0.16,0.38,0.38,0.33,0.39,0.45,0.48,0.0,0.34,0.25,0.72,0.56,0.25,0.25,0.56,0.56,0.85,0.32,0.87,0.31,0.32,0.87,0.536,0.48,0.489
0.0,0.0,0.0,0.0,1.0,1.0,0.16,0.16,0.38,0.38,0.29,0.43,0.45,0.49,0.0,0.35,0.25,0.73,0.56,0.25,0.25,0.56,0.56,0.85,0.32,0.88,0.3,0.33,0.89,0.574,0.483,0.498
0.0,0.0,0.0,0.0,1.0,1.0,0.16,0.16,0.39,0.39,0.29,0.44,0.43,0.49,0.0,0.36,0.25,0.73,0.56,0.25,0.25,0.56,0.56,0.84,0.32,0.88,0.3,0.33,0.93,0.589,0.483,0.507
0.0,0.0,0.0,0.0,1.0,1.0,0.16,0.16,0.39,0.39,0.28,0.45,0.45,0.49,0.0,0.37,0.25,0.74,0.56,0.25,0.25,0.56,0.56,0.85,0.32,0.88,0.3,0.32,0.78,0.586,0.492,0.53
0.0,0.0,0.0,0.0,1.0,1.0,0.16,0.16,0.41,0.41,0.28,0.44,0.4,0.43,0.0,0.39,0.25,0.75,0.56,0.25,0.25,0.56,0.56,0.82,0.33,0.84,0.32,0.28,0.33,0.582,0.505,0.546
0.0,0.0,0.0,0.0,1.0,1.0,0.16,0.16,0.42,0.42,0.28,0.45,0.4,0.42,0.0,0.39,0.25,0.76,0.56,0.25,0.25,0.56,0.56,0.82,0.33,0.83,0.33,0.28,0.05,0.576,0.508,0.53
0.0,0.0,0.0,0.0,1.0,1.0,0.16,0.16,0.41,0.41,0.3,0.42,0.4,0.42,0.0,0.4,0.25,0.76,0.56,0.25,0.25,0.56,0.56,0.82,0.33,0.83,0.32,0.24,0.19,0.555,0.507,0.524
0.0,0.0,0.0,0.0,1.0,1.0,0.16,0.16,0.41,0.41,0.3,0.43,0.39,0.43,0.0,0.4,0.25,0.76,0.56,0.25,0.25,0.56,0.56,0.81,0.33,0.84,0.32,0.17,0.51,0.548,0.508,0.521
0.0,0.0,0.0,0.0,1.0,1.0,0.16,0.16,0.42,0.42,0.3,0.43,0.39,0.43,0.0,0.4,0.25,0.76,0.56,0.25,0.25,0.56,0.56,0.81,0.33,0.84,0.32,0.17,0.52,0.499,0.512,0.531
0.0,0.0,0.0,0.0,1.0,1.0,0.16,0.16,0.44,0.44,0.32,0.41,0.4,0.4,0.0,0.42,0.25,0.77,0.56,0.25,0.25,0.56,0.56,0.82,0.33,0.82,0.33,0.25,0.45,0.478,0.527,0.545
0.0,0.0,0.0,0.0,1.0,1.0,0.16,0.16,0.44,0.44,0.32,0.41,0.39,0.39,0.0,0.42,0.25,0.77,0.56,0.25,0.25,0.56,0.56,0.81,0.34,0.81,0.34,0.41,0.32,0.499,0.548,0.545
0.0,0.0,0.0,0.0,1.0,1.0,0.16,0.16,0.43,0.43,0.33,0.39,0.22,0.18,0.0,0.42,0.25,0.77,0.56,0.25,0.25,0.56,0.56,0.7,0.38,0.67,0.4,0.43,0.44,0.494,0.562,0.543
0.0,0.0,0.0,0.0,1.0,1.0,0.16,0.16,0.5,0.5,0.26,0.47,0.0,0.0,0.0,0.43,0.9,0.79,0.34,0.9,0.89,0.34,0.34,0.43,0.67,0.44,0.67,0.2,0.31,0.494,0.568,0.551
0.0,0.0,0.0,0.0,1.0,1.0,0.16,0.16,0.47,0.47,0.27,0.45,0.24,0.24,0.0,0.39,0.57,0.75,0.56,0.57,0.56,0.56,0.56,0.71,0.38,0.71,0.38,0.52,0.5,0.462,0.568,0.569
0.0,0.0,0.0,0.0,1.0,1.0,0.16,0.16,0.45,0.45,0.28,0.44,0.27,0.25,0.0,0.34,0.4,0.72,0.56,0.4,0.4,0.56,0.56,0.73,0.37,0.72,0.37,0.67,0.5,0.469,0.567,0.572
0.0,0.0,0.0,0.0,1.0,1.0,0.16,0.16,0.45,0.45,0.27,0.45,0.25,0.25,0.0,0.34,0.37,0.72,0.56,0.37,0.37,0.56,0.56,0.72,0.37,0.72,0.37,0.68,0.5,0.519,0.558,0.553
0.0,0.0,0.0,0.0,1.0,1.0,0.16,0.16,0.44,0.44,0.29,0.44,0.25,0.25,0.0,0.34,0.27,0.72,0.56,0.27,0.27,0.56,0.56,0.72,0.37,0.72,0.37,0.57,0.5,0.529,0.558,0.55
0.0,0.0,0.0,0.0,1.0,1.0,0.16,0.16,0.46,0.46,0.28,0.44,0.0,0.0,0.0,0.39,0.66,0.75,0.45,0.67,0.65,0.45,0.45,0.55,0.46,0.54,0.48,0.12,0.43,0.531,0.55,0.549
0.0,0.0,0.0,0.0,1.0,1.0,0.16,0.16,0.48,0.48,0.27,0.45,0.0,0.0,0.0,0.34,0.84,0.72,0.36,0.85,0.84,0.36,0.36,0.42,0.7,0.41,0.73,0.08,0.34,0.536,0.542,0.542
0.0,0.0,0.0,0.0,1.0,1.0,0.16,0.16,0.46,0.46,0.3,0.43,0.22,0.25,0.0,0.43,0.29,0.78,0.56,0.3,0.28,0.56,0.56,0.7,0.38,0.72,0.38,0.17,0.47,0.548,0.538,0.539
0.0,0.0,0.0,0.0,1.0,1.0,0.16,0.16,0.46,0.46,0.3,0.42,0.24,0.25,0.0,0.44,0.25,0.79,0.56,0.25,0.25,0.56,0.56,0.71,0.38,0.72,0.37,0.21,0.51,0.542,0.542,0.539
0.0,0.0,0.0,0.0,1.0,1.0,0.16,0.16,0.45,0.45,0.28,0.45,0.25,0.25,0.0,0.45,0.25,0.8,0.56,0.25,0.25,0.56,0.56,0.72,0.38,0.72,0.37,0.23,0.57,0.529,0.54,0.542
0.0,0.0,0.0,0.0,1.0,1.0,0.16,0.16,0.45,0.45,0.27,0.45,0.27,0.27,0.0,0.45,0.25,0.8,0.56,0.25,0.25,0.56,0.56,0.73,0.37,0.73,0.37,0.23,0.62,0.517,0.543,0.536
0.0,0.0,0.0,0.0,1.0,1.0,0.16,0.16,0.44,0.44,0.27,0.45,0.24,0.24,0.0,0.41,0.25,0.77,0.56,0.25,0.25,0.56,0.56,0.71,0.38,0.71,0.38,0.22,0.7,0.497,0.543,0.541
0.03,0.03,0.0,0.0,1.0,1.0,0.16,0.16,0.45,0.45,0.27,0.45,0.36,0.34,0.0,0.38,0.28,0.75,0.56,0.27,0.28,0.56,0.56,0.79,0.34,0.78,0.35,0.64,0.5,0.495,0.542,0.537
0.05,0.05,0.0,0.0,1.0,1.0,0.16,0.16,0.44,0.44,0.25,0.47,0.34,0.31,0.0,0.34,0.4,0.72,0.56,0.4,0.4,0.56,0.56,0.78,0.35,0.76,0.36,0.75,0.5,0.498,0.538,0.535
0.02,0.02,0.0,0.0,1.0,1.0,0.16,0.16,0.42,0.42,0.22,0.51,0.31,0.28,0.0,0.31,0.53,0.7,0.56,0.53,0.53,0.56,0.56,0.76,0.36,0.74,0.37,0.85,0.5,0.506,0.538,0.535
0.0,0.0,0.0,0.0,1.0,1.0,0.16,0.16,0.4,0.4,0.2,0.52,0.33,0.3,0.0,0.3,0.54,0.69,0.56,0.54,0.53,0.56,0.56,0.77,0.35,0.75,0.36,0.87,0.5,0.515,0.532,0.535
0.0,0.0,0.0,0.0,1.0,1.0,0.16,0.16,0.4,0.4,0.22,0.51,0.34,0.31,0.0,0.3,0.52,0.69,0.56,0.53,0.51,0.56,0.56,0.78,0.35,0.76,0.36,0.87,0.5,0.515,0.53,0.53
0.0,0.0,0.0,0.0,1.0,1.0,0.16,0.16,0.41,0.41,0.23,0.5,0.34,0.33,0.0,0.3,0.48,0.69,0.56,0.49,0.47,0.56,0.56,0.78,0.35,0.77,0.35,0.85,0.5,0.551,0.528,0.529
0.0,0.0,0.0,0.0,1.0,1.0,0.16,0.16,0.41,0.41,0.27,0.45,0.27,0.28,0.0,0.36,0.25,0.73,0.56,0.25,0.25,0.56,0.56,0.73,0.37,0.74,0.36,0.47,0.5,0.592,0.523,0.536
0.0,0.0,0.0,0.0,1.0,1.0,0.16,0.16,0.42,0.42,0.29,0.44,0.16,0.15,0.0,0.42,0.25,0.77,0.56,0.25,0.25,0.56,0.56,0.66,0.4,0.65,0.4,0.22,0.64,0.625,0.517,0.531
0.0,0.0,0.0,0.0,1.0,1.0,0.16,0.16,0.44,0.44,0.28,0.44,0.15,0.12,0.0,0.44,0.25,0.79,0.56,0.25,0.25,0.56,0.56,0.65,0.41,0.63,0.41,0.2,0.54,0.634,0.52,0.531
0.0,0.0,0.0,0.0,1.0,1.0,0.16,0.16,0.44,0.44,0.26,0.46,0.13,0.1,0.0,0.54,0.25,0.87,0.56,0.25,0.25,0.56,0.56,0.64,0.41,0.62,0.42,0.21,0.51,0.617,0.518,0.534
0.0,0.0,0.0,0.0,1.0,1.0,0.16,0.16,0.44,0.44,0.26,0.46,0.2,0.18,0.0,0.53,0.25,0.86,0.56,0.25,0.25,0.56,0.56,0.68,0.39,0.67,0.4,0.24,0.5,0.587,0.52,0.529
0.0,0.0,0.0,0.0,1.0,1.0,0.16,0.16,0.44,0.44,0.27,0.46,0.24,0.22,0.0,0.51,0.25,0.84,0.56,0.25,0.25,0.56,0.56,0.71,0.38,0.7,0.39,0.26,0.5,0.565,0.525,0.536
0.0,0.0,0.0,0.0,1.0,1.0,0.16,0.16,0.43,0.43,0.27,0.45,0.33,0.34,0.0,0.47,0.25,0.81,0.56,0.25,0.25,0.56,0.56,0.77,0.35,0.78,0.35,0.41,0.46,0.55,0.523,0.537
0.0,0.0,0.0,0.0,1.0,1.0,0.16,0.16,0.41,0.41,0.27,0.45,0.42,0.48,0.0,0.42,0.25,0.78,0.56,0.25,0.25,0.56,0.56,0.83,0.33,0.87,0.31,0.48,0.5,0.531,0.525,0.536
0.0,0.0,0.0,0.0,1.0,1.0,0.16,0.16,0.38,0.38,0.29,0.43,0.42,0.49,0.0,0.41,0.25,0.77,0.56,0.25,0.25,0.56,0.56,0.83,0.32,0.88,0.3,0.39,0.94,0.526,0.525,0.535
0.0,0.0,0.0,0.0,1.0,1.0,0.16,0.16,0.39,0.39,0.28,0.44,0.36,0.36,0.0,0.41,0.25,0.77,0.56,0.25,0.25,0.56,0.56,0.79,0.34,0.79,0.35,0.33,0.59,0.532,0.527,0.533
0.0,0.0,0.0,0.0,1.0,1.0,0.16,0.16,0.46,0.46,0.24,0.49,0.25,0.24,0.25,0.37,0.64,0.74,0.49,0.64,0.63,0.49,0.49,0.72,0.38,0.71,0.38,0.15,0.59,0.544,0.525,0.53
0.0,0.0,0.0,0.0,1.0,1.0,0.16,0.16,0.49,0.49,0.24,0.48,0.0,0.0,0.25,0.34,0.9,0.72,0.34,0.9,0.89,0.34,0.34,0.38,0.78,0.37,0.8,0.12,0.44,0.558,0.525,0.526
0.56,0.56,1.0,1.0,0.98,0.98,0.16,0.16,0.49,0.49,0.24,0.48,0.0,0.0,0.25,0.36,0.9,0.73,0.34,0.9,0.9,0.34,0.34,0.45,0.64,0.44,0.66,0.12,0.43,0.574,0.523,0.524
0.0,0.0,0.0,0.0,1.0,1.0,0.16,0.16,0.48,0.48,0.25,0.48,0.15,0.13,0.25,0.44,0.55,0.8,0.53,0.55,0.55,0.53,0.53,0.65,0.41,0.64,0.41,0.17,0.6,0.581,0.518,0.52
0.04,0.04,0.0,0.0,1.0,1.0,0.16,0.16,0.47,0.47,0.26,0.47,0.22,0.21,0.25,0.43,0.4,0.78,0.56,0.39,0.4,0.56,0.56,0.7,0.38,0.69,0.39,0.34,0.85,0.559,0.51,0.521
0.07,0.07,0.0,0.0,1.0,1.0,0.16,0.16,0.47,0.47,0.26,0.47,0.22,0.21,0.25,0.42,0.38,0.78,0.56,0.37,0.39,0.56,0.56,0.7,0.38,0.69,0.39,0.45,0.5,0.526,0.508,0.518
0.08,0.08,0.0,0.0,1.0,1.0,0.16,0.16,0.47,0.47,0.26,0.47,0.22,0.22,0.25,0.41,0.39,0.77,0.56,0.38,0.4,0.56,0.56,0.7,0.38,0.7,0.39,0.52,0.5,0.519,0.507,0.518
0.06,0.06,0.0,0.0,1.0,1.0,0.16,0.16,0.48,0.48,0.24,0.48,0.0,0.0,0.5,0.42,0.87,0.78,0.35,0.87,0.87,0.35,0.35,0.48,0.59,0.45,0.64,0.17,0.59,0.521,0.507,0.521
0.55,0.55,1.0,1.0,0.98,0.98,0.16,0.16,0.51,0.51,0.23,0.5,0.0,0.0,0.5,0.37,0.93,0.74,0.32,0.93,0.93,0.32,0.32,0.31,0.92,0.31,0.92,0.12,0.5,0.509,0.507,0.517
0.56,0.56,1.0,1.0,0.98,0.98,0.16,0.16,0.5,0.5,0.25,0.48,0.0,0.0,0.25,0.37,0.92,0.74,0.32,0.92,0.92,0.32,0.32,0.32,0.89,0.32,0.9,0.12,0.51,0.511,0.507,0.519
0.55,0.55,1.0,1.0,0.98,0.98,0.16,0.16,0.48,0.48,0.25,0.48,0.09,0.12,0.25,0.49,0.39,0.83,0.56,0.4,0.38,0.56,0.56,0.61,0.43,0.63,0.42,0.21,0.94,0.516,0.505,0.521
0.0,0.0,0.0,0.0,1.0,1.0,0.16,0.16,0.46,0.46,0.27,0.46,0.21,0.22,0.0,0.42,0.28,0.78,0.56,0.27,0.28,0.56,0.56,0.69,0.39,0.7,0.38,0.49,0.5,0.521,0.503,0.522
0.0,0.0,0.0,0.0,1.0,1.0,0.16,0.16,0.46,0.46,0.27,0.46,0.22,0.24,0.25,0.36,0.36,0.73,0.56,0.36,0.36,0.56,0.56,0.7,0.38,0.71,0.38,0.67,0.5,0.526,0.5,0.518
0.0,0.0,0.0,0.0,1.0,1.0,0.16,0.16,0.44,0.44,0.26,0.46,0.24,0.24,0.0,0.35,0.35,0.72,0.56,0.35,0.35,0.56,0.56,0.71,0.38,0.71,0.38,0.7,0.5,0.516,0.5,0.516
0.0,0.0,0.0,0.0,1.0,1.0,0.16,0.16,0.44,0.44,0.25,0.47,0.25,0.27,0.0,0.34,0.33,0.72,0.56,0.33,0.32,0.56,0.56,0.72,0.37,0.73,0.37,0.7,0.5,0.526,0.502,0.519
0.0,0.0,0.0,0.0,1.0,1.0,0.16,0.16,0.4,0.4,0.25,0.47,0.34,0.4,0.0,0.34,0.25,0.72,0.56,0.25,0.25,0.56,0.56,0.78,0.35,0.82,0.33,0.73,0.5,0.516,0.507,0.517
0.0,0.0,0.0,0.0,1.0,1.0,0.16,0.16,0.39,0.39,0.25,0.47,0.36,0.42,0.0,0.34,0.25,0.71,0.56,0.25,0.25,0.56,0.56,0.79,0.34,0.83,0.33,0.73,0.5,0.524,0.508,0.519
0.0,0.0,0.0,0.0,1.0,1.0,0.16,0.16,0.39,0.39,0.26,0.47,0.34,0.36,0.0,0.34,0.25,0.72,0.56,0.25,0.25,0.56,0.56,0.78,0.35,0.79,0.34,0.59,0.5,0.541,0.512,0.515
0.0,0.0,0.0,0.0,1.0,1.0,0.16,0.16,0.4,0.4,0.24,0.49,0.02,0.0,0.0,0.39,0.37,0.76,0.52,0.37,0.37,0.52,0.52,0.56,0.44,0.52,0.51,0.19,0.75,0.548,0.512,0.511
0.0,0.0,0.0,0.0,1.0,1.0,0.16,0.16,0.42,0.42,0.22,0.51,0.0,0.0,0.0,0.38,0.81,0.75,0.31,0.82,0.8,0.31,0.31,0.36,0.82,0.35,0.83,0.09,0.47,0.556,0.512,0.51
0.0,0.0,0.0,0.0,1.0,1.0,0.16,0.16,0.41,0.41,0.26,0.47,0.24,0.22,0.0,0.38,0.3,0.75,0.56,0.3,0.31,0.56,0.56,0.71,0.38,0.7,0.38,0.67,0.5,0.568,0.517,0.508
0.0,0.0,0.0,0.0,1.0,1.0,0.16,0.16,0.4,0.4,0.24,0.48,0.21,0.18,0.0,0.35,0.33,0.72,0.56,0.32,0.33,0.56,0.56,0.69,0.39,0.67,0.4,0.8,0.5,0.565,0.515,0.513
0.0,0.0,0.0,0.0,1.0,1.0,0.16,0.16,0.38,0.38,0.25,0.48,0.21,0.16,0.0,0.34,0.34,0.72,0.56,0.33,0.35,0.56,0.56,0.69,0.39,0.66,0.4,0.81,0.5,0.556,0.507,0.515
0.0,0.0,0.0,0.0,1.0,1.0,0.16,0.16,0.41,0.41,0.27,0.46,0.06,0.0,0.0,0.4,0.33,0.76,0.56,0.32,0.35,0.56,0.56,0.59,0.43,0.55,0.45,0.48,0.5,0.559,0.498,0.516
0.0,0.0,0.0,0.0,1.0,1.0,0.16,0.16,0.4,0.4,0.24,0.49,0.0,0.0,0.0,0.65,0.25,0.95,0.56,0.25,0.25,0.56,0.56,0.37,0.7,0.37,0.7,0.37,0.94,0.551,0.498,0.512
0.0,0.0,0.0,0.0,1.0,1.0,0.16,0.16,0.41,0.41,0.24,0.48,0.0,0.0,0.0,0.54,0.25,0.86,0.56,0.25,0.25,0.56,0.56,0.48,0.59,0.43,0.68,0.59,0.5,0.561,0.503,0.516
0.0,0.0,0.0,0.0,1.0,1.0,0.16,0.16,0.42,0.42,0.26,0.47,0.0,0.0,0.0,0.48,0.26,0.82,0.56,0.25,0.26,0.56,0.56,0.51,0.52,0.49,0.57,0.65,0.5,0.605,0.503,0.518
0.0,0.0,0.0,0.0,1.0,1.0,0.16,0.16,0.42,0.42,0.24,0.48,0.0,0.0,0.0,0.82,0.58,1.0,0.46,0.57,0.59,0.46,0.46,0.3,0.7,0.3,0.7,0.36,0.62,0.584,0.503,0.519
0.0,0.0,0.0,0.0,1.0,1.0,0.16,0.16,0.44,0.44,0.22,0.5,0.0,0.0,0.0,0.64,0.86,0.94,0.33,0.86,0.87,0.33,0.33,0.37,0.7,0.37,0.7,0.27,0.56,0.554,0.502,0.519
0.0,0.0,0.0,0.0,1.0,1.0,0.16,0.16,0.44,0.44,0.25,0.47,0.0,0.0,0.0,0.52,0.36,0.85,0.56,0.35,0.38,0.56,0.56,0.49,0.56,0.47,0.6,0.54,0.5,0.551,0.495,0.517
0.0,0.0,0.0,0.0,1.0,1.0,0.16,0.16,0.44,0.44,0.26,0.46,0.0,0.0,0.0,0.5,0.3,0.83,0.56,0.29,0.32,0.56,0.56,0.49,0.56,0.47,0.6,0.65,0.5,0.544,0.495,0.507
0.0,0.0,0.0,0.0,1.0,1.0,0.16,0.16,0.44,0.44,0.26,0.46,0.0,0.0,0.0,0.52,0.38,0.85,0.56,0.35,0.4,0.56,0.56,0.46,0.62,0.43,0.68,0.61,0.5,0.556,0.493,0.508
0.0,0.0,0.0,0.0,1.0,1.0,0.16,0.16,0.45,0.45,0.24,0.48,0.0,0.0,0.0,0.49,0.91,0.83,0.3,0.9,0.91,0.3,0.3,0.44,0.65,0.43,0.68,0.23,0.52,0.554,0.497,0.507
0.0,0.0,0.0,0.0,1.0,1.0,0.16,0.16,0.46,0.46,0.24,0.49,0.0,0.0,0.25,0.57,0.46,0.89,0.54,0.45,0.47,0.54,0.54,0.52,0.51,0.5,0.54,0.44,0.93,0.542,0.497,0.509
0.0,0.0,0.0,0.0,1.0,1.0,0.16,0.16,0.45,0.45,0.24,0.48,0.0,0.0,0.0,0.51,0.32,0.85,0.56,0.3,0.34,0.56,0.56,0.51,0.54,0.48,0.59,0.56,0.5,0.533,0.492,0.508
0.0,0.0,0.0,0.0,1.0,1.0,0.16,0.16,0.45,0.45,0.26,0.46,0.0,0.0,0.0,0.5,0.3,0.84,0.56,0.28,0.31,0.56,0.56,0.5,0.54,0.48,0.58,0.57,0.5,0.538,0.49,0.506
0.0,0.0,0.0,0.0,1.0,1.0,0.16,0.16,0.45,0.45,0.25,0.48,0.0,0.0,0.0,0.48,0.25,0.82,0.56,0.25,0.25,0.56,0.56,0.53,0.49,0.49,0.56,0.5,0.5,0.545,0.49,0.505
0.0,0.0,0.0,0.0,1.0,1.0,0.16,0.16,0.45,0.45,0.26,0.47,0.12,0.12,0.0,0.45,0.26,0.8,0.56,0.25,0.27,0.56,0.56,0.63,0.41,0.63,0.41,0.55,0.5,0.547,0.488,0.509
0.0,0.0,0.0,0.0,1.0,1.0,0.16,0.16,0.45,0.45,0.26,0.46,0.0,0.0,0.0,0.48,0.27,0.82,0.56,0.25,0.28,0.56,0.56,0.55,0.45,0.53,0.49,0.47,0.5,0.529,0.485,0.505
0.0,0.0,0.0,0.0,1.0,1.0,0.16,0.16,0.44,0.44,0.26,0.47,0.02,0.0,0.0,0.5,0.26,0.84,0.56,0.25,0.26,0.56,0.56,0.56,0.45,0.52,0.51,0.3,1.0,0.53,0.487,0.504
0.0,0.0,0.0,0.0,1.0,1.0,0.16,0.16,0.44,0.44,0.27,0.45,0.1,0.0,0.0,0.49,0.25,0.83,0.56,0.25,0.25,0.56,0.56,0.62,0.42,0.55,0.46,0.25,1.0,0.532,0.487,0.504
0.0,0.0,0.0,0.0,1.0,1.0,0.16,0.16,0.44,0.44,0.27,0.46,0.06,0.03,0.0,0.51,0.25,0.85,0.56,0.25,0.25,0.56,0.56,0.59,0.43,0.57,0.44,0.22,1.0,0.538,0.495,0.505
0.0,0.0,0.0,0.0,1.0,1.0,0.16,0.16,0.44,0.44,0.25,0.47,0.1,0.0,0.0,0.5,0.42,0.83,0.52,0.39,0.45,0.52,0.52,0.62,0.42,0.55,0.45,0.15,1.0,0.535,0.488,0.503
0.0,0.0,0.0,0.0,1.0,1.0,0.16,0.16,0.45,0.45,0.23,0.5,0.1,0.02,0.25,0.45,0.61,0.8,0.42,0.61,0.62,0.42,0.42,0.62,0.42,0.56,0.45,0.11,0.48,0.529,0.478,0.499
0.0,0.0,0.0,0.0,1.0,1.0,0.16,0.16,0.46,0.46,0.23,0.49,0.03,0.0,0.25,0.49,0.46,0.83,0.52,0.47,0.46,0.52,0.52,0.57,0.44,0.55,0.46,0.14,0.21,0.531,0.473,0.493
0.0,0.0,0.0,0.0,1.0,1.0,0.16,0.16,0.44,0.44,0.21,0.52,0.03,0.0,0.0,0.57,0.25,0.89,0.56,0.25,0.25,0.56,0.56,0.57,0.44,0.54,0.47,0.19,0.12,0.529,0.468,0.493
0.0,0.0,0.0,0.0,1.0,1.0,0.16,0.16,0.45,0.45,0.12,0.61,0.1,0.02,0.0,0.54,0.25,0.87,0.56,0.25,0.25,0.56,0.56,0.62,0.42,0.56,0.45,0.34,0.0,0.524,0.468,0.495
0.0,0.0,0.0,0.0,1.0,1.0,0.16,0.16,0.44,0.44,0.09,0.64,0.07,0.0,0.25,0.52,0.25,0.85,0.56,0.25,0.25,0.56,0.56,0.6,0.43,0.55,0.45,0.42,0.0,0.529,0.478,0.501
0.0,0.0,0.0,0.0,1.0,1.0,0.16,0.16,0.47,0.47,0.1,0.63,0.0,0.0,0.5,0.49,0.62,0.83,0.46,0.63,0.61,0.46,0.46,0.54,0.47,0.51,0.52,0.3,0.13,0.533,0.487,0.506
0.0,0.0,0.0,0.0,1.0,1.0,0.16,0.16,0.48,0.48,0.12,0.61,0.09,0.07,0.5,0.49,0.67,0.83,0.43,0.68,0.67,0.43,0.43,0.61,0.43,0.6,0.43,0.2,0.65,0.532,0.493,0.508
0.0,0.0,0.0,0.0,1.0,1.0,0.28,0.27,0.34,0.34,0.29,0.43,0.22,0.18,0.0,0.47,0.36,0.82,0.56,0.35,0.38,0.56,0.56,0.7,0.38,0.67,0.4,0.52,0.5,0.519,0.507,0.499
0.56,0.56,1.0,1.0,0.97,0.97,0.27,0.27,0.32,0.32,0.3,0.42,0.25,0.22,0.0,0.46,0.32,0.8,0.56,0.3,0.33,0.56,0.56,0.72,0.38,0.7,0.38,0.61,0.5,0.516,0.502,0.476
0.56,0.56,1.0,1.0,0.97,0.97,0.16,0.16,0.38,0.38,0.3,0.42,0.24,0.2,0.0,0.44,0.35,0.79,0.56,0.32,0.38,0.56,0.56,0.71,0.38,0.68,0.39,0.62,0.5,0.526,0.493,0.463
0.56,0.56,1.0,1.0,0.97,0.97,0.16,0.16,0.39,0.39,0.3,0.42,0.24,0.18,0.0,0.44,0.28,0.79,0.56,0.25,0.3,0.56,0.56,0.71,0.38,0.67,0.39,0.49,0.5,0.52,0.485,0.462
0.56,0.56,1.0,1.0,0.98,0.98,0.16,0.16,0.39,0.39,0.31,0.41,0.21,0.16,0.0,0.49,0.25,0.83,0.56,0.25,0.25,0.56,0.56,0.69,0.39,0.66,0.4,0.28,1.0,0.519,0.477,0.46
0.0,0.0,0.0,0.0,1.0,1.0,0.16,0.16,0.39,0.39,0.31,0.41,0.18,0.15,0.0,0.49,0.25,0.83,0.56,0.25,0.25,0.56,0.56,0.67,0.4,0.65,0.4,0.21,1.0,0.501,0.478,0.455
0.0,0.0,0.0,0.0,1.0,1.0,0.16,0.16,0.39,0.39,0.31,0.41,0.18,0.15,0.0,0.48,0.25,0.82,0.56,0.25,0.25,0.56,0.56,0.67,0.4,0.65,0.4,0.26,1.0,0.507,0.478,0.455
0.0,0.0,0.0,0.0,1.0,1.0,0.16,0.16,0.4,0.4,0.32,0.4,0.22,0.2,0.0,0.43,0.25,0.79,0.56,0.25,0.25,0.56,0.56,0.7,0.38,0.68,0.39,0.58,0.5,0.523,0.478,0.458
0.0,0.0,0.0,0.0,1.0,1.0,0.16,0.16,0.41,0.41,0.34,0.38,0.22,0.2,0.25,0.38,0.4,0.75,0.56,0.38,0.42,0.56,0.56,0.7,0.38,0.68,0.39,0.66,0.5,0.514,0.478,0.458
0.0,0.0,0.0,0.0,1.0,1.0,0.16,0.16,0.42,0.42,0.36,0.36,0.1,0.07,0.25,0.42,0.89,0.78,0.32,0.89,0.89,0.32,0.32,0.62,0.42,0.6,0.43,0.17,0.55,0.511,0.475,0.465
0.56,0.56,1.0,1.0,0.98,0.98,0.16,0.16,0.42,0.42,0.37,0.35,0.06,0.03,0.25,0.36,0.83,0.73,0.36,0.84,0.83,0.36,0.36,0.59,0.43,0.57,0.44,0.09,0.45,0.521,0.48,0.473
0.0,0.0,0.0,0.0,1.0,1.0,0.16,0.16,0.41,0.41,0.32,0.4,0.18,0.16,0.5,0.37,0.63,0.74,0.51,0.63,0.63,0.51,0.51,0.67,0.39,0.66,0.4,0.11,0.4,0.523,0.483,0.468
0.12,0.12,0.05,0.05,1.0,1.0,0.16,0.16,0.53,0.53,0.26,0.47,0.13,0.12,0.75,0.39,0.77,0.75,0.5,0.76,0.77,0.5,0.5,0.64,0.41,0.63,0.41,0.12,0.35,0.529,0.485,0.479
0.21,0.21,0.26,0.26,1.0,1.0,0.16,0.16,0.56,0.56,0.24,0.49,0.04,0.03,1.0,0.39,0.8,0.76,0.5,0.79,0.8,0.5,0.5,0.58,0.44,0.57,0.44,0.12,0.41,0.536,0.487,0.497
0.29,0.29,0.44,0.44,1.0,1.0,0.16,0.16,0.59,0.59,0.23,0.49,0.03,0.02,1.0,0.4,0.81,0.76,0.5,0.81,0.82,0.5,0.5,0.57,0.44,0.56,0.44,0.12,0.46,0.536,0.48,0.513
0.36,0.36,0.61,0.61,1.0,1.0,0.16,0.16,0.6,0.6,0.22,0.5,0.06,0.04,1.0,0.38,0.88,0.75,0.45,0.87,0.88,0.45,0.45,0.59,0.43,0.58,0.44,0.09,0.49,0.546,0.482,0.515
0.56,0.56,1.0,1.0,0.98,0.98,0.21,0.2,0.4,0.4,0.28,0.44,0.1,0.09,1.0,0.34,0.91,0.72,0.36,0.91,0.91,0.36,0.36,0.62,0.42,0.61,0.42,0.06,0.47,0.527,0.49,0.518
0.56,0.56,1.0,1.0,0.98,0.98,0.16,0.16,0.53,0.53,0.23,0.49,0.1,0.09,1.0,0.32,0.94,0.7,0.33,0.93,0.94,0.33,0.33,0.62,0.42,0.61,0.42,0.05,0.47,0.511,0.497,0.522
0.56,0.56,1.0,1.0,0.97,0.97,0.16,0.16,0.56,0.56,0.22,0.51,0.1,0.1,1.0,0.28,0.95,0.67,0.31,0.95,0.96,0.31,0.31,0.62,0.42,0.62,0.42,0.04,0.49,0.521,0.497,0.525
0.56,0.56,1.0,1.0,0.98,0.98,0.16,0.16,0.41,0.41,0.26,0.47,0.13,0.12,1.0,0.27,0.96,0.66,0.3,0.96,0.96,0.3,0.3,0.64,0.41,0.63,0.42,0.04,0.49,0.526,0.497,0.525
0.56,0.56,1.0,1.0,0.98,0.98,0.25,0.25,0.28,0.28,0.39,0.33,0.15,0.12,1.0,0.26,0.94,0.66,0.31,0.94,0.94,0.31,0.31,0.65,0.41,0.63,0.41,0.03,0.48,0.533,0.5,0.525
0.45,0.45,0.81,0.81,1.0,1.0,0.16,0.16,0.36,0.36,0.39,0.33,0.15,0.13,1.0,0.25,0.95,0.65,0.29,0.95,0.95,0.29,0.29,0.65,0.41,0.64,0.41,0.03,0.48,0.558,0.505,0.526
0.44,0.44,0.79,0.79,1.0,1.0,0.16,0.16,0.37,0.37,0.39,0.33,0.15,0.12,1.0,0.24,0.96,0.65,0.29,0.96,0.96,0.29,0.29,0.65,0.41,0.63,0.41,0.02,0.48,0.576,0.505,0.531
0.42,0.42,0.75,0.75,1.0,1.0,0.16,0.16,0.37,0.37,0.39,0.33,0.13,0.12,1.0,0.24,0.96,0.64,0.29,0.96,0.96,0.29,0.29,0.64,0.41,0.63,0.41,0.02,0.48,0.59,0.505,0.536
0.41,0.41,0.72,0.72,1.0,1.0,0.16,0.16,0.38,0.38,0.4,0.33,0.12,0.12,1.0,0.24,0.96,0.64,0.29,0.96,0.96,0.29,0.29,0.63,0.41,0.63,0.42,0.02,0.48,0.602,0.503,0.537
0.56,0.56,1.0,1.0,0.98,0.98,0.54,0.54,0.23,0.23,0.41,0.32,0.15,0.16,1.0,0.29,0.88,0.68,0.37,0.88,0.88,0.37,0.37,0.65,0.4,0.66,0.4,0.03,0.48,0.606,0.498,0.533
0.56,0.56,1.0,1.0,0.98,0.98,0.16,0.16,0.39,0.39,0.4,0.32,0.13,0.13,1.0,0.3,0.88,0.69,0.44,0.87,0.88,0.44,0.44,0.64,0.41,0.64,0.41,0.05,0.44,0.612,0.5,0.525
0.3,0.3,0.47,0.47,1.0,1.0,0.16,0.16,0.42,0.42,0.38,0.34,0.12,0.1,1.0,0.32,0.86,0.7,0.43,0.86,0.87,0.43,0.43,0.63,0.41,0.62,0.42,0.05,0.42,0.605,0.507,0.523
0.17,0.17,0.17,0.17,1.0,1.0,0.16,0.16,0.44,0.44,0.37,0.35,0.12,0.1,1.0,0.32,0.83,0.71,0.46,0.83,0.83,0.46,0.46,0.63,0.41,0.62,0.42,0.06,0.41,0.602,0.515,0.525
0.04,0.04,0.0,0.0,1.0,1.0,0.16,0.16,0.46,0.46,0.37,0.35,0.12,0.12,0.75,0.33,0.71,0.71,0.54,0.71,0.71,0.54,0.54,0.63,0.41,0.63,0.42,0.07,0.39,0.596,0.527,0.528
0.02,0.02,0.0,0.0,1.0,1.0,0.16,0.16,0.48,0.48,0.37,0.35,0.13,0.13,0.75,0.35,0.66,0.73,0.54,0.67,0.66,0.54,0.54,0.64,0.41,0.64,0.41,0.07,0.38,0.591,0.538,0.531
0.0,0.0,0.0,0.0,1.0,1.0,0.16,0.16,0.46,0.46,0.38,0.34,0.16,0.16,0.25,0.44,0.34,0.79,0.56,0.35,0.34,0.56,0.56,0.66,0.4,0.66,0.4,0.09,0.37,0.576,0.56,0.529
0.0,0.0,0.0,0.0,1.0,1.0,0.16,0.16,0.4,0.4,0.39,0.33,0.27,0.3,0.0,0.48,0.25,0.82,0.56,0.25,0.25,0.56,0.56,0.73,0.37,0.75,0.36,0.17,0.52,0.551,0.583,0.514
0.0,0.0,0.0,0.0,1.0,1.0,0.16,0.16,0.39,0.39,0.39,0.33,0.31,0.31,0.0,0.46,0.25,0.81,0.56,0.25,0.25,0.56,0.56,0.76,0.36,0.76,0.36,0.2,0.48,0.523,0.597,0.499
0.0,0.0,0.0,0.0,1.0,1.0,0.16,0.16,0.39,0.39,0.39,0.33,0.39,0.39,0.0,0.42,0.25,0.78,0.56,0.25,0.25,0.56,0.56,0.81,0.34,0.81,0.34,0.23,0.44,0.486,0.607,0.491
0.0,0.0,0.0,0.0,1.0,1.0,0.16,0.16,0.39,0.39,0.39,0.33,0.42,0.43,0.0,0.4,0.25,0.76,0.56,0.25,0.25,0.56,0.56,0.83,0.32,0.84,0.32,0.28,0.45,0.455,0.618,0.489
0.0,0.0,0.0,0.0,1.0,1.0,0.16,0.16,0.44,0.44,0.33,0.4,0.45,0.51,0.0,0.4,0.25,0.76,0.56,0.25,0.25,0.56,0.56,0.85,0.32,0.89,0.3,0.38,0.45,0.444,0.627,0.492
0.0,0.0,0.0,0.0,1.0,1.0,0.16,0.16,0.44,0.44,0.33,0.4,0.46,0.52,0.0,0.4,0.25,0.76,0.56,0.25,0.25,0.56,0.56,0.86,0.31,0.9,0.29,0.46,0.5,0.467,0.638,0.492
0.0,0.0,0.0,0.0,1.0,1.0,0.16,0.16,0.44,0.44,0.33,0.39,0.46,0.52,0.0,0.41,0.25,0.77,0.56,0.25,0.25,0.56,0.56,0.86,0.31,0.9,0.29,0.47,0.5,0.493,0.642,0.495
0.0,0.0,0.0,0.0,1.0,1.0,0.16,0.16,0.45,0.45,0.33,0.39,0.45,0.52,0.0,0.41,0.25,0.77,0.56,0.25,0.25,0.56,0.56,0.85,0.31,0.9,0.29,0.49,0.5,0.488,0.64,0.5
0.0,0.0,0.0,0.0,1.0,1.0,0.16,0.16,0.45,0.45,0.33,0.4,0.45,0.51,0.0,0.41,0.25,0.77,0.56,0.25,0.25,0.56,0.56,0.85,0.32,0.89,0.3,0.5,0.5,0.489,0.635,0.499
0.0,0.0,0.0,0.0,1.0,1.0,0.16,0.16,0.44,0.44,0.33,0.4,0.42,0.43,0.0,0.41,0.25,0.77,0.56,0.25,0.25,0.56,0.56,0.83,0.33,0.84,0.32,0.58,0.5,0.473,0.627,0.494
0.0,0.0,0.0,0.0,1.0,1.0,0.16,0.16,0.44,0.44,0.33,0.4,0.4,0.42,0.0,0.4,0.25,0.76,0.56,0.25,0.25,0.56,0.56,0.82,0.33,0.83,0.33,0.62,0.5,0.471,0.617,0.491
0.0,0.0,0.0,0.0,1.0,1.0,0.16,0.16,0.44,0.43,0.33,0.39,0.38,0.39,0.0,0.39,0.25,0.75,0.56,0.25,0.25,0.56,0.56,0.8,0.34,0.81,0.33,0.65,0.5,0.479,0.612,0.495
0.0,0.0,0.0,0.0,1.0,1.0,0.16,0.16,0.44,0.44,0.33,0.39,0.38,0.39,0.0,0.39,0.25,0.75,0.56,0.25,0.25,0.56,0.56,0.8,0.34,0.81,0.33,0.54,0.5,0.479,0.605,0.495
0.0,0.0,0.0,0.0,1.0,1.0,0.16,0.16,0.43,0.43,0.34,0.38,0.34,0.34,0.0,0.42,0.25,0.78,0.56,0.25,0.25,0.56,0.56,0.78,0.35,0.78,0.35,0.34,0.95,0.484,0.602,0.494
0.0,0.0,0.0,0.0,1.0,1.0,0.16,0.16,0.43,0.43,0.35,0.38,0.31,0.31,0.0,0.42,0.25,0.78,0.56,0.25,0.25,0.56,0.56,0.76,0.36,0.76,0.36,0.28,0.55,0.49,0.598,0.495
0.0,0.0,0.0,0.0,1.0,1.0,0.16,0.16,0.43,0.43,0.35,0.37,0.34,0.3,0.0,0.43,0.25,0.78,0.56,0.25,0.25,0.56,0.56,0.78,0.35,0.75,0.36,0.38,0.0,0.506,0.598,0.503
0.0,0.0,0.0,0.0,1.0,1.0,0.16,0.16,0.43,0.43,0.34,0.38,0.33,0.3,0.0,0.42,0.25,0.78,0.56,0.25,0.25,0.56,0.56,0.77,0.35,0.75,0.36,0.55,0.5,0.522,0.597,0.506
0.0,0.0,0.0,0.0,1.0,1.0,0.16,0.16,0.42,0.42,0.34,0.39,0.28,0.27,0.0,0.4,0.25,0.76,0.56,0.25,0.25,0.56,0.56,0.74,0.36,0.73,0.37,0.6,0.5,0.523,0.593,0.505
0.0,0.0,0.0,0.0,1.0,1.0,0.16,0.16,0.42,0.42,0.33,0.39,0.28,0.25,0.0,0.4,0.25,0.76,0.56,0.25,0.25,0.56,0.56,0.74,0.37,0.72,0.38,0.6,0.5,0.518,0.59,0.501
0.0,0.0,0.0,0.0,1.0,1.0,0.16,0.16,0.42,0.42,0.33,0.39,0.31,0.28,0.0,0.4,0.25,0.76,0.56,0.25,0.25,0.56,0.56,0.76,0.36,0.74,0.37,0.57,0.5,0.509,0.592,0.509
0.0,0.0,0.0,0.0,1.0,1.0,0.16,0.16,0.43,0.43,0.32,0.4,0.33,0.28,0.0,0.41,0.25,0.77,0.56,0.25,0.25,0.56,0.56,0.77,0.35,0.74,0.36,0.54,0.5,0.509,0.605,0.509
0.0,0.0,0.0,0.0,1.0,1.0,0.16,0.16,0.44,0.44,0.31,0.42,0.33,0.31,0.0,0.41,0.25,0.77,0.56,0.25,0.25,0.56,0.56,0.77,0.35,0.76,0.36,0.55,0.5,0.519,0.61,0.508
0.0,0.0,0.0,0.0,1.0,1.0,0.16,0.16,0.44,0.44,0.29,0.44,0.3,0.3,0.0,0.44,0.25,0.79,0.56,0.25,0.25,0.56,0.56,0.75,0.36,0.75,0.36,0.39,0.48,0.535,0.603,0.509
0.0,0.0,0.0,0.0,1.0,1.0,0.16,0.16,0.41,0.41,0.23,0.49,0.3,0.28,0.0,0.46,0.25,0.81,0.56,0.25,0.25,0.56,0.56,0.75,0.36,0.74,0.37,0.32,0.53,0.546,0.603,0.502
0.0,0.0,0.0,0.0,1.0,1.0,0.16,0.16,0.39,0.39,0.12,0.61,0.31,0.27,0.0,0.47,0.25,0.81,0.56,0.25,0.25,0.56,0.56,0.76,0.36,0.73,0.37,0.32,0.34,0.542,0.612,0.505
0.0,0.0,0.0,0.0,1.0,1.0,0.16,0.16,0.39,0.39,0.1,0.63,0.31,0.25,0.0,0.46,0.25,0.81,0.56,0.25,0.25,0.56,0.56,0.76,0.36,0.72,0.37,0.32,0.36,0.54,0.613,0.505
0.0,0.0,0.0,0.0,1.0,1.0,0.16,0.16,0.41,0.41,0.14,0.59,0.27,0.24,0.0,0.46,0.25,0.81,0.56,0.25,0.25,0.56,0.56,0.73,0.37,0.71,0.38,0.37,0.47,0.534,0.608,0.496
0.0,0.0,0.0,0.0,1.0,1.0,0.16,0.16,0.41,0.41,0.25,0.48,0.28,0.25,0.0,0.46,0.25,0.81,0.56,0.25,0.25,0.56,0.56,0.74,0.36,0.72,0.37,0.43,0.93,0.528,0.587,0.462
0.0,0.0,0.0,0.0,1.0,1.0,0.16,0.16,0.41,0.41,0.32,0.41,0.31,0.28,0.0,0.46,0.25,0.81,0.56,0.25,0.25,0.56,0.56,0.76,0.36,0.74,0.36,0.46,0.5,0.522,0.567,0.453
0.0,0.0,0.0,0.0,1.0,1.0,0.16,0.16,0.41,0.41,0.38,0.34,0.28,0.22,0.0,0.47,0.25,0.81,0.56,0.25,0.25,0.56,0.56,0.74,0.36,0.7,0.38,0.4,1.0,0.528,0.53,0.435
0.0,0.0,0.0,0.0,1.0,1.0,0.16,0.16,0.43,0.43,0.44,0.29,0.24,0.2,0.0,0.48,0.25,0.82,0.56,0.25,0.25,0.56,0.56,0.71,0.38,0.68,0.39,0.35,1.0,0.529,0.497,0.394
0.0,0.0,0.0,0.0,1.0,1.0,0.16,0.16,0.44,0.44,0.45,0.27,0.24,0.2,0.0,0.48,0.25,0.82,0.56,0.25,0.25,0.56,0.56,0.71,0.38,0.68,0.39,0.35,1.0,0.524,0.475,0.377
0.0,0.0,0.0,0.0,1.0,1.0,0.16,0.16,0.44,0.44,0.49,0.23,0.27,0.21,0.0,0.46,0.25,0.81,0.56,0.25,0.25,0.56,0.56,0.73,0.37,0.69,0.39,0.36,0.61,0.519,0.457,0.403
0.0,0.0,0.0,0.0,1.0,1.0,0.16,0.16,0.33,0.33,0.54,0.18,0.34,0.3,0.0,0.4,0.25,0.76,0.56,0.25,0.25,0.56,0.56,0.78,0.35,0.75,0.36,0.45,0.5,0.526,0.44,0.443
0.0,0.0,0.0,0.0,1.0,1.0,0.16,0.16,0.36,0.36,0.53,0.19,0.28,0.22,0.0,0.39,0.25,0.76,0.56,0.25,0.25,0.56,0.56,0.74,0.36,0.7,0.38,0.45,0.5,0.549,0.417,0.485
0.0,0.0,0.0,0.0,1.0,1.0,0.16,0.16,0.36,0.36,0.51,0.21,0.16,0.04,0.0,0.54,0.25,0.87,0.56,0.25,0.25,0.56,0.56,0.66,0.4,0.58,0.44,0.31,0.13,0.558,0.382,0.545
0.0,0.0,0.0,0.0,1.0,1.0,0.16,0.16,0.37,0.37,0.48,0.25,0.0,0.0,0.0,0.85,0.3,1.0,0.56,0.3,0.31,0.56,0.56,0.28,0.7,0.28,0.7,0.27,0.14,0.547,0.348,0.59
0.0,0.0,0.0,0.0,1.0,1.0,0.16,0.16,0.38,0.38,0.48,0.24,0.18,0.13,0.0,0.51,0.25,0.85,0.56,0.25,0.25,0.56,0.56,0.67,0.39,0.64,0.41,0.34,0.35,0.558,0.322,0.613
0.0,0.0,0.0,0.0,1.0,1.0,0.16,0.16,0.38,0.38,0.49,0.24,0.3,0.28,0.0,0.45,0.25,0.8,0.56,0.25,0.25,0.56,0.56,0.75,0.36,0.74,0.37,0.29,0.38,0.562,0.312,0.635
0.0,0.0,0.0,0.0,1.0,1.0,0.16,0.16,0.39,0.39,0.47,0.25,0.3,0.3,0.0,0.43,0.25,0.78,0.56,0.25,0.25,0.56,0.56,0.75,0.36,0.75,0.36,0.38,0.45,0.586,0.32,0.637
0.0,0.0,0.0,0.0,1.0,1.0,0.16,0.16,0.46,0.46,0.43,0.29,0.27,0.28,0.0,0.4,0.25,0.76,0.56,0.25,0.25,0.56,0.56,0.73,0.37,0.74,0.37,0.56,0.5,0.584,0.328,0.632
0.0,0.0,0.0,0.0,1.0,1.0,0.16,0.16,0.46,0.46,0.44,0.28,0.13,0.02,0.25,0.5,0.28,0.84,0.56,0.25,0.31,0.56,0.56,0.64,0.41,0.56,0.45,0.56,0.5,0.572,0.342,0.624
0.0,0.0,0.0,0.0,1.0,1.0,0.16,0.16,0.47,0.47,0.45,0.28,0.0,0.0,0.25,0.85,0.65,1.0,0.44,0.62,0.68,0.44,0.44,0.28,0.7,0.28,0.7,0.28,0.55,0.576,0.35,0.615
0.0,0.0,0.0,0.0,1.0,1.0,0.16,0.16,0.47,0.47,0.45,0.27,0.0,0.0,0.25,0.8,0.43,1.0,0.56,0.41,0.45,0.56,0.56,0.3,0.7,0.3,0.7,0.2,1.0,0.563,0.353,0.608
0.0,0.0,0.0,0.0,1.0,1.0,0.16,0.16,0.48,0.48,0.45,0.27,0.0,0.0,0.25,0.54,0.43,0.87,0.56,0.4,0.47,0.56,0.56,0.55,0.45,0.5,0.55,0.2,1.0,0.545,0.357,0.606
0.0,0.0,0.0,0.0,1.0,1.0,0.16,0.16,0.51,0.51,0.44,0.28,0.0,0.0,0.5,0.35,0.92,0.73,0.33,0.9,0.93,0.33,0.33,0.46,0.63,0.39,0.76,0.11,0.42,0.541,0.358,0.604
0.0,0.0,0.0,0.0,1.0,1.0,0.16,0.16,0.5,0.5,0.42,0.3,0.12,0.0,0.5,0.39,0.6,0.76,0.56,0.59,0.61,0.56,0.56,0.63,0.41,0.54,0.46,0.26,0.75,0.539,0.355,0.598
0.0,0.0,0.0,0.0,1.0,1.0,0.16,0.16,0.49,0.49,0.39,0.34,0.18,0.16,0.25,0.42,0.47,0.78,0.56,0.46,0.48,0.56,0.56,0.67,0.4,0.66,0.4,0.42,0.86,0.546,0.35,0.601
0.0,0.0,0.0,0.0,1.0,1.0,0.16,0.16,0.48,0.48,0.37,0.36,0.18,0.16,0.25,0.41,0.41,0.77,0.56,0.4,0.42,0.56,0.56,0.67,0.4,0.66,0.4,0.48,0.5,0.557,0.353,0.602
0.0,0.0,0.0,0.0,1.0,1.0,0.16,0.16,0.49,0.49,0.37,0.35,0.0,0.0,0.5,0.41,0.66,0.77,0.5,0.63,0.69,0.5,0.5,0.55,0.45,0.48,0.58,0.23,1.0,0.557,0.352,0.608
0.0,0.0,0.0,0.0,1.0,1.0,0.16,0.16,0.51,0.51,0.36,0.36,0.0,0.0,0.5,0.36,0.92,0.73,0.35,0.92,0.92,0.35,0.35,0.49,0.57,0.48,0.59,0.14,0.36,0.525,0.35,0.606
0.0,0.0,0.0,0.0,1.0,1.0,0.16,0.16,0.51,0.51,0.37,0.35,0.09,0.02,0.5,0.39,0.65,0.75,0.52,0.63,0.67,0.52,0.52,0.61,0.42,0.56,0.45,0.17,0.98,0.534,0.352,0.605
0.0,0.0,0.0,0.0,1.0,1.0,0.16,0.16,0.5,0.5,0.38,0.34,0.1,0.06,0.5,0.42,0.45,0.78,0.56,0.44,0.46,0.56,0.56,0.62,0.42,0.59,0.43,0.22,1.0,0.529,0.365,0.594
0.07,0.07,0.0,0.0,1.0,1.0,0.35,0.34,0.3,0.3,0.4,0.32,0.24,0.22,0.0,0.47,0.25,0.82,0.56,0.25,0.25,0.56,0.56,0.71,0.38,0.7,0.38,0.25,0.78,0.51,0.365,0.578
0.0,0.0,0.0,0.0,1.0,1.0,0.16,0.16,0.41,0.41,0.41,0.32,0.18,0.16,0.0,0.47,0.25,0.81,0.56,0.25,0.25,0.56,0.56,0.67,0.4,0.66,0.4,0.21,0.73,0.516,0.377,0.55
0.0,0.0,0.0,0.0,1.0,1.0,0.16,0.16,0.42,0.42,0.41,0.31,0.13,0.1,0.0,0.48,0.25,0.82,0.56,0.25,0.25,0.56,0.56,0.64,0.41,0.62,0.42,0.22,0.93,0.513,0.387,0.537
0.0,0.0,0.0,0.0,1.0,1.0,0.16,0.16,0.42,0.42,0.39,0.33,0.0,0.0,0.25,0.7,0.84,0.99,0.34,0.84,0.85,0.34,0.34,0.35,0.7,0.35,0.7,0.16,0.49,0.527,0.39,0.535
0.0,0.0,0.0,0.0,1.0,1.0,0.16,0.16,0.41,0.41,0.39,0.33,0.0,0.0,0.0,0.62,0.35,0.93,0.56,0.35,0.35,0.56,0.56,0.38,0.7,0.38,0.7,0.19,0.87,0.521,0.387,0.535
0.0,0.0,0.0,0.0,1.0,1.0,0.16,0.16,0.41,0.41,0.4,0.32,0.1,0.12,0.0,0.52,0.25,0.85,0.56,0.25,0.25,0.56,0.56,0.62,0.42,0.63,0.41,0.2,0.98,0.505,0.383,0.544
0.0,0.0,0.0,0.0,1.0,1.0,0.16,0.16,0.41,0.41,0.41,0.31,0.2,0.2,0.0,0.48,0.25,0.82,0.56,0.25,0.25,0.56,0.56,0.68,0.39,0.68,0.39,0.21,0.93,0.508,0.37,0.547
0.0,0.0,0.0,0.0,1.0,1.0,0.16,0.16,0.45,0.45,0.37,0.36,0.22,0.27,0.0,0.45,0.25,0.8,0.56,0.25,0.25,0.56,0.56,0.7,0.38,0.73,0.37,0.22,0.89,0.512,0.375,0.542
0.0,0.0,0.0,0.0,1.0,1.0,0.16,0.16,0.46,0.46,0.4,0.32,0.27,0.31,0.0,0.45,0.25,0.8,0.56,0.25,0.25,0.56,0.56,0.73,0.37,0.76,0.36,0.24,0.76,0.511,0.368,0.548
0.0,0.0,0.0,0.0,1.0,1.0,0.16,0.16,0.47,0.47,0.45,0.27,0.24,0.27,0.0,0.46,0.25,0.8,0.56,0.25,0.25,0.56,0.56,0.71,0.38,0.73,0.37,0.25,0.62,0.524,0.368,0.544
0.0,0.0,0.0,0.0,1.0,1.0,0.16,0.16,0.48,0.48,0.46,0.26,0.24,0.27,0.25,0.46,0.25,0.81,0.56,0.25,0.25,0.56,0.56,0.71,0.38,0.73,0.37,0.33,0.66,0.548,0.368,0.535
0.0,0.0,0.0,0.0,1.0,1.0,0.16,0.16,0.47,0.47,0.48,0.25,0.24,0.27,0.25,0.45,0.3,0.8,0.56,0.3,0.3,0.56,0.56,0.71,0.38,0.73,0.37,0.44,0.72,0.525,0.368,0.54
0.0,0.0,0.0,0.0,1.0,1.0,0.16,0.16,0.48,0.48,0.49,0.24,0.2,0.1,0.5,0.48,0.42,0.82,0.56,0.38,0.45,0.56,0.56,0.68,0.39,0.62,0.42,0.47,0.5,0.515,0.367,0.544
0.0,0.0,0.0,0.0,1.0,1.0,0.16,0.16,0.46,0.46,0.5,0.22,0.0,0.0,0.5,0.77,0.46,1.0,0.55,0.43,0.5,0.55,0.55,0.32,0.7,0.32,0.7,0.28,1.0,0.514,0.367,0.541
0.0,0.0,0.0,0.0,1.0,1.0,0.16,0.16,0.45,0.45,0.49,0.23,0.0,0.0,0.5,0.85,0.56,1.0,0.47,0.54,0.58,0.47,0.47,0.28,0.7,0.28,0.7,0.17,0.62,0.497,0.372,0.547
0.0,0.0,0.0,0.0,1.0,1.0,0.16,0.16,0.44,0.44,0.48,0.25,0.0,0.0,0.5,0.72,0.57,1.0,0.48,0.55,0.58,0.48,0.48,0.34,0.7,0.34,0.7,0.14,0.5,0.509,0.352,0.587
0.0,0.0,0.0,0.0,1.0,1.0,0.16,0.16,0.43,0.43,0.46,0.26,0.07,0.02,0.5,0.52,0.52,0.86,0.54,0.5,0.54,0.54,0.54,0.6,0.43,0.56,0.45,0.13,0.49,0.524,0.34,0.61
0.0,0.0,0.0,0.0,1.0,1.0,0.16,0.16,0.48,0.48,0.4,0.32,0.0,0.0,0.75,0.43,0.81,0.79,0.39,0.8,0.83,0.39,0.39,0.53,0.48,0.47,0.61,0.11,0.34,0.544,0.325,0.614
0.0,0.0,0.0,0.0,1.0,1.0,0.16,0.16,0.53,0.53,0.4,0.33,0.0,0.0,0.75,0.4,0.88,0.76,0.38,0.87,0.89,0.38,0.38,0.55,0.46,0.51,0.54,0.12,0.29,0.565,0.305,0.626
0.0,0.0,0.0,0.0,1.0,1.0,0.16,0.16,0.53,0.53,0.4,0.32,0.15,0.13,0.5,0.43,0.58,0.79,0.56,0.58,0.57,0.56,0.56,0.65,0.41,0.64,0.41,0.31,0.67,0.581,0.292,0.63
0.0,0.0,0.0,0.0,1.0,1.0,0.16,0.16,0.55,0.55,0.4,0.32,0.13,0.13,0.5,0.44,0.49,0.79,0.56,0.49,0.5,0.56,0.56,0.64,0.41,0.64,0.41,0.38,0.97,0.599,0.293,0.633
0.0,0.0,0.0,0.0,1.0,1.0,0.16,0.16,0.57,0.57,0.38,0.34,0.13,0.13,0.5,0.44,0.59,0.8,0.56,0.59,0.59,0.56,0.56,0.64,0.41,0.64,0.41,0.41,1.0,0.607,0.298,0.625
0.0,0.0,0.0,0.0,1.0,1.0,0.16,0.16,0.62,0.62,0.36,0.36,0.0,0.0,0.75,0.29,0.95,0.68,0.33,0.96,0.95,0.33,0.33,0.55,0.46,0.52,0.52,0.12,0.35,0.619,0.303,0.607
0.0,0.0,0.0,0.0,1.0,1.0,0.16,0.16,0.57,0.57,0.38,0.34,0.13,0.16,0.5,0.39,0.66,0.76,0.56,0.65,0.66,0.56,0.56,0.64,0.41,0.66,0.4,0.5,0.5,0.619,0.308,0.601
0.01,0.01,0.0,0.0,1.0,1.0,0.16,0.16,0.51,0.51,0.37,0.35,0.2,0.24,0.5,0.38,0.46,0.75,0.56,0.46,0.47,0.56,0.56,0.68,0.39,0.71,0.38,0.61,0.5,0.586,0.32,0.586
0.01,0.01,0.0,0.0,1.0,1.0,0.16,0.16,0.48,0.48,0.38,0.34,0.25,0.28,0.5,0.37,0.36,0.74,0.56,0.36,0.37,0.56,0.56,0.72,0.38,0.74,0.37,0.57,0.5,0.538,0.323,0.594
0.02,0.02,0.0,0.0,1.0,1.0,0.16,0.16,0.45,0.45,0.39,0.34,0.24,0.22,0.25,0.48,0.32,0.82,0.56,0.31,0.32,0.56,0.56,0.71,0.38,0.7,0.38,0.55,0.5,0.486,0.323,0.586
0.02,0.02,0.0,0.0,1.0,1.0,0.16,0.16,0.43,0.43,0.39,0.33,0.0,0.0,0.25,0.85,0.31,1.0,0.56,0.3,0.32,0.56,0.56,0.28,0.7,0.28,0.7,0.35,0.22,0.458,0.332,0.574
0.04,0.04,0.0,0.0,1.0,1.0,0.16,0.16,0.43,0.43,0.38,0.34,0.0,0.0,0.5,0.81,0.49,1.0,0.5,0.49,0.5,0.5,0.5,0.3,0.7,0.3,0.7,0.34,0.33,0.419,0.337,0.568
0.09,0.09,0.0,0.0,1.0,1.0,0.16,0.16,0.47,0.47,0.37,0.36,0.0,0.0,0.5,0.52,0.93,0.85,0.36,0.93,0.93,0.36,0.36,0.54,0.46,0.54,0.46,0.34,0.44,0.407,0.34,0.568
0.05,0.05,0.0,0.0,1.0,1.0,0.16,0.16,0.44,0.44,0.39,0.33,0.21,0.22,0.25,0.42,0.43,0.78,0.56,0.43,0.44,0.56,0.56,0.69,0.39,0.7,0.38,0.51,0.5,0.456,0.323,0.565
0.05,0.05,0.0,0.0,1.0,1.0,0.16,0.16,0.43,0.43,0.38,0.34,0.24,0.28,0.25,0.39,0.38,0.75,0.56,0.38,0.37,0.56,0.56,0.71,0.38,0.74,0.37,0.62,0.5,0.512,0.318,0.554
0.05,0.05,0.0,0.0,1.0,1.0,0.16,0.16,0.44,0.44,0.37,0.35,0.28,0.33,0.25,0.35,0.4,0.73,0.56,0.41,0.38,0.56,0.56,0.74,0.37,0.77,0.35,0.7,0.5,0.544,0.307,0.556
0.04,0.04,0.0,0.0,1.0,1.0,0.16,0.16,0.45,0.45,0.36,0.37,0.33,0.39,0.25,0.33,0.4,0.71,0.56,0.42,0.38,0.56,0.56,0.77,0.35,0.81,0.34,0.75,0.5,0.566,0.307,0.558
0.01,0.01,0.0,0.0,1.0,1.0,0.16,0.16,0.48,0.48,0.35,0.38,0.38,0.43,0.25,0.33,0.35,0.71,0.56,0.37,0.33,0.56,0.56,0.8,0.34,0.84,0.32,0.75,0.5,0.594,0.307,0.552
0.01,0.01,0.0,0.0,1.0,1.0,0.16,0.16,0.5,0.5,0.32,0.4,0.43,0.51,0.0,0.38,0.25,0.74,0.56,0.25,0.25,0.56,0.56,0.84,0.32,0.89,0.3,0.62,0.5,0.607,0.308,0.547
0.0,0.0,0.0,0.0,1.0,1.0,0.16,0.16,0.51,0.51,0.3,0.43,0.33,0.42,0.0,0.52,0.25,0.85,0.56,0.25,0.25,0.56,0.56,0.77,0.35,0.83,0.33,0.42,0.86,0.596,0.308,0.555
0.0,0.0,0.0,0.0,1.0,1.0,0.16,0.16,0.51,0.51,0.29,0.43,0.34,0.42,0.0,0.51,0.25,0.85,0.56,0.25,0.25,0.56,0.56,0.78,0.35,0.83,0.32,0.41,0.97,0.596,0.308,0.548
0.0,0.0,0.0,0.0,1.0,1.0,0.16,0.16,0.49,0.49,0.29,0.44,0.34,0.42,0.0,0.51,0.25,0.85,0.56,0.25,0.25,0.56,0.56,0.78,0.35,0.83,0.32,0.39,1.0,0.592,0.318,0.539
0.0,0.0,0.0,0.0,1.0,1.0,0.16,0.16,0.47,0.47,0.28,0.44,0.34,0.4,0.0,0.47,0.25,0.82,0.56,0.25,0.25,0.56,0.56,0.78,0.35,0.82,0.33,0.53,0.5,0.584,0.33,0.532
0.0,0.0,0.0,0.0,1.0,1.0,0.16,0.16,0.45,0.45,0.28,0.45,0.34,0.4,0.0,0.43,0.25,0.78,0.56,0.25,0.25,0.56,0.56,0.78,0.35,0.82,0.33,0.59,0.5,0.568,0.337,0.52
0.0,0.0,0.0,0.0,1.0,1.0,0.16,0.16,0.42,0.42,0.28,0.45,0.34,0.38,0.0,0.4,0.25,0.77,0.56,0.25,0.25,0.56,0.56,0.78,0.35,0.8,0.34,0.63,0.5,0.534,0.337,0.519
0.0,0.0,0.0,0.0,1.0,1.0,0.16,0.16,0.39,0.39,0.28,0.44,0.34,0.36,0.0,0.4,0.25,0.76,0.56,0.25,0.25,0.56,0.56,0.78,0.35,0.79,0.35,0.49,0.5,0.474,0.33,0.502
0.0,0.0,0.0,0.0,1.0,1.0,0.16,0.16,0.38,0.38,0.28,0.44,0.31,0.33,0.0,0.4,0.25,0.77,0.56,0.25,0.25,0.56,0.56,0.76,0.36,0.77,0.35,0.28,1.0,0.427,0.338,0.49
0.0,0.0,0.0,0.0,1.0,1.0,0.16,0.16,0.38,0.38,0.28,0.44,0.3,0.31,0.0,0.4,0.25,0.77,0.56,0.25,0.25,0.56,0.56,0.75,0.36,0.76,0.36,0.24,1.0,0.412,0.338,0.489
0.0,0.0,0.0,0.0,1.0,1.0,0.16,0.16,0.37,0.37,0.28,0.44,0.34,0.34,0.0,0.4,0.25,0.76,0.56,0.25,0.25,0.56,0.56,0.78,0.35,0.78,0.35,0.35,1.0,0.441,0.337,0.488
0.0,0.0,0.0,0.0,1.0,1.0,0.16,0.16,0.38,0.38,0.28,0.44,0.36,0.36,0.0,0.39,0.25,0.75,0.56,0.25,0.25,0.56,0.56,0.79,0.34,0.79,0.34,0.57,0.5,0.483,0.332,0.484
0.0,0.0,0.0,0.0,1.0,1.0,0.16,0.16,0.39,0.39,0.28,0.44,0.34,0.34,0.0,0.37,0.25,0.74,0.56,0.25,0.25,0.56,0.56,0.78,0.35,0.78,0.35,0.66,0.5,0.52,0.328,0.482
0.0,0.0,0.0,0.0,1.0,1.0,0.16,0.16,0.39,0.39,0.28,0.44,0.33,0.34,0.0,0.37,0.25,0.74,0.56,0.25,0.25,0.56,0.56,0.77,0.35,0.78,0.35,0.66,0.5,0.557,0.323,0.479
0.0,0.0,0.0,0.0,1.0,1.0,0.16,0.16,0.4,0.4,0.29,0.43,0.33,0.36,0.0,0.38,0.25,0.75,0.56,0.25,0.25,0.56,0.56,0.77,0.35,0.79,0.34,0.48,0.5,0.574,0.318,0.476
0.0,0.0,0.0,0.0,1.0,1.0,0.16,0.16,0.4,0.4,0.3,0.42,0.3,0.33,0.0,0.42,0.25,0.78,0.56,0.25,0.25,0.56,0.56,0.75,0.36,0.77,0.35,0.38,1.0,0.575,0.322,0.476
0.0,0.0,0.0,0.0,1.0,1.0,0.16,0.16,0.41,0.41,0.31,0.42,0.28,0.31,0.0,0.43,0.25,0.78,0.56,0.25,0.25,0.56,0.56,0.74,0.36,0.76,0.36,0.36,1.0,0.575,0.32,0.48
0.0,0.0,0.0,0.0,1.0,1.0,0.16,0.16,0.42,0.42,0.31,0.41,0.28,0.31,0.0,0.43,0.25,0.79,0.56,0.25,0.25,0.56,0.56,0.74,0.36,0.76,0.36,0.34,1.0,0.577,0.315,0.477
0.0,0.0,0.0,0.0,1.0,1.0,0.16,0.16,0.42,0.42,0.31,0.42,0.28,0.31,0.0,0.43,0.25,0.79,0.56,0.25,0.25,0.56,0.56,0.74,0.36,0.76,0.36,0.33,1.0,0.583,0.315,0.475
0.0,0.0,0.0,0.0,1.0,1.0,0.16,0.16,0.42,0.42,0.31,0.41,0.28,0.31,0.0,0.43,0.25,0.79,0.56,0.25,0.25,0.56,0.56,0.74,0.36,0.76,0.36,0.3,1.0,0.589,0.32,0.473
0.0,0.0,0.0,0.0,1.0,1.0,0.16,0.16,0.42,0.42,0.31,0.41,0.28,0.3,0.0,0.43,0.25,0.79,0.56,0.25,0.25,0.56,0.56,0.74,0.37,0.75,0.36,0.29,1.0,0.586,0.322,0.47
0.0,0.0,0.0,0.0,1.0,1.0,0.16,0.16,0.42,0.42,0.32,0.41,0.3,0.31,0.0,0.44,0.25,0.79,0.56,0.25,0.25,0.56,0.56,0.75,0.36,0.76,0.36,0.34,1.0,0.578,0.318,0.477
0.0,0.0,0.0,0.0,1.0,1.0,0.16,0.16,0.43,0.43,0.32,0.41,0.33,0.31,0.0,0.44,0.25,0.79,0.56,0.25,0.25,0.56,0.56,0.77,0.35,0.76,0.36,0.35,0.51,0.561,0.308,0.472
0.0,0.0,0.0,0.0,1.0,1.0,0.16,0.16,0.43,0.43,0.32,0.41,0.33,0.3,0.0,0.43,0.25,0.79,0.56,0.25,0.25,0.56,0.56,0.77,0.35,0.75,0.36,0.34,0.21,0.556,0.312,0.476
0.0,0.0,0.0,0.0,1.0,1.0,0.16,0.16,0.43,0.43,0.32,0.4,0.31,0.27,0.0,0.43,0.25,0.78,0.56,0.25,0.25,0.56,0.56,0.76,0.36,0.73,0.37,0.31,0.12,0.546,0.312,0.478
0.0,0.0,0.0,0.0,1.0,1.0,0.16,0.16,0.43,0.43,0.32,0.4,0.27,0.22,0.0,0.43,0.25,0.78,0.56,0.25,0.25,0.56,0.56,0.73,0.37,0.7,0.38,0.27,0.09,0.541,0.312,0.478
0.0,0.0,0.0,0.0,1.0,1.0,0.16,0.16,0.44,0.44,0.32,0.4,0.0,0.0,0.0,0.61,0.25,0.92,0.56,0.25,0.25,0.56,0.56,0.55,0.45,0.51,0.53,0.23,0.38,0.541,0.312,0.481
0.0,0.0,0.0,0.0,1.0,1.0,0.16,0.16,0.46,0.46,0.33,0.39,0.0,0.0,0.0,0.65,0.26,0.95,0.56,0.25,0.26,0.56,0.56,0.37,0.7,0.37,0.7,0.26,1.0,0.539,0.312,0.479
0.0,0.0,0.0,0.0,1.0,1.0,0.16,0.16,0.48,0.48,0.34,0.39,0.16,0.18,0.0,0.54,0.25,0.87,0.56,0.25,0.25,0.56,0.56,0.66,0.4,0.67,0.4,0.23,1.0,0.543,0.325,0.485
0.0,0.0,0.0,0.0,1.0,1.0,0.16,0.16,0.48,0.48,0.34,0.39,0.22,0.22,0.0,0.46,0.27,0.81,0.56,0.26,0.27,0.56,0.56,0.7,0.38,0.7,0.38,0.17,0.97,0.531,0.342,0.49
0.0,0.0,0.0,0.0,1.0,1.0,0.16,0.16,0.49,0.49,0.33,0.39,0.24,0.24,0.25,0.44,0.28,0.79,0.56,0.27,0.28,0.56,0.56,0.71,0.38,0.71,0.38,0.16,0.95,0.532,0.343,0.498
0.0,0.0,0.0,0.0,1.0,1.0,0.16,0.16,0.49,0.49,0.34,0.39,0.28,0.27,0.25,0.43,0.29,0.78,0.56,0.29,0.3,0.56,0.56,0.74,0.37,0.73,0.37,0.16,0.88,0.534,0.345,0.502
0.07,0.07,0.0,0.0,1.0,1.0,0.29,0.28,0.33,0.33,0.36,0.36,0.4,0.4,0.5,0.33,0.74,0.71,0.42,0.74,0.74,0.42,0.42,0.82,0.33,0.82,0.33,0.07,0.5,0.537,0.348,0.503
0.04,0.04,0.0,0.0,1.0,1.0,0.16,0.16,0.42,0.42,0.37,0.36,0.4,0.36,0.75,0.26,0.9,0.66,0.33,0.9,0.9,0.33,0.33,0.82,0.33,0.79,0.34,0.04,0.46,0.532,0.338,0.501
0.25,0.25,0.36,0.36,1.0,1.0,0.8,0.78,0.26,0.26,0.35,0.38,0.33,0.3,0.75,0.25,0.91,0.65,0.33,0.91,0.91,0.33,0.33,0.77,0.35,0.75,0.36,0.04,0.46,0.525,0.323,0.502
0.2,0.2,0.24,0.24,1.0,1.0,0.16,0.16,0.38,0.38,0.36,0.36,0.25,0.24,1.0,0.25,0.92,0.65,0.34,0.92,0.92,0.34,0.34,0.72,0.38,0.71,0.38,0.03,0.47,0.51,0.317,0.501
0.4,0.4,0.69,0.69,1.0,1.0,0.16,0.16,0.36,0.36,0.36,0.37,0.21,0.2,1.0,0.25,0.95,0.65,0.3,0.95,0.95,0.3,0.3,0.69,0.39,0.68,0.39,0.03,0.49,0.482,0.32,0.505
0.57,0.57,1.0,1.0,0.97,0.97,0.49,0.49,0.2,0.2,0.36,0.37,0.18,0.18,1.0,0.28,0.91,0.67,0.35,0.9,0.91,0.35,0.35,0.67,0.4,0.67,0.4,0.03,0.49,0.477,0.327,0.508
0.58,0.58,1.0,1.0,0.96,0.96,0.16,0.16,0.3,0.3,0.36,0.36,0.15,0.15,1.0,0.27,0.94,0.67,0.31,0.94,0.94,0.31,0.31,0.65,0.41,0.65,0.41,0.03,0.51,0.464,0.33,0.511
0.56,0.56,1.0,1.0,0.97,0.97,0.16,0.16,0.32,0.32,0.37,0.36,0.13,0.13,1.0,0.25,0.95,0.65,0.29,0.95,0.95,0.29,0.29,0.64,0.41,0.64,0.41,0.02,0.52,0.476,0.33,0.506
0.49,0.49,0.9,0.9,1.0,1.0,0.16,0.16,0.32,0.32,0.36,0.36,0.13,0.13,1.0,0.24,0.95,0.65,0.28,0.95,0.95,0.28,0.28,0.64,0.41,0.64,0.41,0.02,0.52,0.49,0.333,0.504
0.43,0.43,0.77,0.77,1.0,1.0,0.28,0.28,0.3,0.3,0.34,0.38,0.13,0.15,1.0,0.27,0.93,0.66,0.33,0.92,0.93,0.33,0.33,0.64,0.41,0.65,0.41,0.02,0.51,0.491,0.33,0.5
0.41,0.41,0.72,0.72,1.0,1.0,0.16,0.16,0.56,0.56,0.25,0.48,0.13,0.15,1.0,0.28,0.93,0.68,0.32,0.93,0.93,0.32,0.32,0.64,0.41,0.65,0.41,0.03,0.52,0.51,0.332,0.493
0.43,0.43,0.76,0.76,1.0,1.0,0.16,0.16,0.59,0.59,0.24,0.49,0.1,0.12,1.0,0.28,0.95,0.68,0.31,0.95,0.95,0.31,0.31,0.62,0.42,0.63,0.42,0.03,0.54,0.556,0.332,0.486
0.43,0.43,0.76,0.76,1.0,1.0,0.16,0.16,0.61,0.61,0.24,0.49,0.1,0.12,1.0,0.29,0.95,0.68,0.32,0.95,0.96,0.32,0.32,0.62,0.42,0.63,0.41,0.04,0.54,0.594,0.337,0.475
0.41,0.41,0.72,0.72,1.0,1.0,0.16,0.16,0.56,0.56,0.25,0.47,0.13,0.13,1.0,0.29,0.96,0.68,0.33,0.96,0.96,0.33,0.33,0.64,0.41,0.64,0.41,0.04,0.54,0.615,0.342,0.467
0.39,0.39,0.67,0.67,1.0,1.0,0.47,0.47,0.28,0.28,0.34,0.38,0.18,0.2,1.0,0.28,0.92,0.67,0.33,0.92,0.92,0.33,0.33,0.67,0.39,0.68,0.39,0.04,0.53,0.633,0.35,0.468
0.39,0.39,0.68,0.68,1.0,1.0,0.16,0.16,0.37,0.37,0.34,0.39,0.18,0.2,1.0,0.27,0.92,0.67,0.33,0.92,0.92,0.33,0.33,0.67,0.4,0.68,0.39,0.04,0.51,0.634,0.353,0.468
0.36,0.36,0.6,0.6,1.0,1.0,0.16,0.16,0.44,0.44,0.32,0.4,0.18,0.18,1.0,0.26,0.94,0.66,0.31,0.94,0.94,0.31,0.31,0.67,0.4,0.67,0.4,0.03,0.5,0.633,0.353,0.467
0.19,0.19,0.2,0.2,1.0,1.0,0.16,0.16,0.45,0.45,0.33,0.4,0.25,0.24,0.75,0.31,0.68,0.69,0.48,0.68,0.68,0.48,0.48,0.72,0.38,0.71,0.38,0.05,0.47,0.613,0.355,0.465
0.0,0.0,0.0,0.0,1.0,1.0,0.16,0.16,0.45,0.45,0.33,0.39,0.25,0.24,0.25,0.4,0.35,0.76,0.56,0.36,0.35,0.56,0.56,0.72,0.37,0.71,0.38,0.12,0.7,0.599,0.35,0.468
0.0,0.0,0.0,0.0,1.0,1.0,0.16,0.16,0.45,0.45,0.33,0.39,0.28,0.3,0.0,0.42,0.27,0.78,0.56,0.27,0.27,0.56,0.56,0.74,0.36,0.75,0.36,0.12,0.82,0.589,0.352,0.466
0.0,0.0,0.0,0.0,1.0,1.0,0.16,0.16,0.44,0.44,0.32,0.4,0.4,0.43,0.25,0.43,0.25,0.78,0.56,0.25,0.25,0.56,0.56,0.82,0.33,0.84,0.32,0.15,0.9,0.578,0.348,0.472
0.57,0.57,1.0,1.0,0.97,0.97,0.16,0.16,0.44,0.44,0.32,0.41,0.46,0.51,0.0,0.46,0.25,0.81,0.56,0.25,0.25,0.56,0.56,0.86,0.31,0.89,0.3,0.2,1.0,0.552,0.355,0.472
0.0,0.0,0.0,0.0,1.0,1.0,0.16,0.16,0.45,0.45,0.3,0.42,0.49,0.55,0.0,0.47,0.25,0.81,0.56,0.25,0.25,0.56,0.56,0.88,0.3,0.92,0.29,0.24,1.0,0.526,0.357,0.471
0.0,0.0,0.0,0.0,1.0,1.0,0.16,0.16,0.5,0.5,0.24,0.49,0.45,0.57,0.0,0.47,0.25,0.81,0.56,0.25,0.25,0.56,0.56,0.85,0.31,0.93,0.28,0.33,1.0,0.503,0.355,0.467
0.07,0.07,0.0,0.0,1.0,1.0,0.16,0.16,0.5,0.5,0.25,0.47,0.43,0.55,0.0,0.48,0.25,0.82,0.56,0.25,0.25,0.56,0.56,0.84,0.32,0.92,0.29,0.38,0.85,0.473,0.357,0.465
0.06,0.06,0.0,0.0,1.0,1.0,0.16,0.16,0.49,0.49,0.27,0.46,0.42,0.52,0.0,0.49,0.25,0.83,0.56,0.25,0.25,0.56,0.56,0.83,0.32,0.9,0.29,0.42,0.82,0.446,0.355,0.473
0.0,0.0,0.0,0.0,1.0,1.0,0.16,0.16,0.48,0.48,0.26,0.47,0.42,0.52,0.0,0.48,0.25,0.82,0.56,0.25,0.25,0.56,0.56,0.83,0.32,0.9,0.29,0.45,0.5,0.439,0.355,0.476
0.0,0.0,0.0,0.0,1.0,1.0,0.16,0.16,0.48,0.48,0.26,0.47,0.43,0.52,0.0,0.47,0.25,0.82,0.56,0.25,0.25,0.56,0.56,0.84,0.32,0.9,0.29,0.49,0.5,0.426,0.355,0.477
0.0,0.0,0.0,0.0,1.0,1.0,0.16,0.16,0.48,0.48,0.27,0.45,0.43,0.54,0.0,0.47,0.25,0.81,0.56,0.25,0.25,0.56,0.56,0.84,0.32,0.91,0.29,0.52,0.5,0.407,0.353,0.47
0.0,0.0,0.0,0.0,1.0,1.0,0.16,0.16,0.48,0.48,0.27,0.45,0.45,0.55,0.0,0.46,0.25,0.81,0.56,0.25,0.25,0.56,0.56,0.85,0.32,0.92,0.29,0.52,0.5,0.393,0.353,0.466
0.0,0.0,0.0,0.0,1.0,1.0,0.16,0.16,0.48,0.48,0.28,0.45,0.45,0.55,0.0,0.46,0.25,0.81,0.56,0.25,0.25,0.56,0.56,0.85,0.32,0.92,0.28,0.52,0.5,0.394,0.358,0.468
0.0,0.0,0.0,0.0,1.0,1.0,0.16,0.16,0.46,0.46,0.27,0.46,0.43,0.54,0.0,0.43,0.25,0.78,0.56,0.25,0.25,0.56,0.56,0.84,0.32,0.91,0.29,0.61,0.5,0.394,0.355,0.476
0.0,0.0,0.0,0.0,1.0,1.0,0.16,0.16,0.44,0.44,0.26,0.46,0.4,0.49,0.0,0.42,0.25,0.78,0.56,0.25,0.25,0.56,0.56,0.82,0.33,0.88,0.3,0.65,0.5,0.411,0.353,0.476
0.0,0.0,0.0,0.0,1.0,1.0,0.16,0.16,0.43,0.43,0.27,0.45,0.39,0.45,0.0,0.41,0.25,0.77,0.56,0.25,0.25,0.56,0.56,0.81,0.33,0.85,0.32,0.65,0.5,0.429,0.355,0.475
0.0,0.0,0.0,0.0,1.0,1.0,0.16,0.16,0.44,0.44,0.28,0.44,0.42,0.51,0.0,0.4,0.25,0.76,0.56,0.25,0.25,0.56,0.56,0.83,0.33,0.89,0.3,0.57,0.5,0.446,0.352,0.473
0.0,0.0,0.0,0.0,1.0,1.0,0.16,0.16,0.44,0.44,0.28,0.45,0.45,0.52,0.0,0.4,0.25,0.77,0.56,0.25,0.25,0.56,0.56,0.85,0.32,0.9,0.29,0.48,0.5,0.443,0.35,0.467
0.0,0.0,0.0,0.0,1.0,1.0,0.16,0.16,0.44,0.44,0.28,0.45,0.45,0.52,0.0,0.42,0.25,0.77,0.56,0.25,0.25,0.56,0.56,0.85,0.32,0.9,0.29,0.53,0.5,0.44,0.353,0.469
0.0,0.0,0.0,0.0,1.0,1.0,0.16,0.16,0.43,0.43,0.28,0.45,0.43,0.52,0.0,0.43,0.25,0.78,0.56,0.25,0.25,0.56,0.56,0.84,0.32,0.9,0.3,0.52,0.5,0.434,0.352,0.467
0.0,0.0,0.0,0.0,1.0,1.0,0.16,0.16,0.43,0.43,0.28,0.45,0.43,0.51,0.0,0.43,0.25,0.78,0.56,0.25,0.25,0.56,0.56,0.84,0.32,0.89,0.3,0.51,0.5,0.44,0.353,0.468
0.0,0.0,0.0,0.0,1.0,1.0,0.16,0.16,0.43,0.43,0.27,0.45,0.43,0.49,0.0,0.43,0.25,0.78,0.56,0.25,0.25,0.56,0.56,0.84,0.32,0.88,0.3,0.51,0.5,0.486,0.355,0.463
0.0,0.0,0.0,0.0,1.0,1.0,0.16,0.16,0.43,0.43,0.27,0.46,0.4,0.49,0.0,0.42,0.25,0.78,0.56,0.25,0.25,0.56,0.56,0.82,0.33,0.88,0.31,0.57,0.5,0.504,0.36,0.46
0.0,0.0,0.0,0.0,1.0,1.0,0.16,0.16,0.42,0.42,0.27,0.46,0.36,0.4,0.0,0.41,0.25,0.77,0.56,0.25,0.25,0.56,0.56,0.79,0.34,0.82,0.33,0.62,0.5,0.521,0.367,0.462
0.0,0.0,0.0,0.0,1.0,1.0,0.16,0.16,0.42,0.42,0.27,0.45,0.34,0.38,0.0,0.41,0.25,0.77,0.56,0.25,0.25,0.56,0.56,0.78,0.35,0.8,0.34,0.64,0.5,0.505,0.362,0.467
0.0,0.0,0.0,0.0,1.0,1.0,0.16,0.16,0.42,0.42,0.27,0.45,0.34,0.36,0.0,0.4,0.25,0.76,0.56,0.25,0.25,0.56,0.56,0.78,0.35,0.79,0.34,0.64,0.5,0.483,0.355,0.476
0.0,0.0,0.0,0.0,1.0,1.0,0.16,0.16,0.42,0.42,0.27,0.45,0.36,0.38,0.0,0.39,0.25,0.76,0.56,0.25,0.25,0.56,0.56,0.79,0.34,0.8,0.34,0.59,0.5,0.489,0.353,0.473
0.0,0.0,0.0,0.0,1.0,1.0,0.16,0.16,0.43,0.43,0.28,0.45,0.36,0.38,0.0,0.42,0.25,0.78,0.56,0.25,0.25,0.56,0.56,0.79,0.34,0.8,0.34,0.48,0.5,0.493,0.355,0.469
0.0,0.0,0.0,0.0,1.0,1.0,0.16,0.16,0.41,0.41,0.29,0.44,0.36,0.38,0.0,0.42,0.25,0.78,0.56,0.25,0.25,0.56,0.56,0.79,0.34,0.8,0.34,0.39,0.96,0.498,0.358,0.468
0.0,0.0,0.0,0.0,1.0,1.0,0.16,0.16,0.39,0.39,0.28,0.44,0.46,0.49,0.0,0.38,0.25,0.75,0.56,0.25,0.25,0.56,0.56,0.86,0.31,0.88,0.3,0.28,0.91,0.499,0.355,0.469
0.0,0.0,0.0,0.0,1.0,1.0,0.16,0.16,0.39,0.39,0.29,0.44,0.81,0.81,0.0,0.29,0.25,0.68,0.56,0.25,0.25,0.56,0.56,1.0,0.21,1.0,0.21,0.25,0.73,0.506,0.35,0.464
0.0,0.0,0.0,0.0,1.0,1.0,0.16,0.16,0.39,0.39,0.29,0.44,0.81,0.81,0.0,0.28,0.25,0.67,0.56,0.25,0.25,0.56,0.56,1.0,0.21,1.0,0.21,0.25,0.78,0.522,0.352,0.458
0.0,0.0,0.0,0.0,1.0,1.0,0.16,0.16,0.39,0.39,0.29,0.43,0.81,0.81,0.0,0.28,0.25,0.67,0.56,0.25,0.25,0.56,0.56,1.0,0.21,1.0,0.21,0.27,0.78,0.537,0.353,0.459
0.0,0.0,0.0,0.0,1.0,1.0,0.16,0.16,0.39,0.39,0.3,0.43,0.81,0.81,0.0,0.28,0.25,0.67,0.56,0.25,0.25,0.56,0.56,1.0,0.21,1.0,0.21,0.29,0.79,0.552,0.358,0.455
0.0,0.0,0.0,0.0,1.0,1.0,0.16,0.16,0.39,0.39,0.29,0.43,0.81,0.81,0.0,0.28,0.25,0.67,0.56,0.25,0.25,0.56,0.56,1.0,0.21,1.0,0.21,0.31,0.81,0.534,0.365,0.462
0.0,0.0,0.0,0.0,1.0,1.0,0.16,0.16,0.38,0.38,0.3,0.43,0.81,0.81,0.0,0.28,0.25,0.67,0.56,0.25,0.25,0.56,0.56,1.0,0.21,1.0,0.21,0.32,0.9,0.514,0.362,0.46
0.0,0.0,0.0,0.0,1.0,1.0,0.16,0.16,0.38,0.38,0.31,0.42,0.81,0.81,0.0,0.3,0.25,0.69,0.56,0.25,0.25,0.56,0.56,1.0,0.21,1.0,0.21,0.34,1.0,0.518,0.36,0.465
0.0,0.0,0.0,0.0,1.0,1.0,0.16,0.16,0.38,0.38,0.3,0.43,0.6,0.67,0.0,0.35,0.25,0.72,0.56,0.25,0.25,0.56,0.56,0.95,0.27,1.0,0.25,0.36,1.0,0.54,0.363,0.465
0.0,0.0,0.0,0.0,1.0,1.0,0.16,0.16,0.38,0.38,0.3,0.43,0.49,0.57,0.0,0.39,0.25,0.75,0.56,0.25,0.25,0.56,0.56,0.88,0.3,0.93,0.28,0.56,0.5,0.553,0.365,0.46
0.0,0.0,0.0,0.0,1.0,1.0,0.16,0.16,0.39,0.39,0.29,0.43,0.4,0.46,0.0,0.41,0.25,0.77,0.56,0.25,0.25,0.56,0.56,0.82,0.33,0.86,0.31,0.63,0.5,0.565,0.363,0.457
0.0,0.0,0.0,0.0,1.0,1.0,0.16,0.16,0.39,0.39,0.3,0.43,0.2,0.13,0.0,0.42,0.25,0.78,0.56,0.25,0.25,0.56,0.56,0.68,0.39,0.64,0.41,0.7,0.5,0.566,0.36,0.455
0.0,0.0,0.0,0.0,1.0,1.0,0.16,0.16,0.41,0.41,0.31,0.42,0.0,0.0,0.0,0.85,0.56,1.0,0.49,0.53,0.58,0.49,0.49,0.28,0.7,0.28,0.7,0.68,0.5,0.564,0.362,0.452
0.0,0.0,0.0,0.0,1.0,1.0,0.16,0.16,0.42,0.42,0.3,0.42,0.0,0.0,0.0,0.73,0.31,1.0,0.56,0.27,0.35,0.56,0.56,0.33,0.7,0.33,0.7,0.59,0.5,0.564,0.363,0.455
0.0,0.0,0.0,0.0,1.0,1.0,0.16,0.16,0.41,0.41,0.3,0.42,0.2,0.16,0.0,0.46,0.25,0.81,0.56,0.25,0.25,0.56,0.56,0.68,0.39,0.66,0.4,0.6,0.5,0.573,0.363,0.457
0.0,0.0,0.0,0.0,1.0,1.0,0.16,0.16,0.4,0.4,0.3,0.42,0.27,0.25,0.0,0.45,0.25,0.8,0.56,0.25,0.25,0.56,0.56,0.73,0.37,0.72,0.37,0.55,0.5,0.576,0.365,0.459
0.0,0.0,0.0,0.0,1.0,1.0,0.16,0.16,0.4,0.4,0.3,0.42,0.27,0.27,0.0,0.47,0.25,0.81,0.56,0.25,0.25,0.56,0.56,0.73,0.37,0.73,0.37,0.49,0.5,0.57,0.367,0.459
0.0,0.0,0.0,0.0,1.0,1.0,0.16,0.16,0.42,0.42,0.29,0.43,0.27,0.27,0.0,0.48,0.25,0.82,0.56,0.25,0.25,0.56,0.56,0.73,0.37,0.73,0.37,0.49,0.5,0.552,0.367,0.463
0.0,0.0,0.0,0.0,1.0,1.0,0.16,0.16,0.42,0.42,0.29,0.43,0.25,0.27,0.0,0.49,0.25,0.83,0.56,0.25,0.25,0.56,0.56,0.72,0.37,0.73,0.37,0.53,0.5,0.541,0.365,0.464
0.0,0.0,0.0,0.0,1.0,1.0,0.16,0.16,0.43,0.43,0.29,0.43,0.25,0.27,0.0,0.49,0.25,0.83,0.56,0.25,0.25,0.56,0.56,0.72,0.37,0.73,0.37,0.58,0.5,0.555,0.367,0.455
0.0,0.0,0.0,0.0,1.0,1.0,0.16,0.16,0.44,0.44,0.29,0.44,0.24,0.25,0.0,0.49,0.25,0.83,0.56,0.25,0.25,0.56,0.56,0.71,0.38,0.72,0.38,0.61,0.5,0.581,0.368,0.456
0.0,0.0,0.0,0.0,1.0,1.0,0.16,0.16,0.45,0.45,0.29,0.43,0.0,0.0,0.0,0.74,0.25,1.0,0.56,0.25,0.25,0.56,0.56,0.33,0.7,0.33,0.7,0.31,1.0,0.576,0.367,0.457
0.0,0.0,0.0,0.0,1.0,1.0,0.16,0.16,0.46,0.46,0.3,0.43,0.0,0.0,0.0,0.73,0.3,1.0,0.52,0.29,0.32,0.52,0.52,0.33,0.7,0.33,0.7,0.23,1.0,0.574,0.363,0.455
0.0,0.0,0.0,0.0,1.0,1.0,0.16,0.16,0.5,0.5,0.3,0.42,0.04,0.0,0.0,0.51,0.64,0.85,0.4,0.61,0.66,0.4,0.4,0.58,0.44,0.54,0.47,0.16,0.89,0.564,0.362,0.45
0.03,0.03,0.0,0.0,1.0,1.0,0.16,0.16,0.53,0.53,0.3,0.42,0.06,0.0,0.0,0.37,0.83,0.74,0.32,0.82,0.85,0.32,0.32,0.59,0.43,0.53,0.49,0.12,0.69,0.564,0.358,0.458
0.57,0.57,1.0,1.0,0.97,0.97,0.16,0.16,0.43,0.43,0.33,0.4,0.13,0.02,0.25,0.36,0.83,0.74,0.33,0.81,0.85,0.33,0.33,0.64,0.41,0.56,0.44,0.12,0.79,0.547,0.36,0.463
0.06,0.06,0.0,0.0,1.0,1.0,0.16,0.16,0.49,0.49,0.32,0.41,0.21,0.1,0.75,0.3,0.86,0.69,0.33,0.84,0.88,0.33,0.33,0.69,0.39,0.62,0.42,0.07,0.56,0.519,0.355,0.463
0.1,0.1,0.01,0.01,1.0,1.0,0.16,0.16,0.5,0.5,0.31,0.41,0.24,0.13,0.75,0.31,0.77,0.69,0.45,0.75,0.78,0.45,0.45,0.71,0.38,0.64,0.41,0.07,0.51,0.511,0.353,0.465
0.17,0.17,0.17,0.17,1.0,1.0,0.19,0.19,0.45,0.45,0.32,0.4,0.21,0.16,0.75,0.31,0.81,0.7,0.41,0.8,0.81,0.41,0.41,0.69,0.39,0.66,0.4,0.08,0.48,0.512,0.357,0.457
0.26,0.26,0.36,0.36,1.0,1.0,0.16,0.16,0.45,0.45,0.32,0.4,0.21,0.2,0.75,0.3,0.87,0.69,0.36,0.87,0.87,0.36,0.36,0.69,0.39,0.68,0.39,0.06,0.47,0.519,0.357,0.456
0.19,0.19,0.21,0.21,1.0,1.0,0.16,0.16,0.5,0.5,0.32,0.4,0.21,0.2,0.75,0.28,0.9,0.67,0.34,0.9,0.9,0.34,0.34,0.69,0.39,0.68,0.39,0.04,0.46,0.494,0.35,0.465
0.28,0.28,0.42,0.42,1.0,1.0,0.7,0.63,0.31,0.31,0.33,0.4,0.2,0.2,1.0,0.27,0.9,0.67,0.34,0.9,0.9,0.34,0.34,0.68,0.39,0.68,0.39,0.04,0.46,0.492,0.343,0.467
0.22,0.22,0.28,0.28,1.0,1.0,0.16,0.16,0.43,0.43,0.33,0.4,0.18,0.2,1.0,0.28,0.9,0.67,0.34,0.9,0.9,0.34,0.34,0.67,0.4,0.68,0.39,0.04,0.46,0.481,0.338,0.469
0.19,0.19,0.2,0.2,1.0,1.0,0.16,0.16,0.47,0.47,0.32,0.4,0.16,0.16,1.0,0.27,0.91,0.67,0.33,0.91,0.91,0.33,0.33,0.66,0.4,0.66,0.4,0.04,0.47,0.443,0.33,0.472
0.18,0.18,0.18,0.18,1.0,1.0,0.16,0.16,0.5,0.5,0.31,0.41,0.15,0.15,1.0,0.27,0.91,0.66,0.34,0.91,0.91,0.34,0.34,0.65,0.4,0.65,0.41,0.04,0.47,0.445,0.333,0.462
0.41,0.41,0.72,0.72,1.0,1.0,0.16,0.16,0.7,0.7,0.26,0.47,0.12,0.12,1.0,0.29,0.94,0.68,0.33,0.94,0.94,0.33,0.33,0.63,0.42,0.63,0.42,0.04,0.49,0.447,0.332,0.456
0.56,0.56,1.0,1.0,0.98,0.98,0.16,0.16,0.71,0.71,0.24,0.49,0.09,0.1,1.0,0.29,0.95,0.68,0.32,0.95,0.95,0.32,0.32,0.61,0.42,0.62,0.42,0.04,0.51,0.43,0.337,0.459
0.56,0.56,1.0,1.0,0.98,0.98,0.16,0.16,0.71,0.71,0.25,0.48,0.12,0.13,1.0,0.3,0.95,0.69,0.32,0.95,0.95,0.32,0.32,0.63,0.41,0.64,0.41,0.05,0.52,0.429,0.34,0.459
0.56,0.56,1.0,1.0,0.98,0.98,0.16,0.16,0.71,0.71,0.25,0.48,0.15,0.18,1.0,0.29,0.95,0.68,0.32,0.95,0.96,0.32,0.32,0.65,0.4,0.67,0.4,0.05,0.53,0.428,0.343,0.456
0.63,0.63,1.0,1.0,0.92,0.92,0.16,0.16,0.74,0.74,0.22,0.51,0.2,0.22,1.0,0.29,0.96,0.68,0.33,0.96,0.96,0.33,0.33,0.68,0.39,0.7,0.38,0.06,0.6,0.436,0.34,0.459
0.88,0.88,1.0,1.0,0.72,0.72,0.16,0.16,0.74,0.74,0.21,0.53,0.06,0.12,1.0,0.31,0.97,0.69,0.36,0.97,0.97,0.36,0.36,0.59,0.43,0.63,0.41,0.08,0.72,0.44,0.34,0.456
0.87,0.87,1.0,1.0,0.72,0.72,0.16,0.16,0.73,0.73,0.21,0.52,0.03,0.09,1.0,0.31,0.97,0.69,0.36,0.97,0.97,0.36,0.36,0.57,0.44,0.61,0.42,0.08,0.79,0.444,0.352,0.455
0.83,0.83,1.0,1.0,0.75,0.75,0.16,0.16,0.72,0.72,0.22,0.51,0.06,0.12,1.0,0.31,0.97,0.69,0.36,0.97,0.97,0.36,0.36,0.59,0.43,0.63,0.41,0.08,0.79,0.454,0.352,0.457
0.74,0.74,1.0,1.0,0.83,0.83,0.16,0.16,0.72,0.72,0.23,0.5,0.12,0.2,1.0,0.31,0.97,0.69,0.35,0.97,0.97,0.35,0.35,0.63,0.41,0.68,0.39,0.08,0.79,0.459,0.355,0.456
0.65,0.65,1.0,1.0,0.9,0.9,0.16,0.16,0.73,0.73,0.24,0.49,0.16,0.21,1.0,0.3,0.97,0.69,0.34,0.97,0.97,0.34,0.34,0.66,0.4,0.69,0.39,0.08,0.79,0.46,0.365,0.458
0.63,0.63,1.0,1.0,0.92,0.92,0.16,0.16,0.74,0.74,0.23,0.51,0.16,0.21,1.0,0.3,0.97,0.68,0.34,0.97,0.97,0.34,0.34,0.66,0.4,0.69,0.39,0.08,0.78,0.474,0.37,0.459
0.61,0.61,1.0,1.0,0.94,0.94,0.16,0.16,0.73,0.73,0.23,0.5,0.15,0.2,1.0,0.3,0.97,0.69,0.34,0.97,0.97,0.34,0.34,0.65,0.4,0.68,0.39,0.07,0.75,0.481,0.367,0.461
0.6,0.6,1.0,1.0,0.95,0.95,0.16,0.16,0.72,0.72,0.24,0.5,0.09,0.12,1.0,0.32,0.95,0.7,0.34,0.95,0.95,0.34,0.34,0.61,0.42,0.63,0.42,0.07,0.75,0.476,0.368,0.459
0.88,0.88,1.0,1.0,0.71,0.71,0.16,0.16,0.66,0.66,0.22,0.52,0.0,0.0,1.0,0.49,0.85,0.83,0.46,0.84,0.86,0.46,0.46,0.51,0.52,0.51,0.54,0.11,0.81,0.469,0.37,0.454
0.83,0.83,1.0,1.0,0.75,0.75,0.16,0.16,0.49,0.49,0.25,0.48,0.24,0.27,0.25,0.57,0.48,0.89,0.56,0.47,0.49,0.56,0.56,0.71,0.38,0.73,0.37,0.14,0.67,0.474,0.367,0.455
0.78,0.78,1.0,1.0,0.8,0.8,0.16,0.16,0.45,0.45,0.24,0.49,0.25,0.27,0.0,0.58,0.37,0.9,0.56,0.36,0.38,0.56,0.56,0.72,0.37,0.73,0.37,0.17,0.65,0.466,0.367,0.459
0.72,0.72,1.0,1.0,0.84,0.84,0.16,0.16,0.43,0.43,0.26,0.47,0.25,0.25,0.0,0.59,0.32,0.9,0.56,0.3,0.33,0.56,0.56,0.72,0.37,0.72,0.37,0.19,0.75,0.459,0.365,0.461
0.66,0.66,1.0,1.0,0.9,0.9,0.16,0.16,0.42,0.42,0.26,0.47,0.34,0.42,0.0,0.58,0.26,0.9,0.56,0.26,0.26,0.56,0.56,0.78,0.35,0.83,0.32,0.21,0.84,0.45,0.368,0.456
0.62,0.62,1.0,1.0,0.93,0.93,0.16,0.16,0.43,0.43,0.25,0.48,0.4,0.49,0.0,0.54,0.25,0.87,0.56,0.25,0.25,0.56,0.56,0.82,0.33,0.88,0.3,0.25,0.86,0.45,0.37,0.455
0.58,0.58,1.0,1.0,0.96,0.96,0.16,0.16,0.43,0.43,0.26,0.47,0.43,0.52,0.0,0.52,0.25,0.85,0.56,0.25,0.25,0.56,0.56,0.84,0.32,0.9,0.29,0.28,0.89,0.459,0.372,0.45
0.56,0.56,1.0,1.0,0.97,0.97,0.16,0.16,0.42,0.42,0.26,0.46,0.43,0.52,0.0,0.5,0.25,0.84,0.56,0.25,0.25,0.56,0.56,0.84,0.32,0.9,0.29,0.31,0.99,0.471,0.368,0.449
0.0,0.0,0.0,0.0,1.0,1.0,0.16,0.16,0.42,0.42,0.27,0.46,0.43,0.52,0.0,0.48,0.25,0.82,0.56,0.25,0.25,0.56,0.56,0.84,0.32,0.9,0.29,0.3,1.0,0.475,0.368,0.451
0.0,0.0,0.0,0.0,1.0,1.0,0.16,0.16,0.41,0.41,0.27,0.46,0.43,0.52,0.0,0.47,0.25,0.82,0.56,0.25,0.25,0.56,0.56,0.84,0.32,0.9,0.3,0.28,1.0,0.479,0.368,0.455
0.0,0.0,0.0,0.0,1.0,1.0,0.16,0.16,0.4,0.4,0.27,0.46,0.43,0.51,0.0,0.46,0.25,0.81,0.56,0.25,0.25,0.56,0.56,0.84,0.32,0.89,0.3,0.26,1.0,0.499,0.363,0.463
0.0,0.0,0.0,0.0,1.0,1.0,0.16,0.16,0.39,0.39,0.27,0.45,0.43,0.51,0.0,0.46,0.25,0.8,0.56,0.25,0.25,0.56,0.56,0.84,0.32,0.89,0.3,0.25,1.0,0.521,0.37,0.46
0.0,0.0,0.0,0.0,1.0,1.0,0.16,0.16,0.38,0.38,0.26,0.46,0.43,0.51,0.0,0.45,0.25,0.8,0.56,0.25,0.25,0.56,0.56,0.84,0.32,0.89,0.3,0.24,1.0,0.514,0.37,0.459
0.0,0.0,0.0,0.0,1.0,1.0,0.16,0.16,0.38,0.38,0.28,0.44,0.45,0.52,0.0,0.44,0.25,0.8,0.56,0.25,0.25,0.56,0.56,0.85,0.32,0.9,0.3,0.24,1.0,0.511,0.368,0.457
0.0,0.0,0.0,0.0,1.0,1.0,0.16,0.16,0.38,0.38,0.29,0.44,0.45,0.52,0.0,0.44,0.25,0.79,0.56,0.25,0.25,0.56,0.56,0.85,0.32,0.9,0.29,0.24,1.0,0.501,0.373,0.455
0.0,0.0,0.0,0.0,1.0,1.0,0.16,0.16,0.38,0.38,0.29,0.43,0.45,0.52,0.0,0.43,0.25,0.79,0.56,0.25,0.25,0.56,0.56,0.85,0.32,0.9,0.29,0.24,1.0,0.494,0.378,0.454
0.0,0.0,0.0,0.0,1.0,1.0,0.16,0.16,0.38,0.38,0.3,0.43,0.43,0.52,0.0,0.43,0.25,0.79,0.56,0.25,0.25,0.56,0.56,0.84,0.32,0.9,0.29,0.24,1.0,0.492,0.377,0.453
0.0,0.0,0.0,0.0,1.0,1.0,0.16,0.16,0.38,0.38,0.3,0.43,0.43,0.52,0.0,0.44,0.25,0.79,0.56,0.25,0.25,0.56,0.56,0.84,0.32,0.9,0.29,0.25,1.0,0.49,0.375,0.45
0.0,0.0,0.0,0.0,1.0,1.0,0.16,0.16,0.38,0.38,0.3,0.43,0.45,0.52,0.0,0.43,0.25,0.79,0.56,0.25,0.25,0.56,0.56,0.85,0.32,0.9,0.29,0.27,1.0,0.504,0.378,0.451
0.0,0.0,0.0,0.0,1.0,1.0,0.16,0.16,0.39,0.39,0.3,0.43,0.42,0.49,0.0,0.43,0.25,0.79,0.56,0.25,0.25,0.56,0.56,0.83,0.32,0.88,0.3,0.32,1.0,0.52,0.378,0.454
0.0,0.0,0.0,0.0,1.0,1.0,0.16,0.16,0.39,0.39,0.3,0.43,0.42,0.48,0.0,0.43,0.25,0.79,0.56,0.25,0.25,0.56,0.56,0.83,0.33,0.87,0.31,0.45,0.5,0.536,0.38,0.455
0.0,0.0,0.0,0.0,1.0,1.0,0.16,0.16,0.39,0.39,0.29,0.43,0.42,0.46,0.0,0.43,0.25,0.79,0.56,0.25,0.25,0.56,0.56,0.83,0.33,0.86,0.31,0.56,0.5,0.541,0.38,0.457
0.0,0.0,0.0,0.0,1.0,1.0,0.16,0.16,0.38,0.38,0.3,0.43,0.42,0.46,0.0,0.42,0.25,0.78,0.56,0.25,0.25,0.56,0.56,0.83,0.33,0.86,0.31,0.59,0.5,0.541,0.38,0.458
0.0,0.0,0.0,0.0,1.0,1.0,0.16,0.16,0.33,0.33,0.34,0.38,0.42,0.48,0.0,0.4,0.25,0.76,0.56,0.25,0.25,0.56,0.56,0.83,0.32,0.87,0.31,0.55,0.5,0.547,0.38,0.46
0.0,0.0,0.0,0.0,1.0,1.0,0.16,0.16,0.34,0.34,0.34,0.39,0.43,0.48,0.0,0.4,0.25,0.76,0.56,0.25,0.25,0.56,0.56,0.84,0.32,0.87,0.31,0.51,0.5,0.549,0.378,0.464
0.0,0.0,0.0,0.0,1.0,1.0,0.16,0.16,0.34,0.34,0.33,0.39,0.43,0.49,0.0,0.4,0.25,0.76,0.56,0.25,0.25,0.56,0.56,0.84,0.32,0.88,0.3,0.5,0.5,0.546,0.382,0.466
0.0,0.0,0.0,0.0,1.0,1.0,0.16,0.16,0.35,0.35,0.34,0.39,0.43,0.49,0.0,0.4,0.25,0.76,0.56,0.25,0.25,0.56,0.56,0.84,0.32,0.88,0.3,0.5,0.5,0.551,0.382,0.464
0.0,0.0,0.0,0.0,1.0,1.0,0.16,0.16,0.35,0.35,0.34,0.39,0.43,0.49,0.0,0.4,0.25,0.76,0.56,0.25,0.25,0.56,0.56,0.84,0.32,0.88,0.3,0.5,0.5,0.548,0.383,0.462
0.0,0.0,0.0,0.0,1.0,1.0,0.16,0.16,0.35,0.35,0.33,0.39,0.4,0.46,0.0,0.39,0.25,0.76,0.56,0.25,0.25,0.56,0.56,0.82,0.33,0.86,0.31,0.6,0.5,0.541,0.38,0.459
0.0,0.0,0.0,0.0,1.0,1.0,0.16,0.16,0.34,0.34,0.34,0.39,0.36,0.4,0.0,0.38,0.25,0.75,0.56,0.25,0.25,0.56,0.56,0.79,0.34,0.82,0.33,0.65,0.5,0.539,0.38,0.459
0.0,0.0,0.0,0.0,1.0,1.0,0.16,0.16,0.31,0.31,0.34,0.39,0.36,0.38,0.0,0.36,0.25,0.73,0.56,0.25,0.25,0.56,0.56,0.79,0.34,0.8,0.34,0.75,0.5,0.542,0.377,0.455
0.0,0.0,0.0,0.0,1.0,1.0,0.3,0.29,0.29,0.29,0.31,0.41,0.36,0.38,0.0,0.34,0.25,0.72,0.56,0.25,0.25,0.56,0.56,0.79,0.34,0.8,0.34,0.8,0.5,0.549,0.377,0.454
0.0,0.0,0.0,0.0,1.0,1.0,0.16,0.16,0.37,0.37,0.31,0.42,0.36,0.38,0.0,0.35,0.25,0.72,0.56,0.25,0.25,0.56,0.56,0.79,0.34,0.8,0.34,0.62,0.5,0.552,0.377,0.45
0.0,0.0,0.0,0.0,1.0,1.0,0.16,0.16,0.39,0.39,0.3,0.42,0.33,0.3,0.0,0.38,0.25,0.75,0.56,0.25,0.25,0.56,0.56,0.77,0.35,0.75,0.36,0.25,0.57,0.546,0.375,0.454
0.0,0.0,0.0,0.0,1.0,1.0,0.16,0.16,0.39,0.39,0.3,0.42,0.27,0.25,0.0,0.43,0.25,0.78,0.56,0.25,0.25,0.56,0.56,0.73,0.37,0.72,0.38,0.27,0.71,0.524,0.377,0.451
0.0,0.0,0.0,0.0,1.0,1.0,0.16,0.16,0.39,0.39,0.3,0.42,0.27,0.25,0.0,0.43,0.25,0.78,0.56,0.25,0.25,0.56,0.56,0.73,0.37,0.72,0.38,0.33,1.0,0.523,0.38,0.453
0.0,0.0,0.0,0.0,1.0,1.0,0.16,0.16,0.39,0.39,0.3,0.43,0.15,0.13,0.0,0.53,0.25,0.86,0.56,0.25,0.25,0.56,0.56,0.65,0.41,0.64,0.41,0.23,0.85,0.514,0.382,0.456
0.0,0.0,0.0,0.0,1.0,1.0,0.16,0.16,0.39,0.39,0.29,0.43,0.0,0.0,0.0,0.85,0.33,1.0,0.51,0.32,0.35,0.51,0.51,0.28,0.7,0.28,0.7,0.21,0.73,0.52,0.382,0.454
0.0,0.0,0.0,0.0,1.0,1.0,0.16,0.16,0.39,0.39,0.3,0.43,0.0,0.0,0.0,0.85,0.35,1.0,0.52,0.34,0.36,0.52,0.52,0.28,0.7,0.28,0.7,0.25,0.91,0.532,0.383,0.451
0.0,0.0,0.0,0.0,1.0,1.0,0.16,0.16,0.4,0.4,0.29,0.43,0.1,0.09,0.0,0.57,0.25,0.89,0.56,0.25,0.25,0.56,0.56,0.62,0.42,0.61,0.42,0.25,1.0,0.552,0.385,0.449
0.0,0.0,0.0,0.0,1.0,1.0,0.16,0.16,0.41,0.41,0.29,0.43,0.22,0.22,0.0,0.47,0.25,0.82,0.56,0.25,0.25,0.56,0.56,0.7,0.38,0.7,0.38,0.21,1.0,0.596,0.388,0.443
0.0,0.0,0.0,0.0,1.0,1.0,0.16,0.16,0.41,0.41,0.29,0.44,0.27,0.28,0.0,0.45,0.25,0.8,0.56,0.25,0.25,0.56,0.56,0.73,0.37,0.74,0.37,0.2,1.0,0.614,0.388,0.437
0.0,0.0,0.0,0.0,1.0,1.0,0.16,0.16,0.43,0.43,0.28,0.44,0.27,0.27,0.0,0.47,0.25,0.81,0.56,0.25,0.25,0.56,0.56,0.73,0.37,0.73,0.37,0.33,1.0,0.604,0.378,0.445
0.0,0.0,0.0,0.0,1.0,1.0,0.16,0.16,0.46,0.46,0.28,0.44,0.25,0.25,0.0,0.45,0.25,0.8,0.56,0.25,0.25,0.56,0.56,0.72,0.37,0.72,0.37,0.57,0.5,0.577,0.368,0.45
0.0,0.0,0.0,0.0,1.0,1.0,0.16,0.16,0.47,0.47,0.29,0.44,0.0,0.0,0.0,0.61,0.25,0.92,0.56,0.25,0.25,0.56,0.56,0.5,0.56,0.48,0.58,0.54,0.5,0.559,0.362,0.449
0.0,0.0,0.0,0.0,1.0,1.0,0.16,0.16,0.48,0.48,0.3,0.43,0.0,0.0,0.0,0.85,0.39,1.0,0.51,0.38,0.4,0.51,0.51,0.28,0.7,0.28,0.7,0.31,0.91,0.552,0.367,0.452
0.0,0.0,0.0,0.0,1.0,1.0,0.16,0.16,0.48,0.48,0.3,0.42,0.0,0.0,0.0,0.85,0.42,1.0,0.5,0.4,0.44,0.5,0.5,0.28,0.7,0.28,0.7,0.22,1.0,0.544,0.37,0.453
0.0,0.0,0.0,0.0,1.0,1.0,0.16,0.16,0.49,0.49,0.3,0.42,0.09,0.0,0.0,0.59,0.33,0.9,0.56,0.3,0.36,0.56,0.56,0.61,0.42,0.55,0.45,0.21,1.0,0.534,0.373,0.455
0.0,0.0,0.0,0.0,1.0,1.0,0.16,0.16,0.51,0.51,0.29,0.43,0.13,0.04,0.0,0.55,0.3,0.88,0.56,0.27,0.34,0.56,0.56,0.64,0.41,0.58,0.44,0.26,1.0,0.541,0.37,0.453
0.01,0.01,0.0,0.0,1.0,1.0,0.16,0.16,0.5,0.5,0.3,0.43,0.15,0.07,0.0,0.51,0.3,0.85,0.56,0.26,0.33,0.56,0.56,0.65,0.4,0.6,0.43,0.26,1.0,0.52,0.372,0.447
0.0,0.0,0.0,0.0,1.0,1.0,0.16,0.16,0.51,0.51,0.3,0.43,0.12,0.0,0.0,0.37,0.82,0.74,0.34,0.8,0.84,0.34,0.34,0.63,0.41,0.55,0.45,0.14,0.75,0.501,0.368,0.455
0.0,0.0,0.0,0.0,1.0,1.0,0.16,0.16,0.52,0.52,0.29,0.43,0.0,0.0,0.25,0.33,0.9,0.71,0.31,0.88,0.92,0.31,0.31,0.55,0.45,0.51,0.53,0.12,1.0,0.491,0.367,0.463
0.06,0.06,0.0,0.0,1.0,1.0,0.16,0.16,0.52,0.52,0.29,0.43,0.15,0.1,0.25,0.46,0.52,0.81,0.56,0.48,0.55,0.56,0.56,0.65,0.41,0.62,0.42,0.46,0.5,0.476,0.365,0.462
0.1,0.1,0.0,0.0,1.0,1.0,0.16,0.16,0.52,0.52,0.28,0.44,0.07,0.07,0.0,0.46,0.42,0.81,0.56,0.4,0.43,0.56,0.56,0.6,0.43,0.6,0.43,0.56,0.5,0.468,0.367,0.454
0.08,0.08,0.0,0.0,1.0,1.0,0.16,0.16,0.52,0.52,0.28,0.44,0.07,0.07,0.0,0.47,0.39,0.81,0.56,0.37,0.41,0.56,0.56,0.6,0.43,0.6,0.43,0.48,0.5,0.478,0.36,0.448
0.04,0.04,0.0,0.0,1.0,1.0,0.16,0.16,0.52,0.52,0.29,0.43,0.16,0.13,0.0,0.47,0.32,0.82,0.56,0.31,0.34,0.56,0.56,0.66,0.4,0.64,0.41,0.31,1.0,0.464,0.352,0.454
0.02,0.02,0.0,0.0,1.0,1.0,0.16,0.16,0.52,0.52,0.29,0.43,0.16,0.13,0.0,0.45,0.33,0.8,0.56,0.31,0.36,0.56,0.56,0.66,0.4,0.64,0.41,0.24,1.0,0.456,0.352,0.458
0.0,0.0,0.0,0.0,1.0,1.0,0.16,0.16,0.51,0.51,0.3,0.43,0.21,0.15,0.25,0.42,0.36,0.77,0.56,0.34,0.39,0.56,0.56,0.69,0.39,0.65,0.41,0.18,1.0,0.436,0.35,0.462
0.0,0.0,0.0,0.0,1.0,1.0,0.16,0.16,0.51,0.51,0.29,0.43,0.21,0.18,0.25,0.4,0.39,0.76,0.56,0.37,0.4,0.56,0.56,0.69,0.39,0.67,0.4,0.16,1.0,0.409,0.345,0.459
0.56,0.56,1.0,1.0,0.98,0.98,0.24,0.23,0.35,0.35,0.32,0.41,0.33,0.3,0.0,0.4,0.35,0.76,0.56,0.33,0.37,0.56,0.56,0.77,0.35,0.75,0.36,0.15,1.0,0.409,0.343,0.457
0.56,0.56,1.0,1.0,0.98,0.98,0.16,0.16,0.4,0.4,0.32,0.4,0.25,0.24,0.0,0.45,0.25,0.8,0.56,0.25,0.25,0.56,0.56,0.72,0.38,0.71,0.38,0.2,0.76,0.429,0.345,0.459
0.06,0.06,0.0,0.0,1.0,1.0,0.16,0.16,0.41,0.41,0.32,0.4,0.15,0.1,0.0,0.55,0.25,0.88,0.56,0.25,0.25,0.56,0.56,0.65,0.4,0.62,0.42,0.24,0.29,0.442,0.342,0.456
0.12,0.12,0.05,0.05,1.0,1.0,0.16,0.16,0.41,0.41,0.32,0.4,0.16,0.09,0.0,0.57,0.25,0.89,0.56,0.25,0.25,0.56,0.56,0.66,0.4,0.61,0.42,0.4,0.11,0.428,0.34,0.453
0.13,0.13,0.06,0.06,1.0,1.0,0.16,0.16,0.41,0.41,0.32,0.4,0.0,0.0,0.0,0.68,0.29,0.97,0.56,0.29,0.3,0.56,0.56,0.35,0.7,0.35,0.7,0.44,0.09,0.418,0.338,0.448
0.08,0.08,0.0,0.0,1.0,1.0,0.16,0.16,0.41,0.41,0.31,0.41,0.0,0.0,0.0,0.85,0.54,1.0,0.49,0.52,0.55,0.49,0.49,0.28,0.7,0.28,0.7,0.37,0.6,0.431,0.34,0.443
0.0,0.0,0.0,0.0,1.0,1.0,0.16,0.16,0.42,0.42,0.31,0.41,0.0,0.0,0.0,0.78,0.78,1.0,0.37,0.76,0.8,0.37,0.37,0.31,0.7,0.31,0.7,0.19,0.67,0.428,0.34,0.446
0.0,0.0,0.0,0.0,1.0,1.0,0.16,0.16,0.43,0.43,0.31,0.41,0.0,0.0,0.0,0.67,0.73,0.96,0.4,0.71,0.75,0.4,0.4,0.36,0.7,0.36,0.7,0.15,0.67,0.429,0.338,0.451
0.0,0.0,0.0,0.0,1.0,1.0,0.16,0.16,0.44,0.44,0.32,0.4,0.09,0.03,0.0,0.54,0.37,0.87,0.56,0.35,0.39,0.56,0.56,0.61,0.42,0.57,0.44,0.17,1.0,0.431,0.338,0.453
0.0,0.0,0.0,0.0,1.0,1.0,0.16,0.16,0.44,0.44,0.32,0.4,0.27,0.25,0.0,0.46,0.25,0.81,0.56,0.25,0.25,0.56,0.56,0.73,0.37,0.72,0.37,0.22,0.95,0.432,0.342,0.454
0.02,0.02,0.0,0.0,1.0,1.0,0.16,0.16,0.42,0.42,0.32,0.4,0.42,0.45,0.0,0.39,0.25,0.75,0.56,0.25,0.25,0.56,0.56,0.83,0.33,0.85,0.32,0.25,0.87,0.422,0.337,0.454
0.02,0.02,0.0,0.0,1.0,1.0,0.16,0.16,0.44,0.44,0.32,0.4,0.27,0.15,0.25,0.34,0.78,0.72,0.42,0.76,0.79,0.42,0.42,0.73,0.37,0.65,0.41,0.13,0.62,0.435,0.337,0.453
0.03,0.03,0.0,0.0,1.0,1.0,0.16,0.16,0.47,0.47,0.31,0.41,0.18,0.07,0.5,0.32,0.89,0.7,0.37,0.87,0.91,0.37,0.37,0.67,0.4,0.6,0.43,0.13,0.76,0.438,0.342,0.456
0.06,0.06,0.0,0.0,1.0,1.0,0.16,0.16,0.44,0.44,0.31,0.41,0.34,0.38,0.25,0.33,0.54,0.71,0.56,0.54,0.53,0.56,0.56,0.78,0.35,0.8,0.34,0.52,0.5,0.438,0.352,0.456
0.1,0.1,0.0,0.0,1.0,1.0,0.16,0.16,0.43,0.43,0.31,0.41,0.43,0.45,0.0,0.32,0.45,0.7,0.56,0.45,0.45,0.56,0.56,0.84,0.32,0.85,0.32,0.65,0.5,0.46,0.365,0.454
0.16,0.16,0.14,0.14,1.0,1.0,0.16,0.16,0.41,0.41,0.31,0.41,0.43,0.46,0.0,0.32,0.45,0.7,0.56,0.44,0.45,0.56,0.56,0.84,0.32,0.86,0.31,0.67,0.5,0.473,0.363,0.449
0.07,0.07,0.0,0.0,1.0,1.0,0.16,0.16,0.42,0.42,0.32,0.4,0.39,0.4,0.0,0.35,0.25,0.73,0.56,0.25,0.25,0.56,0.56,0.81,0.34,0.82,0.33,0.29,1.0,0.494,0.347,0.445
0.0,0.0,0.0,0.0,1.0,1.0,0.16,0.16,0.43,0.43,0.3,0.43,0.42,0.48,0.0,0.36,0.25,0.74,0.56,0.25,0.25,0.56,0.56,0.83,0.32,0.87,0.31,0.21,1.0,0.474,0.352,0.447
0.0,0.0,0.0,0.0,1.0,1.0,0.16,0.16,0.45,0.45,0.29,0.43,0.43,0.49,0.0,0.38,0.25,0.75,0.56,0.25,0.25,0.56,0.56,0.84,0.32,0.88,0.3,0.23,1.0,0.451,0.352,0.447
0.0,0.0,0.0,0.0,1.0,1.0,0.16,0.16,0.46,0.46,0.3,0.43,0.31,0.36,0.0,0.41,0.25,0.77,0.56,0.25,0.25,0.56,0.56,0.76,0.36,0.79,0.34,0.23,1.0,0.424,0.355,0.46
0.0,0.0,0.0,0.0,1.0,1.0,0.16,0.16,0.48,0.48,0.31,0.42,0.12,0.12,0.0,0.41,0.72,0.77,0.36,0.72,0.72,0.36,0.36,0.63,0.42,0.63,0.42,0.12,0.95,0.421,0.357,0.463
0.0,0.0,0.0,0.0,1.0,1.0,0.16,0.16,0.5,0.5,0.31,0.42,0.09,0.06,0.0,0.38,0.79,0.75,0.34,0.78,0.8,0.34,0.34,0.61,0.42,0.59,0.43,0.11,0.91,0.414,0.358,0.458
0.0,0.0,0.0,0.0,1.0,1.0,0.16,0.16,0.5,0.5,0.31,0.42,0.15,0.1,0.0,0.38,0.57,0.75,0.48,0.55,0.59,0.48,0.48,0.65,0.4,0.62,0.42,0.12,1.0,0.426,0.353,0.461
0.0,0.0,0.0,0.0,1.0,1.0,0.16,0.16,0.49,0.49,0.31,0.42,0.21,0.24,0.0,0.42,0.29,0.78,0.56,0.29,0.29,0.56,0.56,0.69,0.39,0.71,0.38,0.19,1.0,0.428,0.347,0.453
0.0,0.0,0.0,0.0,1.0,1.0,0.16,0.16,0.48,0.48,0.3,0.42,0.25,0.28,0.0,0.42,0.25,0.78,0.56,0.25,0.25,0.56,0.56,0.72,0.37,0.74,0.37,0.21,1.0,0.422,0.345,0.455
0.0,0.0,0.0,0.0,1.0,1.0,0.16,0.16,0.45,0.45,0.29,0.43,0.25,0.28,0.0,0.44,0.25,0.79,0.56,0.25,0.25,0.56,0.56,0.72,0.37,0.74,0.37,0.23,1.0,0.453,0.352,0.449
0.08,0.08,0.0,0.0,1.0,1.0,0.16,0.16,0.38,0.38,0.13,0.6,0.31,0.34,0.0,0.44,0.25,0.79,0.56,0.25,0.25,0.56,0.56,0.76,0.36,0.78,0.35,0.23,0.81,0.479,0.352,0.444
0.02,0.02,0.0,0.0,1.0,1.0,0.16,0.16,0.41,0.41,0.08,0.65,0.28,0.33,0.0,0.43,0.25,0.79,0.56,0.25,0.25,0.56,0.56,0.74,0.36,0.77,0.35,0.26,1.0,0.451,0.343,0.448
0.02,0.02,0.0,0.0,1.0,1.0,0.16,0.16,0.42,0.42,0.1,0.63,0.28,0.33,0.0,0.43,0.25,0.78,0.56,0.25,0.25,0.56,0.56,0.74,0.36,0.77,0.35,0.3,1.0,0.437,0.342,0.456
0.56,0.56,1.0,1.0,0.98,0.98,0.16,0.16,0.36,0.36,0.33,0.39,0.31,0.34,0.0,0.43,0.25,0.78,0.56,0.25,0.25,0.56,0.56,0.76,0.36,0.78,0.35,0.33,1.0,0.44,0.342,0.453
0.56,0.56,1.0,1.0,0.98,0.98,0.16,0.16,0.39,0.39,0.33,0.39,0.06,0.03,0.0,0.6,0.28,0.91,0.56,0.25,0.3,0.56,0.56,0.59,0.43,0.57,0.44,0.27,1.0,0.452,0.345,0.455
0.56,0.56,1.0,1.0,0.98,0.98,0.16,0.16,0.39,0.39,0.25,0.48,0.0,0.0,0.0,0.73,0.38,1.0,0.55,0.37,0.38,0.55,0.55,0.33,0.7,0.33,0.7,0.27,1.0,0.461,0.34,0.457
0.0,0.0,0.0,0.0,1.0,1.0,0.16,0.16,0.38,0.38,0.0,0.79,0.13,0.18,0.0,0.5,0.25,0.84,0.56,0.25,0.25,0.56,0.56,0.64,0.41,0.67,0.4,0.25,1.0,0.467,0.338,0.457
0.0,0.0,0.0,0.0,1.0,1.0,0.16,0.16,0.37,0.37,0.0,0.86,0.25,0.31,0.0,0.42,0.25,0.78,0.56,0.25,0.25,0.56,0.56,0.72,0.37,0.76,0.36,0.22,1.0,0.451,0.338,0.456
0.0,0.0,0.0,0.0,1.0,1.0,0.16,0.16,0.39,0.39,0.0,0.82,0.33,0.38,0.0,0.4,0.25,0.76,0.56,0.25,0.25,0.56,0.56,0.77,0.35,0.8,0.34,0.2,0.9,0.436,0.337,0.46
0.02,0.02,0.0,0.0,1.0,1.0,0.16,0.16,0.39,0.39,0.0,0.79,0.28,0.34,0.0,0.39,0.25,0.75,0.56,0.25,0.25,0.56,0.56,0.74,0.36,0.78,0.35,0.19,0.88,0.44,0.343,0.456
0.0,0.0,0.0,0.0,1.0,1.0,0.16,0.16,0.41,0.41,0.02,0.72,0.33,0.38,0.0,0.38,0.25,0.75,0.56,0.25,0.25,0.56,0.56,0.77,0.35,0.8,0.34,0.18,0.89,0.453,0.345,0.461
0.1,0.1,0.01,0.01,1.0,1.0,0.57,0.55,0.25,0.25,0.33,0.4,0.38,0.4,0.0,0.39,0.25,0.76,0.56,0.25,0.25,0.56,0.56,0.8,0.34,0.82,0.33,0.18,0.82,0.476,0.352,0.456
0.56,0.56,1.0,1.0,0.98,0.98,0.23,0.23,0.34,0.34,0.35,0.37,0.38,0.4,0.0,0.4,0.25,0.76,0.56,0.25,0.25,0.56,0.56,0.8,0.34,0.82,0.33,0.15,0.93,0.48,0.352,0.465
0.05,0.05,0.0,0.0,1.0,1.0,0.16,0.16,0.41,0.41,0.34,0.38,0.48,0.42,0.5,0.33,0.58,0.71,0.56,0.56,0.6,0.56,0.56,0.87,0.31,0.83,0.33,0.08,0.64,0.47,0.355,0.465
0.26,0.26,0.38,0.38,1.0,1.0,0.93,0.93,0.34,0.34,0.32,0.4,0.45,0.4,0.75,0.29,0.82,0.68,0.37,0.81,0.83,0.37,0.37,0.85,0.32,0.82,0.33,0.04,0.51,0.464,0.35,0.459
0.18,0.18,0.18,0.18,1.0,1.0,0.16,0.16,0.41,0.41,0.33,0.4,0.42,0.39,0.75,0.27,0.91,0.67,0.34,0.9,0.91,0.34,0.34,0.83,0.33,0.81,0.34,0.04,0.48,0.471,0.35,0.454
0.21,0.21,0.26,0.26,1.0,1.0,0.16,0.16,0.45,0.45,0.32,0.41,0.4,0.3,0.75,0.26,0.93,0.65,0.33,0.92,0.93,0.33,0.33,0.82,0.33,0.75,0.36,0.04,0.49,0.491,0.35,0.451
0.32,0.32,0.5,0.5,1.0,1.0,0.74,0.67,0.27,0.27,0.32,0.41,0.33,0.27,0.75,0.25,0.93,0.65,0.33,0.92,0.93,0.33,0.33,0.77,0.35,0.73,0.37,0.03,0.5,0.486,0.37,0.454
0.27,0.27,0.39,0.39,1.0,1.0,0.16,0.16,0.42,0.42,0.3,0.42,0.22,0.18,1.0,0.25,0.93,0.65,0.32,0.93,0.93,0.32,0.32,0.7,0.38,0.67,0.4,0.03,0.5,0.479,0.373,0.456
0.25,0.25,0.34,0.34,1.0,1.0,0.16,0.16,0.42,0.42,0.3,0.42,0.16,0.15,1.0,0.25,0.95,0.65,0.3,0.95,0.95,0.3,0.3,0.66,0.4,0.65,0.41,0.03,0.51,0.481,0.373,0.467
0.56,0.56,1.0,1.0,0.98,0.98,0.33,0.33,0.34,0.34,0.32,0.41,0.13,0.13,1.0,0.25,0.95,0.65,0.31,0.95,0.95,0.31,0.31,0.64,0.41,0.64,0.41,0.04,0.54,0.494,0.377,0.477
0.35,0.35,0.57,0.57,1.0,1.0,0.16,0.16,0.44,0.44,0.31,0.42,0.0,0.0,1.0,0.25,0.97,0.65,0.29,0.97,0.97,0.29,0.29,0.53,0.48,0.53,0.5,0.05,0.57,0.49,0.373,0.479
0.38,0.38,0.64,0.64,1.0,1.0,0.16,0.16,0.44,0.44,0.3,0.42,0.07,0.03,1.0,0.24,0.98,0.64,0.28,0.98,0.98,0.28,0.28,0.6,0.43,0.57,0.44,0.04,0.6,0.493,0.383,0.479
0.38,0.38,0.66,0.66,1.0,1.0,0.16,0.16,0.43,0.43,0.3,0.42,0.1,0.04,1.0,0.23,0.98,0.64,0.27,0.98,0.98,0.27,0.27,0.62,0.42,0.58,0.44,0.03,0.61,0.499,0.375,0.459
0.32,0.32,0.52,0.52,1.0,1.0,0.16,0.16,0.41,0.41,0.3,0.42,0.15,0.13,1.0,0.3,0.85,0.69,0.43,0.85,0.85,0.43,0.43,0.65,0.41,0.64,0.41,0.07,0.55,0.484,0.375,0.458
0.3,0.3,0.47,0.47,1.0,1.0,0.33,0.33,0.31,0.31,0.32,0.41,0.18,0.22,0.75,0.35,0.63,0.73,0.54,0.62,0.64,0.54,0.54,0.67,0.4,0.7,0.38,0.11,0.59,0.454,0.372,0.453
0.56,0.56,1.0,1.0,0.98,0.98,0.24,0.24,0.33,0.33,0.32,0.4,0.24,0.28,0.75,0.36,0.6,0.73,0.53,0.6,0.61,0.53,0.53,0.71,0.38,0.74,0.37,0.11,0.64,0.431,0.372,0.445
0.56,0.56,1.0,1.0,0.98,0.98,0.16,0.16,0.4,0.4,0.31,0.41,0.28,0.28,0.5,0.35,0.55,0.72,0.56,0.54,0.56,0.56,0.56,0.74,0.37,0.74,0.36,0.1,0.6,0.436,0.368,0.439
0.56,0.56,1.0,1.0,0.98,0.98,0.16,0.16,0.39,0.39,0.32,0.4,0.38,0.4,0.0,0.34,0.25,0.72,0.56,0.25,0.25,0.56,0.56,0.8,0.34,0.82,0.33,0.1,0.82,0.429,0.37,0.43
0.0,0.0,0.0,0.0,1.0,1.0,0.16,0.16,0.36,0.36,0.32,0.4,0.34,0.42,0.0,0.34,0.25,0.72,0.56,0.25,0.25,0.56,0.56,0.78,0.35,0.83,0.33,0.11,1.0,0.412,0.365,0.426
0.0,0.0,0.0,0.0,1.0,1.0,0.16,0.16,0.35,0.35,0.32,0.4,0.34,0.4,0.0,0.33,0.25,0.71,0.56,0.25,0.25,0.56,0.56,0.78,0.35,0.82,0.33,0.11,1.0,0.434,0.372,0.425
0.0,0.0,0.0,0.0,1.0,1.0,0.16,0.16,0.35,0.34,0.32,0.41,0.38,0.43,0.0,0.33,0.25,0.71,0.56,0.25,0.25,0.56,0.56,0.8,0.34,0.84,0.32,0.11,1.0,0.456,0.375,0.427
0.0,0.0,0.0,0.0,1.0,1.0,0.16,0.16,0.34,0.34,0.31,0.41,0.39,0.48,0.0,0.32,0.25,0.7,0.56,0.25,0.25,0.56,0.56,0.81,0.33,0.87,0.31,0.13,1.0,0.465,0.378,0.428
0.0,0.0,0.0,0.0,1.0,1.0,0.16,0.16,0.35,0.35,0.31,0.41,0.4,0.49,0.0,0.32,0.25,0.7,0.56,0.25,0.25,0.56,0.56,0.82,0.33,0.88,0.3,0.15,1.0,0.477,0.375,0.423
0.0,0.0,0.0,0.0,1.0,1.0,0.16,0.16,0.35,0.35,0.32,0.4,0.42,0.49,0.0,0.33,0.25,0.71,0.56,0.25,0.25,0.56,0.56,0.83,0.33,0.88,0.3,0.17,1.0,0.486,0.382,0.417
0.0,0.0,0.0,0.0,1.0,1.0,0.16,0.16,0.36,0.36,0.31,0.41,0.48,0.54,0.0,0.34,0.25,0.71,0.56,0.25,0.25,0.56,0.56,0.87,0.31,0.91,0.29,0.26,1.0,0.49,0.375,0.412
0.0,0.0,0.0,0.0,1.0,1.0,0.16,0.16,0.37,0.37,0.31,0.41,0.51,0.58,0.0,0.34,0.25,0.72,0.56,0.25,0.25,0.56,0.56,0.89,0.3,0.94,0.28,0.31,1.0,0.499,0.37,0.418
0.0,0.0,0.0,0.0,1.0,1.0,0.16,0.16,0.36,0.36,0.31,0.41,0.55,0.63,0.0,0.36,0.25,0.73,0.56,0.25,0.25,0.56,0.56,0.92,0.28,0.97,0.26,0.4,1.0,0.487,0.368,0.423
0.0,0.0,0.0,0.0,1.0,1.0,0.16,0.16,0.36,0.36,0.31,0.41,0.54,0.63,0.0,0.36,0.25,0.73,0.56,0.25,0.25,0.56,0.56,0.91,0.29,0.97,0.26,0.52,0.5,0.475,0.368,0.425
0.0,0.0,0.0,0.0,1.0,1.0,0.16,0.16,0.36,0.36,0.31,0.41,0.45,0.55,0.0,0.36,0.25,0.73,0.56,0.25,0.25,0.56,0.56,0.85,0.31,0.92,0.29,0.55,0.5,0.472,0.36,0.422
0.0,0.0,0.0,0.0,1.0,1.0,0.16,0.16,0.36,0.36,0.31,0.41,0.42,0.52,0.0,0.37,0.25,0.74,0.56,0.25,0.25,0.56,0.56,0.83,0.32,0.9,0.3,0.55,0.5,0.468,0.362,0.425
0.0,0.0,0.0,0.0,1.0,1.0,0.16,0.16,0.35,0.35,0.32,0.41,0.4,0.48,0.0,0.37,0.25,0.74,0.56,0.25,0.25,0.56,0.56,0.82,0.33,0.87,0.31,0.56,0.5,0.5,0.373,0.429
0.0,0.0,0.0,0.0,1.0,1.0,0.16,0.16,0.34,0.34,0.32,0.4,0.39,0.42,0.0,0.38,0.25,0.75,0.56,0.25,0.25,0.56,0.56,0.81,0.34,0.83,0.33,0.54,0.5,0.501,0.382,0.429
0.0,0.0,0.0,0.0,1.0,1.0,0.16,0.16,0.35,0.34,0.34,0.39,0.24,0.2,0.0,0.45,0.25,0.8,0.56,0.25,0.25,0.56,0.56,0.71,0.38,0.68,0.39,0.54,0.5,0.496,0.387,0.428
0.0,0.0,0.0,0.0,1.0,1.0,0.16,0.16,0.35,0.35,0.34,0.38,0.03,0.0,0.0,0.53,0.25,0.86,0.56,0.25,0.25,0.56,0.56,0.57,0.44,0.5,0.54,0.49,0.5,0.496,0.388,0.425
0.0,0.0,0.0,0.0,1.0,1.0,0.16,0.16,0.35,0.35,0.34,0.39,0.0,0.0,0.0,0.85,0.28,1.0,0.56,0.26,0.29,0.56,0.56,0.28,0.7,0.28,0.7,0.46,0.5,0.481,0.387,0.429
0.0,0.0,0.0,0.0,1.0,1.0,0.16,0.16,0.34,0.34,0.33,0.4,0.0,0.0,0.0,0.65,0.25,0.95,0.56,0.25,0.25,0.56,0.56,0.37,0.7,0.37,0.7,0.42,1.0,0.471,0.383,0.434
0.0,0.0,0.0,0.0,1.0,1.0,0.16,0.16,0.34,0.34,0.34,0.39,0.09,0.02,0.0,0.47,0.25,0.81,0.56,0.25,0.25,0.56,0.56,0.61,0.42,0.56,0.44,0.4,1.0,0.465,0.378,0.433
0.0,0.0,0.0,0.0,1.0,1.0,0.16,0.16,0.33,0.33,0.34,0.38,0.21,0.15,0.0,0.43,0.25,0.78,0.56,0.25,0.25,0.56,0.56,0.69,0.39,0.65,0.41,0.39,1.0,0.47,0.375,0.43
0.0,0.0,0.0,0.0,1.0,1.0,0.16,0.16,0.34,0.34,0.35,0.38,0.28,0.27,0.0,0.4,0.25,0.76,0.56,0.25,0.25,0.56,0.56,0.74,0.37,0.73,0.37,0.36,1.0,0.477,0.373,0.428
0.0,0.0,0.0,0.0,1.0,1.0,0.16,0.16,0.35,0.35,0.34,0.39,0.33,0.34,0.0,0.38,0.25,0.75,0.56,0.25,0.25,0.56,0.56,0.77,0.35,0.78,0.35,0.29,1.0,0.485,0.372,0.428
0.0,0.0,0.0,0.0,1.0,1.0,0.16,0.16,0.35,0.35,0.33,0.39,0.36,0.38,0.0,0.35,0.25,0.72,0.56,0.25,0.25,0.56,0.56,0.79,0.34,0.8,0.34,0.23,0.95,0.49,0.375,0.428
0.0,0.0,0.0,0.0,1.0,1.0,0.16,0.16,0.37,0.37,0.32,0.41,0.36,0.36,0.0,0.34,0.25,0.72,0.56,0.25,0.25,0.56,0.56,0.79,0.34,0.79,0.34,0.22,0.95,0.5,0.375,0.43
0.0,0.0,0.0,0.0,1.0,1.0,0.16,0.16,0.37,0.37,0.32,0.4,0.31,0.31,0.0,0.33,0.25,0.71,0.56,0.25,0.25,0.56,0.56,0.76,0.36,0.76,0.36,0.22,0.48,0.507,0.375,0.434
0.0,0.0,0.0,0.0,1.0,1.0,0.16,0.16,0.4,0.4,0.33,0.39,0.34,0.33,0.0,0.34,0.25,0.72,0.56,0.25,0.25,0.56,0.56,0.78,0.35,0.77,0.35,0.41,0.63,0.513,0.372,0.435
0.0,0.0,0.0,0.0,1.0,1.0,0.16,0.16,0.4,0.4,0.33,0.39,0.34,0.33,0.0,0.35,0.25,0.72,0.56,0.25,0.25,0.56,0.56,0.78,0.35,0.77,0.35,0.61,0.5,0.495,0.365,0.445
0.0,0.0,0.0,0.0,1.0,1.0,0.16,0.16,0.4,0.4,0.33,0.39,0.36,0.34,0.0,0.35,0.25,0.72,0.56,0.25,0.25,0.56,0.56,0.79,0.34,0.78,0.35,0.7,0.5,0.494,0.37,0.449
0.0,0.0,0.0,0.0,1.0,1.0,0.16,0.16,0.4,0.4,0.33,0.39,0.31,0.31,0.0,0.34,0.25,0.72,0.56,0.25,0.25,0.56,0.56,0.76,0.36,0.76,0.36,0.73,0.5,0.513,0.375,0.448
0.0,0.0,0.0,0.0,1.0,1.0,0.16,0.16,0.4,0.4,0.32,0.4,0.31,0.33,0.0,0.34,0.26,0.72,0.56,0.25,0.26,0.56,0.56,0.76,0.36,0.77,0.35,0.75,0.5,0.527,0.377,0.444
0.03,0.03,0.0,0.0,1.0,1.0,0.16,0.16,0.4,0.4,0.32,0.4,0.3,0.33,0.0,0.34,0.34,0.71,0.56,0.34,0.35,0.56,0.56,0.75,0.36,0.77,0.35,0.81,0.5,0.516,0.377,0.446
0.0,0.0,0.0,0.0,1.0,1.0,0.16,0.16,0.41,0.41,0.32,0.41,0.28,0.3,0.0,0.34,0.32,0.71,0.56,0.31,0.32,0.56,0.56,0.74,0.37,0.75,0.36,0.81,0.5,0.521,0.38,0.448
0.0,0.0,0.0,0.0,1.0,1.0,0.16,0.16,0.44,0.44,0.32,0.41,0.24,0.25,0.0,0.38,0.25,0.75,0.56,0.25,0.25,0.56,0.56,0.71,0.38,0.72,0.38,0.63,0.5,0.517,0.38,0.452
0.0,0.0,0.0,0.0,1.0,1.0,0.16,0.16,0.44,0.44,0.32,0.41,0.18,0.18,0.0,0.45,0.25,0.8,0.56,0.25,0.25,0.56,0.56,0.67,0.4,0.67,0.4,0.35,1.0,0.505,0.383,0.446
0.0,0.0,0.0,0.0,1.0,1.0,0.16,0.16,0.45,0.45,0.31,0.41,0.07,0.07,0.0,0.53,0.25,0.86,0.56,0.25,0.25,0.56,0.56,0.6,0.43,0.6,0.43,0.42,1.0,0.506,0.38,0.441
0.0,0.0,0.0,0.0,1.0,1.0,0.16,0.16,0.46,0.46,0.31,0.42,0.07,0.07,0.0,0.53,0.25,0.86,0.56,0.25,0.25,0.56,0.56,0.6,0.43,0.6,0.43,0.56,0.5,0.521,0.388,0.443
0.0,0.0,0.0,0.0,1.0,1.0,0.16,0.16,0.46,0.46,0.3,0.43,0.1,0.1,0.0,0.48,0.25,0.82,0.56,0.25,0.25,0.56,0.56,0.62,0.42,0.62,0.42,0.63,0.5,0.526,0.4,0.444
0.0,0.0,0.0,0.0,1.0,1.0,0.16,0.16,0.47,0.47,0.3,0.43,0.18,0.24,0.0,0.48,0.25,0.82,0.56,0.25,0.25,0.56,0.56,0.67,0.4,0.71,0.38,0.53,0.5,0.536,0.402,0.448
0.56,0.56,1.0,1.0,0.98,0.98,0.16,0.16,0.42,0.42,0.3,0.42,0.34,0.4,0.0,0.49,0.25,0.83,0.56,0.25,0.25,0.56,0.56,0.78,0.35,0.82,0.33,0.44,0.94,0.541,0.397,0.447
0.56,0.56,1.0,1.0,0.97,0.97,0.16,0.16,0.43,0.43,0.3,0.42,0.39,0.46,0.0,0.47,0.25,0.81,0.56,0.25,0.25,0.56,0.56,0.81,0.34,0.86,0.31,0.38,1.0,0.564,0.395,0.441
0.56,0.56,1.0,1.0,0.97,0.97,0.16,0.16,0.44,0.44,0.3,0.42,0.4,0.46,0.0,0.46,0.25,0.81,0.56,0.25,0.25,0.56,0.56,0.82,0.33,0.86,0.31,0.38,1.0,0.569,0.393,0.437
0.56,0.56,1.0,1.0,0.98,0.98,0.16,0.16,0.43,0.43,0.3,0.42,0.4,0.49,0.0,0.43,0.25,0.78,0.56,0.25,0.25,0.56,0.56,0.82,0.33,0.88,0.3,0.52,0.5,0.562,0.39,0.436
0.0,0.0,0.0,0.0,1.0,1.0,0.16,0.16,0.42,0.42,0.3,0.42,0.4,0.49,0.0,0.4,0.25,0.77,0.56,0.25,0.25,0.56,0.56,0.82,0.33,0.88,0.31,0.53,0.5,0.587,0.392,0.429
0.0,0.0,0.0,0.0,1.0,1.0,0.16,0.16,0.42,0.42,0.31,0.41,0.4,0.48,0.0,0.41,0.25,0.77,0.56,0.25,0.25,0.56,0.56,0.82,0.33,0.87,0.31,0.45,0.5,0.586,0.39,0.426
0.0,0.0,0.0,0.0,1.0,1.0,0.16,0.16,0.43,0.43,0.32,0.4,0.39,0.43,0.0,0.43,0.25,0.78,0.56,0.25,0.25,0.56,0.56,0.81,0.34,0.84,0.32,0.34,1.0,0.561,0.387,0.429
0.0,0.0,0.0,0.0,1.0,1.0,0.16,0.16,0.43,0.43,0.32,0.4,0.27,0.31,0.0,0.49,0.25,0.83,0.56,0.25,0.25,0.56,0.56,0.73,0.37,0.76,0.36,0.28,1.0,0.521,0.387,0.438
0.0,0.0,0.0,0.0,1.0,1.0,0.16,0.16,0.43,0.43,0.33,0.39,0.0,0.0,0.0,0.74,0.25,1.0,0.56,0.25,0.25,0.56,0.56,0.33,0.7,0.33,0.7,0.27,1.0,0.489,0.383,0.439
0.0,0.0,0.0,0.0,1.0,1.0,0.16,0.16,0.44,0.44,0.39,0.34,0.04,0.0,0.0,0.6,0.25,0.91,0.56,0.25,0.25,0.56,0.56,0.58,0.44,0.53,0.5,0.38,1.0,0.486,0.373,0.435
0.0,0.0,0.0,0.0,1.0,1.0,0.16,0.16,0.48,0.48,0.39,0.34,0.0,0.0,0.0,0.51,0.36,0.84,0.56,0.33,0.39,0.56,0.56,0.54,0.47,0.51,0.54,0.51,0.5,0.491,0.372,0.43
0.0,0.0,0.0,0.0,1.0,1.0,0.16,0.16,0.46,0.46,0.38,0.34,0.0,0.0,0.25,0.53,0.33,0.86,0.56,0.3,0.36,0.56,0.56,0.51,0.52,0.48,0.59,0.47,0.5,0.488,0.367,0.431
0.0,0.0,0.0,0.0,1.0,1.0,0.16,0.16,0.42,0.42,0.37,0.35,0.0,0.0,0.0,0.6,0.28,0.92,0.56,0.26,0.3,0.56,0.56,0.53,0.48,0.51,0.53,0.36,1.0,0.462,0.358,0.432
0.0,0.0,0.0,0.0,1.0,1.0,0.16,0.16,0.4,0.4,0.36,0.36,0.0,0.0,0.0,0.62,0.33,0.93,0.55,0.31,0.35,0.55,0.55,0.38,0.7,0.38,0.7,0.31,1.0,0.406,0.358,0.432
0.0,0.0,0.0,0.0,1.0,1.0,0.16,0.16,0.39,0.39,0.33,0.39,0.0,0.0,0.0,0.63,0.41,0.93,0.52,0.4,0.42,0.52,0.52,0.38,0.7,0.38,0.7,0.29,0.52,0.371,0.353,0.43
0.0,0.0,0.0,0.0,1.0,1.0,0.16,0.16,0.4,0.4,0.26,0.46,0.0,0.0,0.25,0.61,0.59,0.92,0.47,0.58,0.6,0.47,0.47,0.38,0.7,0.38,0.7,0.3,0.41,0.37,0.353,0.434
0.0,0.0,0.0,0.0,1.0,1.0,0.16,0.16,0.44,0.44,0.21,0.52,0.0,0.0,0.5,0.6,0.82,0.91,0.37,0.82,0.83,0.37,0.37,0.55,0.45,0.53,0.48,0.32,0.45,0.406,0.357,0.432
0.56,0.56,1.0,1.0,0.98,0.98,0.16,0.16,0.48,0.48,0.2,0.52,0.0,0.0,0.75,0.54,0.8,0.86,0.4,0.79,0.81,0.4,0.4,0.52,0.5,0.51,0.53,0.3,0.71,0.421,0.358,0.436
0.0,0.0,0.0,0.0,1.0,1.0,0.16,0.16,0.49,0.49,0.27,0.45,0.04,0.02,0.25,0.46,0.41,0.81,0.56,0.4,0.42,0.56,0.56,0.58,0.44,0.56,0.44,0.25,0.82,0.409,0.362,0.445
0.0,0.0,0.0,0.0,1.0,1.0,0.16,0.16,0.51,0.51,0.35,0.37,0.13,0.09,0.25,0.45,0.39,0.8,0.56,0.37,0.41,0.56,0.56,0.64,0.41,0.61,0.43,0.29,1.0,0.396,0.372,0.454
0.0,0.0,0.0,0.0,1.0,1.0,0.16,0.16,0.53,0.53,0.4,0.32,0.12,0.07,0.25,0.47,0.37,0.81,0.56,0.36,0.38,0.56,0.56,0.63,0.42,0.6,0.43,0.28,0.75,0.383,0.38,0.459
0.0,0.0,0.0,0.0,1.0,1.0,0.16,0.16,0.53,0.53,0.44,0.28,0.15,0.09,0.25,0.48,0.36,0.82,0.56,0.36,0.37,0.56,0.56,0.65,0.41,0.61,0.42,0.26,0.51,0.399,0.383,0.474
0.0,0.0,0.0,0.0,1.0,1.0,0.16,0.16,0.54,0.54,0.44,0.28,0.09,0.04,0.25,0.54,0.4,0.87,0.56,0.4,0.39,0.56,0.56,0.61,0.43,0.58,0.44,0.23,0.45,0.464,0.398,0.495
0.0,0.0,0.0,0.0,1.0,1.0,0.16,0.16,0.55,0.55,0.42,0.31,0.0,0.0,0.5,0.52,0.7,0.85,0.49,0.7,0.7,0.49,0.49,0.54,0.47,0.51,0.52,0.22,0.48,0.482,0.405,0.496
0.0,0.0,0.0,0.0,1.0,1.0,0.16,0.16,0.59,0.59,0.3,0.42,0.0,0.0,0.75,0.42,0.9,0.77,0.37,0.89,0.9,0.37,0.37,0.54,0.47,0.5,0.54,0.17,0.5,0.505,0.413,0.485
0.0,0.0,0.0,0.0,1.0,1.0,0.16,0.16,0.59,0.59,0.21,0.52,0.0,0.0,0.75,0.46,0.74,0.81,0.47,0.74,0.75,0.47,0.47,0.54,0.48,0.51,0.53,0.2,0.55,0.544,0.42,0.473
0.0,0.0,0.0,0.0,1.0,1.0,0.16,0.16,0.59,0.59,0.17,0.56,0.04,0.0,0.75,0.5,0.57,0.84,0.55,0.55,0.58,0.55,0.55,0.58,0.43,0.53,0.49,0.21,0.53,0.566,0.417,0.466
0.01,0.01,0.0,0.0,1.0,1.0,0.16,0.16,0.59,0.59,0.19,0.54,0.07,0.0,0.5,0.51,0.53,0.84,0.56,0.51,0.55,0.56,0.56,0.6,0.43,0.54,0.48,0.21,0.43,0.568,0.413,0.442
0.02,0.02,0.0,0.0,1.0,1.0,0.16,0.16,0.57,0.57,0.3,0.42,0.04,0.0,0.75,0.51,0.6,0.85,0.55,0.59,0.61,0.55,0.55,0.58,0.44,0.54,0.47,0.22,0.3,0.545,0.397,0.389
0.03,0.03,0.0,0.0,1.0,1.0,0.16,0.16,0.55,0.55,0.36,0.36,0.06,0.0,0.75,0.53,0.62,0.86,0.55,0.62,0.62,0.55,0.55,0.59,0.43,0.55,0.46,0.19,0.17,0.521,0.387,0.346
0.09,0.09,0.0,0.0,1.0,1.0,0.18,0.18,0.39,0.39,0.36,0.37,0.07,0.03,0.5,0.53,0.57,0.86,0.52,0.57,0.57,0.52,0.52,0.6,0.43,0.57,0.44,0.17,0.14,0.473,0.388,0.345
0.06,0.06,0.0,0.0,1.0,1.0,0.16,0.16,0.43,0.43,0.32,0.4,0.04,0.02,0.5,0.52,0.73,0.85,0.44,0.74,0.73,0.44,0.44,0.58,0.44,0.56,0.44,0.16,0.22,0.447,0.39,0.392
0.08,0.08,0.0,0.0,1.0,1.0,0.16,0.16,0.44,0.44,0.25,0.48,0.06,0.03,0.5,0.48,0.79,0.82,0.39,0.79,0.79,0.39,0.39,0.59,0.43,0.57,0.44,0.15,0.46,0.436,0.393,0.455
0.04,0.04,0.0,0.0,1.0,1.0,0.16,0.16,0.43,0.43,0.21,0.52,0.1,0.06,0.5,0.48,0.59,0.82,0.49,0.58,0.61,0.49,0.49,0.62,0.42,0.59,0.43,0.15,0.9,0.431,0.413,0.495
0.02,0.02,0.0,0.0,1.0,1.0,0.16,0.16,0.43,0.43,0.2,0.53,0.13,0.09,0.5,0.48,0.58,0.82,0.5,0.57,0.59,0.5,0.5,0.64,0.41,0.61,0.43,0.14,0.89,0.438,0.467,0.53
0.0,0.0,0.0,0.0,1.0,1.0,0.16,0.16,0.42,0.42,0.24,0.48,0.15,0.07,0.75,0.43,0.78,0.79,0.4,0.76,0.8,0.4,0.4,0.65,0.41,0.6,0.43,0.13,0.88,0.425,0.517,0.527
0.0,0.0,0.0,0.0,1.0,1.0,0.16,0.16,0.41,0.41,0.32,0.41,0.15,0.02,0.5,0.4,0.74,0.76,0.44,0.72,0.76,0.44,0.44,0.65,0.41,0.56,0.44,0.11,1.0,0.394,0.555,0.499
0.0,0.0,0.0,0.0,1.0,1.0,0.16,0.16,0.4,0.4,0.42,0.3,0.12,0.06,0.5,0.46,0.53,0.81,0.54,0.5,0.55,0.54,0.54,0.63,0.41,0.59,0.43,0.12,1.0,0.37,0.573,0.43
0.01,0.01,0.0,0.0,1.0,1.0,0.16,0.16,0.41,0.41,0.48,0.24,0.1,0.06,0.5,0.49,0.59,0.83,0.51,0.58,0.61,0.51,0.51,0.62,0.42,0.59,0.43,0.13,0.71,0.376,0.602,0.319
0.0,0.0,0.0,0.0,1.0,1.0,0.16,0.16,0.41,0.41,0.54,0.18,0.09,0.06,0.5,0.49,0.65,0.83,0.49,0.64,0.65,0.49,0.49,0.61,0.42,0.59,0.43,0.12,0.47,0.394,0.632,0.26
0.0,0.0,0.0,0.0,1.0,1.0,0.16,0.16,0.48,0.48,0.56,0.16,0.06,0.04,0.5,0.53,0.76,0.86,0.42,0.76,0.76,0.42,0.42,0.59,0.43,0.58,0.44,0.12,0.39,0.414,0.682,0.253
0.0,0.0,0.0,0.0,1.0,1.0,0.16,0.16,0.54,0.54,0.58,0.14,0.0,0.0,0.75,0.6,0.82,0.91,0.38,0.82,0.83,0.38,0.38,0.55,0.46,0.54,0.47,0.12,0.32,0.396,0.735,0.335
0.04,0.04,0.0,0.0,1.0,1.0,0.16,0.16,0.56,0.56,0.6,0.13,0.0,0.0,0.75,0.53,0.84,0.86,0.41,0.84,0.84,0.41,0.41,0.55,0.45,0.55,0.45,0.12,0.28,0.411,0.748,0.376
0.0,0.0,0.0,0.0,1.0,1.0,0.16,0.16,0.58,0.58,0.61,0.12,0.0,0.02,0.75,0.53,0.72,0.86,0.51,0.73,0.72,0.51,0.51,0.55,0.45,0.56,0.45,0.17,0.13,0.419,0.718,0.403
0.03,0.03,0.0,0.0,1.0,1.0,0.16,0.16,0.53,0.53,0.59,0.13,0.06,0.07,0.5,0.53,0.61,0.86,0.54,0.62,0.61,0.54,0.54,0.59,0.43,0.6,0.43,0.21,0.1,0.429,0.658,0.388
0.02,0.02,0.0,0.0,1.0,1.0,0.16,0.16,0.53,0.53,0.58,0.14,0.06,0.06,0.5,0.52,0.69,0.85,0.47,0.69,0.69,0.47,0.47,0.59,0.43,0.59,0.43,0.16,0.12,0.431,0.59,0.343
0.01,0.01,0.0,0.0,1.0,1.0,0.16,0.16,0.49,0.49,0.61,0.11,0.07,0.06,0.5,0.46,0.78,0.81,0.44,0.77,0.78,0.44,0.44,0.6,0.43,0.59,0.43,0.13,0.18,0.435,0.535,0.311
0.06,0.06,0.0,0.0,1.0,1.0,0.16,0.16,0.43,0.43,0.61,0.12,0.06,0.04,0.5,0.58,0.67,0.89,0.48,0.68,0.67,0.48,0.48,0.59,0.43,0.58,0.44,0.17,0.22,0.421,0.47,0.305
0.2,0.2,0.24,0.24,1.0,1.0,0.16,0.16,0.37,0.37,0.65,0.08,0.13,0.15,0.5,0.42,0.52,0.78,0.56,0.52,0.51,0.56,0.56,0.64,0.41,0.65,0.41,0.54,0.5,0.416,0.382,0.334
0.13,0.13,0.07,0.07,1.0,1.0,0.16,0.16,0.3,0.3,0.63,0.1,0.34,0.38,0.0,0.32,0.25,0.7,0.56,0.25,0.25,0.56,0.56,0.78,0.35,0.8,0.34,0.63,0.5,0.457,0.292,0.408
0.56,0.56,1.0,1.0,0.98,0.98,0.16,0.16,0.27,0.27,0.6,0.12,0.38,0.4,0.0,0.31,0.25,0.7,0.56,0.25,0.25,0.56,0.56,0.8,0.34,0.82,0.33,0.55,0.5,0.496,0.222,0.492
0.0,0.0,0.0,0.0,1.0,1.0,0.16,0.16,0.26,0.26,0.58,0.15,0.36,0.39,0.0,0.36,0.25,0.73,0.56,0.25,0.25,0.56,0.56,0.79,0.34,0.81,0.34,0.38,0.28,0.519,0.185,0.556
0.0,0.0,0.0,0.0,1.0,1.0,0.16,0.16,0.25,0.25,0.53,0.2,0.31,0.33,0.0,0.38,0.25,0.75,0.56,0.25,0.25,0.56,0.56,0.76,0.36,0.77,0.35,0.31,0.32,0.531,0.17,0.595
0.0,0.0,0.0,0.0,1.0,1.0,0.16,0.16,0.24,0.24,0.51,0.21,0.3,0.3,0.0,0.39,0.25,0.76,0.56,0.25,0.25,0.56,0.56,0.75,0.36,0.75,0.36,0.3,0.46,0.54,0.165,0.622
0.0,0.0,0.0,0.0,1.0,1.0,0.16,0.16,0.23,0.23,0.5,0.23,0.22,0.18,0.0,0.46,0.25,0.81,0.56,0.25,0.25,0.56,0.56,0.7,0.38,0.67,0.4,0.3,0.52,0.522,0.173,0.646
0.0,0.0,0.0,0.0,1.0,1.0,0.16,0.16,0.22,0.22,0.52,0.21,0.0,0.0,0.0,0.69,0.25,0.98,0.56,0.25,0.25,0.56,0.56,0.35,0.7,0.35,0.7,0.25,0.5,0.5,0.187,0.649
0.0,0.0,0.0,0.0,1.0,1.0,0.16,0.16,0.26,0.26,0.63,0.09,0.1,0.02,0.0,0.57,0.32,0.89,0.56,0.31,0.32,0.56,0.56,0.62,0.42,0.56,0.44,0.26,0.4,0.456,0.225,0.672
0.56,0.56,1.0,1.0,0.97,0.97,0.16,0.16,0.35,0.35,0.69,0.04,0.0,0.0,0.5,0.52,0.87,0.85,0.37,0.87,0.87,0.37,0.37,0.5,0.54,0.46,0.62,0.26,0.06,0.401,0.243,0.671
0.56,0.56,1.0,1.0,0.97,0.97,0.16,0.16,0.34,0.34,0.68,0.05,0.16,0.12,0.25,0.43,0.69,0.79,0.56,0.69,0.69,0.56,0.56,0.66,0.4,0.63,0.41,0.32,0.04,0.364,0.262,0.644
0.56,0.56,1.0,1.0,0.97,0.97,0.16,0.16,0.35,0.35,0.55,0.18,0.22,0.2,0.0,0.38,0.38,0.75,0.56,0.38,0.38,0.56,0.56,0.7,0.38,0.68,0.39,0.38,0.25,0.412,0.282,0.639
0.56,0.56,1.0,1.0,0.98,0.98,0.16,0.16,0.37,0.37,0.43,0.29,0.25,0.27,0.0,0.38,0.25,0.74,0.56,0.25,0.25,0.56,0.56,0.72,0.37,0.73,0.37,0.24,0.5,0.531,0.29,0.625
0.0,0.0,0.0,0.0,1.0,1.0,0.16,0.16,0.39,0.39,0.39,0.33,0.22,0.24,0.0,0.41,0.25,0.77,0.56,0.25,0.25,0.56,0.56,0.7,0.38,0.71,0.38,0.16,0.81,0.586,0.295,0.62
0.0,0.0,0.0,0.0,1.0,1.0,0.16,0.16,0.48,0.48,0.4,0.32,0.21,0.22,0.25,0.46,0.25,0.8,0.56,0.25,0.25,0.56,0.56,0.69,0.39,0.7,0.38,0.17,0.98,0.628,0.298,0.609
0.0,0.0,0.0,0.0,1.0,1.0,0.16,0.16,0.5,0.5,0.45,0.27,0.0,0.0,0.25,0.75,0.33,1.0,0.56,0.32,0.33,0.56,0.56,0.33,0.7,0.33,0.7,0.26,0.98,0.651,0.297,0.595
0.07,0.07,0.0,0.0,1.0,1.0,0.16,0.16,0.54,0.54,0.5,0.22,0.0,0.0,0.5,0.7,0.69,0.99,0.49,0.69,0.69,0.49,0.49,0.34,0.7,0.34,0.7,0.36,0.82,0.647,0.3,0.58
0.15,0.15,0.12,0.12,1.0,1.0,0.16,0.16,0.58,0.58,0.56,0.17,0.0,0.0,0.75,0.43,0.94,0.78,0.36,0.93,0.95,0.36,0.36,0.51,0.53,0.44,0.66,0.31,0.86,0.651,0.305,0.564
0.56,0.56,1.0,1.0,0.98,0.98,0.16,0.16,0.51,0.51,0.65,0.08,0.21,0.09,0.75,0.4,0.85,0.77,0.54,0.82,0.88,0.54,0.54,0.69,0.39,0.61,0.42,0.36,1.0,0.661,0.31,0.542
0.56,0.56,1.0,1.0,0.98,0.98,0.16,0.16,0.49,0.49,0.68,0.05,0.22,0.12,0.75,0.39,0.71,0.76,0.56,0.68,0.75,0.56,0.56,0.7,0.38,0.63,0.41,0.49,0.5,0.674,0.315,0.533
0.56,0.56,1.0,1.0,0.98,0.98,0.16,0.16,0.48,0.48,0.65,0.08,0.22,0.16,0.5,0.38,0.65,0.75,0.56,0.64,0.65,0.56,0.56,0.7,0.39,0.66,0.4,0.61,0.5,0.692,0.317,0.533
0.56,0.56,1.0,1.0,0.98,0.98,0.16,0.16,0.46,0.46,0.6,0.13,0.18,0.18,0.25,0.37,0.58,0.74,0.56,0.6,0.57,0.56,0.56,0.67,0.4,0.67,0.4,0.71,0.5,0.696,0.308,0.562
0.56,0.56,1.0,1.0,0.97,0.97,0.16,0.16,0.48,0.48,0.57,0.16,0.18,0.2,0.25,0.37,0.52,0.74,0.56,0.52,0.51,0.56,0.56,0.67,0.4,0.68,0.39,0.71,0.5,0.69,0.273,0.64
0.56,0.56,1.0,1.0,0.98,0.98,0.16,0.16,0.52,0.52,0.55,0.17,0.18,0.2,0.25,0.38,0.45,0.75,0.56,0.45,0.45,0.56,0.56,0.67,0.4,0.68,0.39,0.65,0.5,0.664,0.268,0.662
0.56,0.56,1.0,1.0,0.98,0.98,0.16,0.16,0.53,0.53,0.53,0.19,0.15,0.2,0.25,0.44,0.33,0.79,0.56,0.33,0.34,0.56,0.56,0.65,0.41,0.68,0.39,0.51,0.5,0.624,0.29,0.633
0.56,0.56,1.0,1.0,0.97,0.97,0.43,0.41,0.27,0.27,0.47,0.26,0.3,0.39,0.0,0.43,0.25,0.79,0.56,0.25,0.25,0.56,0.56,0.75,0.36,0.81,0.33,0.44,1.0,0.575,0.34,0.549
0.56,0.56,1.0,1.0,0.97,0.97,0.16,0.16,0.35,0.35,0.47,0.25,0.28,0.34,0.0,0.44,0.25,0.79,0.56,0.25,0.25,0.56,0.56,0.74,0.37,0.78,0.35,0.27,0.26,0.5,0.39,0.46
0.06,0.06,0.0,0.0,1.0,1.0,0.16,0.16,0.44,0.44,0.45,0.27,0.28,0.33,0.25,0.47,0.33,0.81,0.56,0.33,0.32,0.56,0.56,0.74,0.36,0.77,0.35,0.23,0.58,0.476,0.395,0.456
0.0,0.0,0.0,0.0,1.0,1.0,0.16,0.16,0.5,0.5,0.44,0.28,0.3,0.31,0.5,0.43,0.42,0.79,0.56,0.42,0.42,0.56,0.56,0.75,0.36,0.76,0.36,0.2,0.6,0.437,0.395,0.478
0.03,0.03,0.0,0.0,1.0,1.0,0.55,0.51,0.33,0.33,0.43,0.29,0.3,0.31,0.25,0.45,0.41,0.8,0.56,0.41,0.4,0.56,0.56,0.75,0.36,0.76,0.36,0.22,0.69,0.471,0.39,0.509
0.0,0.0,0.0,0.0,1.0,1.0,0.16,0.16,0.47,0.47,0.43,0.29,0.0,0.0,0.25,0.68,0.38,0.97,0.56,0.37,0.38,0.56,0.56,0.35,0.7,0.35,0.7,0.22,0.54,0.554,0.362,0.56
0.0,0.0,0.0,0.0,1.0,1.0,0.16,0.16,0.47,0.47,0.43,0.29,0.0,0.0,0.25,0.8,0.4,1.0,0.56,0.4,0.4,0.56,0.56,0.31,0.7,0.31,0.7,0.21,0.37,0.616,0.328,0.589
0.02,0.02,0.0,0.0,1.0,1.0,0.16,0.16,0.42,0.42,0.44,0.28,0.0,0.0,0.25,0.85,0.34,1.0,0.56,0.34,0.34,0.56,0.56,0.28,0.7,0.28,0.7,0.23,0.41,0.651,0.302,0.605
0.58,0.58,1.0,1.0,0.96,0.96,0.97,0.97,0.32,0.32,0.39,0.33,0.0,0.0,0.0,0.78,0.43,1.0,0.53,0.42,0.44,0.53,0.53,0.31,0.7,0.31,0.7,0.41,0.62,0.675,0.298,0.611
0.58,0.58,1.0,1.0,0.96,0.96,0.45,0.45,0.29,0.29,0.41,0.32,0.0,0.0,0.5,0.74,0.49,1.0,0.55,0.49,0.5,0.55,0.55,0.33,0.7,0.33,0.7,0.54,0.5,0.666,0.315,0.59
0.56,0.56,1.0,1.0,0.97,0.97,0.16,0.16,0.37,0.37,0.43,0.3,0.0,0.0,0.5,0.49,0.52,0.83,0.56,0.5,0.54,0.56,0.56,0.51,0.54,0.51,0.53,0.64,0.5,0.657,0.33,0.57
0.56,0.56,1.0,1.0,0.97,0.97,0.16,0.16,0.36,0.36,0.43,0.3,0.04,0.03,0.25,0.42,0.48,0.77,0.56,0.46,0.5,0.56,0.56,0.58,0.44,0.57,0.44,0.68,0.5,0.629,0.345,0.554
0.56,0.56,1.0,1.0,0.97,0.97,0.16,0.16,0.32,0.32,0.43,0.29,0.18,0.15,0.25,0.36,0.43,0.73,0.56,0.4,0.45,0.56,0.56,0.67,0.4,0.65,0.4,0.72,0.5,0.61,0.363,0.539
0.58,0.58,1.0,1.0,0.96,0.96,0.73,0.72,0.13,0.13,0.4,0.32,0.33,0.34,0.0,0.35,0.33,0.73,0.56,0.32,0.34,0.56,0.56,0.77,0.35,0.78,0.35,0.77,0.5,0.573,0.37,0.529
0.59,0.59,1.0,1.0,0.95,0.95,0.28,0.28,0.22,0.22,0.42,0.31,0.27,0.22,0.5,0.33,0.69,0.71,0.56,0.67,0.71,0.56,0.56,0.73,0.37,0.7,0.39,0.81,0.5,0.561,0.373,0.514
0.58,0.58,1.0,1.0,0.96,0.96,0.16,0.16,0.32,0.32,0.41,0.31,0.12,0.12,1.0,0.3,0.97,0.68,0.37,0.97,0.97,0.37,0.37,0.63,0.42,0.63,0.42,0.39,0.69,0.508,0.365,0.51
0.58,0.58,1.0,1.0,0.96,0.96,0.16,0.16,0.29,0.29,0.42,0.31,0.4,0.4,0.75,0.29,0.74,0.68,0.56,0.73,0.75,0.56,0.56,0.82,0.33,0.82,0.33,0.48,0.5,0.432,0.347,0.505
0.57,0.57,1.0,1.0,0.97,0.97,0.16,0.16,0.29,0.29,0.43,0.3,0.38,0.39,0.25,0.31,0.4,0.69,0.56,0.39,0.41,0.56,0.56,0.8,0.34,0.81,0.33,0.47,0.5,0.344,0.352,0.513
0.56,0.56,1.0,1.0,0.98,0.98,0.16,0.16,0.29,0.29,0.43,0.3,0.36,0.38,0.0,0.34,0.25,0.72,0.56,0.25,0.25,0.56,0.56,0.79,0.34,0.8,0.34,0.17,0.42,0.326,0.357,0.515
0.0,0.0,0.0,0.0,1.0,1.0,0.16,0.16,0.29,0.29,0.42,0.31,0.31,0.34,0.0,0.34,0.25,0.72,0.56,0.25,0.25,0.56,0.56,0.76,0.35,0.78,0.35,0.2,0.7,0.371,0.357,0.506
0.0,0.0,0.0,0.0,1.0,1.0,0.16,0.16,0.31,0.31,0.41,0.31,0.4,0.43,0.0,0.35,0.25,0.72,0.56,0.25,0.25,0.56,0.56,0.82,0.33,0.84,0.32,0.31,0.74,0.398,0.357,0.497
0.0,0.0,0.0,0.0,1.0,1.0,0.16,0.16,0.35,0.35,0.38,0.34,0.43,0.49,0.0,0.36,0.25,0.73,0.56,0.25,0.25,0.56,0.56,0.84,0.32,0.88,0.3,0.42,1.0,0.441,0.358,0.5
0.0,0.0,0.0,0.0,1.0,1.0,0.16,0.16,0.35,0.35,0.38,0.34,0.45,0.52,0.0,0.38,0.25,0.75,0.56,0.25,0.25,0.56,0.56,0.85,0.32,0.9,0.29,0.44,1.0,0.504,0.363,0.49
0.0,0.0,0.0,0.0,1.0,1.0,0.16,0.16,0.36,0.36,0.38,0.35,0.46,0.55,0.0,0.39,0.25,0.75,0.56,0.25,0.25,0.56,0.56,0.86,0.31,0.92,0.29,0.49,0.5,0.527,0.355,0.486
0.0,0.0,0.0,0.0,1.0,1.0,0.16,0.16,0.34,0.34,0.37,0.35,0.39,0.42,0.0,0.38,0.25,0.75,0.56,0.25,0.25,0.56,0.56,0.81,0.33,0.83,0.32,0.61,0.5,0.567,0.362,0.483
0.0,0.0,0.0,0.0,1.0,1.0,0.16,0.16,0.33,0.33,0.38,0.34,0.34,0.38,0.0,0.37,0.25,0.74,0.56,0.25,0.25,0.56,0.56,0.78,0.35,0.8,0.34,0.66,0.5,0.591,0.375,0.48
0.0,0.0,0.0,0.0,1.0,1.0,0.16,0.16,0.35,0.35,0.4,0.32,0.36,0.39,0.0,0.38,0.25,0.75,0.56,0.25,0.25,0.56,0.56,0.79,0.34,0.81,0.34,0.52,0.5,0.619,0.378,0.475
0.0,0.0,0.0,0.0,1.0,1.0,0.16,0.16,0.36,0.36,0.4,0.32,0.36,0.38,0.0,0.39,0.25,0.75,0.56,0.25,0.25,0.56,0.56,0.79,0.34,0.8,0.34,0.48,0.5,0.656,0.372,0.467
0.0,0.0,0.0,0.0,1.0,1.0,0.16,0.16,0.36,0.36,0.4,0.32,0.2,0.12,0.0,0.45,0.25,0.8,0.56,0.25,0.25,0.56,0.56,0.68,0.39,0.63,0.41,0.46,0.5,0.662,0.37,0.462
0.0,0.0,0.0,0.0,1.0,1.0,0.16,0.16,0.35,0.35,0.41,0.32,0.0,0.0,0.0,0.59,0.25,0.91,0.56,0.25,0.25,0.56,0.56,0.52,0.51,0.48,0.59,0.41,0.41,0.626,0.37,0.467
0.0,0.0,0.0,0.0,1.0,1.0,0.16,0.16,0.35,0.35,0.41,0.31,0.0,0.0,0.0,0.66,0.25,0.96,0.56,0.25,0.25,0.56,0.56,0.36,0.7,0.36,0.7,0.46,0.5,0.634,0.365,0.467
0.0,0.0,0.0,0.0,1.0,1.0,0.16,0.16,0.39,0.39,0.41,0.31,0.0,0.0,0.0,0.76,0.25,1.0,0.56,0.25,0.25,0.56,0.56,0.32,0.7,0.32,0.7,0.52,0.5,0.629,0.368,0.467
0.0,0.0,0.0,0.0,1.0,1.0,0.16,0.16,0.46,0.46,0.43,0.29,0.0,0.0,0.0,0.85,0.74,1.0,0.46,0.72,0.76,0.46,0.46,0.28,0.7,0.28,0.7,0.62,0.5,0.608,0.373,0.47
0.0,0.0,0.0,0.0,1.0,1.0,0.16,0.16,0.52,0.52,0.5,0.23,0.0,0.0,0.25,0.63,0.9,0.93,0.37,0.87,0.92,0.37,0.37,0.38,0.7,0.38,0.7,0.45,0.5,0.577,0.383,0.471
0.0,0.0,0.0,0.0,1.0,1.0,0.16,0.16,0.51,0.51,0.5,0.22,0.0,0.0,0.25,0.51,0.49,0.85,0.56,0.46,0.53,0.56,0.56,0.52,0.5,0.49,0.57,0.5,0.5,0.553,0.39,0.471
0.0,0.0,0.0,0.0,1.0,1.0,0.16,0.16,0.5,0.5,0.49,0.23,0.0,0.0,0.0,0.48,0.39,0.82,0.56,0.36,0.41,0.56,0.56,0.55,0.46,0.51,0.53,0.5,0.5,0.521,0.378,0.453
0.0,0.0,0.0,0.0,1.0,1.0,0.16,0.16,0.5,0.5,0.48,0.25,0.0,0.0,0.0,0.47,0.31,0.82,0.56,0.29,0.33,0.56,0.56,0.55,0.45,0.53,0.49,0.53,0.5,0.503,0.373,0.451
0.0,0.0,0.0,0.0,1.0,1.0,0.26,0.25,0.3,0.3,0.46,0.27,0.16,0.1,0.0,0.47,0.25,0.81,0.56,0.25,0.25,0.56,0.56,0.66,0.4,0.62,0.42,0.37,1.0,0.492,0.367,0.45
0.0,0.0,0.0,0.0,1.0,1.0,0.16,0.16,0.29,0.29,0.47,0.25,0.2,0.12,0.0,0.47,0.25,0.81,0.56,0.25,0.25,0.56,0.56,0.68,0.39,0.63,0.42,0.34,1.0,0.534,0.382,0.445
0.0,0.0,0.0,0.0,1.0,1.0,0.16,0.16,0.31,0.31,0.51,0.22,0.15,0.0,0.0,0.54,0.25,0.87,0.56,0.25,0.25,0.56,0.56,0.65,0.4,0.55,0.46,0.32,0.51,0.551,0.38,0.446
0.0,0.0,0.0,0.0,1.0,1.0,0.16,0.16,0.31,0.31,0.5,0.23,0.0,0.0,0.0,0.63,0.29,0.94,0.56,0.29,0.3,0.56,0.56,0.37,0.7,0.37,0.7,0.29,0.43,0.536,0.377,0.459
0.57,0.57,1.0,1.0,0.97,0.97,0.74,0.69,0.25,0.25,0.43,0.3,0.07,0.0,0.0,0.44,0.9,0.79,0.33,0.87,0.92,0.33,0.33,0.6,0.43,0.52,0.5,0.29,0.56,0.55,0.37,0.462
0.56,0.56,1.0,1.0,0.98,0.98,0.16,0.16,0.4,0.4,0.0,0.77,0.1,0.07,0.25,0.51,0.68,0.85,0.46,0.68,0.68,0.46,0.46,0.62,0.42,0.6,0.43,0.3,0.55,0.547,0.358,0.466
0.55,0.55,1.0,1.0,0.98,0.98,0.16,0.16,0.39,0.39,0.0,0.79,0.12,0.09,0.25,0.49,0.49,0.83,0.56,0.49,0.5,0.56,0.56,0.63,0.41,0.61,0.43,0.37,0.61,0.566,0.343,0.475
0.0,0.0,0.0,0.0,1.0,1.0,0.16,0.16,0.42,0.42,0.0,0.75,0.13,0.09,0.0,0.48,0.42,0.82,0.56,0.41,0.43,0.56,0.56,0.64,0.41,0.61,0.42,0.4,0.55,0.576,0.33,0.482
0.0,0.0,0.0,0.0,1.0,1.0,0.16,0.16,0.42,0.42,0.02,0.72,0.18,0.13,0.0,0.45,0.34,0.8,0.56,0.35,0.34,0.56,0.56,0.67,0.4,0.64,0.41,0.4,0.22,0.58,0.322,0.484
0.56,0.56,1.0,1.0,0.98,0.98,0.91,0.91,0.3,0.3,0.49,0.24,0.27,0.24,0.0,0.44,0.25,0.79,0.56,0.25,0.25,0.56,0.56,0.73,0.37,0.71,0.38,0.38,0.07,0.568,0.305,0.495
0.56,0.56,1.0,1.0,0.97,0.97,0.16,0.16,0.33,0.33,0.51,0.22,0.22,0.24,0.0,0.42,0.25,0.78,0.56,0.25,0.25,0.56,0.56,0.7,0.38,0.71,0.38,0.27,0.46,0.555,0.292,0.527
0.56,0.56,1.0,1.0,0.98,0.98,0.16,0.16,0.37,0.37,0.39,0.33,0.21,0.2,0.0,0.44,0.25,0.79,0.56,0.25,0.25,0.56,0.56,0.69,0.39,0.68,0.39,0.21,0.89,0.562,0.278,0.537
0.0,0.0,0.0,0.0,1.0,1.0,0.16,0.16,0.38,0.38,0.25,0.47,0.2,0.21,0.0,0.47,0.25,0.82,0.56,0.25,0.25,0.56,0.56,0.68,0.39,0.69,0.39,0.22,1.0,0.564,0.28,0.525
0.0,0.0,0.0,0.0,1.0,1.0,0.16,0.16,0.38,0.38,0.25,0.47,0.25,0.3,0.0,0.47,0.25,0.81,0.56,0.25,0.25,0.56,0.56,0.72,0.37,0.75,0.36,0.29,1.0,0.564,0.287,0.517
0.0,0.0,0.0,0.0,1.0,1.0,0.16,0.16,0.37,0.37,0.28,0.45,0.33,0.36,0.0,0.44,0.25,0.79,0.56,0.25,0.25,0.56,0.56,0.77,0.35,0.79,0.34,0.41,1.0,0.573,0.293,0.497
0.02,0.02,0.0,0.0,1.0,1.0,0.16,0.16,0.34,0.34,0.32,0.4,0.36,0.39,0.0,0.4,0.25,0.77,0.56,0.25,0.25,0.56,0.56,0.79,0.34,0.81,0.33,0.45,0.5,0.593,0.3,0.497
0.04,0.04,0.0,0.0,1.0,1.0,0.16,0.16,0.33,0.33,0.34,0.38,0.38,0.39,0.0,0.4,0.25,0.76,0.56,0.25,0.25,0.56,0.56,0.8,0.34,0.81,0.33,0.43,0.53,0.604,0.315,0.522
0.0,0.0,0.0,0.0,1.0,1.0,0.2,0.2,0.31,0.31,0.36,0.36,0.39,0.42,0.0,0.4,0.25,0.76,0.56,0.25,0.25,0.56,0.56,0.81,0.33,0.83,0.32,0.44,0.42,0.616,0.323,0.535
0.0,0.0,0.0,0.0,1.0,1.0,0.16,0.16,0.39,0.39,0.38,0.34,0.39,0.4,0.0,0.39,0.25,0.75,0.56,0.25,0.25,0.56,0.56,0.81,0.33,0.82,0.33,0.51,0.5,0.603,0.327,0.521
0.01,0.01,0.0,0.0,1.0,1.0,0.16,0.16,0.4,0.4,0.39,0.33,0.36,0.34,0.25,0.38,0.25,0.75,0.56,0.25,0.25,0.56,0.56,0.79,0.34,0.78,0.35,0.53,0.5,0.583,0.322,0.515
0.02,0.02,0.0,0.0,1.0,1.0,0.16,0.16,0.4,0.4,0.39,0.33,0.33,0.31,0.0,0.4,0.25,0.76,0.56,0.25,0.25,0.56,0.56,0.77,0.35,0.76,0.36,0.37,0.14,0.57,0.312,0.524
0.03,0.03,0.0,0.0,1.0,1.0,0.16,0.16,0.41,0.41,0.38,0.34,0.24,0.25,0.0,0.42,0.25,0.78,0.56,0.25,0.25,0.56,0.56,0.71,0.38,0.72,0.38,0.21,0.17,0.567,0.318,0.543
0.57,0.57,1.0,1.0,0.97,0.97,0.52,0.52,0.23,0.23,0.37,0.36,0.31,0.36,0.0,0.43,0.25,0.79,0.56,0.25,0.25,0.56,0.56,0.76,0.36,0.79,0.34,0.17,0.2,0.552,0.318,0.597
0.57,0.57,1.0,1.0,0.97,0.97,0.16,0.16,0.35,0.35,0.35,0.37,0.3,0.36,0.0,0.42,0.25,0.77,0.56,0.25,0.25,0.56,0.56,0.75,0.36,0.79,0.35,0.13,0.43,0.566,0.315,0.599
0.56,0.56,1.0,1.0,0.98,0.98,0.16,0.16,0.37,0.37,0.35,0.38,0.3,0.36,0.0,0.41,0.25,0.77,0.56,0.25,0.25,0.56,0.56,0.75,0.36,0.79,0.34,0.12,0.68,0.574,0.313,0.545
0.02,0.02,0.0,0.0,1.0,1.0,0.16,0.16,0.37,0.37,0.35,0.37,0.3,0.36,0.0,0.43,0.25,0.78,0.56,0.25,0.25,0.56,0.56,0.75,0.36,0.79,0.35,0.12,0.71,0.526,0.332,0.453
0.04,0.04,0.0,0.0,1.0,1.0,0.16,0.16,0.37,0.37,0.34,0.38,0.3,0.33,0.0,0.43,0.25,0.78,0.56,0.25,0.25,0.56,0.56,0.75,0.36,0.77,0.35,0.11,0.73,0.473,0.362,0.369
0.05,0.05,0.0,0.0,1.0,1.0,0.16,0.16,0.37,0.37,0.34,0.38,0.27,0.3,0.0,0.43,0.25,0.78,0.56,0.25,0.25,0.56,0.56,0.73,0.37,0.75,0.36,0.12,0.65,0.456,0.362,0.348
0.1,0.1,0.0,0.0,1.0,1.0,0.16,0.16,0.36,0.36,0.35,0.37,0.24,0.25,0.0,0.42,0.25,0.78,0.56,0.25,0.25,0.56,0.56,0.71,0.38,0.72,0.37,0.13,0.56,0.488,0.368,0.359
0.14,0.14,0.09,0.09,1.0,1.0,0.16,0.16,0.33,0.33,0.36,0.36,0.24,0.25,0.0,0.41,0.25,0.77,0.56,0.25,0.25,0.56,0.56,0.71,0.38,0.72,0.38,0.11,0.52,0.53,0.382,0.378
0.56,0.56,1.0,1.0,0.98,0.98,0.16,0.16,0.32,0.32,0.37,0.36,0.22,0.24,0.0,0.4,0.25,0.76,0.56,0.25,0.25,0.56,0.56,0.7,0.38,0.71,0.38,0.1,0.47,0.543,0.4,0.405
0.56,0.56,1.0,1.0,0.97,0.97,0.16,0.16,0.29,0.29,0.37,0.35,0.2,0.21,0.0,0.42,0.25,0.78,0.56,0.25,0.25,0.56,0.56,0.68,0.39,0.69,0.39,0.27,0.52,0.547,0.42,0.407
0.57,0.57,1.0,1.0,0.97,0.97,0.16,0.16,0.27,0.27,0.38,0.35,0.2,0.2,0.0,0.41,0.26,0.77,0.56,0.25,0.26,0.56,0.56,0.68,0.39,0.68,0.39,0.45,0.5,0.564,0.462,0.411
0.58,0.58,1.0,1.0,0.96,0.96,0.16,0.16,0.26,0.26,0.37,0.35,0.21,0.2,0.25,0.4,0.39,0.76,0.56,0.37,0.4,0.56,0.56,0.69,0.39,0.68,0.39,0.6,0.5,0.557,0.482,0.419
0.58,0.58,1.0,1.0,0.96,0.96,0.16,0.16,0.25,0.25,0.37,0.35,0.22,0.21,0.25,0.38,0.44,0.75,0.56,0.42,0.46,0.56,0.56,0.7,0.38,0.69,0.39,0.73,0.5,0.546,0.498,0.421
0.59,0.59,1.0,1.0,0.95,0.95,0.16,0.16,0.24,0.24,0.37,0.36,0.24,0.21,0.25,0.34,0.52,0.72,0.56,0.49,0.54,0.56,0.56,0.71,0.38,0.69,0.39,0.84,0.5,0.526,0.498,0.42
0.59,0.59,1.0,1.0,0.95,0.95,0.19,0.18,0.23,0.23,0.36,0.36,0.22,0.2,0.25,0.33,0.54,0.71,0.56,0.51,0.56,0.56,0.56,0.7,0.38,0.68,0.39,0.86,0.5,0.524,0.498,0.415
0.6,0.6,1.0,1.0,0.95,0.95,0.16,0.16,0.23,0.23,0.37,0.36,0.27,0.22,0.25,0.33,0.51,0.71,0.56,0.48,0.53,0.56,0.56,0.73,0.37,0.7,0.38,0.85,0.5,0.511,0.512,0.405
0.59,0.59,1.0,1.0,0.95,0.95,0.16,0.16,0.24,0.24,0.37,0.35,0.27,0.22,0.25,0.36,0.42,0.73,0.56,0.38,0.45,0.56,0.56,0.73,0.37,0.7,0.38,0.71,0.5,0.48,0.528,0.389
0.59,0.59,1.0,1.0,0.96,0.96,0.16,0.16,0.26,0.26,0.37,0.35,0.27,0.18,0.25,0.4,0.37,0.76,0.56,0.35,0.39,0.56,0.56,0.73,0.37,0.67,0.4,0.51,0.5,0.475,0.542,0.381
0.58,0.58,1.0,1.0,0.96,0.96,0.16,0.16,0.28,0.28,0.37,0.35,0.25,0.16,0.25,0.46,0.25,0.81,0.56,0.25,0.25,0.56,0.56,0.72,0.37,0.66,0.4,0.3,0.05,0.481,0.557,0.373
0.57,0.57,1.0,1.0,0.97,0.97,0.16,0.16,0.32,0.32,0.38,0.34,0.15,0.12,0.25,0.52,0.25,0.85,0.56,0.25,0.25,0.56,0.56,0.65,0.41,0.63,0.42,0.22,0.04,0.489,0.56,0.373
0.56,0.56,1.0,1.0,0.97,0.97,0.16,0.16,0.34,0.34,0.38,0.34,0.12,0.09,0.25,0.54,0.25,0.87,0.56,0.25,0.25,0.56,0.56,0.63,0.41,0.61,0.42,0.18,0.09,0.518,0.56,0.383
0.56,0.56,1.0,1.0,0.98,0.98,0.16,0.16,0.35,0.35,0.39,0.34,0.1,0.07,0.25,0.6,0.45,0.91,0.5,0.44,0.45,0.5,0.5,0.62,0.42,0.6,0.43,0.14,0.23,0.554,0.555,0.391
0.56,0.56,1.0,1.0,0.98,0.98,0.16,0.16,0.36,0.36,0.38,0.34,0.0,0.0,0.5,0.62,0.69,0.93,0.4,0.69,0.7,0.4,0.4,0.38,0.7,0.38,0.7,0.12,0.42,0.58,0.542,0.399
0.08,0.08,0.0,0.0,1.0,1.0,0.16,0.16,0.37,0.37,0.38,0.34,0.07,0.07,0.5,0.47,0.65,0.82,0.48,0.64,0.66,0.48,0.48,0.6,0.43,0.6,0.43,0.12,0.7,0.602,0.532,0.408
0.07,0.07,0.0,0.0,1.0,1.0,0.16,0.16,0.38,0.38,0.38,0.34,0.16,0.15,0.5,0.41,0.53,0.77,0.55,0.52,0.54,0.55,0.55,0.66,0.4,0.65,0.41,0.11,0.88,0.631,0.523,0.41
0.07,0.07,0.0,0.0,1.0,1.0,0.16,0.16,0.37,0.37,0.38,0.34,0.22,0.18,0.5,0.4,0.49,0.76,0.55,0.48,0.51,0.55,0.55,0.7,0.38,0.67,0.4,0.1,0.64,0.65,0.508,0.407
0.13,0.13,0.08,0.08,1.0,1.0,0.16,0.16,0.36,0.36,0.38,0.34,0.18,0.18,0.25,0.42,0.39,0.78,0.56,0.38,0.4,0.56,0.56,0.67,0.4,0.67,0.4,0.14,0.67,0.661,0.493,0.406
0.56,0.56,1.0,1.0,0.98,0.98,0.16,0.16,0.35,0.35,0.38,0.34,0.13,0.13,0.5,0.46,0.43,0.81,0.56,0.4,0.47,0.56,0.56,0.64,0.41,0.64,0.41,0.48,0.5,0.674,0.487,0.406
0.56,0.56,1.0,1.0,0.97,0.97,0.16,0.16,0.32,0.32,0.38,0.34,0.16,0.12,0.5,0.41,0.49,0.77,0.56,0.45,0.54,0.56,0.56,0.66,0.4,0.63,0.41,0.62,0.5,0.691,0.467,0.4
0.57,0.57,1.0,1.0,0.97,0.97,0.16,0.16,0.3,0.3,0.38,0.34,0.1,0.07,0.5,0.48,0.48,0.82,0.56,0.44,0.53,0.56,0.56,0.62,0.42,0.6,0.43,0.6,0.5,0.694,0.462,0.4
0.57,0.57,1.0,1.0,0.97,0.97,0.16,0.16,0.28,0.28,0.38,0.34,0.0,0.0,0.25,0.85,0.6,1.0,0.42,0.59,0.62,0.42,0.42,0.28,0.7,0.28,0.7,0.29,0.63,0.687,0.453,0.401
0.56,0.56,1.0,1.0,0.98,0.98,0.16,0.16,0.28,0.28,0.39,0.33,0.0,0.0,0.0,0.74,0.71,1.0,0.38,0.71,0.72,0.38,0.38,0.33,0.7,0.33,0.7,0.22,0.51,0.659,0.442,0.408
0.0,0.0,0.0,0.0,1.0,1.0,0.16,0.16,0.32,0.32,0.39,0.33,0.0,0.0,0.0,0.73,0.62,1.0,0.43,0.62,0.63,0.43,0.43,0.33,0.7,0.33,0.7,0.18,0.51,0.619,0.428,0.423
0.0,0.0,0.0,0.0,1.0,1.0,0.16,0.16,0.33,0.33,0.39,0.33,0.07,0.07,0.0,0.56,0.25,0.88,0.56,0.25,0.25,0.56,0.56,0.6,0.43,0.6,0.43,0.16,0.96,0.582,0.415,0.435
0.0,0.0,0.0,0.0,1.0,1.0,0.16,0.16,0.34,0.34,0.4,0.33,0.21,0.22,0.0,0.49,0.25,0.83,0.56,0.25,0.25,0.56,0.56,0.69,0.39,0.7,0.38,0.18,1.0,0.551,0.398,0.44
0.0,0.0,0.0,0.0,1.0,1.0,0.16,0.16,0.36,0.36,0.39,0.34,0.36,0.4,0.0,0.46,0.25,0.81,0.56,0.25,0.25,0.56,0.56,0.79,0.34,0.82,0.33,0.21,1.0,0.537,0.382,0.444
0.0,0.0,0.0,0.0,1.0,1.0,0.16,0.16,0.38,0.38,0.37,0.35,0.38,0.42,0.0,0.46,0.25,0.8,0.56,0.25,0.25,0.56,0.56,0.8,0.34,0.83,0.32,0.22,1.0,0.518,0.36,0.445
0.0,0.0,0.0,0.0,1.0,1.0,0.16,0.16,0.39,0.39,0.36,0.36,0.33,0.38,0.0,0.46,0.25,0.81,0.56,0.25,0.25,0.56,0.56,0.77,0.35,0.8,0.34,0.23,1.0,0.508,0.353,0.439
0.0,0.0,0.0,0.0,1.0,1.0,0.16,0.16,0.39,0.39,0.36,0.36,0.31,0.34,0.0,0.45,0.25,0.8,0.56,0.25,0.25,0.56,0.56,0.76,0.36,0.78,0.35,0.26,1.0,0.492,0.338,0.445
0.0,0.0,0.0,0.0,1.0,1.0,0.16,0.16,0.4,0.4,0.36,0.36,0.16,0.15,0.0,0.45,0.25,0.8,0.56,0.25,0.25,0.56,0.56,0.66,0.4,0.65,0.4,0.16,1.0,0.495,0.335,0.448
0.0,0.0,0.0,0.0,1.0,1.0,0.16,0.16,0.41,0.41,0.35,0.37,0.13,0.1,0.0,0.38,0.66,0.75,0.39,0.66,0.65,0.39,0.39,0.64,0.41,0.62,0.42,0.07,0.79,0.51,0.337,0.45
0.0,0.0,0.0,0.0,1.0,1.0,0.16,0.16,0.4,0.4,0.35,0.37,0.21,0.24,0.0,0.41,0.25,0.77,0.56,0.25,0.25,0.56,0.56,0.69,0.39,0.71,0.38,0.22,1.0,0.52,0.337,0.445
0.07,0.07,0.0,0.0,1.0,1.0,0.29,0.29,0.3,0.3,0.37,0.36,0.28,0.31,0.0,0.41,0.28,0.77,0.56,0.28,0.28,0.56,0.56,0.74,0.37,0.76,0.36,0.18,0.84,0.557,0.345,0.441
0.05,0.05,0.0,0.0,1.0,1.0,0.16,0.16,0.41,0.41,0.37,0.35,0.28,0.28,0.25,0.36,0.49,0.73,0.56,0.49,0.49,0.56,0.56,0.74,0.37,0.74,0.36,0.12,0.56,0.595,0.345,0.438
0.15,0.15,0.11,0.11,1.0,1.0,0.16,0.16,0.4,0.4,0.37,0.35,0.33,0.3,0.75,0.3,0.79,0.69,0.48,0.78,0.79,0.48,0.48,0.77,0.35,0.75,0.36,0.07,0.5,0.615,0.335,0.435
0.56,0.56,1.0,1.0,0.98,0.98,0.26,0.26,0.31,0.31,0.37,0.35,0.3,0.3,0.75,0.28,0.89,0.68,0.36,0.89,0.89,0.36,0.36,0.75,0.36,0.75,0.36,0.05,0.48,0.614,0.33,0.445
0.29,0.29,0.45,0.45,1.0,1.0,0.16,0.16,0.37,0.37,0.37,0.35,0.28,0.25,1.0,0.26,0.93,0.66,0.32,0.93,0.93,0.32,0.32,0.74,0.37,0.72,0.37,0.04,0.49,0.592,0.327,0.458
0.56,0.56,1.0,1.0,0.98,0.98,0.77,0.77,0.21,0.21,0.37,0.36,0.25,0.25,1.0,0.26,0.92,0.66,0.33,0.92,0.92,0.33,0.33,0.72,0.37,0.72,0.38,0.03,0.5,0.568,0.328,0.46
0.4,0.4,0.7,0.7,1.0,1.0,0.16,0.16,0.3,0.3,0.39,0.34,0.25,0.25,1.0,0.25,0.94,0.65,0.3,0.94,0.94,0.3,0.3,0.72,0.38,0.72,0.38,0.03,0.51,0.546,0.33,0.471
0.41,0.41,0.71,0.71,1.0,1.0,0.16,0.16,0.31,0.31,0.39,0.34,0.24,0.22,1.0,0.24,0.95,0.64,0.28,0.95,0.95,0.28,0.28,0.71,0.38,0.7,0.39,0.02,0.52,0.514,0.337,0.466
0.44,0.44,0.78,0.78,1.0,1.0,0.16,0.16,0.3,0.3,0.39,0.34,0.22,0.2,1.0,0.23,0.96,0.64,0.27,0.96,0.96,0.27,0.27,0.7,0.38,0.68,0.39,0.02,0.53,0.469,0.335,0.465
0.44,0.44,0.8,0.8,1.0,1.0,0.16,0.16,0.27,0.27,0.39,0.34,0.2,0.16,1.0,0.23,0.97,0.63,0.27,0.97,0.97,0.27,0.27,0.68,0.39,0.66,0.4,0.02,0.54,0.439,0.34,0.459
0.41,0.41,0.72,0.72,1.0,1.0,0.16,0.16,0.26,0.26,0.38,0.34,0.2,0.16,1.0,0.23,0.97,0.63,0.27,0.97,0.97,0.27,0.27,0.68,0.39,0.66,0.4,0.02,0.55,0.425,0.338,0.455
0.45,0.45,0.81,0.81,1.0,1.0,0.16,0.16,0.25,0.25,0.39,0.34,0.18,0.15,1.0,0.23,0.97,0.63,0.27,0.97,0.97,0.27,0.27,0.67,0.4,0.65,0.4,0.02,0.55,0.43,0.338,0.455
0.43,0.43,0.77,0.77,1.0,1.0,0.16,0.16,0.25,0.25,0.39,0.34,0.16,0.15,1.0,0.23,0.97,0.63,0.27,0.97,0.97,0.27,0.27,0.66,0.4,0.65,0.41,0.02,0.55,0.439,0.337,0.45
0.43,0.43,0.77,0.77,1.0,1.0,0.16,0.16,0.26,0.26,0.38,0.34,0.16,0.15,1.0,0.23,0.97,0.63,0.27,0.97,0.97,0.27,0.27,0.66,0.4,0.65,0.41,0.02,0.54,0.442,0.335,0.448
0.44,0.44,0.8,0.8,1.0,1.0,0.3,0.3,0.22,0.22,0.37,0.35,0.16,0.16,1.0,0.23,0.96,0.64,0.29,0.96,0.96,0.29,0.29,0.66,0.4,0.66,0.4,0.02,0.54,0.444,0.338,0.444
0.56,0.56,1.0,1.0,0.97,0.97,0.29,0.29,0.22,0.22,0.37,0.35,0.16,0.16,1.0,0.27,0.93,0.66,0.3,0.93,0.93,0.3,0.3,0.66,0.4,0.66,0.4,0.02,0.53,0.449,0.338,0.43
0.42,0.42,0.73,0.73,1.0,1.0,0.16,0.16,0.31,0.31,0.37,0.35,0.16,0.16,1.0,0.24,0.96,0.64,0.28,0.96,0.96,0.28,0.28,0.66,0.4,0.66,0.4,0.02,0.52,0.461,0.338,0.446
0.4,0.4,0.69,0.69,1.0,1.0,0.16,0.16,0.35,0.35,0.36,0.36,0.16,0.16,1.0,0.23,0.97,0.64,0.27,0.97,0.97,0.27,0.27,0.66,0.4,0.66,0.4,0.02,0.52,0.462,0.337,0.446
0.26,0.26,0.38,0.38,1.0,1.0,0.16,0.16,0.39,0.39,0.36,0.36,0.16,0.16,1.0,0.23,0.97,0.63,0.28,0.97,0.97,0.28,0.28,0.66,0.4,0.66,0.4,0.02,0.53,0.48,0.337,0.44
0.24,0.24,0.33,0.33,1.0,1.0,0.16,0.16,0.43,0.43,0.36,0.36,0.18,0.16,1.0,0.23,0.97,0.63,0.29,0.97,0.97,0.29,0.29,0.67,0.4,0.66,0.4,0.02,0.54,0.507,0.338,0.443
0.22,0.22,0.29,0.29,1.0,1.0,0.16,0.16,0.46,0.46,0.36,0.36,0.2,0.16,1.0,0.23,0.97,0.63,0.29,0.97,0.97,0.29,0.29,0.68,0.39,0.66,0.4,0.02,0.55,0.531,0.338,0.442
0.3,0.3,0.46,0.46,1.0,1.0,0.27,0.27,0.34,0.34,0.36,0.36,0.42,0.39,1.0,0.23,0.95,0.64,0.31,0.95,0.96,0.31,0.31,0.83,0.32,0.81,0.33,0.03,0.55,0.554,0.34,0.443
0.26,0.26,0.38,0.38,1.0,1.0,0.16,0.16,0.44,0.44,0.36,0.36,0.51,0.46,1.0,0.23,0.95,0.64,0.31,0.95,0.96,0.31,0.31,0.89,0.3,0.86,0.31,0.03,0.55,0.589,0.343,0.436
0.24,0.24,0.32,0.32,1.0,1.0,0.16,0.16,0.44,0.44,0.37,0.35,0.36,0.3,1.0,0.23,0.95,0.64,0.31,0.95,0.96,0.31,0.31,0.79,0.34,0.75,0.36,0.04,0.53,0.606,0.352,0.436
0.25,0.25,0.36,0.36,1.0,1.0,0.16,0.16,0.39,0.39,0.43,0.29,0.28,0.22,1.0,0.24,0.95,0.64,0.31,0.95,0.96,0.31,0.31,0.74,0.37,0.7,0.38,0.04,0.51,0.624,0.357,0.432
0.56,0.56,1.0,1.0,0.98,0.98,0.4,0.39,0.29,0.29,0.44,0.29,0.27,0.25,1.0,0.24,0.94,0.64,0.32,0.94,0.94,0.32,0.32,0.73,0.37,0.72,0.37,0.04,0.48,0.644,0.36,0.428
0.26,0.26,0.38,0.38,1.0,1.0,0.16,0.16,0.39,0.39,0.46,0.26,0.27,0.25,1.0,0.24,0.94,0.64,0.3,0.94,0.95,0.3,0.3,0.73,0.37,0.72,0.37,0.04,0.47,0.657,0.362,0.425
0.22,0.22,0.28,0.28,1.0,1.0,0.16,0.16,0.41,0.41,0.45,0.27,0.22,0.21,1.0,0.24,0.94,0.64,0.31,0.94,0.95,0.31,0.31,0.7,0.38,0.69,0.39,0.03,0.46,0.656,0.36,0.425
0.18,0.18,0.18,0.18,1.0,1.0,0.16,0.16,0.41,0.41,0.44,0.28,0.22,0.21,1.0,0.24,0.94,0.64,0.32,0.94,0.94,0.32,0.32,0.7,0.38,0.69,0.39,0.03,0.45,0.646,0.362,0.425
0.15,0.15,0.12,0.12,1.0,1.0,0.16,0.16,0.37,0.37,0.41,0.32,0.22,0.24,0.75,0.36,0.59,0.73,0.54,0.59,0.58,0.54,0.54,0.7,0.38,0.71,0.38,0.08,0.38,0.631,0.362,0.422
0.0,0.0,0.0,0.0,1.0,1.0,0.16,0.16,0.39,0.39,0.34,0.38,0.24,0.25,0.0,0.44,0.25,0.79,0.56,0.25,0.25,0.56,0.56,0.71,0.38,0.72,0.37,0.11,0.42,0.611,0.365,0.424
0.0,0.0,0.0,0.0,1.0,1.0,0.16,0.16,0.39,0.39,0.31,0.42,0.24,0.25,0.0,0.45,0.25,0.8,0.56,0.25,0.25,0.56,0.56,0.71,0.38,0.72,0.37,0.17,0.75,0.59,0.368,0.425
0.0,0.0,0.0,0.0,1.0,1.0,0.16,0.16,0.36,0.36,0.29,0.44,0.22,0.25,0.0,0.47,0.25,0.81,0.56,0.25,0.25,0.56,0.56,0.7,0.38,0.72,0.37,0.2,1.0,0.56,0.37,0.425
0.0,0.0,0.0,0.0,1.0,1.0,0.16,0.16,0.36,0.36,0.28,0.44,0.22,0.25,0.0,0.46,0.25,0.81,0.56,0.25,0.25,0.56,0.56,0.7,0.38,0.72,0.37,0.21,1.0,0.541,0.372,0.422
0.0,0.0,0.0,0.0,1.0,1.0,0.16,0.16,0.35,0.35,0.28,0.44,0.22,0.25,0.0,0.45,0.25,0.8,0.56,0.25,0.25,0.56,0.56,0.7,0.38,0.72,0.38,0.23,1.0,0.494,0.37,0.423
0.0,0.0,0.0,0.0,1.0,1.0,0.16,0.16,0.35,0.35,0.3,0.43,0.27,0.27,0.0,0.43,0.25,0.79,0.56,0.25,0.25,0.56,0.56,0.73,0.37,0.73,0.37,0.29,1.0,0.465,0.367,0.426
0.0,0.0,0.0,0.0,1.0,1.0,0.16,0.16,0.35,0.35,0.32,0.41,0.33,0.33,0.0,0.42,0.25,0.78,0.56,0.25,0.25,0.56,0.56,0.77,0.35,0.77,0.35,0.33,1.0,0.436,0.37,0.425
0.0,0.0,0.0,0.0,1.0,1.0,0.16,0.16,0.35,0.35,0.34,0.38,0.34,0.34,0.0,0.41,0.25,0.77,0.56,0.25,0.25,0.56,0.56,0.78,0.35,0.78,0.35,0.34,0.98,0.422,0.373,0.426
0.0,0.0,0.0,0.0,1.0,1.0,0.16,0.16,0.34,0.34,0.4,0.32,0.38,0.36,0.0,0.4,0.25,0.76,0.56,0.25,0.25,0.56,0.56,0.8,0.34,0.79,0.34,0.38,0.9,0.449,0.378,0.441
0.0,0.0,0.0,0.0,1.0,1.0,0.16,0.16,0.33,0.33,0.43,0.29,0.36,0.36,0.0,0.35,0.25,0.73,0.56,0.25,0.25,0.56,0.56,0.79,0.34,0.79,0.34,0.39,1.0,0.463,0.395,0.467
0.0,0.0,0.0,0.0,1.0,1.0,0.16,0.16,0.33,0.33,0.47,0.25,0.38,0.34,0.0,0.33,0.25,0.71,0.56,0.25,0.25,0.56,0.56,0.8,0.34,0.78,0.35,0.4,0.68,0.495,0.438,0.486
0.0,0.0,0.0,0.0,1.0,1.0,0.16,0.16,0.32,0.32,0.5,0.22,0.38,0.31,0.0,0.32,0.25,0.7,0.56,0.25,0.25,0.56,0.56,0.8,0.34,0.76,0.36,0.46,0.5,0.521,0.468,0.491
0.0,0.0,0.0,0.0,1.0,1.0,0.16,0.16,0.3,0.3,0.51,0.21,0.36,0.31,0.0,0.31,0.25,0.69,0.56,0.25,0.25,0.56,0.56,0.79,0.34,0.76,0.36,0.55,0.5,0.509,0.49,0.481
0.0,0.0,0.0,0.0,1.0,1.0,0.16,0.16,0.29,0.29,0.49,0.23,0.36,0.3,0.0,0.3,0.25,0.69,0.56,0.25,0.25,0.56,0.56,0.79,0.34,0.75,0.36,0.63,0.5,0.504,0.507,0.466
0.0,0.0,0.0,0.0,1.0,1.0,0.16,0.16,0.28,0.28,0.48,0.24,0.25,0.13,0.0,0.32,0.25,0.7,0.56,0.25,0.25,0.56,0.56,0.72,0.38,0.64,0.41,0.58,0.5,0.49,0.51,0.445
0.0,0.0,0.0,0.0,1.0,1.0,0.16,0.16,0.31,0.31,0.43,0.29,0.0,0.0,0.0,0.55,0.25,0.88,0.56,0.25,0.25,0.56,0.56,0.53,0.49,0.46,0.62,0.46,0.5,0.466,0.515,0.405
0.0,0.0,0.0,0.0,1.0,1.0,0.16,0.16,0.33,0.33,0.42,0.31,0.0,0.0,0.0,0.57,0.25,0.89,0.56,0.25,0.25,0.56,0.56,0.52,0.51,0.5,0.55,0.42,0.76,0.459,0.515,0.371
0.0,0.0,0.0,0.0,1.0,1.0,0.16,0.16,0.34,0.34,0.41,0.31,0.1,0.06,0.0,0.45,0.25,0.8,0.56,0.25,0.25,0.56,0.56,0.62,0.42,0.59,0.43,0.27,0.72,0.465,0.502,0.351
0.0,0.0,0.0,0.0,1.0,1.0,0.16,0.16,0.36,0.36,0.39,0.33,0.13,0.12,0.0,0.41,0.25,0.77,0.56,0.25,0.25,0.56,0.56,0.64,0.41,0.63,0.42,0.18,0.64,0.479,0.483,0.347
0.0,0.0,0.0,0.0,1.0,1.0,0.23,0.23,0.31,0.31,0.38,0.35,0.21,0.21,0.0,0.42,0.25,0.77,0.56,0.25,0.25,0.56,0.56,0.69,0.39,0.69,0.39,0.3,0.76,0.476,0.457,0.357
0.0,0.0,0.0,0.0,1.0,1.0,0.35,0.35,0.24,0.24,0.38,0.34,0.25,0.25,0.0,0.42,0.25,0.78,0.56,0.25,0.25,0.56,0.56,0.72,0.37,0.72,0.38,0.58,0.5,0.476,0.428,0.369
0.0,0.0,0.0,0.0,1.0,1.0,0.16,0.16,0.31,0.31,0.38,0.34,0.0,0.0,0.0,0.57,0.25,0.89,0.56,0.25,0.25,0.56,0.56,0.51,0.52,0.5,0.55,0.45,0.5,0.476,0.402,0.385
0.0,0.0,0.0,0.0,1.0,1.0,0.16,0.16,0.3,0.3,0.39,0.33,0.0,0.0,0.0,0.84,0.34,1.0,0.52,0.34,0.35,0.52,0.52,0.29,0.7,0.29,0.7,0.29,0.71,0.488,0.382,0.401
0.0,0.0,0.0,0.0,1.0,1.0,0.16,0.16,0.31,0.31,0.43,0.3,0.0,0.0,0.0,0.65,0.34,0.95,0.54,0.34,0.35,0.54,0.54,0.37,0.7,0.37,0.7,0.18,0.43,0.492,0.36,0.426
0.0,0.0,0.0,0.0,1.0,1.0,0.16,0.16,0.31,0.31,0.48,0.25,0.13,0.1,0.0,0.44,0.25,0.8,0.56,0.25,0.25,0.56,0.56,0.64,0.41,0.62,0.42,0.16,0.5,0.526,0.345,0.462
0.0,0.0,0.0,0.0,1.0,1.0,0.16,0.16,0.31,0.31,0.5,0.23,0.15,0.1,0.0,0.42,0.43,0.77,0.56,0.43,0.43,0.56,0.56,0.65,0.4,0.62,0.42,0.15,0.31,0.557,0.333,0.476
0.0,0.0,0.0,0.0,1.0,1.0,0.16,0.16,0.36,0.36,0.5,0.22,0.0,0.0,0.0,0.34,0.85,0.72,0.38,0.85,0.86,0.38,0.38,0.54,0.47,0.51,0.52,0.11,0.28,0.577,0.322,0.495
0.0,0.0,0.0,0.0,1.0,1.0,0.16,0.16,0.35,0.35,0.51,0.22,0.25,0.2,0.0,0.38,0.49,0.75,0.56,0.49,0.49,0.56,0.56,0.72,0.38,0.68,0.39,0.2,0.35,0.59,0.322,0.512
0.0,0.0,0.0,0.0,1.0,1.0,0.16,0.16,0.35,0.35,0.52,0.21,0.25,0.21,0.0,0.37,0.36,0.74,0.56,0.36,0.36,0.56,0.56,0.72,0.37,0.69,0.39,0.32,0.34,0.616,0.335,0.512
0.0,0.0,0.0,0.0,1.0,1.0,0.16,0.16,0.38,0.38,0.51,0.21,0.25,0.24,0.0,0.37,0.37,0.74,0.56,0.38,0.36,0.56,0.56,0.72,0.38,0.71,0.38,0.43,0.38,0.632,0.345,0.497
0.55,0.55,1.0,1.0,0.98,0.98,0.16,0.16,0.4,0.4,0.49,0.24,0.24,0.22,0.0,0.37,0.33,0.74,0.56,0.32,0.33,0.56,0.56,0.71,0.38,0.7,0.38,0.33,0.34,0.623,0.357,0.49
0.55,0.55,1.0,1.0,0.98,0.98,0.16,0.16,0.4,0.4,0.47,0.25,0.27,0.22,0.0,0.38,0.31,0.75,0.56,0.31,0.31,0.56,0.56,0.73,0.37,0.7,0.38,0.19,0.21,0.619,0.363,0.476
0.0,0.0,0.0,0.0,1.0,1.0,0.16,0.16,0.39,0.39,0.43,0.29,0.28,0.28,0.0,0.38,0.28,0.75,0.56,0.28,0.27,0.56,0.56,0.74,0.36,0.74,0.37,0.1,0.47,0.593,0.368,0.461
0.0,0.0,0.0,0.0,1.0,1.0,0.16,0.16,0.41,0.41,0.35,0.37,0.28,0.28,0.0,0.38,0.31,0.75,0.56,0.31,0.31,0.56,0.56,0.74,0.37,0.74,0.36,0.11,0.88,0.578,0.377,0.461
0.0,0.0,0.0,0.0,1.0,1.0,0.16,0.16,0.43,0.43,0.3,0.42,0.28,0.21,0.25,0.33,0.77,0.71,0.41,0.75,0.78,0.41,0.41,0.74,0.37,0.69,0.39,0.08,0.54,0.551,0.382,0.445
0.0,0.0,0.0,0.0,1.0,1.0,0.16,0.16,0.45,0.45,0.29,0.43,0.21,0.16,0.25,0.29,0.89,0.68,0.34,0.88,0.89,0.34,0.34,0.69,0.39,0.66,0.4,0.06,0.58,0.538,0.383,0.435
0.0,0.0,0.0,0.0,1.0,1.0,0.16,0.16,0.45,0.45,0.3,0.42,0.31,0.24,0.25,0.29,0.76,0.68,0.46,0.74,0.77,0.46,0.46,0.76,0.36,0.71,0.38,0.08,0.67,0.569,0.382,0.428
0.0,0.0,0.0,0.0,1.0,1.0,0.16,0.16,0.44,0.44,0.34,0.38,0.31,0.25,0.25,0.36,0.43,0.73,0.56,0.41,0.45,0.56,0.56,0.76,0.35,0.72,0.37,0.14,0.96,0.569,0.375,0.429
0.0,0.0,0.0,0.0,1.0,1.0,0.16,0.16,0.43,0.43,0.4,0.32,0.33,0.25,0.25,0.37,0.36,0.74,0.56,0.34,0.39,0.56,0.56,0.77,0.35,0.72,0.37,0.15,0.99,0.583,0.378,0.452
0.0,0.0,0.0,0.0,1.0,1.0,0.16,0.16,0.42,0.42,0.45,0.27,0.33,0.28,0.25,0.38,0.35,0.75,0.56,0.34,0.37,0.56,0.56,0.77,0.35,0.74,0.36,0.17,0.57,0.584,0.375,0.47
0.0,0.0,0.0,0.0,1.0,1.0,0.16,0.16,0.42,0.42,0.45,0.27,0.28,0.25,0.0,0.39,0.33,0.75,0.56,0.32,0.33,0.56,0.56,0.74,0.37,0.72,0.37,0.15,0.5,0.593,0.367,0.504
0.0,0.0,0.0,0.0,1.0,1.0,0.16,0.16,0.41,0.41,0.46,0.26,0.07,0.0,0.25,0.47,0.72,0.82,0.39,0.7,0.75,0.39,0.39,0.6,0.43,0.55,0.45,0.12,0.47,0.599,0.362,0.512
0.01,0.01,0.0,0.0,1.0,1.0,0.16,0.16,0.41,0.41,0.47,0.25,0.0,0.0,0.5,0.7,0.84,0.99,0.33,0.83,0.86,0.33,0.33,0.35,0.7,0.35,0.7,0.12,0.49,0.586,0.358,0.517
0.0,0.0,0.0,0.0,1.0,1.0,0.16,0.16,0.41,0.41,0.47,0.25,0.0,0.0,0.25,0.62,0.41,0.93,0.56,0.41,0.41,0.56,0.56,0.38,0.7,0.38,0.7,0.16,0.81,0.576,0.355,0.522
0.0,0.0,0.0,0.0,1.0,1.0,0.16,0.16,0.4,0.4,0.48,0.24,0.13,0.15,0.0,0.55,0.27,0.88,0.56,0.27,0.27,0.56,0.56,0.64,0.41,0.65,0.4,0.19,0.68,0.575,0.353,0.527
0.0,0.0,0.0,0.0,1.0,1.0,0.16,0.16,0.39,0.39,0.48,0.24,0.21,0.22,0.0,0.49,0.25,0.83,0.56,0.25,0.25,0.56,0.56,0.69,0.39,0.7,0.38,0.2,0.55,0.533,0.337,0.525
0.0,0.0,0.0,0.0,1.0,1.0,0.16,0.16,0.39,0.39,0.48,0.25,0.28,0.3,0.0,0.45,0.25,0.8,0.56,0.25,0.25,0.56,0.56,0.74,0.37,0.75,0.36,0.21,0.53,0.494,0.328,0.518
0.0,0.0,0.0,0.0,1.0,1.0,0.16,0.16,0.38,0.38,0.46,0.26,0.34,0.39,0.0,0.41,0.25,0.77,0.56,0.25,0.25,0.56,0.56,0.78,0.35,0.81,0.33,0.38,0.73,0.491,0.34,0.505
0.11,0.11,0.01,0.01,1.0,1.0,0.16,0.16,0.37,0.37,0.44,0.28,0.33,0.34,0.0,0.36,0.25,0.73,0.56,0.25,0.25,0.56,0.56,0.77,0.35,0.78,0.35,0.61,0.5,0.459,0.347,0.469
0.12,0.12,0.04,0.04,1.0,1.0,0.16,0.16,0.35,0.35,0.44,0.28,0.18,0.16,0.0,0.44,0.29,0.79,0.56,0.27,0.31,0.56,0.56,0.67,0.4,0.66,0.4,0.52,0.5,0.421,0.357,0.426
0.13,0.13,0.06,0.06,1.0,1.0,0.16,0.16,0.33,0.33,0.43,0.29,0.0,0.0,0.25,0.78,0.81,1.0,0.35,0.81,0.82,0.35,0.35,0.31,0.7,0.31,0.7,0.17,0.42,0.409,0.373,0.382
0.12,0.12,0.05,0.05,1.0,1.0,0.16,0.16,0.32,0.32,0.44,0.28,0.0,0.0,0.5,0.51,0.92,0.85,0.29,0.91,0.92,0.29,0.29,0.53,0.5,0.51,0.52,0.1,0.48,0.396,0.37,0.375
0.08,0.08,0.0,0.0,1.0,1.0,0.16,0.16,0.32,0.32,0.44,0.28,0.0,0.0,0.25,0.63,0.61,0.93,0.48,0.62,0.61,0.48,0.48,0.38,0.7,0.38,0.7,0.1,0.49,0.383,0.363,0.397
0.08,0.08,0.0,0.0,1.0,1.0,0.16,0.16,0.33,0.33,0.44,0.29,0.15,0.16,0.0,0.52,0.33,0.85,0.56,0.34,0.32,0.56,0.56,0.65,0.4,0.66,0.4,0.13,0.42,0.381,0.362,0.42
0.06,0.06,0.0,0.0,1.0,1.0,0.16,0.16,0.34,0.34,0.43,0.29,0.21,0.24,0.0,0.47,0.25,0.81,0.56,0.25,0.25,0.56,0.56,0.69,0.39,0.71,0.38,0.14,0.46,0.406,0.36,0.459
0.03,0.03,0.0,0.0,1.0,1.0,0.16,0.16,0.35,0.35,0.42,0.3,0.24,0.27,0.0,0.43,0.25,0.78,0.56,0.25,0.25,0.56,0.56,0.71,0.38,0.73,0.37,0.14,0.47,0.426,0.36,0.483
0.0,0.0,0.0,0.0,1.0,1.0,0.16,0.16,0.37,0.37,0.41,0.31,0.25,0.22,0.5,0.38,0.62,0.75,0.52,0.62,0.62,0.52,0.52,0.72,0.37,0.7,0.38,0.11,0.42,0.445,0.362,0.486
0.07,0.07,0.0,0.0,1.0,1.0,0.16,0.16,0.41,0.41,0.4,0.32,0.15,0.13,0.75,0.3,0.94,0.69,0.34,0.94,0.94,0.34,0.34,0.65,0.4,0.64,0.41,0.09,0.43,0.469,0.363,0.492
0.06,0.06,0.0,0.0,1.0,1.0,0.16,0.16,0.39,0.39,0.4,0.32,0.24,0.25,0.5,0.39,0.55,0.76,0.56,0.55,0.55,0.56,0.56,0.71,0.38,0.72,0.38,0.4,0.6,0.495,0.378,0.502
0.55,0.55,1.0,1.0,0.98,0.98,0.16,0.16,0.39,0.39,0.4,0.32,0.25,0.25,0.5,0.36,0.54,0.73,0.56,0.53,0.54,0.56,0.56,0.72,0.37,0.72,0.37,0.57,0.5,0.494,0.37,0.498
0.56,0.56,1.0,1.0,0.98,0.98,0.16,0.16,0.38,0.38,0.4,0.33,0.24,0.25,0.25,0.34,0.54,0.72,0.56,0.53,0.54,0.56,0.56,0.71,0.38,0.72,0.37,0.63,0.5,0.494,0.37,0.5
0.56,0.56,1.0,1.0,0.98,0.98,0.16,0.16,0.38,0.38,0.39,0.33,0.22,0.25,0.25,0.34,0.47,0.72,0.56,0.47,0.48,0.56,0.56,0.7,0.38,0.72,0.37,0.65,0.5,0.496,0.372,0.5
0.56,0.56,1.0,1.0,0.98,0.98,0.16,0.16,0.38,0.38,0.4,0.32,0.18,0.21,0.0,0.41,0.25,0.77,0.56,0.25,0.25,0.56,0.56,0.67,0.39,0.69,0.39,0.33,0.97,0.49,0.375,0.492
0.0,0.0,0.0,0.0,1.0,1.0,0.16,0.16,0.37,0.37,0.41,0.32,0.16,0.21,0.0,0.43,0.25,0.78,0.56,0.25,0.25,0.56,0.56,0.66,0.4,0.69,0.39,0.2,0.95,0.495,0.38,0.479
0.0,0.0,0.0,0.0,1.0,1.0,0.16,0.16,0.37,0.37,0.4,0.32,0.12,0.15,0.0,0.42,0.25,0.78,0.56,0.25,0.25,0.56,0.56,0.63,0.42,0.65,0.41,0.18,1.0,0.517,0.388,0.467
0.0,0.0,0.0,0.0,1.0,1.0,0.16,0.16,0.38,0.38,0.39,0.34,0.04,0.06,0.0,0.42,0.55,0.78,0.45,0.56,0.54,0.45,0.45,0.58,0.44,0.59,0.43,0.15,0.93,0.543,0.402,0.462
0.0,0.0,0.0,0.0,1.0,1.0,0.16,0.16,0.4,0.4,0.38,0.34,0.0,0.0,0.0,0.42,0.79,0.78,0.34,0.79,0.78,0.34,0.34,0.45,0.65,0.45,0.64,0.1,0.77,0.571,0.387,0.464
0.0,0.0,0.0,0.0,1.0,1.0,0.16,0.16,0.4,0.4,0.39,0.33,0.02,0.06,0.0,0.43,0.76,0.78,0.33,0.77,0.75,0.33,0.33,0.56,0.44,0.59,0.43,0.11,0.75,0.592,0.393,0.468
0.0,0.0,0.0,0.0,1.0,1.0,0.16,0.16,0.37,0.37,0.4,0.33,0.21,0.25,0.0,0.47,0.25,0.82,0.56,0.25,0.25,0.56,0.56,0.69,0.39,0.72,0.37,0.23,1.0,0.589,0.392,0.467
0.0,0.0,0.0,0.0,1.0,1.0,0.16,0.16,0.37,0.37,0.4,0.32,0.2,0.22,0.0,0.47,0.25,0.82,0.56,0.25,0.25,0.56,0.56,0.68,0.39,0.7,0.38,0.25,1.0,0.575,0.38,0.469
0.0,0.0,0.0,0.0,1.0,1.0,0.16,0.16,0.37,0.37,0.4,0.32,0.18,0.21,0.0,0.48,0.25,0.82,0.56,0.25,0.25,0.56,0.56,0.67,0.4,0.69,0.39,0.25,1.0,0.557,0.377,0.46
0.0,0.0,0.0,0.0,1.0,1.0,0.16,0.16,0.37,0.37,0.41,0.31,0.1,0.1,0.0,0.49,0.25,0.83,0.56,0.25,0.25,0.56,0.56,0.62,0.42,0.62,0.42,0.24,1.0,0.538,0.372,0.455
0.0,0.0,0.0,0.0,1.0,1.0,0.16,0.16,0.37,0.37,0.39,0.33,0.0,0.0,0.0,0.85,0.65,1.0,0.42,0.64,0.66,0.42,0.42,0.28,0.7,0.28,0.7,0.22,0.58,0.518,0.37,0.456
0.0,0.0,0.0,0.0,1.0,1.0,0.16,0.16,0.37,0.37,0.38,0.34,0.0,0.0,0.0,0.79,0.79,1.0,0.36,0.78,0.79,0.36,0.36,0.31,0.7,0.31,0.7,0.22,0.56,0.501,0.37,0.454
0.0,0.0,0.0,0.0,1.0,1.0,0.16,0.16,0.36,0.36,0.38,0.34,0.0,0.0,0.0,0.67,0.25,0.96,0.56,0.25,0.25,0.56,0.56,0.36,0.7,0.36,0.7,0.22,1.0,0.504,0.367,0.45
0.0,0.0,0.0,0.0,1.0,1.0,0.16,0.16,0.36,0.36,0.39,0.33,0.2,0.21,0.0,0.48,0.25,0.82,0.56,0.25,0.25,0.56,0.56,0.68,0.39,0.69,0.39,0.22,1.0,0.521,0.365,0.45
0.0,0.0,0.0,0.0,1.0,1.0,0.16,0.16,0.35,0.35,0.4,0.33,0.33,0.36,0.0,0.4,0.25,0.76,0.56,0.25,0.25,0.56,0.56,0.77,0.35,0.79,0.34,0.21,1.0,0.532,0.363,0.445
0.0,0.0,0.0,0.0,1.0,1.0,0.16,0.16,0.35,0.35,0.4,0.32,0.38,0.4,0.0,0.38,0.25,0.75,0.56,0.25,0.25,0.56,0.56,0.8,0.34,0.82,0.33,0.19,0.97,0.535,0.367,0.445
0.0,0.0,0.0,0.0,1.0,1.0,0.16,0.16,0.36,0.36,0.4,0.33,0.36,0.39,0.0,0.38,0.25,0.75,0.56,0.25,0.25,0.56,0.56,0.79,0.34,0.81,0.34,0.43,1.0,0.532,0.367,0.443
0.0,0.0,0.0,0.0,1.0,1.0,0.16,0.16,0.32,0.32,0.38,0.34,0.25,0.22,0.0,0.34,0.25,0.72,0.56,0.25,0.25,0.56,0.56,0.72,0.37,0.7,0.38,0.74,0.5,0.505,0.362,0.447
0.0,0.0,0.0,0.0,1.0,1.0,0.16,0.16,0.29,0.29,0.39,0.34,0.13,0.1,0.0,0.34,0.26,0.71,0.56,0.25,0.26,0.56,0.56,0.64,0.41,0.62,0.42,0.81,0.5,0.507,0.36,0.453
0.0,0.0,0.0,0.0,1.0,1.0,0.16,0.16,0.3,0.3,0.39,0.33,0.0,0.0,0.0,0.61,0.27,0.92,0.56,0.25,0.28,0.56,0.56,0.38,0.7,0.38,0.7,0.5,0.5,0.504,0.365,0.45
0.0,0.0,0.0,0.0,1.0,1.0,0.16,0.16,0.3,0.3,0.39,0.33,0.0,0.0,0.0,0.85,0.73,1.0,0.38,0.68,0.78,0.38,0.38,0.28,0.7,0.28,0.7,0.29,1.0,0.489,0.357,0.449
0.0,0.0,0.0,0.0,1.0,1.0,0.16,0.16,0.31,0.31,0.41,0.31,0.0,0.0,0.0,0.78,0.83,1.0,0.32,0.81,0.86,0.32,0.32,0.31,0.7,0.31,0.7,0.22,0.82,0.488,0.353,0.45
0.0,0.0,0.0,0.0,1.0,1.0,0.16,0.16,0.31,0.31,0.41,0.31,0.0,0.0,0.0,0.71,0.71,1.0,0.4,0.69,0.73,0.4,0.4,0.34,0.7,0.34,0.7,0.21,0.59,0.484,0.357,0.454
0.0,0.0,0.0,0.0,1.0,1.0,0.16,0.16,0.31,0.31,0.41,0.31,0.04,0.0,0.0,0.53,0.26,0.86,0.56,0.26,0.26,0.56,0.56,0.58,0.44,0.54,0.46,0.14,0.37,0.477,0.358,0.457
0.0,0.0,0.0,0.0,1.0,1.0,0.16,0.16,0.32,0.32,0.41,0.32,0.13,0.06,0.0,0.49,0.25,0.83,0.56,0.25,0.25,0.56,0.56,0.64,0.41,0.59,0.43,0.18,0.13,0.479,0.36,0.459
0.0,0.0,0.0,0.0,1.0,1.0,0.16,0.16,0.48,0.48,0.4,0.33,0.09,0.04,0.0,0.49,0.25,0.83,0.56,0.25,0.25,0.56,0.56,0.61,0.42,0.58,0.44,0.21,0.08,0.476,0.362,0.458
0.0,0.0,0.0,0.0,1.0,1.0,0.16,0.16,0.51,0.51,0.4,0.33,0.06,0.02,0.0,0.51,0.29,0.84,0.56,0.3,0.29,0.56,0.56,0.59,0.43,0.56,0.45,0.24,0.07,0.482,0.363,0.457
0.0,0.0,0.0,0.0,1.0,1.0,0.16,0.16,0.51,0.51,0.4,0.33,0.07,0.03,0.0,0.51,0.39,0.85,0.56,0.39,0.39,0.56,0.56,0.6,0.43,0.57,0.44,0.26,0.17,0.509,0.363,0.454
0.0,0.0,0.0,0.0,1.0,1.0,0.16,0.16,0.51,0.51,0.4,0.33,0.02,0.0,0.0,0.52,0.33,0.85,0.56,0.34,0.33,0.56,0.56,0.56,0.44,0.55,0.45,0.27,0.19,0.516,0.355,0.444
0.0,0.0,0.0,0.0,1.0,1.0,0.16,0.16,0.51,0.51,0.39,0.33,0.0,0.0,0.0,0.55,0.29,0.87,0.56,0.29,0.28,0.56,0.56,0.52,0.5,0.51,0.54,0.27,0.12,0.484,0.362,0.447
0.0,0.0,0.0,0.0,1.0,1.0,0.16,0.16,0.51,0.51,0.38,0.35,0.0,0.0,0.0,0.55,0.27,0.88,0.56,0.27,0.27,0.56,0.56,0.55,0.45,0.54,0.48,0.37,0.08,0.486,0.362,0.448
0.0,0.0,0.0,0.0,1.0,1.0,0.16,0.16,0.49,0.49,0.36,0.36,0.09,0.07,0.0,0.56,0.25,0.88,0.56,0.25,0.25,0.56,0.56,0.61,0.42,0.6,0.43,0.35,0.49,0.481,0.355,0.455
0.0,0.0,0.0,0.0,1.0,1.0,0.23,0.23,0.3,0.3,0.36,0.36,0.2,0.2,0.0,0.49,0.25,0.83,0.56,0.25,0.25,0.56,0.56,0.68,0.39,0.68,0.39,0.34,0.85,0.481,0.362,0.461
0.0,0.0,0.0,0.0,1.0,1.0,0.16,0.16,0.35,0.35,0.36,0.36,0.16,0.18,0.0,0.46,0.25,0.8,0.56,0.25,0.25,0.56,0.56,0.66,0.4,0.67,0.4,0.34,1.0,0.496,0.362,0.453
0.0,0.0,0.0,0.0,1.0,1.0,0.16,0.16,0.36,0.36,0.37,0.35,0.16,0.18,0.0,0.45,0.25,0.8,0.56,0.25,0.25,0.56,0.56,0.66,0.4,0.67,0.4,0.33,1.0,0.572,0.382,0.435
0.0,0.0,0.0,0.0,1.0,1.0,0.16,0.16,0.39,0.39,0.43,0.3,0.22,0.25,0.0,0.46,0.25,0.81,0.56,0.25,0.25,0.56,0.56,0.7,0.38,0.72,0.38,0.33,1.0,0.598,0.393,0.426
0.0,0.0,0.0,0.0,1.0,1.0,0.16,0.16,0.37,0.37,0.6,0.12,0.22,0.18,0.0,0.46,0.25,0.81,0.56,0.25,0.25,0.56,0.56,0.7,0.38,0.67,0.39,0.26,0.0,0.601,0.395,0.435
0.0,0.0,0.0,0.0,1.0,1.0,0.16,0.16,0.39,0.39,0.65,0.08,0.24,0.22,0.0,0.46,0.25,0.81,0.56,0.25,0.25,0.56,0.56,0.71,0.38,0.7,0.39,0.31,0.0,0.604,0.405,0.436
0.0,0.0,0.0,0.0,1.0,1.0,0.16,0.16,0.41,0.41,0.55,0.17,0.18,0.1,0.0,0.49,0.25,0.83,0.56,0.25,0.25,0.56,0.56,0.67,0.4,0.62,0.42,0.34,0.0,0.6,0.417,0.447
0.0,0.0,0.0,0.0,1.0,1.0,0.16,0.16,0.42,0.42,0.4,0.32,0.0,0.0,0.0,0.81,0.25,1.0,0.56,0.25,0.25,0.56,0.56,0.3,0.7,0.3,0.7,0.3,0.5,0.592,0.418,0.451
0.0,0.0,0.0,0.0,1.0,1.0,0.16,0.16,0.44,0.44,0.32,0.4,0.0,0.0,0.0,0.85,0.25,1.0,0.56,0.25,0.25,0.56,0.56,0.28,0.7,0.28,0.7,0.27,1.0,0.566,0.417,0.455
0.0,0.0,0.0,0.0,1.0,1.0,0.16,0.16,0.45,0.45,0.27,0.46,0.0,0.0,0.0,0.85,0.26,1.0,0.56,0.25,0.26,0.56,0.56,0.28,0.7,0.28,0.7,0.3,1.0,0.541,0.415,0.449
0.0,0.0,0.0,0.0,1.0,1.0,0.16,0.16,0.46,0.46,0.23,0.49,0.0,0.0,0.0,0.78,0.26,1.0,0.56,0.25,0.26,0.56,0.56,0.31,0.7,0.31,0.7,0.31,1.0,0.496,0.407,0.444
0.0,0.0,0.0,0.0,1.0,1.0,0.16,0.16,0.46,0.46,0.23,0.49,0.0,0.0,0.0,0.62,0.25,0.93,0.56,0.25,0.25,0.56,0.56,0.38,0.7,0.38,0.7,0.34,0.91,0.493,0.398,0.441
0.0,0.0,0.0,0.0,1.0,1.0,0.16,0.16,0.53,0.53,0.31,0.42,0.0,0.0,0.0,0.61,0.26,0.92,0.56,0.25,0.26,0.56,0.56,0.38,0.7,0.38,0.7,0.38,1.0,0.508,0.393,0.44
0.0,0.0,0.0,0.0,1.0,1.0,0.16,0.16,0.52,0.52,0.34,0.38,0.0,0.0,0.0,0.56,0.25,0.88,0.56,0.25,0.25,0.56,0.56,0.55,0.45,0.53,0.49,0.36,0.98,0.495,0.39,0.436
0.0,0.0,0.0,0.0,1.0,1.0,0.16,0.16,0.49,0.49,0.41,0.31,0.04,0.0,0.0,0.56,0.25,0.88,0.56,0.25,0.25,0.56,0.56,0.58,0.44,0.55,0.45,0.35,0.76,0.491,0.378,0.435
0.07,0.07,0.0,0.0,1.0,1.0,0.16,0.16,0.53,0.53,0.51,0.21,0.07,0.03,0.25,0.6,0.3,0.92,0.56,0.29,0.31,0.56,0.56,0.6,0.43,0.57,0.44,0.36,0.85,0.484,0.368,0.429
0.1,0.1,0.0,0.0,1.0,1.0,0.16,0.16,0.51,0.51,0.48,0.25,0.0,0.0,0.25,0.61,0.29,0.92,0.56,0.29,0.3,0.56,0.56,0.38,0.7,0.38,0.7,0.3,0.57,0.496,0.347,0.414
0.12,0.12,0.05,0.05,1.0,1.0,0.16,0.16,0.5,0.5,0.41,0.31,0.0,0.0,0.25,0.66,0.26,0.96,0.56,0.25,0.26,0.56,0.56,0.36,0.7,0.36,0.7,0.28,0.43,0.497,0.355,0.411
0.09,0.09,0.0,0.0,1.0,1.0,0.16,0.16,0.46,0.46,0.3,0.42,0.0,0.0,0.25,0.66,0.29,0.96,0.56,0.29,0.3,0.56,0.56,0.36,0.7,0.36,0.7,0.28,0.45,0.492,0.363,0.41
0.1,0.1,0.0,0.0,1.0,1.0,0.16,0.16,0.52,0.52,0.27,0.46,0.0,0.0,0.25,0.64,0.34,0.94,0.56,0.33,0.35,0.56,0.56,0.37,0.7,0.37,0.7,0.28,0.4,0.475,0.367,0.413
0.13,0.13,0.07,0.07,1.0,1.0,0.16,0.16,0.54,0.54,0.26,0.47,0.0,0.0,0.5,0.61,0.65,0.92,0.49,0.64,0.66,0.49,0.49,0.55,0.45,0.53,0.48,0.28,0.39,0.46,0.368,0.455
0.11,0.11,0.02,0.02,1.0,1.0,0.16,0.16,0.55,0.55,0.28,0.45,0.0,0.0,0.75,0.49,0.82,0.83,0.4,0.83,0.82,0.4,0.4,0.55,0.45,0.55,0.45,0.18,0.47,0.495,0.363,0.536
0.57,0.57,1.0,1.0,0.97,0.97,0.19,0.19,0.33,0.33,0.37,0.35,0.12,0.12,0.0,0.51,0.33,0.84,0.56,0.32,0.33,0.56,0.56,0.63,0.42,0.63,0.42,0.21,0.34,0.479,0.36,0.611
0.56,0.56,1.0,1.0,0.98,0.98,0.16,0.16,0.36,0.36,0.46,0.26,0.12,0.12,0.0,0.51,0.27,0.84,0.56,0.28,0.26,0.56,0.56,0.63,0.42,0.63,0.41,0.21,0.29,0.466,0.363,0.577
0.08,0.08,0.0,0.0,1.0,1.0,0.16,0.16,0.38,0.38,0.54,0.19,0.12,0.12,0.0,0.53,0.25,0.86,0.56,0.25,0.25,0.56,0.56,0.63,0.42,0.63,0.41,0.26,0.24,0.421,0.412,0.479
0.05,0.05,0.0,0.0,1.0,1.0,0.16,0.16,0.36,0.36,0.66,0.07,0.16,0.13,0.0,0.53,0.25,0.86,0.56,0.25,0.25,0.56,0.56,0.66,0.4,0.64,0.41,0.27,0.09,0.38,0.462,0.404
0.0,0.0,0.0,0.0,1.0,1.0,0.16,0.16,0.37,0.37,0.71,0.02,0.16,0.13,0.0,0.5,0.25,0.84,0.56,0.25,0.25,0.56,0.56,0.66,0.4,0.64,0.41,0.25,0.01,0.336,0.505,0.339
0.0,0.0,0.0,0.0,1.0,1.0,0.16,0.16,0.37,0.37,0.67,0.06,0.0,0.0,0.0,0.74,0.33,1.0,0.56,0.34,0.33,0.56,0.56,0.33,0.7,0.33,0.7,0.2,0.04,0.329,0.53,0.295
0.0,0.0,0.0,0.0,1.0,1.0,0.16,0.16,0.37,0.37,0.59,0.13,0.0,0.0,0.0,0.75,0.3,1.0,0.56,0.3,0.3,0.56,0.56,0.33,0.7,0.33,0.7,0.18,0.13,0.322,0.543,0.282
0.02,0.02,0.0,0.0,1.0,1.0,0.16,0.16,0.39,0.39,0.55,0.18,0.09,0.09,0.0,0.55,0.25,0.87,0.56,0.25,0.25,0.56,0.56,0.61,0.42,0.61,0.42,0.26,0.15,0.317,0.53,0.296
0.11,0.11,0.02,0.02,1.0,1.0,0.16,0.16,0.39,0.39,0.49,0.23,0.1,0.1,0.0,0.51,0.25,0.85,0.56,0.25,0.25,0.56,0.56,0.62,0.42,0.62,0.42,0.21,0.2,0.349,0.515,0.332
0.04,0.04,0.0,0.0,1.0,1.0,0.16,0.16,0.39,0.39,0.47,0.25,0.09,0.09,0.0,0.52,0.25,0.85,0.56,0.25,0.25,0.56,0.56,0.61,0.42,0.61,0.42,0.22,0.2,0.385,0.485,0.368
0.03,0.03,0.0,0.0,1.0,1.0,0.16,0.16,0.37,0.37,0.44,0.29,0.09,0.09,0.0,0.52,0.25,0.85,0.56,0.25,0.25,0.56,0.56,0.61,0.42,0.61,0.43,0.2,0.26,0.412,0.44,0.409
0.08,0.08,0.0,0.0,1.0,1.0,0.16,0.16,0.37,0.37,0.4,0.32,0.07,0.04,0.5,0.42,0.71,0.78,0.4,0.71,0.72,0.4,0.4,0.6,0.43,0.58,0.44,0.11,0.38,0.442,0.418,0.426
0.56,0.56,1.0,1.0,0.98,0.98,0.16,0.16,0.35,0.35,0.4,0.32,0.1,0.07,0.25,0.39,0.58,0.75,0.55,0.57,0.58,0.55,0.55,0.62,0.42,0.6,0.43,0.18,0.41,0.454,0.42,0.385
0.56,0.56,1.0,1.0,0.98,0.98,0.16,0.16,0.34,0.34,0.42,0.3,0.18,0.15,0.0,0.39,0.33,0.76,0.56,0.32,0.35,0.56,0.56,0.67,0.4,0.65,0.4,0.26,0.73,0.457,0.442,0.334
0.56,0.56,1.0,1.0,0.98,0.98,0.16,0.16,0.33,0.33,0.42,0.3,0.15,0.13,0.0,0.43,0.32,0.78,0.56,0.3,0.33,0.56,0.56,0.65,0.41,0.64,0.41,0.34,0.89,0.459,0.467,0.294
0.56,0.56,1.0,1.0,0.98,0.98,0.16,0.16,0.33,0.33,0.42,0.3,0.15,0.15,0.25,0.43,0.35,0.79,0.56,0.35,0.36,0.56,0.56,0.65,0.41,0.65,0.41,0.39,0.94,0.47,0.488,0.276
0.56,0.56,1.0,1.0,0.98,0.98,0.16,0.16,0.34,0.34,0.43,0.29,0.13,0.15,0.25,0.44,0.33,0.79,0.56,0.32,0.33,0.56,0.56,0.64,0.41,0.65,0.41,0.29,0.82,0.453,0.497,0.287
0.57,0.57,1.0,1.0,0.96,0.96,0.62,0.59,0.21,0.21,0.38,0.35,0.16,0.13,0.5,0.44,0.74,0.79,0.36,0.74,0.75,0.36,0.36,0.66,0.4,0.64,0.41,0.11,0.47,0.456,0.483,0.354
0.57,0.57,1.0,1.0,0.97,0.97,0.16,0.16,0.36,0.36,0.39,0.33,0.07,0.0,0.5,0.31,0.89,0.69,0.28,0.87,0.9,0.28,0.28,0.6,0.43,0.54,0.47,0.05,0.81,0.491,0.48,0.446
0.56,0.56,1.0,1.0,0.98,0.98,0.16,0.16,0.39,0.39,0.38,0.35,0.16,0.2,0.25,0.43,0.39,0.78,0.56,0.39,0.39,0.56,0.56,0.66,0.4,0.68,0.39,0.13,1.0,0.497,0.465,0.504
0.01,0.01,0.0,0.0,1.0,1.0,0.16,0.16,0.39,0.39,0.39,0.33,0.16,0.18,0.25,0.42,0.39,0.78,0.56,0.38,0.4,0.56,0.56,0.66,0.4,0.67,0.4,0.14,1.0,0.507,0.442,0.568
0.03,0.03,0.0,0.0,1.0,1.0,0.16,0.16,0.4,0.4,0.4,0.32,0.15,0.15,0.25,0.42,0.38,0.77,0.56,0.38,0.38,0.56,0.56,0.65,0.4,0.65,0.41,0.13,0.62,0.499,0.42,0.625
0.04,0.04,0.0,0.0,1.0,1.0,0.16,0.16,0.4,0.4,0.41,0.31,0.15,0.15,0.25,0.42,0.39,0.77,0.56,0.39,0.39,0.56,0.56,0.65,0.4,0.65,0.4,0.12,0.72,0.509,0.403,0.608
0.07,0.07,0.0,0.0,1.0,1.0,0.16,0.16,0.39,0.39,0.41,0.32,0.09,0.07,0.5,0.42,0.65,0.78,0.47,0.64,0.65,0.47,0.47,0.61,0.42,0.6,0.43,0.11,0.6,0.519,0.407,0.561
0.15,0.15,0.12,0.12,1.0,1.0,0.16,0.16,0.37,0.37,0.39,0.33,0.07,0.07,0.75,0.39,0.73,0.76,0.45,0.73,0.73,0.45,0.45,0.6,0.43,0.6,0.43,0.09,0.55,0.499,0.418,0.535
0.56,0.56,1.0,1.0,0.97,0.97,0.88,0.88,0.24,0.24,0.38,0.34,0.15,0.18,0.75,0.38,0.76,0.75,0.41,0.76,0.76,0.41,0.41,0.65,0.41,0.67,0.4,0.08,0.5,0.493,0.433,0.505
0.56,0.56,1.0,1.0,0.98,0.98,0.16,0.16,0.31,0.31,0.39,0.33,0.16,0.18,1.0,0.3,0.87,0.69,0.38,0.87,0.87,0.38,0.38,0.66,0.4,0.67,0.4,0.05,0.47,0.493,0.433,0.526
0.38,0.38,0.64,0.64,1.0,1.0,0.37,0.37,0.23,0.23,0.39,0.34,0.16,0.16,1.0,0.26,0.92,0.66,0.33,0.92,0.92,0.33,0.33,0.66,0.4,0.66,0.4,0.03,0.46,0.521,0.425,0.51
0.56,0.56,1.0,1.0,0.98,0.98,0.23,0.23,0.23,0.23,0.38,0.34,0.18,0.18,1.0,0.25,0.96,0.65,0.28,0.96,0.96,0.28,0.28,0.67,0.4,0.67,0.4,0.03,0.49,0.562,0.403,0.504
0.41,0.41,0.72,0.72,1.0,1.0,0.16,0.16,0.28,0.28,0.39,0.33,0.18,0.13,1.0,0.23,0.97,0.64,0.27,0.97,0.97,0.27,0.27,0.67,0.4,0.64,0.41,0.02,0.52,0.587,0.4,0.514
0.44,0.44,0.8,0.8,1.0,1.0,0.16,0.16,0.28,0.28,0.39,0.33,0.18,0.13,1.0,0.23,0.97,0.63,0.26,0.97,0.98,0.26,0.26,0.67,0.4,0.64,0.41,0.02,0.55,0.597,0.395,0.524
0.42,0.42,0.75,0.75,1.0,1.0,0.16,0.16,0.28,0.28,0.39,0.33,0.18,0.13,1.0,0.22,0.98,0.63,0.26,0.98,0.98,0.26,0.26,0.67,0.4,0.64,0.41,0.02,0.57,0.594,0.388,0.529
0.44,0.44,0.8,0.8,1.0,1.0,0.31,0.31,0.21,0.21,0.38,0.34,0.18,0.13,1.0,0.23,0.97,0.64,0.29,0.97,0.97,0.29,0.29,0.67,0.4,0.64,0.41,0.02,0.58,0.584,0.385,0.532
0.57,0.57,1.0,1.0,0.97,0.97,0.26,0.26,0.22,0.22,0.36,0.37,0.16,0.1,1.0,0.28,0.94,0.67,0.29,0.94,0.94,0.29,0.29,0.66,0.4,0.62,0.42,0.04,0.58,0.582,0.382,0.538
0.56,0.56,1.0,1.0,0.98,0.98,0.16,0.16,0.29,0.29,0.34,0.38,0.15,0.13,0.75,0.3,0.86,0.68,0.34,0.86,0.87,0.34,0.34,0.65,0.4,0.64,0.41,0.04,0.58,0.575,0.382,0.506
0.56,0.56,1.0,1.0,0.97,0.97,0.16,0.16,0.3,0.3,0.34,0.38,0.15,0.15,0.5,0.42,0.52,0.78,0.53,0.51,0.52,0.53,0.53,0.65,0.4,0.65,0.41,0.13,0.55,0.543,0.387,0.496
0.57,0.57,1.0,1.0,0.97,0.97,0.16,0.16,0.33,0.33,0.34,0.38,0.15,0.15,0.5,0.43,0.5,0.78,0.55,0.49,0.51,0.55,0.55,0.65,0.4,0.65,0.41,0.15,0.52,0.52,0.38,0.492
0.57,0.57,1.0,1.0,0.97,0.97,0.16,0.16,0.35,0.35,0.34,0.38,0.15,0.16,0.25,0.47,0.35,0.82,0.56,0.35,0.36,0.56,0.56,0.65,0.4,0.66,0.4,0.16,0.61,0.513,0.377,0.501
0.57,0.57,1.0,1.0,0.97,0.97,0.16,0.16,0.33,0.33,0.34,0.38,0.18,0.24,0.0,0.51,0.25,0.84,0.56,0.25,0.25,0.56,0.56,0.67,0.4,0.71,0.38,0.22,0.88,0.496,0.375,0.515
0.0,0.0,0.0,0.0,1.0,1.0,0.16,0.16,0.31,0.31,0.34,0.38,0.25,0.3,0.0,0.44,0.25,0.79,0.56,0.25,0.25,0.56,0.56,0.72,0.37,0.75,0.36,0.27,1.0,0.492,0.368,0.526
0.0,0.0,0.0,0.0,1.0,1.0,0.16,0.16,0.31,0.31,0.34,0.38,0.28,0.3,0.0,0.43,0.25,0.78,0.56,0.25,0.25,0.56,0.56,0.74,0.36,0.75,0.36,0.34,1.0,0.506,0.377,0.515
0.0,0.0,0.0,0.0,1.0,1.0,0.16,0.16,0.32,0.32,0.35,0.37,0.3,0.31,0.0,0.42,0.25,0.78,0.56,0.25,0.25,0.56,0.56,0.75,0.36,0.76,0.35,0.36,1.0,0.531,0.387,0.499
0.0,0.0,0.0,0.0,1.0,1.0,0.16,0.16,0.33,0.33,0.36,0.37,0.34,0.38,0.0,0.42,0.25,0.78,0.56,0.25,0.25,0.56,0.56,0.78,0.35,0.8,0.34,0.41,1.0,0.545,0.387,0.497
0.0,0.0,0.0,0.0,1.0,1.0,0.16,0.16,0.33,0.33,0.38,0.35,0.33,0.33,0.0,0.43,0.25,0.78,0.56,0.25,0.25,0.56,0.56,0.77,0.35,0.77,0.35,0.41,1.0,0.572,0.395,0.494
0.0,0.0,0.0,0.0,1.0,1.0,0.16,0.16,0.35,0.35,0.4,0.33,0.0,0.0,0.0,0.6,0.25,0.91,0.56,0.25,0.25,0.56,0.56,0.52,0.51,0.46,0.62,0.35,1.0,0.592,0.39,0.492
0.0,0.0,0.0,0.0,1.0,1.0,0.16,0.16,0.35,0.35,0.4,0.32,0.0,0.0,0.0,0.85,0.3,1.0,0.56,0.28,0.31,0.56,0.56,0.28,0.7,0.28,0.7,0.33,1.0,0.621,0.392,0.485
0.0,0.0,0.0,0.0,1.0,1.0,0.16,0.16,0.34,0.34,0.41,0.31,0.0,0.0,0.0,0.55,0.25,0.87,0.56,0.25,0.25,0.56,0.56,0.54,0.47,0.52,0.52,0.32,1.0,0.629,0.392,0.482
0.0,0.0,0.0,0.0,1.0,1.0,0.16,0.16,0.31,0.31,0.42,0.3,0.09,0.04,0.0,0.47,0.25,0.81,0.56,0.25,0.25,0.56,0.56,0.61,0.42,0.58,0.44,0.33,0.9,0.636,0.382,0.482
0.0,0.0,0.0,0.0,1.0,1.0,0.16,0.16,0.3,0.3,0.43,0.3,0.15,0.09,0.0,0.44,0.25,0.79,0.56,0.25,0.25,0.56,0.56,0.65,0.41,0.61,0.42,0.3,0.6,0.634,0.373,0.48
0.0,0.0,0.0,0.0,1.0,1.0,0.16,0.16,0.29,0.29,0.43,0.3,0.16,0.1,0.0,0.41,0.25,0.77,0.56,0.25,0.25,0.56,0.56,0.66,0.4,0.62,0.42,0.29,0.55,0.638,0.363,0.472
0.0,0.0,0.0,0.0,1.0,1.0,0.16,0.16,0.28,0.28,0.43,0.29,0.21,0.12,0.0,0.38,0.25,0.75,0.56,0.25,0.25,0.56,0.56,0.69,0.39,0.63,0.42,0.56,0.5,0.631,0.358,0.449
0.0,0.0,0.0,0.0,1.0,1.0,0.16,0.16,0.26,0.26,0.44,0.29,0.24,0.13,0.0,0.36,0.25,0.73,0.56,0.25,0.25,0.56,0.56,0.71,0.38,0.64,0.41,0.66,0.5,0.615,0.347,0.438
0.0,0.0,0.0,0.0,1.0,1.0,0.16,0.16,0.26,0.26,0.43,0.29,0.09,0.0,0.0,0.38,0.25,0.75,0.56,0.25,0.25,0.56,0.56,0.61,0.42,0.54,0.48,0.56,0.5,0.586,0.342,0.44
0.0,0.0,0.0,0.0,1.0,1.0,0.16,0.16,0.28,0.28,0.42,0.3,0.0,0.0,0.0,0.71,0.29,1.0,0.54,0.27,0.3,0.54,0.54,0.34,0.7,0.34,0.7,0.32,1.0,0.559,0.342,0.442
0.0,0.0,0.0,0.0,1.0,1.0,0.16,0.16,0.3,0.3,0.42,0.3,0.0,0.0,0.0,0.71,0.53,1.0,0.46,0.51,0.54,0.46,0.46,0.34,0.7,0.34,0.7,0.22,0.49,0.532,0.34,0.445
0.0,0.0,0.0,0.0,1.0,1.0,0.16,0.16,0.31,0.31,0.43,0.3,0.0,0.0,0.0,0.55,0.25,0.87,0.56,0.25,0.25,0.56,0.56,0.54,0.47,0.53,0.5,0.19,0.85,0.525,0.347,0.451
0.0,0.0,0.0,0.0,1.0,1.0,0.38,0.38,0.23,0.23,0.4,0.33,0.13,0.1,0.0,0.49,0.25,0.83,0.56,0.25,0.25,0.56,0.56,0.64,0.41,0.62,0.42,0.19,0.5,0.529,0.353,0.449
0.0,0.0,0.0,0.0,1.0,1.0,0.16,0.16,0.44,0.44,0.0,0.83,0.2,0.09,0.0,0.43,0.67,0.79,0.46,0.66,0.69,0.46,0.46,0.68,0.39,0.61,0.42,0.17,0.53,0.52,0.358,0.455
0.0,0.0,0.0,0.0,1.0,1.0,0.16,0.16,0.46,0.46,0.0,0.83,0.0,0.0,0.25,0.39,0.85,0.75,0.35,0.85,0.86,0.35,0.35,0.54,0.46,0.48,0.59,0.12,0.2,0.509,0.36,0.458
0.0,0.0,0.0,0.0,1.0,1.0,0.16,0.16,0.47,0.47,0.0,0.8,0.21,0.15,0.0,0.46,0.5,0.8,0.56,0.5,0.5,0.56,0.56,0.69,0.39,0.65,0.41,0.18,0.46,0.501,0.365,0.465
0.0,0.0,0.0,0.0,1.0,1.0,0.48,0.48,0.25,0.25,0.44,0.28,0.22,0.22,0.0,0.44,0.27,0.79,0.56,0.27,0.26,0.56,0.56,0.7,0.38,0.7,0.38,0.18,0.21,0.49,0.367,0.478
0.0,0.0,0.0,0.0,1.0,1.0,0.16,0.16,0.32,0.32,0.44,0.28,0.15,0.16,0.0,0.42,0.25,0.78,0.56,0.25,0.25,0.56,0.56,0.65,0.4,0.66,0.4,0.18,0.51,0.483,0.36,0.492
0.0,0.0,0.0,0.0,1.0,1.0,0.16,0.16,0.35,0.35,0.43,0.3,0.13,0.13,0.0,0.42,0.25,0.77,0.56,0.25,0.25,0.56,0.56,0.64,0.41,0.64,0.41,0.18,0.9,0.505,0.362,0.507
0.0,0.0,0.0,0.0,1.0,1.0,0.16,0.16,0.35,0.35,0.41,0.31,0.07,0.03,0.0,0.42,0.33,0.78,0.56,0.29,0.37,0.56,0.56,0.6,0.43,0.57,0.44,0.16,1.0,0.51,0.363,0.507
0.0,0.0,0.0,0.0,1.0,1.0,0.16,0.16,0.37,0.37,0.39,0.33,0.09,0.0,0.0,0.52,0.69,0.86,0.4,0.6,0.78,0.4,0.4,0.61,0.42,0.48,0.59,0.17,1.0,0.528,0.363,0.507
0.05,0.05,0.0,0.0,1.0,1.0,0.16,0.16,0.39,0.39,0.38,0.34,0.0,0.0,0.25,0.67,0.91,0.96,0.31,0.89,0.93,0.31,0.31,0.36,0.7,0.36,0.7,0.2,0.7,0.544,0.37,0.507
0.04,0.04,0.0,0.0,1.0,1.0,0.16,0.16,0.39,0.39,0.37,0.35,0.0,0.0,0.25,0.67,0.55,0.97,0.54,0.52,0.58,0.54,0.54,0.36,0.7,0.36,0.7,0.24,1.0,0.568,0.375,0.509
0.56,0.56,1.0,1.0,0.98,0.98,0.16,0.16,0.38,0.38,0.37,0.35,0.06,0.0,0.5,0.46,0.66,0.81,0.49,0.62,0.69,0.49,0.49,0.59,0.43,0.54,0.47,0.19,0.8,0.584,0.372,0.506
0.58,0.58,1.0,1.0,0.96,0.96,0.56,0.49,0.27,0.27,0.35,0.37,0.16,0.0,0.5,0.34,0.85,0.71,0.36,0.83,0.88,0.36,0.36,0.66,0.4,0.54,0.47,0.09,0.45,0.607,0.372,0.51
0.56,0.56,1.0,1.0,0.97,0.97,0.16,0.16,0.37,0.37,0.37,0.35,0.15,0.07,0.25,0.42,0.58,0.78,0.53,0.57,0.59,0.53,0.53,0.65,0.41,0.6,0.43,0.14,0.49,0.617,0.368,0.504
0.56,0.56,1.0,1.0,0.98,0.98,0.16,0.16,0.37,0.37,0.37,0.35,0.13,0.09,0.25,0.42,0.42,0.78,0.56,0.41,0.43,0.56,0.56,0.64,0.41,0.61,0.42,0.16,0.66,0.609,0.358,0.513
0.56,0.56,1.0,1.0,0.98,0.98,0.16,0.16,0.37,0.37,0.38,0.34,0.13,0.09,0.25,0.42,0.4,0.78,0.56,0.38,0.41,0.56,0.56,0.64,0.41,0.61,0.42,0.22,0.84,0.588,0.357,0.516
0.56,0.56,1.0,1.0,0.98,0.98,0.16,0.16,0.36,0.36,0.38,0.34,0.15,0.09,0.0,0.42,0.37,0.78,0.56,0.34,0.4,0.56,0.56,0.65,0.4,0.61,0.42,0.24,0.86,0.57,0.363,0.522
0.56,0.56,1.0,1.0,0.98,0.98,0.16,0.16,0.34,0.34,0.39,0.33,0.15,0.1,0.0,0.42,0.35,0.78,0.56,0.34,0.36,0.56,0.56,0.65,0.41,0.62,0.42,0.13,0.55,0.548,0.365,0.519
0.56,0.56,1.0,1.0,0.98,0.98,0.16,0.16,0.34,0.34,0.39,0.33,0.18,0.12,0.0,0.42,0.36,0.78,0.56,0.35,0.37,0.56,0.56,0.67,0.4,0.63,0.41,0.12,0.52,0.529,0.372,0.519
0.02,0.02,0.0,0.0,1.0,1.0,0.16,0.16,0.33,0.33,0.39,0.33,0.18,0.13,0.0,0.42,0.37,0.78,0.56,0.36,0.38,0.56,0.56,0.67,0.4,0.64,0.41,0.12,0.53,0.527,0.372,0.545
0.03,0.03,0.0,0.0,1.0,1.0,0.16,0.16,0.33,0.33,0.39,0.33,0.18,0.13,0.0,0.42,0.38,0.78,0.56,0.36,0.39,0.56,0.56,0.67,0.4,0.64,0.41,0.12,0.59,0.529,0.372,0.572
0.04,0.04,0.0,0.0,1.0,1.0,0.16,0.16,0.33,0.33,0.4,0.32,0.16,0.13,0.0,0.43,0.32,0.79,0.56,0.31,0.33,0.56,0.56,0.66,0.4,0.64,0.41,0.3,0.51,0.519,0.375,0.552
0.56,0.56,1.0,1.0,0.98,0.98,0.16,0.16,0.33,0.33,0.4,0.32,0.15,0.07,0.25,0.39,0.52,0.76,0.56,0.48,0.56,0.56,0.56,0.65,0.4,0.6,0.43,0.64,0.5,0.521,0.385,0.539
0.56,0.56,1.0,1.0,0.97,0.97,0.16,0.16,0.3,0.3,0.41,0.32,0.2,0.09,0.25,0.36,0.56,0.73,0.56,0.51,0.61,0.56,0.56,0.68,0.39,0.61,0.42,0.72,0.5,0.512,0.39,0.52
0.57,0.57,1.0,1.0,0.97,0.97,0.16,0.16,0.31,0.31,0.4,0.32,0.2,0.1,0.25,0.37,0.48,0.74,0.56,0.44,0.52,0.56,0.56,0.68,0.39,0.62,0.42,0.6,0.5,0.509,0.38,0.509
0.56,0.56,1.0,1.0,0.97,0.97,0.16,0.16,0.32,0.32,0.4,0.33,0.15,0.1,0.0,0.44,0.3,0.79,0.56,0.29,0.32,0.56,0.56,0.65,0.41,0.62,0.42,0.3,0.86,0.506,0.372,0.499
0.56,0.56,1.0,1.0,0.98,0.98,0.16,0.16,0.33,0.33,0.39,0.33,0.13,0.12,0.25,0.42,0.35,0.78,0.56,0.34,0.36,0.56,0.56,0.64,0.41,0.63,0.42,0.15,0.57,0.503,0.388,0.484
0.56,0.56,1.0,1.0,0.98,0.98,0.16,0.16,0.33,0.33,0.38,0.34,0.16,0.13,0.25,0.42,0.43,0.78,0.56,0.42,0.44,0.56,0.56,0.66,0.4,0.64,0.41,0.11,0.53,0.499,0.385,0.475
0.56,0.56,1.0,1.0,0.98,0.98,0.16,0.16,0.34,0.34,0.38,0.34,0.2,0.13,0.25,0.41,0.49,0.77,0.54,0.48,0.51,0.54,0.54,0.68,0.39,0.64,0.41,0.09,0.49,0.476,0.387,0.474
0.56,0.56,1.0,1.0,0.98,0.98,0.55,0.52,0.24,0.24,0.36,0.37,0.27,0.2,0.5,0.38,0.65,0.75,0.46,0.63,0.67,0.46,0.46,0.73,0.37,0.68,0.39,0.08,0.47,0.482,0.388,0.468
0.57,0.57,1.0,1.0,0.97,0.97,0.24,0.23,0.33,0.33,0.36,0.37,0.33,0.24,0.5,0.33,0.78,0.71,0.37,0.76,0.8,0.37,0.37,0.77,0.35,0.71,0.38,0.05,0.47,0.482,0.39,0.469
0.55,0.55,1.0,1.0,0.98,0.98,0.16,0.16,0.4,0.4,0.33,0.39,0.34,0.25,0.5,0.28,0.87,0.68,0.34,0.86,0.88,0.34,0.34,0.78,0.35,0.72,0.37,0.04,0.47,0.481,0.387,0.473
0.07,0.07,0.0,0.0,1.0,1.0,0.16,0.16,0.42,0.42,0.33,0.4,0.33,0.21,0.75,0.27,0.88,0.67,0.33,0.87,0.89,0.33,0.33,0.77,0.35,0.69,0.39,0.04,0.48,0.498,0.392,0.475
0.11,0.11,0.03,0.03,1.0,1.0,0.16,0.16,0.43,0.43,0.32,0.4,0.3,0.18,0.75,0.27,0.88,0.67,0.34,0.87,0.89,0.34,0.34,0.75,0.36,0.67,0.39,0.04,0.49,0.517,0.395,0.474
0.02,0.02,0.0,0.0,1.0,1.0,0.16,0.16,0.51,0.51,0.06,0.67,0.28,0.21,0.75,0.28,0.88,0.67,0.35,0.87,0.89,0.35,0.35,0.74,0.37,0.69,0.39,0.04,0.48,0.533,0.393,0.473
0.17,0.17,0.17,0.17,1.0,1.0,0.16,0.16,0.54,0.54,0.0,0.76,0.28,0.22,0.75,0.28,0.89,0.67,0.36,0.88,0.9,0.36,0.36,0.74,0.37,0.7,0.39,0.04,0.5,0.548,0.393,0.478
0.2,0.2,0.23,0.23,1.0,1.0,0.16,0.16,0.54,0.54,-0.0,0.74,0.25,0.21,0.75,0.31,0.83,0.69,0.45,0.82,0.84,0.45,0.45,0.72,0.38,0.69,0.39,0.05,0.49,0.548,0.385,0.479
0.56,0.56,1.0,1.0,0.98,0.98,0.4,0.4,0.3,0.3,0.37,0.35,0.28,0.28,0.75,0.38,0.61,0.75,0.51,0.61,0.61,0.51,0.51,0.74,0.37,0.74,0.37,0.08,0.3,0.555,0.378,0.483
0.56,0.56,1.0,1.0,0.98,0.98,0.16,0.16,0.41,0.41,0.36,0.36,0.24,0.22,0.5,0.4,0.52,0.76,0.56,0.51,0.53,0.56,0.56,0.71,0.38,0.7,0.38,0.13,0.38,0.557,0.377,0.49
0.55,0.55,1.0,1.0,0.98,0.98,0.16,0.16,0.42,0.42,0.36,0.36,0.2,0.18,0.5,0.4,0.48,0.76,0.56,0.47,0.5,0.56,0.56,0.68,0.39,0.67,0.4,0.2,0.58,0.556,0.378,0.493
0.55,0.55,1.0,1.0,0.98,0.98,0.16,0.16,0.42,0.42,0.37,0.35,0.15,0.15,0.5,0.41,0.59,0.77,0.56,0.58,0.61,0.56,0.56,0.65,0.4,0.65,0.41,0.5,0.5,0.576,0.38,0.486
0.56,0.56,1.0,1.0,0.98,0.98,0.16,0.16,0.41,0.41,0.36,0.36,0.15,0.13,0.5,0.37,0.64,0.74,0.56,0.62,0.65,0.56,0.56,0.65,0.41,0.64,0.41,0.59,0.5,0.604,0.388,0.484
0.56,0.56,1.0,1.0,0.98,0.98,0.16,0.16,0.39,0.39,0.36,0.36,0.21,0.16,0.25,0.37,0.38,0.74,0.56,0.35,0.41,0.56,0.56,0.69,0.39,0.66,0.4,0.53,0.5,0.589,0.382,0.484
0.56,0.56,1.0,1.0,0.98,0.98,0.16,0.16,0.36,0.36,0.37,0.35,0.27,0.25,0.0,0.41,0.25,0.77,0.56,0.25,0.25,0.56,0.56,0.73,0.37,0.72,0.38,0.43,1.0,0.579,0.372,0.487
0.0,0.0,0.0,0.0,1.0,1.0,0.16,0.16,0.32,0.32,0.37,0.35,0.28,0.27,0.0,0.42,0.25,0.78,0.56,0.25,0.25,0.56,0.56,0.74,0.36,0.73,0.37,0.34,1.0,0.554,0.367,0.485
0.0,0.0,0.0,0.0,1.0,1.0,0.16,0.16,0.31,0.31,0.37,0.35,0.33,0.34,0.0,0.42,0.25,0.78,0.56,0.25,0.25,0.56,0.56,0.77,0.35,0.78,0.35,0.32,1.0,0.546,0.372,0.482
0.0,0.0,0.0,0.0,1.0,1.0,0.16,0.16,0.32,0.32,0.36,0.36,0.34,0.36,0.0,0.42,0.25,0.78,0.56,0.25,0.25,0.56,0.56,0.78,0.35,0.79,0.34,0.32,1.0,0.532,0.372,0.48
0.0,0.0,0.0,0.0,1.0,1.0,0.16,0.16,0.34,0.34,0.35,0.37,0.34,0.38,0.0,0.42,0.25,0.78,0.56,0.25,0.25,0.56,0.56,0.78,0.35,0.8,0.34,0.32,1.0,0.509,0.367,0.471
0.0,0.0,0.0,0.0,1.0,1.0,0.16,0.16,0.34,0.34,0.35,0.37,0.34,0.36,0.0,0.42,0.25,0.78,0.56,0.25,0.25,0.56,0.56,0.78,0.35,0.79,0.34,0.33,1.0,0.471,0.363,0.458
0.0,0.0,0.0,0.0,1.0,1.0,0.16,0.16,0.35,0.35,0.33,0.39,0.31,0.34,0.0,0.42,0.25,0.78,0.56,0.25,0.25,0.56,0.56,0.76,0.35,0.78,0.35,0.33,1.0,0.44,0.362,0.448
0.0,0.0,0.0,0.0,1.0,1.0,0.16,0.16,0.35,0.35,0.31,0.41,0.31,0.34,0.0,0.42,0.25,0.78,0.56,0.25,0.25,0.56,0.56,0.76,0.35,0.78,0.35,0.33,1.0,0.421,0.367,0.45
0.0,0.0,0.0,0.0,1.0,1.0,0.16,0.16,0.36,0.36,0.29,0.43,0.28,0.33,0.0,0.42,0.25,0.78,0.56,0.25,0.25,0.56,0.56,0.74,0.36,0.77,0.35,0.33,1.0,0.409,0.367,0.448
0.0,0.0,0.0,0.0,1.0,1.0,0.16,0.16,0.36,0.36,0.28,0.44,0.02,0.0,0.0,0.58,0.25,0.89,0.56,0.25,0.25,0.56,0.56,0.56,0.45,0.55,0.46,0.28,1.0,0.416,0.37,0.47
0.0,0.0,0.0,0.0,1.0,1.0,0.16,0.16,0.38,0.38,0.3,0.42,0.0,0.0,0.0,0.85,0.53,1.0,0.47,0.47,0.58,0.47,0.47,0.28,0.7,0.28,0.7,0.28,1.0,0.434,0.368,0.496
0.0,0.0,0.0,0.0,1.0,1.0,0.16,0.16,0.38,0.38,0.32,0.4,0.0,0.0,0.0,0.68,0.29,0.97,0.56,0.25,0.32,0.56,0.56,0.35,0.7,0.35,0.7,0.28,1.0,0.453,0.375,0.503
0.0,0.0,0.0,0.0,1.0,1.0,0.16,0.16,0.37,0.37,0.36,0.36,0.1,0.0,0.0,0.51,0.25,0.84,0.56,0.25,0.25,0.56,0.56,0.62,0.42,0.55,0.45,0.28,1.0,0.462,0.377,0.489
0.0,0.0,0.0,0.0,1.0,1.0,0.16,0.16,0.36,0.36,0.39,0.33,0.16,0.07,0.0,0.46,0.25,0.81,0.56,0.25,0.25,0.56,0.56,0.66,0.4,0.6,0.43,0.28,1.0,0.457,0.378,0.481
0.0,0.0,0.0,0.0,1.0,1.0,0.16,0.16,0.35,0.35,0.41,0.31,0.18,0.1,0.0,0.42,0.25,0.78,0.56,0.25,0.25,0.56,0.56,0.67,0.39,0.62,0.42,0.23,1.0,0.454,0.377,0.478
0.0,0.0,0.0,0.0,1.0,1.0,0.16,0.16,0.35,0.35,0.44,0.28,0.28,0.22,0.0,0.37,0.25,0.74,0.56,0.25,0.25,0.56,0.56,0.74,0.37,0.7,0.38,0.24,0.89,0.468,0.383,0.469
0.0,0.0,0.0,0.0,1.0,1.0,0.16,0.16,0.35,0.35,0.44,0.28,0.2,0.1,0.0,0.36,0.25,0.73,0.56,0.25,0.25,0.56,0.56,0.68,0.39,0.62,0.42,0.39,1.0,0.494,0.388,0.465
0.0,0.0,0.0,0.0,1.0,1.0,0.16,0.16,0.34,0.34,0.43,0.29,0.2,0.1,0.0,0.35,0.26,0.72,0.56,0.25,0.26,0.56,0.56,0.68,0.39,0.62,0.42,0.62,0.5,0.502,0.383,0.465
0.0,0.0,0.0,0.0,1.0,1.0,0.16,0.16,0.33,0.33,0.42,0.3,0.15,0.07,0.0,0.34,0.27,0.72,0.56,0.25,0.28,0.56,0.56,0.65,0.4,0.6,0.43,0.65,0.5,0.508,0.383,0.464
0.0,0.0,0.0,0.0,1.0,1.0,0.16,0.16,0.32,0.32,0.42,0.3,0.0,0.0,0.0,0.53,0.26,0.86,0.56,0.25,0.27,0.56,0.56,0.55,0.45,0.51,0.53,0.46,0.5,0.526,0.383,0.461
0.0,0.0,0.0,0.0,1.0,1.0,0.16,0.16,0.32,0.32,0.4,0.32,0.0,0.0,0.0,0.81,0.54,1.0,0.48,0.53,0.54,0.48,0.48,0.3,0.7,0.3,0.7,0.26,0.4,0.524,0.385,0.463
0.0,0.0,0.0,0.0,1.0,1.0,0.16,0.16,0.32,0.32,0.4,0.33,0.0,0.0,0.0,0.67,0.61,0.97,0.42,0.6,0.63,0.42,0.42,0.36,0.7,0.36,0.7,0.19,0.41,0.501,0.383,0.46
0.0,0.0,0.0,0.0,1.0,1.0,0.16,0.16,0.33,0.33,0.39,0.33,0.09,0.04,0.0,0.5,0.32,0.84,0.56,0.3,0.33,0.56,0.56,0.61,0.42,0.58,0.44,0.14,0.76,0.485,0.382,0.456
0.0,0.0,0.0,0.0,1.0,1.0,0.16,0.16,0.37,0.37,0.34,0.38,0.16,0.09,0.0,0.45,0.27,0.8,0.56,0.25,0.28,0.56,0.56,0.66,0.4,0.61,0.42,0.14,0.72,0.475,0.378,0.452
0.0,0.0,0.0,0.0,1.0,1.0,0.16,0.16,0.43,0.43,0.0,0.76,0.2,0.13,0.0,0.44,0.47,0.8,0.56,0.47,0.47,0.56,0.56,0.68,0.39,0.64,0.41,0.15,0.7,0.474,0.377,0.442
0.0,0.0,0.0,0.0,1.0,1.0,0.16,0.16,0.45,0.45,0.0,0.77,0.04,0.0,0.25,0.4,0.88,0.76,0.35,0.87,0.88,0.35,0.35,0.58,0.44,0.53,0.5,0.14,0.42,0.467,0.378,0.422
0.0,0.0,0.0,0.0,1.0,1.0,0.16,0.16,0.45,0.45,0.0,0.77,0.13,0.1,0.25,0.42,0.62,0.78,0.54,0.62,0.62,0.54,0.54,0.64,0.41,0.62,0.42,0.21,0.62,0.455,0.385,0.405
0.56,0.56,1.0,1.0,0.98,0.98,0.47,0.47,0.24,0.24,0.38,0.34,0.27,0.3,0.0,0.43,0.33,0.78,0.56,0.34,0.33,0.56,0.56,0.73,0.37,0.75,0.36,0.31,0.49,0.439,0.387,0.393
0.0,0.0,0.0,0.0,1.0,1.0,0.16,0.16,0.36,0.36,0.38,0.34,0.2,0.2,0.0,0.41,0.3,0.77,0.56,0.3,0.31,0.56,0.56,0.68,0.39,0.68,0.39,0.39,0.93,0.452,0.372,0.409
0.0,0.0,0.0,0.0,1.0,1.0,0.16,0.16,0.36,0.36,0.39,0.33,0.2,0.16,0.0,0.39,0.29,0.75,0.56,0.27,0.31,0.56,0.56,0.68,0.39,0.66,0.4,0.41,1.0,0.46,0.365,0.433
0.57,0.57,1.0,1.0,0.97,0.97,0.9,0.9,0.26,0.26,0.37,0.35,0.28,0.33,0.0,0.4,0.27,0.76,0.56,0.27,0.27,0.56,0.56,0.74,0.37,0.77,0.35,0.39,1.0,0.462,0.358,0.45
0.56,0.56,1.0,1.0,0.98,0.98,0.16,0.16,0.34,0.34,0.4,0.32,0.2,0.2,0.0,0.4,0.25,0.76,0.56,0.25,0.25,0.56,0.56,0.68,0.39,0.68,0.39,0.17,0.94,0.474,0.358,0.475
0.0,0.0,0.0,0.0,1.0,1.0,0.16,0.16,0.36,0.36,0.41,0.31,0.18,0.18,0.0,0.39,0.25,0.75,0.56,0.25,0.25,0.56,0.56,0.67,0.4,0.67,0.4,0.15,0.88,0.481,0.353,0.491
0.02,0.02,0.0,0.0,1.0,1.0,0.16,0.16,0.36,0.36,0.4,0.32,0.18,0.09,0.25,0.39,0.79,0.75,0.4,0.78,0.79,0.4,0.4,0.67,0.4,0.61,0.42,0.13,0.48,0.486,0.35,0.509
0.56,0.56,1.0,1.0,0.98,0.98,0.16,0.16,0.37,0.37,0.39,0.33,0.16,0.09,0.25,0.34,0.81,0.72,0.41,0.8,0.83,0.41,0.41,0.66,0.4,0.61,0.42,0.09,0.45,0.497,0.35,0.51
0.56,0.56,1.0,1.0,0.98,0.98,0.16,0.16,0.37,0.37,0.39,0.33,0.21,0.15,0.0,0.4,0.43,0.77,0.56,0.41,0.45,0.56,0.56,0.69,0.39,0.65,0.41,0.12,0.85,0.52,0.357,0.496
0.56,0.56,1.0,1.0,0.98,0.98,0.16,0.16,0.37,0.37,0.41,0.31,0.25,0.22,0.0,0.41,0.3,0.77,0.56,0.3,0.31,0.56,0.56,0.72,0.38,0.7,0.38,0.13,0.74,0.545,0.367,0.486
0.02,0.02,0.0,0.0,1.0,1.0,0.16,0.16,0.37,0.37,0.43,0.29,0.24,0.24,0.0,0.41,0.27,0.77,0.56,0.26,0.27,0.56,0.56,0.71,0.38,0.71,0.38,0.13,0.78,0.552,0.372,0.488
0.03,0.03,0.0,0.0,1.0,1.0,0.16,0.16,0.37,0.37,0.44,0.28,0.24,0.22,0.0,0.41,0.27,0.77,0.56,0.26,0.27,0.56,0.56,0.71,0.38,0.7,0.38,0.13,0.7,0.555,0.368,0.495
0.04,0.04,0.0,0.0,1.0,1.0,0.16,0.16,0.38,0.38,0.47,0.25,0.24,0.22,0.0,0.43,0.25,0.79,0.56,0.25,0.25,0.56,0.56,0.71,0.38,0.7,0.38,0.14,0.62,0.548,0.368,0.486
0.03,0.03,0.0,0.0,1.0,1.0,0.16,0.16,0.37,0.37,0.52,0.2,0.2,0.18,0.0,0.48,0.25,0.82,0.56,0.25,0.25,0.56,0.56,0.68,0.39,0.67,0.4,0.14,0.57,0.519,0.37,0.483
0.01,0.01,0.0,0.0,1.0,1.0,0.16,0.16,0.36,0.36,0.63,0.1,0.21,0.21,0.0,0.46,0.25,0.81,0.56,0.25,0.25,0.56,0.56,0.69,0.39,0.69,0.39,0.15,0.24,0.498,0.368,0.477
0.01,0.01,0.0,0.0,1.0,1.0,0.16,0.16,0.37,0.37,0.69,0.04,0.22,0.22,0.0,0.47,0.25,0.81,0.56,0.25,0.25,0.56,0.56,0.7,0.38,0.7,0.38,0.15,0.17,0.485,0.368,0.487
0.01,0.01,0.0,0.0,1.0,1.0,0.16,0.16,0.36,0.36,0.7,0.03,0.0,0.0,0.0,0.72,0.29,1.0,0.56,0.3,0.29,0.56,0.56,0.34,0.7,0.34,0.7,0.16,0.16,0.491,0.368,0.507
0.05,0.05,0.0,0.0,1.0,1.0,0.16,0.16,0.36,0.36,0.67,0.06,0.0,0.0,0.0,0.77,0.41,1.0,0.55,0.41,0.4,0.55,0.55,0.32,0.7,0.32,0.7,0.17,0.18,0.494,0.367,0.508
0.03,0.03,0.0,0.0,1.0,1.0,0.16,0.16,0.35,0.35,0.66,0.07,0.07,0.07,0.0,0.59,0.35,0.91,0.56,0.36,0.35,0.56,0.56,0.6,0.43,0.6,0.43,0.17,0.19,0.494,0.367,0.492
0.05,0.05,0.0,0.0,1.0,1.0,0.16,0.16,0.35,0.35,0.64,0.08,0.13,0.12,0.0,0.52,0.29,0.85,0.56,0.29,0.3,0.56,0.56,0.64,0.41,0.63,0.42,0.16,0.2,0.511,0.375,0.478
0.08,0.08,0.0,0.0,1.0,1.0,0.16,0.16,0.36,0.36,0.59,0.14,0.13,0.12,0.0,0.49,0.25,0.83,0.56,0.25,0.25,0.56,0.56,0.64,0.41,0.63,0.41,0.16,0.2,0.502,0.373,0.48
0.08,0.08,0.0,0.0,1.0,1.0,0.16,0.16,0.35,0.35,0.53,0.2,0.13,0.16,0.0,0.48,0.25,0.82,0.56,0.25,0.25,0.56,0.56,0.64,0.41,0.66,0.4,0.16,0.65,0.504,0.372,0.482
0.09,0.09,0.0,0.0,1.0,1.0,0.16,0.16,0.36,0.36,0.47,0.26,0.13,0.16,0.0,0.45,0.25,0.8,0.56,0.25,0.25,0.56,0.56,0.64,0.41,0.66,0.4,0.16,1.0,0.503,0.363,0.476
0.07,0.07,0.0,0.0,1.0,1.0,0.16,0.16,0.44,0.44,0.28,0.44,0.12,0.16,0.0,0.45,0.25,0.8,0.56,0.25,0.25,0.56,0.56,0.63,0.41,0.66,0.4,0.19,1.0,0.503,0.37,0.485
0.14,0.14,0.1,0.1,1.0,1.0,0.16,0.16,0.59,0.59,0.1,0.63,0.12,0.18,0.0,0.47,0.25,0.82,0.56,0.25,0.25,0.56,0.56,0.63,0.41,0.67,0.4,0.34,1.0,0.504,0.373,0.484
0.26,0.26,0.38,0.38,1.0,1.0,0.16,0.16,0.59,0.59,0.09,0.64,0.12,0.16,0.25,0.48,0.33,0.83,0.56,0.33,0.33,0.56,0.56,0.63,0.41,0.66,0.4,0.39,0.98,0.509,0.378,0.476
0.23,0.23,0.31,0.31,1.0,1.0,0.16,0.16,0.57,0.57,0.09,0.65,0.09,0.09,0.0,0.55,0.25,0.87,0.56,0.25,0.25,0.56,0.56,0.61,0.42,0.61,0.42,0.28,0.21,0.504,0.375,0.476
0.57,0.57,1.0,1.0,0.97,0.97,0.26,0.26,0.29,0.29,0.41,0.31,0.0,0.0,0.0,0.62,0.25,0.93,0.56,0.25,0.25,0.56,0.56,0.38,0.7,0.38,0.7,0.25,0.06,0.496,0.373,0.48
0.56,0.56,1.0,1.0,0.97,0.97,0.16,0.16,0.35,0.35,0.4,0.32,0.0,0.0,0.0,0.7,0.35,0.99,0.56,0.36,0.35,0.56,0.56,0.34,0.7,0.34,0.7,0.2,0.18,0.495,0.377,0.495
0.56,0.56,1.0,1.0,0.97,0.97,0.23,0.23,0.31,0.31,0.39,0.33,0.09,0.09,0.25,0.57,0.56,0.89,0.47,0.56,0.56,0.47,0.47,0.61,0.42,0.61,0.42,0.13,0.29,0.49,0.378,0.505
0.56,0.56,1.0,1.0,0.97,0.97,0.16,0.16,0.38,0.38,0.3,0.42,0.15,0.13,0.5,0.43,0.68,0.79,0.44,0.68,0.69,0.44,0.44,0.65,0.4,0.64,0.41,0.1,0.3,0.482,0.388,0.517
0.56,0.56,1.0,1.0,0.98,0.98,0.16,0.16,0.37,0.37,0.39,0.33,0.15,0.12,0.5,0.37,0.78,0.74,0.39,0.78,0.78,0.39,0.39,0.65,0.4,0.63,0.41,0.06,0.33,0.473,0.393,0.536
0.56,0.56,1.0,1.0,0.98,0.98,0.16,0.16,0.38,0.38,0.38,0.34,0.15,0.12,0.5,0.4,0.61,0.76,0.51,0.61,0.62,0.51,0.51,0.65,0.4,0.63,0.41,0.09,0.36,0.477,0.397,0.567
0.56,0.56,1.0,1.0,0.98,0.98,0.16,0.16,0.4,0.4,0.37,0.35,0.15,0.12,0.25,0.45,0.38,0.8,0.56,0.36,0.39,0.56,0.56,0.65,0.41,0.63,0.42,0.21,0.71,0.496,0.407,0.624
0.56,0.56,1.0,1.0,0.98,0.98,0.16,0.16,0.41,0.41,0.37,0.35,0.13,0.12,0.5,0.46,0.42,0.81,0.56,0.4,0.44,0.56,0.56,0.64,0.41,0.63,0.42,0.27,0.83,0.495,0.412,0.675
0.56,0.56,1.0,1.0,0.98,0.98,0.16,0.16,0.4,0.4,0.37,0.35,0.13,0.1,0.5,0.46,0.45,0.81,0.56,0.44,0.47,0.56,0.56,0.64,0.41,0.62,0.42,0.29,0.55,0.513,0.417,0.673
0.56,0.56,1.0,1.0,0.98,0.98,0.16,0.16,0.4,0.4,0.36,0.36,0.06,0.03,0.75,0.4,0.91,0.76,0.39,0.9,0.91,0.39,0.39,0.59,0.43,0.57,0.44,0.16,0.51,0.516,0.437,0.656
0.56,0.56,1.0,1.0,0.97,0.97,0.16,0.16,0.4,0.4,0.36,0.36,0.12,0.09,0.75,0.39,0.72,0.76,0.54,0.71,0.74,0.54,0.54,0.63,0.41,0.61,0.42,0.19,0.84,0.502,0.467,0.642
0.56,0.56,1.0,1.0,0.97,0.97,0.16,0.16,0.39,0.39,0.35,0.37,0.13,0.1,0.75,0.4,0.58,0.77,0.56,0.57,0.59,0.56,0.56,0.64,0.41,0.62,0.42,0.25,1.0,0.496,0.515,0.611
0.56,0.56,1.0,1.0,0.97,0.97,0.16,0.16,0.39,0.39,0.34,0.38,0.12,0.12,0.75,0.4,0.67,0.77,0.55,0.66,0.69,0.55,0.55,0.63,0.41,0.63,0.42,0.15,1.0,0.485,0.54,0.58
0.56,0.56,1.0,1.0,0.98,0.98,0.16,0.16,0.39,0.39,0.34,0.38,0.15,0.12,0.75,0.37,0.76,0.74,0.48,0.74,0.77,0.48,0.48,0.65,0.41,0.63,0.42,0.09,0.63,0.496,0.567,0.534
0.56,0.56,1.0,1.0,0.98,0.98,0.16,0.16,0.39,0.39,0.33,0.39,0.16,0.12,0.75,0.33,0.85,0.71,0.39,0.84,0.86,0.39,0.39,0.66,0.4,0.63,0.41,0.06,0.55,0.5,0.572,0.49
0.27,0.27,0.4,0.4,1.0,1.0,0.16,0.16,0.4,0.4,0.33,0.39,0.16,0.12,1.0,0.3,0.9,0.69,0.34,0.89,0.9,0.34,0.34,0.66,0.4,0.63,0.41,0.05,0.54,0.474,0.573,0.459
0.2,0.2,0.24,0.24,1.0,1.0,0.16,0.16,0.4,0.4,0.33,0.4,0.16,0.09,1.0,0.28,0.92,0.67,0.32,0.91,0.92,0.32,0.32,0.66,0.4,0.61,0.42,0.04,0.55,0.473,0.567,0.465
