0.53,0.53,0.99,0.99,1.0,1.0,0.16,0.16,0.33,0.33,0.34,0.38,0.06,0.06,1.0,0.22,0.98,0.63,0.26,0.98,0.98,0.26,0.26,0.59,0.43,0.59,0.43,0.02,0.62,0.666,0.487,0.56
0.52,0.52,0.99,0.99,1.0,1.0,0.16,0.16,0.33,0.33,0.34,0.38,0.04,0.04,1.0,0.22,0.98,0.63,0.26,0.98,0.98,0.26,0.26,0.58,0.44,0.58,0.44,0.02,0.62,0.674,0.493,0.523
0.52,0.52,0.98,0.98,1.0,1.0,0.16,0.16,0.34,0.34,0.34,0.39,0.04,0.04,1.0,0.22,0.98,0.63,0.25,0.98,0.98,0.25,0.25,0.58,0.44,0.58,0.44,0.02,0.62,0.694,0.533,0.475
0.52,0.52,0.97,0.97,1.0,1.0,0.16,0.16,0.34,0.34,0.35,0.38,0.04,0.06,1.0,0.22,0.98,0.63,0.26,0.98,0.98,0.26,0.26,0.58,0.44,0.59,0.43,0.02,0.63,0.706,0.555,0.47
0.52,0.52,0.99,0.99,1.0,1.0,0.16,0.16,0.34,0.34,0.35,0.38,0.04,0.04,1.0,0.22,0.99,0.63,0.25,0.99,0.99,0.25,0.25,0.58,0.44,0.58,0.44,0.01,0.62,0.691,0.56,0.495
0.52,0.52,0.99,0.99,1.0,1.0,0.16,0.16,0.33,0.33,0.34,0.38,0.04,0.04,1.0,0.22,0.99,0.63,0.25,0.99,0.99,0.25,0.25,0.58,0.44,0.58,0.43,0.01,0.62,0.683,0.537,0.493
0.53,0.53,0.99,0.99,1.0,1.0,0.16,0.16,0.33,0.33,0.34,0.38,0.04,0.04,1.0,0.22,0.99,0.63,0.25,0.99,0.99,0.25,0.25,0.58,0.44,0.58,0.43,0.01,0.62,0.689,0.523,0.491
0.53,0.53,0.99,0.99,1.0,1.0,0.16,0.16,0.33,0.33,0.34,0.38,0.04,0.04,1.0,0.22,0.99,0.63,0.25,0.99,0.99,0.25,0.25,0.58,0.44,0.58,0.43,0.01,0.63,0.692,0.518,0.49
0.52,0.52,0.98,0.98,1.0,1.0,0.16,0.16,0.42,0.42,0.33,0.39,0.04,0.04,1.0,0.22,0.99,0.63,0.25,0.99,0.99,0.25,0.25,0.58,0.44,0.58,0.43,0.02,0.63,0.696,0.513,0.489
0.52,0.52,0.98,0.98,1.0,1.0,0.16,0.16,0.42,0.42,0.34,0.38,0.03,0.04,1.0,0.22,0.99,0.63,0.25,0.99,0.99,0.25,0.25,0.57,0.44,0.58,0.44,0.02,0.63,0.701,0.508,0.489
0.52,0.52,0.97,0.97,1.0,1.0,0.16,0.16,0.36,0.36,0.34,0.38,0.03,0.04,1.0,0.22,0.99,0.63,0.25,0.99,0.99,0.25,0.25,0.57,0.44,0.58,0.44,0.02,0.63,0.695,0.503,0.489
0.56,0.56,1.0,1.0,0.98,0.98,0.21,0.21,0.25,0.25,0.33,0.4,0.04,0.07,1.0,0.23,0.98,0.63,0.26,0.98,0.98,0.26,0.26,0.58,0.43,0.6,0.43,0.02,0.63,0.696,0.487,0.497
0.52,0.52,0.97,0.97,1.0,1.0,0.16,0.16,0.29,0.29,0.34,0.39,0.04,0.06,1.0,0.22,0.98,0.63,0.26,0.98,0.98,0.26,0.26,0.58,0.44,0.59,0.43,0.02,0.63,0.704,0.497,0.492
0.53,0.53,1.0,1.0,1.0,1.0,0.16,0.16,0.28,0.28,0.33,0.39,0.03,0.04,1.0,0.22,0.98,0.63,0.26,0.98,0.98,0.26,0.26,0.57,0.44,0.58,0.44,0.02,0.62,0.71,0.49,0.48
0.53,0.53,1.0,1.0,1.0,1.0,0.16,0.16,0.27,0.27,0.34,0.39,0.03,0.03,1.0,0.22,0.98,0.63,0.25,0.98,0.98,0.25,0.25,0.57,0.44,0.57,0.44,0.02,0.62,0.724,0.495,0.475
0.57,0.57,1.0,1.0,0.97,0.97,0.37,0.37,0.18,0.18,0.34,0.39,0.03,0.03,1.0,0.24,0.98,0.64,0.27,0.98,0.98,0.27,0.27,0.57,0.44,0.57,0.44,0.02,0.62,0.709,0.513,0.476
0.57,0.57,1.0,1.0,0.96,0.96,0.55,0.55,0.14,0.14,0.35,0.38,0.03,0.03,1.0,0.26,0.96,0.66,0.28,0.96,0.97,0.28,0.28,0.57,0.44,0.57,0.44,0.02,0.62,0.695,0.532,0.467
0.56,0.56,1.0,1.0,0.98,0.98,0.16,0.16,0.27,0.27,0.32,0.4,0.03,0.04,1.0,0.23,0.98,0.64,0.26,0.98,0.98,0.26,0.26,0.57,0.44,0.58,0.44,0.02,0.62,0.699,0.528,0.459
0.53,0.53,1.0,1.0,1.0,1.0,0.16,0.16,0.29,0.29,0.3,0.42,0.03,0.03,1.0,0.23,0.98,0.63,0.25,0.98,0.98,0.25,0.25,0.57,0.44,0.57,0.44,0.02,0.64,0.684,0.502,0.429
0.53,0.53,0.99,0.99,1.0,1.0,0.16,0.16,0.3,0.3,0.27,0.45,0.04,0.04,1.0,0.22,0.98,0.63,0.25,0.98,0.98,0.25,0.25,0.58,0.44,0.58,0.44,0.02,0.66,0.677,0.488,0.401
0.51,0.51,0.96,0.96,1.0,1.0,0.16,0.16,0.3,0.3,0.27,0.46,0.09,0.09,1.0,0.23,0.97,0.64,0.28,0.97,0.97,0.28,0.28,0.61,0.42,0.61,0.43,0.02,0.65,0.656,0.45,0.368
0.57,0.57,1.0,1.0,0.96,0.96,0.55,0.54,0.18,0.18,0.29,0.43,0.09,0.09,1.0,0.3,0.93,0.69,0.33,0.92,0.93,0.33,0.33,0.61,0.42,0.61,0.42,0.04,0.65,0.647,0.427,0.355
0.56,0.56,1.0,1.0,0.97,0.97,0.16,0.16,0.29,0.29,0.29,0.43,0.07,0.09,1.0,0.26,0.96,0.66,0.28,0.96,0.96,0.28,0.28,0.6,0.43,0.61,0.42,0.03,0.65,0.642,0.418,0.359
0.56,0.56,1.0,1.0,0.98,0.98,0.16,0.16,0.31,0.31,0.29,0.43,0.07,0.09,1.0,0.25,0.96,0.65,0.28,0.96,0.96,0.28,0.28,0.6,0.43,0.61,0.43,0.03,0.64,0.643,0.417,0.37
0.56,0.56,1.0,1.0,0.98,0.98,0.16,0.16,0.31,0.31,0.3,0.43,0.07,0.07,1.0,0.25,0.96,0.65,0.27,0.96,0.96,0.27,0.27,0.6,0.43,0.6,0.43,0.03,0.64,0.642,0.425,0.385
0.56,0.56,1.0,1.0,0.98,0.98,0.16,0.16,0.32,0.32,0.3,0.42,0.07,0.07,1.0,0.24,0.97,0.65,0.27,0.97,0.97,0.27,0.27,0.6,0.43,0.6,0.43,0.02,0.63,0.643,0.44,0.396
0.56,0.56,1.0,1.0,0.98,0.98,0.16,0.16,0.32,0.32,0.31,0.42,0.07,0.07,1.0,0.24,0.97,0.64,0.28,0.97,0.97,0.28,0.28,0.6,0.43,0.6,0.43,0.02,0.62,0.646,0.453,0.403
0.51,0.51,0.95,0.95,1.0,1.0,0.16,0.16,0.31,0.31,0.33,0.39,0.07,0.07,1.0,0.24,0.97,0.64,0.28,0.97,0.97,0.28,0.28,0.6,0.43,0.6,0.43,0.02,0.6,0.647,0.472,0.409
0.51,0.51,0.95,0.95,1.0,1.0,0.16,0.16,0.31,0.31,0.34,0.38,0.06,0.07,1.0,0.24,0.97,0.64,0.27,0.97,0.97,0.27,0.27,0.59,0.43,0.6,0.43,0.02,0.59,0.648,0.49,0.421
0.51,0.51,0.96,0.96,1.0,1.0,0.16,0.16,0.31,0.31,0.35,0.37,0.06,0.07,1.0,0.23,0.97,0.64,0.27,0.97,0.97,0.27,0.27,0.59,0.43,0.6,0.43,0.02,0.57,0.65,0.51,0.442
0.52,0.52,0.97,0.97,1.0,1.0,0.16,0.16,0.3,0.3,0.36,0.36,0.06,0.07,1.0,0.23,0.97,0.64,0.27,0.97,0.97,0.27,0.27,0.59,0.43,0.6,0.43,0.02,0.57,0.653,0.528,0.461
0.51,0.51,0.96,0.96,1.0,1.0,0.16,0.16,0.3,0.3,0.37,0.36,0.06,0.06,1.0,0.23,0.97,0.64,0.27,0.97,0.97,0.27,0.27,0.59,0.43,0.59,0.43,0.02,0.56,0.655,0.543,0.473
0.51,0.51,0.96,0.96,1.0,1.0,0.16,0.16,0.3,0.3,0.37,0.35,0.06,0.06,1.0,0.23,0.97,0.64,0.27,0.97,0.97,0.27,0.27,0.59,0.43,0.59,0.43,0.02,0.56,0.665,0.548,0.491
0.51,0.51,0.95,0.95,1.0,1.0,0.16,0.16,0.3,0.3,0.38,0.34,0.06,0.06,1.0,0.23,0.97,0.64,0.27,0.97,0.97,0.27,0.27,0.59,0.43,0.59,0.43,0.02,0.55,0.671,0.562,0.505
0.51,0.51,0.95,0.95,1.0,1.0,0.16,0.16,0.3,0.3,0.38,0.34,0.06,0.06,1.0,0.24,0.97,0.64,0.27,0.97,0.97,0.27,0.27,0.59,0.43,0.59,0.43,0.02,0.55,0.669,0.572,0.51
0.57,0.57,1.0,1.0,0.97,0.97,0.49,0.49,0.17,0.17,0.39,0.34,0.06,0.07,1.0,0.29,0.94,0.68,0.31,0.94,0.94,0.31,0.31,0.59,0.43,0.6,0.43,0.02,0.55,0.669,0.578,0.517
0.56,0.56,1.0,1.0,0.97,0.97,0.19,0.18,0.27,0.27,0.38,0.34,0.07,0.07,1.0,0.26,0.95,0.66,0.28,0.95,0.95,0.28,0.28,0.6,0.43,0.6,0.43,0.03,0.55,0.666,0.583,0.521
0.56,0.56,1.0,1.0,0.98,0.98,0.16,0.16,0.29,0.29,0.37,0.35,0.07,0.07,1.0,0.25,0.96,0.65,0.27,0.96,0.96,0.27,0.27,0.6,0.43,0.6,0.43,0.02,0.55,0.669,0.585,0.522
0.5,0.5,0.92,0.92,1.0,1.0,0.16,0.16,0.32,0.32,0.49,0.23,0.07,0.06,1.0,0.25,0.96,0.65,0.27,0.96,0.96,0.27,0.27,0.6,0.43,0.59,0.43,0.02,0.55,0.669,0.59,0.522
0.49,0.49,0.91,0.91,1.0,1.0,0.16,0.16,0.34,0.34,0.51,0.21,0.06,0.06,1.0,0.24,0.97,0.64,0.27,0.97,0.97,0.27,0.27,0.59,0.43,0.59,0.43,0.02,0.55,0.668,0.603,0.515
0.49,0.49,0.92,0.92,1.0,1.0,0.16,0.16,0.34,0.34,0.51,0.22,0.06,0.06,1.0,0.24,0.97,0.64,0.27,0.97,0.97,0.27,0.27,0.59,0.43,0.59,0.43,0.02,0.56,0.665,0.613,0.51
0.49,0.49,0.91,0.91,1.0,1.0,0.16,0.16,0.33,0.33,0.47,0.26,0.06,0.04,1.0,0.24,0.97,0.64,0.27,0.97,0.97,0.27,0.27,0.59,0.43,0.58,0.44,0.02,0.56,0.662,0.615,0.499
0.57,0.57,1.0,1.0,0.97,0.97,0.32,0.32,0.2,0.2,0.35,0.38,0.06,0.06,1.0,0.28,0.94,0.67,0.29,0.94,0.95,0.29,0.29,0.59,0.43,0.59,0.43,0.03,0.56,0.655,0.6,0.489
0.56,0.56,1.0,1.0,0.97,0.97,0.16,0.16,0.27,0.27,0.36,0.36,0.06,0.07,1.0,0.26,0.96,0.65,0.28,0.96,0.96,0.28,0.28,0.59,0.43,0.6,0.43,0.03,0.56,0.657,0.582,0.488
0.56,0.56,1.0,1.0,0.98,0.98,0.16,0.16,0.28,0.28,0.35,0.37,0.07,0.07,1.0,0.25,0.96,0.65,0.27,0.96,0.96,0.27,0.27,0.6,0.43,0.6,0.43,0.02,0.55,0.681,0.59,0.491
0.56,0.56,1.0,1.0,0.98,0.98,0.16,0.16,0.29,0.29,0.36,0.37,0.07,0.07,1.0,0.25,0.96,0.65,0.28,0.96,0.96,0.28,0.28,0.6,0.43,0.6,0.43,0.02,0.56,0.68,0.592,0.495
0.56,0.56,1.0,1.0,0.98,0.98,0.16,0.16,0.29,0.29,0.35,0.37,0.07,0.07,1.0,0.25,0.96,0.65,0.28,0.96,0.96,0.28,0.28,0.6,0.43,0.6,0.43,0.02,0.56,0.679,0.583,0.495
0.56,0.56,1.0,1.0,0.98,0.98,0.16,0.16,0.29,0.29,0.36,0.36,0.07,0.07,1.0,0.25,0.96,0.65,0.29,0.96,0.96,0.29,0.29,0.6,0.43,0.6,0.43,0.02,0.57,0.684,0.572,0.493
0.56,0.56,1.0,1.0,0.98,0.98,0.16,0.16,0.28,0.28,0.37,0.36,0.07,0.07,1.0,0.25,0.95,0.65,0.28,0.95,0.96,0.28,0.28,0.6,0.43,0.6,0.43,0.02,0.57,0.681,0.567,0.485
0.56,0.56,1.0,1.0,0.98,0.98,0.16,0.16,0.27,0.27,0.38,0.35,0.09,0.09,1.0,0.25,0.96,0.65,0.28,0.96,0.96,0.28,0.28,0.61,0.43,0.61,0.42,0.02,0.59,0.678,0.568,0.493
0.56,0.56,1.0,1.0,0.98,0.98,0.16,0.16,0.27,0.27,0.38,0.35,0.07,0.07,1.0,0.24,0.96,0.65,0.28,0.96,0.96,0.28,0.28,0.6,0.43,0.6,0.43,0.02,0.58,0.684,0.57,0.505
0.56,0.56,1.0,1.0,0.98,0.98,0.16,0.16,0.27,0.27,0.38,0.35,0.07,0.07,1.0,0.24,0.96,0.64,0.27,0.96,0.96,0.27,0.27,0.6,0.43,0.6,0.43,0.02,0.58,0.691,0.583,0.514
0.51,0.51,0.96,0.96,1.0,1.0,0.16,0.16,0.27,0.27,0.38,0.35,0.07,0.07,1.0,0.24,0.96,0.64,0.27,0.96,0.96,0.27,0.27,0.6,0.43,0.6,0.43,0.02,0.59,0.688,0.585,0.508
0.51,0.51,0.95,0.95,1.0,1.0,0.16,0.16,0.27,0.27,0.38,0.35,0.07,0.07,1.0,0.24,0.96,0.64,0.27,0.96,0.96,0.27,0.27,0.6,0.43,0.6,0.43,0.02,0.59,0.699,0.558,0.515
0.57,0.57,1.0,1.0,0.97,0.97,0.39,0.39,0.18,0.18,0.38,0.35,0.07,0.07,0.75,0.28,0.94,0.67,0.31,0.94,0.94,0.31,0.31,0.6,0.43,0.6,0.43,0.02,0.59,0.693,0.542,0.518
0.57,0.57,1.0,1.0,0.97,0.97,0.2,0.2,0.23,0.23,0.37,0.36,0.09,0.09,1.0,0.27,0.94,0.67,0.29,0.93,0.94,0.29,0.29,0.61,0.43,0.61,0.42,0.03,0.59,0.684,0.547,0.515
0.56,0.56,1.0,1.0,0.98,0.98,0.16,0.16,0.26,0.26,0.37,0.35,0.09,0.09,1.0,0.25,0.95,0.65,0.28,0.95,0.95,0.28,0.28,0.61,0.42,0.61,0.42,0.03,0.59,0.691,0.543,0.507
0.56,0.56,1.0,1.0,0.98,0.98,0.16,0.16,0.26,0.26,0.38,0.34,0.09,0.09,1.0,0.25,0.95,0.65,0.28,0.95,0.95,0.28,0.28,0.61,0.42,0.61,0.42,0.02,0.59,0.704,0.548,0.515
0.56,0.56,1.0,1.0,0.98,0.98,0.16,0.16,0.27,0.27,0.37,0.35,0.09,0.09,1.0,0.25,0.95,0.65,0.28,0.95,0.95,0.28,0.28,0.61,0.42,0.61,0.42,0.02,0.58,0.713,0.56,0.522
0.59,0.59,1.0,1.0,0.95,0.95,0.64,0.64,0.11,0.11,0.38,0.35,0.09,0.09,0.75,0.36,0.9,0.73,0.35,0.89,0.9,0.35,0.35,0.61,0.42,0.61,0.42,0.05,0.58,0.712,0.57,0.518
0.59,0.59,1.0,1.0,0.95,0.95,0.24,0.24,0.2,0.2,0.36,0.37,0.1,0.1,0.75,0.32,0.9,0.7,0.33,0.89,0.9,0.33,0.33,0.62,0.42,0.62,0.42,0.05,0.58,0.709,0.577,0.519
0.57,0.57,1.0,1.0,0.97,0.97,0.16,0.16,0.23,0.23,0.35,0.37,0.07,0.07,0.75,0.28,0.94,0.67,0.29,0.93,0.94,0.29,0.29,0.6,0.43,0.6,0.43,0.04,0.58,0.722,0.56,0.51
0.57,0.57,1.0,1.0,0.97,0.97,0.16,0.16,0.26,0.26,0.35,0.37,0.07,0.07,1.0,0.27,0.94,0.66,0.3,0.94,0.94,0.3,0.3,0.6,0.43,0.6,0.43,0.03,0.58,0.762,0.542,0.509
0.56,0.56,1.0,1.0,0.97,0.97,0.16,0.16,0.3,0.3,0.35,0.38,0.09,0.09,1.0,0.26,0.95,0.65,0.28,0.95,0.95,0.28,0.28,0.61,0.43,0.61,0.43,0.03,0.58,0.769,0.527,0.501
0.56,0.56,1.0,1.0,0.98,0.98,0.16,0.16,0.31,0.31,0.35,0.37,0.1,0.09,1.0,0.25,0.94,0.65,0.3,0.94,0.95,0.3,0.3,0.62,0.42,0.61,0.42,0.03,0.56,0.722,0.513,0.511
0.56,0.56,1.0,1.0,0.98,0.98,0.16,0.16,0.32,0.32,0.35,0.37,0.1,0.09,1.0,0.25,0.94,0.65,0.3,0.94,0.95,0.3,0.3,0.62,0.42,0.61,0.42,0.02,0.55,0.691,0.5,0.511
0.48,0.48,0.87,0.87,1.0,1.0,0.16,0.16,0.33,0.33,0.35,0.37,0.1,0.1,1.0,0.25,0.95,0.65,0.28,0.95,0.95,0.28,0.28,0.62,0.42,0.62,0.42,0.02,0.55,0.651,0.498,0.521
0.47,0.47,0.86,0.86,1.0,1.0,0.16,0.16,0.33,0.33,0.35,0.37,0.1,0.1,1.0,0.24,0.95,0.65,0.29,0.95,0.95,0.29,0.29,0.62,0.42,0.62,0.42,0.02,0.55,0.647,0.503,0.533
0.56,0.56,1.0,1.0,0.97,0.97,0.31,0.31,0.25,0.25,0.35,0.38,0.1,0.1,1.0,0.3,0.91,0.69,0.34,0.9,0.91,0.34,0.34,0.62,0.42,0.62,0.42,0.02,0.53,0.644,0.5,0.538
0.56,0.56,1.0,1.0,0.98,0.98,0.16,0.16,0.3,0.3,0.35,0.37,0.13,0.13,1.0,0.25,0.95,0.65,0.3,0.95,0.95,0.3,0.3,0.64,0.41,0.64,0.41,0.02,0.56,0.633,0.513,0.534
0.46,0.46,0.84,0.84,1.0,1.0,0.16,0.16,0.31,0.31,0.36,0.36,0.28,0.3,1.0,0.24,0.95,0.65,0.3,0.95,0.96,0.3,0.3,0.74,0.36,0.75,0.36,0.02,0.55,0.627,0.502,0.522
0.56,0.56,1.0,1.0,0.98,0.98,0.16,0.16,0.31,0.31,0.36,0.37,0.6,0.6,1.0,0.24,0.95,0.64,0.31,0.95,0.95,0.31,0.31,0.95,0.27,0.95,0.27,0.02,0.57,0.641,0.488,0.523
0.56,0.56,1.0,1.0,0.97,0.97,0.64,0.63,0.16,0.16,0.36,0.36,0.69,0.69,0.75,0.24,0.93,0.64,0.35,0.93,0.93,0.35,0.35,1.0,0.25,1.0,0.24,0.03,0.57,0.644,0.498,0.518
0.56,0.56,1.0,1.0,0.97,0.97,0.16,0.16,0.46,0.46,0.27,0.46,0.66,0.67,0.75,0.24,0.94,0.64,0.34,0.94,0.93,0.34,0.34,0.99,0.25,1.0,0.25,0.03,0.57,0.649,0.493,0.524
0.56,0.56,1.0,1.0,0.98,0.98,0.16,0.16,0.55,0.55,0.25,0.48,0.63,0.6,1.0,0.24,0.94,0.64,0.33,0.94,0.94,0.33,0.33,0.97,0.26,0.95,0.27,0.03,0.57,0.647,0.493,0.516
0.56,0.56,1.0,1.0,0.98,0.98,0.16,0.16,0.53,0.53,0.27,0.46,0.55,0.51,1.0,0.24,0.96,0.64,0.33,0.96,0.96,0.33,0.33,0.92,0.29,0.89,0.3,0.04,0.58,0.669,0.485,0.517
0.56,0.56,1.0,1.0,0.98,0.98,0.16,0.16,0.53,0.53,0.3,0.42,0.55,0.54,1.0,0.24,0.96,0.64,0.33,0.96,0.96,0.33,0.33,0.92,0.29,0.91,0.29,0.04,0.57,0.704,0.473,0.505
0.57,0.57,1.0,1.0,0.97,0.97,0.24,0.24,0.33,0.33,0.29,0.43,0.52,0.46,0.75,0.24,0.94,0.65,0.34,0.94,0.94,0.34,0.34,0.9,0.3,0.86,0.31,0.04,0.56,0.722,0.467,0.501
0.57,0.57,1.0,1.0,0.97,0.97,0.16,0.16,0.5,0.5,0.25,0.48,0.42,0.34,1.0,0.25,0.95,0.65,0.31,0.95,0.96,0.31,0.31,0.83,0.32,0.78,0.35,0.04,0.56,0.706,0.472,0.514
0.57,0.57,1.0,1.0,0.97,0.97,0.16,0.16,0.49,0.49,0.25,0.48,0.4,0.3,1.0,0.25,0.95,0.65,0.29,0.95,0.96,0.29,0.29,0.82,0.33,0.75,0.36,0.04,0.57,0.689,0.468,0.537
0.58,0.58,1.0,1.0,0.96,0.96,0.16,0.16,0.41,0.41,0.27,0.46,0.34,0.3,0.75,0.25,0.95,0.65,0.29,0.95,0.96,0.29,0.29,0.78,0.35,0.75,0.36,0.04,0.6,0.72,0.472,0.527
0.58,0.58,1.0,1.0,0.96,0.96,0.16,0.16,0.38,0.38,0.29,0.44,0.3,0.24,0.75,0.25,0.95,0.65,0.29,0.95,0.96,0.29,0.29,0.75,0.36,0.71,0.38,0.03,0.62,0.742,0.477,0.537
0.57,0.57,1.0,1.0,0.96,0.96,0.16,0.16,0.35,0.35,0.3,0.42,0.27,0.22,0.75,0.25,0.95,0.65,0.29,0.95,0.96,0.29,0.29,0.73,0.37,0.7,0.38,0.03,0.63,0.774,0.47,0.549
0.57,0.57,1.0,1.0,0.97,0.97,0.16,0.16,0.31,0.31,0.31,0.41,0.2,0.18,0.75,0.25,0.95,0.65,0.28,0.95,0.96,0.28,0.28,0.68,0.39,0.67,0.39,0.03,0.63,0.798,0.467,0.552
0.57,0.57,1.0,1.0,0.97,0.97,0.16,0.16,0.26,0.26,0.33,0.39,0.2,0.2,0.75,0.25,0.95,0.65,0.28,0.95,0.96,0.28,0.28,0.68,0.39,0.68,0.39,0.03,0.63,0.834,0.462,0.549
0.57,0.57,1.0,1.0,0.97,0.97,0.16,0.16,0.32,0.32,0.33,0.39,0.2,0.18,0.75,0.24,0.95,0.65,0.28,0.95,0.96,0.28,0.28,0.68,0.39,0.67,0.4,0.03,0.63,0.851,0.463,0.551
0.57,0.57,1.0,1.0,0.97,0.97,0.16,0.16,0.32,0.32,0.34,0.39,0.2,0.16,0.75,0.25,0.95,0.65,0.28,0.95,0.96,0.28,0.28,0.68,0.39,0.66,0.4,0.03,0.63,0.866,0.458,0.573
0.57,0.57,1.0,1.0,0.96,0.96,0.16,0.16,0.32,0.32,0.34,0.39,0.18,0.16,0.75,0.25,0.95,0.65,0.28,0.95,0.96,0.28,0.28,0.67,0.4,0.66,0.4,0.03,0.64,0.879,0.473,0.59
0.58,0.58,1.0,1.0,0.96,0.96,0.16,0.16,0.33,0.33,0.34,0.39,0.2,0.16,0.75,0.25,0.95,0.65,0.28,0.95,0.96,0.28,0.28,0.68,0.39,0.66,0.4,0.03,0.64,0.882,0.495,0.596
0.58,0.58,1.0,1.0,0.96,0.96,0.16,0.16,0.33,0.33,0.34,0.38,0.2,0.16,0.75,0.25,0.95,0.65,0.28,0.95,0.96,0.28,0.28,0.68,0.39,0.66,0.4,0.03,0.63,0.889,0.503,0.6
0.57,0.57,1.0,1.0,0.97,0.97,0.16,0.16,0.25,0.25,0.39,0.34,0.16,0.16,0.75,0.25,0.95,0.65,0.28,0.95,0.96,0.28,0.28,0.66,0.4,0.66,0.4,0.03,0.63,0.899,0.505,0.611
0.59,0.59,1.0,1.0,0.95,0.95,0.32,0.32,0.15,0.15,0.44,0.28,0.16,0.16,0.75,0.26,0.95,0.66,0.28,0.95,0.95,0.28,0.28,0.66,0.4,0.66,0.4,0.03,0.61,0.898,0.522,0.621
0.57,0.57,1.0,1.0,0.97,0.97,0.21,0.21,0.18,0.18,0.44,0.28,0.18,0.18,0.75,0.25,0.95,0.65,0.28,0.95,0.96,0.28,0.28,0.67,0.4,0.67,0.4,0.03,0.61,0.883,0.537,0.632
0.6,0.6,1.0,1.0,0.94,0.94,0.59,0.59,0.11,0.11,0.43,0.3,0.21,0.21,0.75,0.28,0.94,0.67,0.31,0.93,0.94,0.31,0.31,0.69,0.39,0.69,0.39,0.03,0.59,0.866,0.538,0.636
0.57,0.57,1.0,1.0,0.96,0.96,0.21,0.21,0.2,0.2,0.43,0.3,0.21,0.2,0.75,0.25,0.95,0.65,0.28,0.95,0.96,0.28,0.28,0.69,0.39,0.68,0.39,0.03,0.58,0.847,0.537,0.639
0.57,0.57,1.0,1.0,0.97,0.97,0.16,0.16,0.22,0.22,0.42,0.31,0.21,0.2,1.0,0.24,0.96,0.64,0.28,0.96,0.96,0.28,0.28,0.69,0.39,0.68,0.39,0.02,0.58,0.824,0.543,0.635
0.56,0.56,1.0,1.0,0.97,0.97,0.16,0.16,0.23,0.23,0.41,0.31,0.2,0.18,1.0,0.23,0.97,0.64,0.27,0.97,0.97,0.27,0.27,0.68,0.39,0.67,0.39,0.02,0.58,0.797,0.552,0.622
0.56,0.56,1.0,1.0,0.97,0.97,0.16,0.16,0.24,0.24,0.4,0.33,0.21,0.18,1.0,0.23,0.97,0.63,0.27,0.97,0.98,0.27,0.27,0.69,0.39,0.67,0.4,0.02,0.6,0.784,0.553,0.613
0.56,0.56,1.0,1.0,0.98,0.98,0.16,0.16,0.25,0.25,0.38,0.34,0.21,0.18,1.0,0.23,0.97,0.63,0.27,0.97,0.98,0.27,0.27,0.69,0.39,0.67,0.4,0.02,0.61,0.771,0.553,0.6
0.57,0.57,1.0,1.0,0.97,0.97,0.42,0.42,0.16,0.16,0.36,0.36,0.22,0.16,1.0,0.23,0.97,0.63,0.3,0.97,0.97,0.3,0.3,0.7,0.39,0.66,0.4,0.02,0.61,0.761,0.547,0.587
0.57,0.57,1.0,1.0,0.97,0.97,0.32,0.32,0.17,0.17,0.36,0.37,0.21,0.18,1.0,0.25,0.95,0.65,0.29,0.95,0.96,0.29,0.29,0.69,0.39,0.67,0.4,0.02,0.62,0.75,0.537,0.564
0.56,0.56,1.0,1.0,0.98,0.98,0.16,0.16,0.24,0.24,0.35,0.38,0.21,0.18,1.0,0.24,0.97,0.64,0.27,0.97,0.97,0.27,0.27,0.69,0.39,0.67,0.4,0.02,0.63,0.742,0.518,0.538
0.56,0.56,1.0,1.0,0.98,0.98,0.16,0.16,0.25,0.25,0.31,0.41,0.2,0.16,1.0,0.23,0.97,0.63,0.27,0.97,0.98,0.27,0.27,0.68,0.39,0.66,0.4,0.02,0.64,0.739,0.513,0.523
0.56,0.56,1.0,1.0,0.98,0.98,0.16,0.16,0.25,0.25,0.29,0.43,0.16,0.16,1.0,0.23,0.98,0.63,0.27,0.98,0.98,0.27,0.27,0.66,0.4,0.66,0.4,0.02,0.67,0.735,0.503,0.514
0.56,0.56,1.0,1.0,0.98,0.98,0.16,0.16,0.25,0.25,0.28,0.44,0.15,0.16,1.0,0.22,0.98,0.63,0.26,0.98,0.98,0.26,0.26,0.65,0.4,0.66,0.4,0.02,0.69,0.734,0.487,0.49
0.56,0.56,1.0,1.0,0.98,0.98,0.16,0.16,0.24,0.24,0.28,0.44,0.15,0.15,1.0,0.22,0.98,0.63,0.26,0.98,0.98,0.26,0.26,0.65,0.41,0.65,0.41,0.02,0.7,0.737,0.463,0.449
0.57,0.57,1.0,1.0,0.96,0.96,0.54,0.53,0.13,0.13,0.29,0.43,0.15,0.15,1.0,0.24,0.97,0.64,0.29,0.97,0.98,0.29,0.29,0.65,0.41,0.65,0.41,0.02,0.71,0.742,0.448,0.421
0.56,0.56,1.0,1.0,0.97,0.97,0.16,0.16,0.28,0.28,0.27,0.45,0.15,0.15,1.0,0.24,0.97,0.64,0.27,0.97,0.97,0.27,0.27,0.65,0.41,0.65,0.41,0.02,0.71,0.744,0.437,0.414
0.56,0.56,1.0,1.0,0.98,0.98,0.16,0.16,0.36,0.36,0.23,0.49,0.13,0.13,1.0,0.23,0.98,0.64,0.26,0.98,0.98,0.26,0.26,0.64,0.41,0.64,0.41,0.02,0.71,0.747,0.423,0.412
0.56,0.56,1.0,1.0,0.98,0.98,0.16,0.16,0.36,0.36,0.22,0.5,0.13,0.13,1.0,0.23,0.98,0.63,0.26,0.98,0.98,0.26,0.26,0.64,0.41,0.64,0.41,0.02,0.72,0.749,0.415,0.416
0.56,0.56,1.0,1.0,0.98,0.98,0.16,0.16,0.36,0.36,0.24,0.48,0.13,0.13,1.0,0.23,0.98,0.63,0.26,0.98,0.98,0.26,0.26,0.64,0.41,0.64,0.41,0.02,0.73,0.751,0.412,0.422
0.56,0.56,1.0,1.0,0.98,0.98,0.16,0.16,0.36,0.36,0.24,0.48,0.13,0.13,1.0,0.22,0.98,0.63,0.26,0.98,0.98,0.26,0.26,0.64,0.41,0.64,0.41,0.02,0.73,0.754,0.41,0.427
0.56,0.56,1.0,1.0,0.98,0.98,0.16,0.16,0.36,0.36,0.25,0.48,0.13,0.13,1.0,0.22,0.98,0.63,0.26,0.98,0.99,0.26,0.26,0.64,0.41,0.64,0.41,0.02,0.73,0.749,0.402,0.423
0.56,0.56,1.0,1.0,0.98,0.98,0.16,0.16,0.36,0.36,0.24,0.48,0.13,0.13,1.0,0.22,0.98,0.63,0.26,0.98,0.99,0.26,0.26,0.64,0.41,0.64,0.41,0.02,0.74,0.746,0.393,0.425
0.56,0.56,1.0,1.0,0.98,0.98,0.16,0.16,0.35,0.35,0.25,0.48,0.13,0.12,1.0,0.22,0.99,0.63,0.26,0.99,0.99,0.26,0.26,0.64,0.41,0.63,0.41,0.02,0.74,0.744,0.385,0.429
0.56,0.56,1.0,1.0,0.98,0.98,0.16,0.16,0.25,0.25,0.28,0.45,0.12,0.12,1.0,0.22,0.99,0.63,0.26,0.99,0.99,0.26,0.26,0.63,0.41,0.63,0.41,0.02,0.74,0.737,0.372,0.428
0.56,0.56,1.0,1.0,0.98,0.98,0.16,0.16,0.25,0.25,0.27,0.45,0.12,0.12,1.0,0.22,0.99,0.63,0.26,0.99,0.99,0.26,0.26,0.63,0.41,0.63,0.41,0.02,0.75,0.735,0.355,0.43
0.56,0.56,1.0,1.0,0.98,0.98,0.16,0.16,0.25,0.25,0.27,0.45,0.12,0.12,1.0,0.22,0.99,0.63,0.26,0.99,0.99,0.26,0.26,0.63,0.41,0.63,0.41,0.02,0.75,0.734,0.347,0.431
0.56,0.56,1.0,1.0,0.98,0.98,0.16,0.16,0.24,0.24,0.28,0.44,0.12,0.12,1.0,0.22,0.99,0.63,0.26,0.99,0.99,0.26,0.26,0.63,0.41,0.63,0.41,0.02,0.75,0.732,0.33,0.43
0.56,0.56,1.0,1.0,0.98,0.98,0.16,0.16,0.24,0.24,0.29,0.43,0.12,0.12,1.0,0.22,0.98,0.63,0.26,0.98,0.99,0.26,0.26,0.63,0.41,0.63,0.41,0.02,0.74,0.734,0.312,0.425
0.56,0.56,1.0,1.0,0.98,0.98,0.16,0.16,0.22,0.22,0.31,0.42,0.12,0.12,1.0,0.22,0.98,0.63,0.26,0.98,0.98,0.26,0.26,0.63,0.42,0.63,0.41,0.02,0.73,0.734,0.297,0.425
0.56,0.56,1.0,1.0,0.98,0.98,0.16,0.16,0.2,0.2,0.32,0.4,0.12,0.12,1.0,0.22,0.98,0.63,0.26,0.98,0.98,0.26,0.26,0.63,0.42,0.63,0.41,0.02,0.71,0.743,0.298,0.438
0.56,0.56,1.0,1.0,0.98,0.98,0.16,0.16,0.17,0.17,0.32,0.4,0.12,0.12,0.75,0.22,0.98,0.63,0.26,0.98,0.98,0.26,0.26,0.63,0.42,0.63,0.41,0.01,0.69,0.753,0.303,0.444
0.56,0.56,1.0,1.0,0.97,0.97,0.22,0.22,0.15,0.15,0.33,0.4,0.12,0.12,0.75,0.23,0.97,0.63,0.26,0.97,0.97,0.26,0.26,0.63,0.41,0.63,0.41,0.02,0.67,0.768,0.308,0.447
0.58,0.58,1.0,1.0,0.96,0.96,0.23,0.23,0.14,0.14,0.34,0.39,0.12,0.13,0.75,0.24,0.96,0.64,0.26,0.96,0.96,0.26,0.26,0.63,0.41,0.64,0.41,0.02,0.65,0.797,0.327,0.465
0.58,0.58,1.0,1.0,0.96,0.96,0.23,0.23,0.16,0.16,0.32,0.41,0.12,0.13,0.75,0.24,0.95,0.64,0.27,0.95,0.96,0.27,0.27,0.63,0.42,0.64,0.41,0.02,0.65,0.829,0.343,0.462
0.58,0.58,1.0,1.0,0.96,0.96,0.16,0.16,0.21,0.21,0.29,0.44,0.12,0.12,0.75,0.25,0.95,0.65,0.27,0.95,0.96,0.27,0.27,0.63,0.42,0.63,0.41,0.02,0.64,0.857,0.355,0.463
0.58,0.58,1.0,1.0,0.96,0.96,0.16,0.16,0.23,0.23,0.29,0.44,0.12,0.12,0.75,0.25,0.95,0.65,0.27,0.95,0.95,0.27,0.27,0.63,0.42,0.63,0.41,0.02,0.63,0.884,0.367,0.469
0.58,0.58,1.0,1.0,0.96,0.96,0.16,0.16,0.23,0.23,0.27,0.45,0.1,0.12,0.75,0.25,0.95,0.65,0.27,0.95,0.96,0.27,0.27,0.62,0.42,0.63,0.42,0.02,0.64,0.9,0.367,0.472
0.58,0.58,1.0,1.0,0.96,0.96,0.27,0.27,0.17,0.17,0.27,0.46,0.1,0.12,0.75,0.27,0.94,0.66,0.28,0.94,0.95,0.28,0.28,0.62,0.42,0.63,0.42,0.03,0.64,0.91,0.377,0.472
0.57,0.57,1.0,1.0,0.97,0.97,0.16,0.16,0.28,0.28,0.24,0.49,0.1,0.12,0.75,0.26,0.95,0.66,0.27,0.95,0.95,0.27,0.27,0.62,0.42,0.63,0.42,0.02,0.65,0.919,0.387,0.482
0.57,0.57,1.0,1.0,0.97,0.97,0.16,0.16,0.3,0.3,0.24,0.49,0.1,0.1,0.75,0.25,0.95,0.65,0.27,0.95,0.96,0.27,0.27,0.62,0.42,0.62,0.42,0.02,0.66,0.919,0.397,0.484
0.56,0.56,1.0,1.0,0.97,0.97,0.16,0.16,0.31,0.31,0.25,0.48,0.1,0.1,0.75,0.25,0.95,0.65,0.27,0.95,0.96,0.27,0.27,0.62,0.42,0.62,0.42,0.02,0.67,0.91,0.402,0.481
0.56,0.56,1.0,1.0,0.97,0.97,0.16,0.16,0.32,0.32,0.26,0.46,0.1,0.1,0.75,0.25,0.95,0.65,0.27,0.95,0.96,0.27,0.27,0.62,0.42,0.62,0.42,0.02,0.68,0.899,0.407,0.475
0.56,0.56,1.0,1.0,0.97,0.97,0.16,0.16,0.33,0.33,0.25,0.48,0.1,0.1,0.75,0.25,0.95,0.65,0.27,0.95,0.96,0.27,0.27,0.62,0.42,0.62,0.42,0.02,0.68,0.888,0.413,0.478
0.56,0.56,1.0,1.0,0.98,0.98,0.16,0.16,0.35,0.35,0.25,0.47,0.1,0.1,0.75,0.25,0.96,0.65,0.27,0.96,0.96,0.27,0.27,0.62,0.42,0.62,0.42,0.02,0.68,0.879,0.417,0.481
0.57,0.57,1.0,1.0,0.97,0.97,0.16,0.16,0.36,0.36,0.27,0.46,0.18,0.2,0.75,0.28,0.94,0.67,0.33,0.93,0.94,0.33,0.33,0.67,0.39,0.68,0.39,0.03,0.67,0.861,0.418,0.486
0.57,0.57,1.0,1.0,0.96,0.96,0.22,0.22,0.24,0.24,0.27,0.45,0.46,0.49,0.75,0.32,0.78,0.7,0.45,0.78,0.78,0.45,0.45,0.86,0.31,0.88,0.3,0.09,0.55,0.851,0.415,0.5
0.58,0.58,1.0,1.0,0.96,0.96,0.16,0.16,0.31,0.31,0.26,0.46,0.58,0.61,0.75,0.32,0.77,0.7,0.5,0.77,0.76,0.5,0.5,0.94,0.27,0.96,0.27,0.1,0.51,0.839,0.405,0.513
0.58,0.58,1.0,1.0,0.96,0.96,0.16,0.16,0.34,0.34,0.27,0.46,0.69,0.7,0.75,0.31,0.75,0.7,0.52,0.75,0.75,0.52,0.52,1.0,0.25,1.0,0.24,0.09,0.5,0.831,0.397,0.516
0.58,0.58,1.0,1.0,0.96,0.96,0.16,0.16,0.34,0.34,0.28,0.44,0.7,0.72,0.75,0.31,0.75,0.69,0.52,0.75,0.75,0.52,0.52,1.0,0.24,1.0,0.24,0.09,0.49,0.816,0.397,0.521
0.75,0.75,1.0,1.0,0.82,0.82,0.16,0.16,0.32,0.32,0.28,0.45,0.64,0.66,0.75,0.3,0.82,0.69,0.52,0.82,0.82,0.52,0.52,0.98,0.26,0.99,0.26,0.11,0.49,0.809,0.408,0.522
0.81,0.81,1.0,1.0,0.77,0.77,0.16,0.16,0.26,0.26,0.3,0.43,0.6,0.63,0.75,0.3,0.83,0.69,0.54,0.83,0.83,0.54,0.54,0.95,0.27,0.97,0.26,0.11,0.5,0.806,0.415,0.519
0.7,0.7,1.0,1.0,0.87,0.87,0.16,0.16,0.35,0.35,0.29,0.43,0.61,0.63,0.75,0.3,0.83,0.68,0.52,0.83,0.83,0.52,0.52,0.96,0.27,0.97,0.26,0.11,0.5,0.797,0.422,0.524
0.66,0.66,1.0,1.0,0.89,0.89,0.16,0.16,0.34,0.34,0.3,0.43,0.61,0.63,0.75,0.29,0.82,0.68,0.51,0.82,0.83,0.51,0.51,0.96,0.27,0.97,0.26,0.11,0.5,0.799,0.433,0.531
0.65,0.65,1.0,1.0,0.9,0.9,0.16,0.16,0.34,0.34,0.3,0.42,0.61,0.63,0.75,0.29,0.82,0.68,0.51,0.82,0.83,0.51,0.51,0.96,0.27,0.97,0.26,0.11,0.49,0.798,0.438,0.536
0.63,0.63,1.0,1.0,0.92,0.92,0.16,0.16,0.33,0.33,0.3,0.42,0.61,0.63,0.75,0.29,0.81,0.68,0.5,0.81,0.82,0.5,0.5,0.96,0.27,0.97,0.26,0.11,0.49,0.797,0.445,0.536
0.63,0.63,1.0,1.0,0.92,0.92,0.39,0.39,0.18,0.18,0.33,0.4,0.6,0.61,0.75,0.29,0.8,0.68,0.5,0.8,0.8,0.5,0.5,0.95,0.27,0.96,0.27,0.1,0.48,0.803,0.45,0.543
0.63,0.63,1.0,1.0,0.92,0.92,0.16,0.16,0.32,0.32,0.31,0.42,0.6,0.61,0.75,0.29,0.79,0.68,0.5,0.79,0.79,0.5,0.5,0.95,0.27,0.96,0.27,0.11,0.47,0.802,0.457,0.544
0.84,0.84,1.0,1.0,0.75,0.75,0.16,0.16,0.34,0.34,0.29,0.43,0.57,0.57,0.75,0.29,0.84,0.68,0.52,0.84,0.85,0.52,0.52,0.93,0.28,0.93,0.28,0.12,0.47,0.803,0.458,0.543
0.7,0.7,1.0,1.0,0.86,0.86,0.16,0.16,0.34,0.34,0.29,0.43,0.55,0.57,0.75,0.3,0.84,0.69,0.51,0.84,0.85,0.51,0.51,0.92,0.29,0.93,0.28,0.12,0.48,0.802,0.465,0.545
0.64,0.64,1.0,1.0,0.91,0.91,0.16,0.16,0.34,0.34,0.3,0.43,0.52,0.54,0.75,0.3,0.84,0.69,0.47,0.84,0.84,0.47,0.47,0.9,0.29,0.91,0.29,0.11,0.48,0.807,0.467,0.546
0.61,0.61,1.0,1.0,0.94,0.94,0.37,0.37,0.2,0.2,0.33,0.4,0.49,0.52,0.75,0.3,0.83,0.69,0.45,0.83,0.84,0.45,0.45,0.88,0.3,0.9,0.3,0.1,0.48,0.809,0.47,0.55
0.59,0.59,1.0,1.0,0.95,0.95,0.16,0.16,0.34,0.34,0.32,0.4,0.49,0.51,0.75,0.31,0.83,0.69,0.44,0.83,0.83,0.44,0.44,0.88,0.31,0.89,0.3,0.09,0.47,0.809,0.477,0.554
0.59,0.59,1.0,1.0,0.95,0.95,0.16,0.16,0.37,0.37,0.32,0.4,0.49,0.51,0.75,0.3,0.83,0.69,0.44,0.83,0.83,0.44,0.44,0.88,0.3,0.89,0.3,0.09,0.47,0.805,0.475,0.556
0.59,0.59,1.0,1.0,0.95,0.95,0.28,0.28,0.23,0.23,0.34,0.38,0.46,0.49,0.75,0.3,0.83,0.69,0.44,0.83,0.83,0.44,0.44,0.86,0.31,0.88,0.3,0.09,0.47,0.804,0.48,0.554
0.63,0.63,1.0,1.0,0.92,0.92,0.96,0.96,0.19,0.19,0.41,0.32,0.49,0.54,0.75,0.3,0.78,0.69,0.42,0.77,0.78,0.42,0.42,0.88,0.3,0.91,0.29,0.08,0.47,0.809,0.483,0.555
0.63,0.63,1.0,1.0,0.92,0.92,0.95,0.95,0.2,0.2,0.41,0.31,0.51,0.55,0.75,0.3,0.77,0.69,0.42,0.76,0.77,0.42,0.42,0.89,0.3,0.92,0.29,0.08,0.47,0.816,0.482,0.556
0.6,0.6,1.0,1.0,0.94,0.94,0.46,0.46,0.18,0.18,0.39,0.34,0.46,0.48,0.75,0.3,0.81,0.69,0.42,0.81,0.82,0.42,0.42,0.86,0.31,0.87,0.31,0.09,0.47,0.817,0.497,0.568
0.58,0.58,1.0,1.0,0.96,0.96,0.16,0.16,0.37,0.37,0.36,0.37,0.45,0.45,0.75,0.3,0.83,0.69,0.44,0.83,0.83,0.44,0.44,0.85,0.32,0.85,0.31,0.09,0.46,0.818,0.505,0.576
0.58,0.58,1.0,1.0,0.96,0.96,0.16,0.16,0.38,0.38,0.35,0.37,0.42,0.42,0.75,0.3,0.84,0.69,0.44,0.84,0.84,0.44,0.44,0.83,0.33,0.83,0.32,0.08,0.46,0.815,0.503,0.579
0.58,0.58,1.0,1.0,0.96,0.96,0.16,0.16,0.38,0.38,0.36,0.36,0.4,0.39,0.75,0.3,0.84,0.69,0.43,0.84,0.85,0.43,0.43,0.82,0.33,0.81,0.33,0.08,0.46,0.82,0.51,0.584
0.58,0.58,1.0,1.0,0.96,0.96,0.16,0.16,0.39,0.39,0.37,0.36,0.36,0.34,0.75,0.31,0.85,0.69,0.43,0.85,0.86,0.43,0.43,0.79,0.35,0.78,0.35,0.08,0.46,0.821,0.512,0.585
0.58,0.58,1.0,1.0,0.96,0.96,0.16,0.16,0.41,0.41,0.37,0.35,0.33,0.33,0.75,0.31,0.85,0.69,0.43,0.85,0.86,0.43,0.43,0.77,0.35,0.77,0.35,0.09,0.46,0.82,0.522,0.585
0.58,0.58,1.0,1.0,0.96,0.96,0.16,0.16,0.41,0.41,0.37,0.35,0.31,0.3,0.75,0.31,0.85,0.7,0.43,0.85,0.86,0.43,0.43,0.76,0.36,0.75,0.36,0.09,0.47,0.822,0.527,0.591
0.58,0.58,1.0,1.0,0.96,0.96,0.16,0.16,0.41,0.41,0.36,0.36,0.28,0.28,0.75,0.32,0.85,0.7,0.43,0.85,0.86,0.43,0.43,0.74,0.37,0.74,0.37,0.09,0.47,0.824,0.53,0.593
0.58,0.58,1.0,1.0,0.96,0.96,0.16,0.16,0.4,0.4,0.36,0.37,0.27,0.27,0.75,0.32,0.85,0.7,0.42,0.85,0.86,0.42,0.42,0.73,0.37,0.73,0.37,0.09,0.48,0.824,0.533,0.599
0.58,0.58,1.0,1.0,0.96,0.96,0.16,0.16,0.39,0.39,0.36,0.37,0.27,0.25,0.75,0.32,0.85,0.7,0.42,0.85,0.86,0.42,0.42,0.73,0.37,0.72,0.37,0.09,0.48,0.829,0.538,0.604
0.59,0.59,1.0,1.0,0.96,0.96,0.16,0.16,0.39,0.39,0.36,0.36,0.25,0.25,0.75,0.32,0.86,0.7,0.4,0.86,0.86,0.4,0.4,0.72,0.38,0.72,0.38,0.08,0.48,0.831,0.545,0.61
0.59,0.59,1.0,1.0,0.95,0.95,0.19,0.19,0.27,0.27,0.41,0.32,0.24,0.24,0.75,0.32,0.88,0.7,0.37,0.87,0.88,0.37,0.37,0.71,0.38,0.71,0.38,0.08,0.48,0.83,0.552,0.615
0.59,0.59,1.0,1.0,0.95,0.95,0.16,0.16,0.36,0.36,0.39,0.34,0.22,0.24,0.75,0.32,0.9,0.7,0.34,0.9,0.9,0.34,0.34,0.7,0.38,0.71,0.38,0.06,0.5,0.832,0.553,0.62
0.59,0.59,1.0,1.0,0.96,0.96,0.16,0.16,0.34,0.34,0.41,0.32,0.2,0.18,0.75,0.31,0.92,0.69,0.32,0.92,0.92,0.32,0.32,0.68,0.39,0.67,0.39,0.06,0.52,0.833,0.567,0.628
0.59,0.59,1.0,1.0,0.95,0.95,0.16,0.16,0.35,0.35,0.43,0.29,0.2,0.18,0.75,0.31,0.92,0.69,0.32,0.92,0.92,0.32,0.32,0.68,0.39,0.67,0.4,0.05,0.53,0.833,0.587,0.637
0.6,0.6,1.0,1.0,0.95,0.95,0.16,0.16,0.35,0.35,0.47,0.25,0.2,0.18,0.75,0.31,0.92,0.69,0.31,0.92,0.92,0.31,0.31,0.68,0.39,0.67,0.4,0.05,0.53,0.83,0.612,0.643
0.6,0.6,1.0,1.0,0.95,0.95,0.16,0.16,0.35,0.35,0.47,0.26,0.18,0.16,0.75,0.31,0.93,0.69,0.31,0.92,0.93,0.31,0.31,0.67,0.4,0.66,0.4,0.05,0.53,0.838,0.647,0.64
0.59,0.59,1.0,1.0,0.95,0.95,0.16,0.16,0.34,0.34,0.46,0.26,0.18,0.16,0.75,0.3,0.93,0.69,0.31,0.93,0.93,0.31,0.31,0.67,0.4,0.66,0.4,0.05,0.53,0.847,0.677,0.647
0.59,0.59,1.0,1.0,0.95,0.95,0.23,0.23,0.18,0.18,0.49,0.24,0.18,0.16,0.75,0.28,0.93,0.67,0.31,0.92,0.93,0.31,0.31,0.67,0.4,0.66,0.4,0.04,0.53,0.85,0.698,0.656
0.59,0.59,1.0,1.0,0.95,0.95,0.24,0.23,0.18,0.18,0.46,0.26,0.18,0.16,0.75,0.28,0.92,0.68,0.31,0.92,0.92,0.31,0.31,0.67,0.4,0.66,0.4,0.04,0.54,0.854,0.703,0.675
0.61,0.61,1.0,1.0,0.93,0.93,0.72,0.72,0.1,0.1,0.42,0.3,0.2,0.18,0.75,0.3,0.91,0.69,0.33,0.9,0.92,0.33,0.33,0.68,0.39,0.67,0.4,0.04,0.55,0.856,0.7,0.697
0.58,0.58,1.0,1.0,0.96,0.96,0.26,0.26,0.18,0.18,0.4,0.33,0.18,0.16,0.75,0.28,0.93,0.67,0.3,0.93,0.93,0.3,0.3,0.67,0.4,0.66,0.4,0.04,0.56,0.856,0.692,0.7
0.58,0.58,1.0,1.0,0.96,0.96,0.21,0.2,0.2,0.2,0.38,0.35,0.18,0.16,0.75,0.26,0.94,0.66,0.29,0.94,0.94,0.29,0.29,0.67,0.4,0.66,0.4,0.03,0.56,0.856,0.677,0.693
0.57,0.57,1.0,1.0,0.97,0.97,0.19,0.19,0.21,0.21,0.37,0.36,0.18,0.16,0.75,0.26,0.94,0.66,0.29,0.94,0.94,0.29,0.29,0.67,0.4,0.66,0.4,0.03,0.57,0.852,0.65,0.675
0.57,0.57,1.0,1.0,0.97,0.97,0.16,0.16,0.21,0.21,0.36,0.37,0.18,0.16,0.75,0.25,0.94,0.65,0.29,0.94,0.95,0.29,0.29,0.67,0.4,0.66,0.4,0.03,0.58,0.844,0.625,0.653
0.57,0.57,1.0,1.0,0.97,0.97,0.16,0.16,0.22,0.22,0.35,0.38,0.18,0.16,1.0,0.25,0.95,0.65,0.29,0.95,0.95,0.29,0.29,0.67,0.4,0.66,0.4,0.03,0.59,0.832,0.598,0.635
0.57,0.57,1.0,1.0,0.97,0.97,0.16,0.16,0.23,0.23,0.34,0.39,0.16,0.16,1.0,0.25,0.95,0.65,0.29,0.95,0.95,0.29,0.29,0.66,0.4,0.66,0.4,0.03,0.6,0.823,0.538,0.585
0.57,0.57,1.0,1.0,0.97,0.97,0.16,0.16,0.25,0.25,0.32,0.4,0.16,0.16,1.0,0.25,0.96,0.65,0.28,0.96,0.96,0.28,0.28,0.66,0.4,0.66,0.4,0.03,0.62,0.818,0.493,0.556
0.57,0.57,1.0,1.0,0.97,0.97,0.16,0.16,0.37,0.37,0.22,0.51,0.15,0.15,1.0,0.25,0.96,0.65,0.28,0.96,0.96,0.28,0.28,0.65,0.4,0.65,0.41,0.03,0.65,0.811,0.455,0.529
0.57,0.57,1.0,1.0,0.97,0.97,0.16,0.16,0.35,0.35,0.2,0.53,0.15,0.13,1.0,0.25,0.96,0.65,0.28,0.96,0.97,0.28,0.28,0.65,0.41,0.64,0.41,0.03,0.67,0.807,0.428,0.516
0.57,0.57,1.0,1.0,0.97,0.97,0.16,0.16,0.35,0.35,0.19,0.53,0.13,0.13,0.75,0.26,0.96,0.66,0.28,0.96,0.96,0.28,0.28,0.64,0.41,0.64,0.41,0.03,0.68,0.805,0.405,0.504
0.57,0.57,1.0,1.0,0.97,0.97,0.16,0.16,0.3,0.3,0.21,0.51,0.13,0.12,0.75,0.27,0.95,0.66,0.28,0.95,0.96,0.28,0.28,0.64,0.41,0.63,0.41,0.03,0.68,0.804,0.383,0.48
0.58,0.58,1.0,1.0,0.96,0.96,0.26,0.26,0.17,0.17,0.32,0.41,0.13,0.12,0.75,0.27,0.94,0.67,0.28,0.94,0.95,0.28,0.28,0.64,0.41,0.63,0.41,0.03,0.67,0.8,0.352,0.448
0.57,0.57,1.0,1.0,0.97,0.97,0.2,0.2,0.18,0.18,0.33,0.4,0.13,0.12,0.75,0.25,0.95,0.65,0.27,0.95,0.95,0.27,0.27,0.64,0.41,0.63,0.41,0.03,0.66,0.802,0.328,0.416
0.57,0.57,1.0,1.0,0.97,0.97,0.22,0.22,0.17,0.17,0.33,0.39,0.13,0.13,0.75,0.25,0.95,0.65,0.27,0.95,0.95,0.27,0.27,0.64,0.41,0.64,0.41,0.03,0.65,0.809,0.298,0.399
0.57,0.57,1.0,1.0,0.97,0.97,0.22,0.22,0.17,0.17,0.33,0.39,0.13,0.13,0.75,0.25,0.95,0.65,0.27,0.95,0.95,0.27,0.27,0.64,0.41,0.64,0.41,0.03,0.66,0.819,0.285,0.395
0.57,0.57,1.0,1.0,0.96,0.96,0.29,0.29,0.17,0.17,0.34,0.39,0.13,0.13,0.75,0.26,0.94,0.66,0.28,0.94,0.95,0.28,0.28,0.64,0.41,0.64,0.41,0.03,0.67,0.84,0.287,0.395
0.6,0.6,1.0,1.0,0.94,0.94,0.4,0.4,0.11,0.11,0.35,0.38,0.15,0.15,0.75,0.31,0.92,0.7,0.31,0.91,0.92,0.31,0.31,0.65,0.41,0.65,0.41,0.04,0.67,0.851,0.295,0.397
0.58,0.58,1.0,1.0,0.96,0.96,0.25,0.25,0.18,0.18,0.35,0.38,0.15,0.15,0.75,0.27,0.94,0.66,0.29,0.94,0.94,0.29,0.29,0.65,0.41,0.65,0.41,0.03,0.66,0.851,0.308,0.404
0.57,0.57,1.0,1.0,0.97,0.97,0.2,0.2,0.2,0.2,0.36,0.37,0.15,0.15,1.0,0.25,0.96,0.65,0.27,0.96,0.96,0.27,0.27,0.65,0.41,0.65,0.41,0.03,0.65,0.851,0.315,0.412
0.56,0.56,1.0,1.0,0.97,0.97,0.16,0.16,0.21,0.21,0.36,0.36,0.15,0.15,1.0,0.24,0.96,0.64,0.27,0.96,0.97,0.27,0.27,0.65,0.41,0.65,0.41,0.02,0.63,0.847,0.323,0.419
0.56,0.56,1.0,1.0,0.97,0.97,0.16,0.16,0.26,0.26,0.36,0.36,0.2,0.15,1.0,0.24,0.97,0.64,0.27,0.97,0.97,0.27,0.27,0.68,0.39,0.65,0.41,0.02,0.62,0.848,0.332,0.425
0.56,0.56,1.0,1.0,0.97,0.97,0.16,0.16,0.53,0.53,0.29,0.44,0.25,0.21,1.0,0.26,0.95,0.66,0.33,0.95,0.96,0.33,0.33,0.72,0.37,0.69,0.39,0.02,0.61,0.842,0.347,0.44
0.56,0.56,1.0,1.0,0.98,0.98,0.16,0.16,0.57,0.57,0.29,0.44,0.27,0.22,1.0,0.26,0.94,0.66,0.33,0.94,0.95,0.33,0.33,0.73,0.37,0.7,0.38,0.03,0.6,0.829,0.363,0.45
0.56,0.56,1.0,1.0,0.98,0.98,0.16,0.16,0.61,0.61,0.29,0.44,0.28,0.24,1.0,0.26,0.95,0.66,0.31,0.95,0.96,0.31,0.31,0.74,0.36,0.71,0.38,0.03,0.59,0.817,0.375,0.458
0.37,0.37,0.64,0.64,1.0,1.0,0.16,0.16,0.61,0.61,0.3,0.43,0.28,0.24,1.0,0.26,0.96,0.66,0.31,0.96,0.96,0.31,0.31,0.74,0.36,0.71,0.38,0.03,0.59,0.804,0.39,0.471
0.38,0.38,0.64,0.64,1.0,1.0,0.16,0.16,0.62,0.62,0.29,0.43,0.28,0.25,1.0,0.26,0.96,0.65,0.31,0.96,0.96,0.31,0.31,0.74,0.37,0.72,0.38,0.04,0.59,0.783,0.4,0.475
0.38,0.38,0.65,0.65,1.0,1.0,0.16,0.16,0.6,0.6,0.3,0.43,0.28,0.25,1.0,0.26,0.96,0.66,0.32,0.96,0.96,0.32,0.32,0.74,0.37,0.72,0.37,0.04,0.58,0.736,0.41,0.479
0.36,0.36,0.61,0.61,1.0,1.0,0.16,0.16,0.46,0.46,0.32,0.4,0.28,0.25,1.0,0.26,0.94,0.66,0.33,0.94,0.95,0.33,0.33,0.74,0.36,0.72,0.37,0.04,0.57,0.687,0.413,0.488
0.55,0.55,1.0,1.0,0.98,0.98,0.16,0.16,0.54,0.54,0.31,0.42,0.28,0.21,1.0,0.26,0.95,0.65,0.31,0.95,0.96,0.31,0.31,0.74,0.37,0.69,0.39,0.04,0.58,0.652,0.415,0.493
0.56,0.56,1.0,1.0,0.98,0.98,0.16,0.16,0.48,0.48,0.29,0.43,0.24,0.13,1.0,0.25,0.96,0.65,0.3,0.96,0.97,0.3,0.3,0.71,0.38,0.64,0.41,0.04,0.59,0.626,0.412,0.494
0.56,0.56,1.0,1.0,0.98,0.98,0.16,0.16,0.4,0.4,0.3,0.42,0.18,0.1,1.0,0.25,0.96,0.65,0.28,0.96,0.97,0.28,0.28,0.67,0.4,0.62,0.42,0.03,0.6,0.615,0.407,0.497
0.56,0.56,1.0,1.0,0.98,0.98,0.16,0.16,0.35,0.35,0.32,0.4,0.16,0.09,1.0,0.25,0.96,0.65,0.27,0.96,0.97,0.27,0.27,0.66,0.4,0.61,0.42,0.03,0.62,0.617,0.408,0.498
0.56,0.56,1.0,1.0,0.98,0.98,0.16,0.16,0.29,0.29,0.34,0.39,0.13,0.1,0.75,0.24,0.97,0.64,0.26,0.97,0.97,0.26,0.26,0.64,0.41,0.62,0.42,0.03,0.63,0.623,0.413,0.502
0.58,0.58,1.0,1.0,0.96,0.96,0.16,0.16,0.27,0.27,0.34,0.38,0.13,0.12,0.75,0.25,0.96,0.65,0.27,0.96,0.96,0.27,0.27,0.64,0.41,0.63,0.41,0.03,0.64,0.649,0.42,0.508
0.62,0.62,1.0,1.0,0.93,0.93,0.16,0.16,0.25,0.25,0.35,0.37,0.12,0.12,0.75,0.27,0.95,0.66,0.29,0.95,0.95,0.29,0.29,0.63,0.41,0.63,0.41,0.03,0.63,0.694,0.417,0.503
0.64,0.64,1.0,1.0,0.91,0.91,0.16,0.16,0.23,0.23,0.35,0.37,0.12,0.12,0.75,0.27,0.95,0.66,0.29,0.95,0.95,0.29,0.29,0.63,0.42,0.63,0.42,0.03,0.62,0.751,0.42,0.498
0.65,0.65,1.0,1.0,0.9,0.9,0.16,0.16,0.21,0.21,0.36,0.37,0.12,0.12,0.75,0.27,0.94,0.67,0.29,0.94,0.95,0.29,0.29,0.63,0.42,0.63,0.42,0.03,0.61,0.786,0.425,0.499
0.65,0.65,1.0,1.0,0.9,0.9,0.18,0.18,0.2,0.2,0.36,0.36,0.12,0.12,0.75,0.27,0.94,0.67,0.29,0.94,0.95,0.29,0.29,0.63,0.42,0.63,0.42,0.03,0.6,0.838,0.432,0.497
0.64,0.64,1.0,1.0,0.91,0.91,0.21,0.21,0.19,0.19,0.36,0.36,0.1,0.1,0.75,0.27,0.94,0.67,0.29,0.94,0.95,0.29,0.29,0.62,0.42,0.62,0.42,0.03,0.59,0.894,0.44,0.491
0.63,0.63,1.0,1.0,0.92,0.92,0.24,0.24,0.17,0.17,0.37,0.36,0.1,0.1,0.75,0.27,0.94,0.66,0.29,0.94,0.95,0.29,0.29,0.62,0.42,0.62,0.42,0.03,0.59,0.956,0.438,0.496
0.63,0.63,1.0,1.0,0.92,0.92,0.26,0.26,0.16,0.16,0.37,0.36,0.1,0.1,0.75,0.27,0.94,0.66,0.29,0.94,0.94,0.29,0.29,0.62,0.42,0.62,0.42,0.03,0.58,0.985,0.438,0.495
0.63,0.63,1.0,1.0,0.92,0.92,0.27,0.27,0.16,0.16,0.37,0.36,0.1,0.09,0.75,0.27,0.94,0.66,0.28,0.94,0.94,0.28,0.28,0.62,0.42,0.61,0.42,0.03,0.58,0.993,0.443,0.488
0.63,0.63,1.0,1.0,0.92,0.92,0.26,0.26,0.18,0.18,0.38,0.35,0.1,0.1,0.75,0.27,0.94,0.66,0.29,0.94,0.94,0.29,0.29,0.62,0.42,0.62,0.42,0.03,0.57,0.993,0.448,0.483
0.63,0.63,1.0,1.0,0.92,0.92,0.22,0.22,0.21,0.21,0.4,0.33,0.1,0.09,0.75,0.27,0.94,0.66,0.29,0.94,0.94,0.29,0.29,0.62,0.42,0.61,0.42,0.03,0.57,0.993,0.457,0.485
0.62,0.62,1.0,1.0,0.92,0.92,0.2,0.2,0.24,0.24,0.41,0.31,0.1,0.09,0.75,0.27,0.94,0.66,0.29,0.94,0.94,0.29,0.29,0.62,0.42,0.61,0.42,0.04,0.56,0.993,0.463,0.489
0.62,0.62,1.0,1.0,0.92,0.92,0.19,0.19,0.25,0.25,0.42,0.31,0.09,0.09,0.75,0.27,0.95,0.66,0.29,0.95,0.95,0.29,0.29,0.61,0.42,0.61,0.43,0.04,0.55,0.993,0.473,0.495
0.62,0.62,1.0,1.0,0.93,0.93,0.18,0.16,0.25,0.25,0.45,0.28,0.09,0.07,0.75,0.26,0.95,0.66,0.29,0.95,0.95,0.29,0.29,0.61,0.42,0.6,0.43,0.04,0.53,0.993,0.478,0.499
0.62,0.62,1.0,1.0,0.93,0.93,0.16,0.16,0.26,0.26,0.45,0.28,0.09,0.07,0.75,0.27,0.95,0.66,0.29,0.95,0.95,0.29,0.29,0.61,0.42,0.6,0.43,0.04,0.52,0.993,0.483,0.509
0.63,0.63,1.0,1.0,0.92,0.92,0.22,0.22,0.24,0.24,0.47,0.26,0.1,0.07,0.75,0.28,0.95,0.67,0.29,0.95,0.95,0.29,0.29,0.62,0.42,0.6,0.43,0.05,0.5,0.993,0.5,0.528
0.65,0.65,1.0,1.0,0.9,0.9,0.31,0.31,0.16,0.16,0.47,0.25,0.12,0.09,0.75,0.3,0.94,0.69,0.3,0.94,0.94,0.3,0.3,0.63,0.42,0.61,0.42,0.05,0.5,0.993,0.533,0.562
0.62,0.62,1.0,1.0,0.93,0.93,0.24,0.24,0.17,0.17,0.47,0.26,0.12,0.09,0.75,0.29,0.94,0.68,0.29,0.94,0.94,0.29,0.29,0.63,0.42,0.61,0.42,0.05,0.51,0.993,0.567,0.594
0.64,0.64,1.0,1.0,0.91,0.91,0.47,0.47,0.11,0.11,0.46,0.27,0.1,0.09,0.75,0.3,0.94,0.69,0.29,0.94,0.94,0.29,0.29,0.62,0.42,0.61,0.42,0.05,0.54,0.993,0.597,0.623
0.59,0.59,1.0,1.0,0.95,0.95,0.24,0.24,0.18,0.18,0.46,0.26,0.1,0.09,0.75,0.27,0.95,0.66,0.28,0.95,0.95,0.28,0.28,0.62,0.42,0.61,0.42,0.04,0.55,0.993,0.61,0.635
0.63,0.63,1.0,1.0,0.92,0.92,0.79,0.79,0.1,0.1,0.44,0.29,0.1,0.09,0.75,0.31,0.94,0.7,0.29,0.94,0.94,0.29,0.29,0.62,0.42,0.61,0.42,0.05,0.56,0.993,0.622,0.649
0.59,0.59,1.0,1.0,0.95,0.95,0.27,0.27,0.18,0.18,0.44,0.28,0.12,0.09,0.75,0.29,0.94,0.68,0.29,0.94,0.94,0.29,0.29,0.63,0.42,0.61,0.42,0.05,0.58,0.979,0.635,0.651
0.57,0.57,1.0,1.0,0.97,0.97,0.19,0.19,0.2,0.2,0.44,0.28,0.12,0.1,0.75,0.26,0.95,0.65,0.28,0.95,0.96,0.28,0.28,0.63,0.41,0.62,0.42,0.04,0.6,0.951,0.648,0.643
0.56,0.56,1.0,1.0,0.98,0.98,0.16,0.16,0.23,0.23,0.42,0.31,0.12,0.1,1.0,0.24,0.96,0.64,0.27,0.96,0.97,0.27,0.27,0.63,0.41,0.62,0.42,0.02,0.61,0.922,0.653,0.622
0.56,0.56,1.0,1.0,0.98,0.98,0.16,0.16,0.23,0.23,0.4,0.33,0.12,0.09,1.0,0.23,0.97,0.64,0.26,0.97,0.97,0.26,0.26,0.63,0.42,0.61,0.42,0.02,0.61,0.913,0.652,0.612
0.56,0.56,1.0,1.0,0.98,0.98,0.16,0.16,0.25,0.25,0.39,0.34,0.12,0.09,1.0,0.23,0.97,0.63,0.26,0.97,0.97,0.26,0.26,0.63,0.42,0.61,0.42,0.02,0.61,0.897,0.658,0.607
0.45,0.45,0.82,0.82,1.0,1.0,0.16,0.16,0.26,0.26,0.37,0.35,0.12,0.09,1.0,0.23,0.98,0.63,0.26,0.98,0.98,0.26,0.26,0.63,0.42,0.61,0.42,0.02,0.62,0.885,0.653,0.604
0.45,0.45,0.82,0.82,1.0,1.0,0.16,0.16,0.26,0.26,0.35,0.37,0.12,0.09,1.0,0.23,0.98,0.63,0.26,0.98,0.98,0.26,0.26,0.63,0.42,0.61,0.42,0.02,0.63,0.872,0.645,0.59
0.47,0.47,0.85,0.85,1.0,1.0,0.16,0.16,0.26,0.26,0.34,0.38,0.12,0.1,1.0,0.22,0.98,0.63,0.26,0.98,0.98,0.26,0.26,0.63,0.42,0.62,0.42,0.02,0.64,0.859,0.632,0.58
0.55,0.55,1.0,1.0,0.98,0.98,0.16,0.16,0.25,0.25,0.34,0.38,0.12,0.1,1.0,0.23,0.98,0.63,0.26,0.98,0.98,0.26,0.26,0.63,0.42,0.62,0.42,0.02,0.66,0.846,0.615,0.568
0.55,0.55,1.0,1.0,0.98,0.98,0.16,0.16,0.25,0.25,0.35,0.38,0.1,0.1,1.0,0.23,0.98,0.63,0.26,0.98,0.98,0.26,0.26,0.62,0.42,0.62,0.42,0.02,0.67,0.839,0.587,0.544
0.56,0.56,1.0,1.0,0.98,0.98,0.16,0.16,0.25,0.25,0.35,0.37,0.1,0.1,1.0,0.23,0.98,0.63,0.26,0.98,0.98,0.26,0.26,0.62,0.42,0.62,0.42,0.02,0.67,0.831,0.558,0.523
0.56,0.56,1.0,1.0,0.98,0.98,0.16,0.16,0.25,0.25,0.36,0.37,0.12,0.1,1.0,0.23,0.97,0.63,0.26,0.97,0.98,0.26,0.26,0.63,0.42,0.62,0.42,0.02,0.66,0.829,0.52,0.515
0.56,0.56,1.0,1.0,0.98,0.98,0.16,0.16,0.25,0.25,0.34,0.38,0.12,0.1,1.0,0.23,0.97,0.63,0.26,0.97,0.98,0.26,0.26,0.63,0.42,0.62,0.42,0.02,0.66,0.825,0.488,0.5
0.56,0.56,1.0,1.0,0.98,0.98,0.16,0.16,0.25,0.25,0.34,0.39,0.12,0.1,1.0,0.23,0.97,0.63,0.26,0.97,0.98,0.26,0.26,0.63,0.42,0.62,0.42,0.02,0.67,0.822,0.453,0.487
0.56,0.56,1.0,1.0,0.98,0.98,0.16,0.16,0.26,0.26,0.33,0.39,0.12,0.1,1.0,0.23,0.97,0.63,0.26,0.97,0.98,0.26,0.26,0.63,0.42,0.62,0.42,0.02,0.66,0.825,0.438,0.481
0.56,0.56,1.0,1.0,0.98,0.98,0.16,0.16,0.25,0.25,0.32,0.4,0.12,0.12,1.0,0.23,0.97,0.63,0.26,0.97,0.98,0.26,0.26,0.63,0.41,0.63,0.42,0.02,0.66,0.838,0.437,0.482
0.46,0.46,0.83,0.83,1.0,1.0,0.16,0.16,0.25,0.25,0.31,0.42,0.12,0.12,1.0,0.23,0.98,0.63,0.26,0.98,0.98,0.26,0.26,0.63,0.42,0.63,0.42,0.02,0.66,0.836,0.427,0.478
0.46,0.46,0.83,0.83,1.0,1.0,0.16,0.16,0.25,0.25,0.29,0.43,0.12,0.12,1.0,0.23,0.98,0.63,0.26,0.98,0.98,0.26,0.26,0.63,0.42,0.63,0.42,0.02,0.67,0.837,0.415,0.477
0.46,0.46,0.84,0.84,1.0,1.0,0.16,0.16,0.24,0.24,0.28,0.44,0.12,0.12,1.0,0.22,0.98,0.63,0.26,0.98,0.98,0.26,0.26,0.63,0.42,0.63,0.42,0.02,0.68,0.836,0.402,0.475
0.46,0.46,0.83,0.83,1.0,1.0,0.16,0.16,0.23,0.23,0.28,0.44,0.1,0.1,1.0,0.22,0.98,0.63,0.26,0.98,0.98,0.26,0.26,0.62,0.42,0.62,0.42,0.02,0.69,0.834,0.392,0.467
0.46,0.46,0.83,0.83,1.0,1.0,0.16,0.16,0.23,0.23,0.28,0.44,0.1,0.1,1.0,0.22,0.98,0.63,0.26,0.98,0.98,0.26,0.26,0.62,0.42,0.62,0.42,0.02,0.69,0.833,0.392,0.465
0.56,0.56,1.0,1.0,0.97,0.97,0.36,0.36,0.16,0.16,0.28,0.44,0.1,0.1,0.75,0.24,0.97,0.64,0.27,0.97,0.98,0.27,0.27,0.62,0.42,0.62,0.42,0.02,0.69,0.826,0.38,0.461
0.57,0.57,1.0,1.0,0.97,0.97,0.16,0.16,0.23,0.23,0.27,0.45,0.1,0.1,1.0,0.25,0.96,0.65,0.27,0.96,0.97,0.27,0.27,0.62,0.42,0.62,0.42,0.02,0.69,0.829,0.365,0.452
0.56,0.56,1.0,1.0,0.98,0.98,0.16,0.16,0.34,0.34,0.22,0.5,0.09,0.1,1.0,0.24,0.97,0.64,0.26,0.97,0.97,0.26,0.26,0.61,0.42,0.62,0.42,0.02,0.69,0.829,0.34,0.428
0.56,0.56,1.0,1.0,0.98,0.98,0.16,0.16,0.37,0.37,0.22,0.5,0.09,0.1,1.0,0.24,0.97,0.64,0.26,0.97,0.97,0.26,0.26,0.61,0.42,0.62,0.42,0.02,0.69,0.831,0.307,0.415
0.56,0.56,1.0,1.0,0.98,0.98,0.16,0.16,0.38,0.38,0.22,0.5,0.09,0.1,1.0,0.23,0.98,0.64,0.26,0.98,0.98,0.26,0.26,0.61,0.42,0.62,0.42,0.02,0.69,0.831,0.263,0.401
0.56,0.56,1.0,1.0,0.98,0.98,0.16,0.16,0.37,0.37,0.22,0.5,0.09,0.1,1.0,0.23,0.98,0.64,0.26,0.98,0.98,0.26,0.26,0.61,0.42,0.62,0.42,0.02,0.69,0.837,0.252,0.399
0.56,0.56,1.0,1.0,0.98,0.98,0.16,0.16,0.37,0.37,0.23,0.5,0.1,0.09,1.0,0.23,0.98,0.64,0.26,0.98,0.98,0.26,0.26,0.62,0.42,0.61,0.42,0.02,0.69,0.849,0.248,0.398
0.56,0.56,1.0,1.0,0.97,0.97,0.16,0.16,0.39,0.39,0.24,0.49,0.1,0.09,1.0,0.23,0.98,0.64,0.26,0.98,0.98,0.26,0.26,0.62,0.42,0.61,0.42,0.02,0.69,0.854,0.252,0.399
0.56,0.56,1.0,1.0,0.97,0.97,0.16,0.16,0.39,0.39,0.25,0.48,0.1,0.09,1.0,0.24,0.98,0.64,0.27,0.98,0.98,0.27,0.27,0.62,0.42,0.61,0.42,0.03,0.69,0.85,0.258,0.402
0.56,0.56,1.0,1.0,0.97,0.97,0.16,0.16,0.41,0.41,0.25,0.48,0.12,0.1,1.0,0.24,0.97,0.64,0.27,0.97,0.98,0.27,0.27,0.63,0.41,0.62,0.42,0.03,0.68,0.851,0.252,0.406
0.56,0.56,1.0,1.0,0.97,0.97,0.16,0.16,0.44,0.44,0.26,0.46,0.12,0.1,1.0,0.24,0.97,0.64,0.27,0.97,0.98,0.27,0.27,0.63,0.41,0.62,0.42,0.03,0.68,0.845,0.248,0.41
0.56,0.56,1.0,1.0,0.97,0.97,0.16,0.16,0.38,0.38,0.28,0.45,0.12,0.12,1.0,0.24,0.97,0.64,0.28,0.97,0.98,0.28,0.28,0.63,0.41,0.63,0.42,0.03,0.67,0.842,0.25,0.412
0.6,0.6,1.0,1.0,0.94,0.94,0.96,0.96,0.28,0.28,0.35,0.37,0.15,0.16,0.75,0.3,0.91,0.69,0.32,0.9,0.92,0.32,0.32,0.65,0.4,0.66,0.4,0.03,0.66,0.832,0.253,0.417
0.6,0.6,1.0,1.0,0.94,0.94,0.95,0.95,0.26,0.26,0.35,0.37,0.16,0.16,0.75,0.31,0.91,0.69,0.32,0.9,0.91,0.32,0.32,0.66,0.4,0.66,0.4,0.04,0.65,0.826,0.263,0.426
0.58,0.58,1.0,1.0,0.96,0.96,0.81,0.81,0.2,0.2,0.36,0.37,0.16,0.15,0.75,0.31,0.92,0.69,0.32,0.91,0.93,0.32,0.32,0.66,0.4,0.65,0.4,0.04,0.63,0.821,0.285,0.43
0.56,0.56,1.0,1.0,0.98,0.98,0.16,0.16,0.46,0.46,0.34,0.38,0.16,0.13,1.0,0.25,0.96,0.65,0.29,0.96,0.96,0.29,0.29,0.66,0.4,0.64,0.41,0.03,0.6,0.812,0.308,0.435
0.56,0.56,1.0,1.0,0.98,0.98,0.16,0.16,0.49,0.49,0.37,0.36,0.16,0.12,1.0,0.25,0.97,0.65,0.29,0.97,0.97,0.29,0.29,0.66,0.4,0.63,0.41,0.03,0.6,0.806,0.328,0.444
0.56,0.56,1.0,1.0,0.98,0.98,0.16,0.16,0.48,0.48,0.37,0.36,0.13,0.1,1.0,0.25,0.97,0.65,0.29,0.97,0.97,0.29,0.29,0.64,0.41,0.62,0.42,0.03,0.61,0.806,0.353,0.459
0.56,0.56,1.0,1.0,0.98,0.98,0.16,0.16,0.47,0.47,0.37,0.35,0.12,0.1,1.0,0.24,0.97,0.65,0.28,0.97,0.97,0.28,0.28,0.63,0.41,0.62,0.42,0.03,0.6,0.797,0.383,0.467
0.56,0.56,1.0,1.0,0.98,0.98,0.16,0.16,0.46,0.46,0.39,0.34,0.12,0.1,1.0,0.24,0.97,0.64,0.28,0.97,0.97,0.28,0.28,0.63,0.42,0.62,0.42,0.03,0.59,0.798,0.407,0.472
0.57,0.57,1.0,1.0,0.97,0.97,0.28,0.28,0.22,0.22,0.4,0.33,0.12,0.1,1.0,0.27,0.94,0.67,0.29,0.94,0.95,0.29,0.29,0.63,0.41,0.62,0.42,0.03,0.57,0.794,0.435,0.479
0.56,0.56,1.0,1.0,0.97,0.97,0.16,0.16,0.45,0.45,0.37,0.35,0.12,0.1,1.0,0.26,0.96,0.65,0.28,0.96,0.96,0.28,0.28,0.63,0.41,0.62,0.42,0.03,0.57,0.789,0.463,0.486
0.56,0.56,1.0,1.0,0.98,0.98,0.16,0.16,0.45,0.45,0.38,0.35,0.12,0.1,1.0,0.25,0.97,0.65,0.28,0.97,0.97,0.28,0.28,0.63,0.42,0.62,0.42,0.03,0.57,0.781,0.498,0.505
0.56,0.56,1.0,1.0,0.98,0.98,0.16,0.16,0.45,0.45,0.38,0.34,0.12,0.1,1.0,0.25,0.97,0.65,0.28,0.97,0.97,0.28,0.28,0.63,0.42,0.62,0.42,0.03,0.58,0.791,0.53,0.518
0.56,0.56,1.0,1.0,0.98,0.98,0.16,0.16,0.44,0.44,0.38,0.34,0.1,0.1,1.0,0.25,0.97,0.65,0.28,0.97,0.97,0.28,0.28,0.62,0.42,0.62,0.42,0.03,0.58,0.793,0.557,0.532
0.56,0.56,1.0,1.0,0.98,0.98,0.16,0.16,0.45,0.45,0.37,0.35,0.1,0.1,1.0,0.25,0.97,0.65,0.28,0.97,0.97,0.28,0.28,0.62,0.42,0.62,0.42,0.03,0.58,0.8,0.578,0.544
0.56,0.56,1.0,1.0,0.98,0.98,0.16,0.16,0.44,0.44,0.39,0.34,0.1,0.1,1.0,0.24,0.97,0.65,0.28,0.97,0.97,0.28,0.28,0.62,0.42,0.62,0.42,0.03,0.59,0.802,0.602,0.551
0.57,0.57,1.0,1.0,0.97,0.97,0.77,0.77,0.16,0.16,0.41,0.31,0.1,0.1,0.75,0.27,0.95,0.66,0.3,0.95,0.96,0.3,0.3,0.62,0.42,0.62,0.42,0.03,0.58,0.803,0.622,0.555
0.59,0.59,1.0,1.0,0.95,0.95,0.93,0.93,0.24,0.24,0.42,0.31,0.12,0.12,0.75,0.29,0.93,0.68,0.31,0.93,0.93,0.31,0.31,0.63,0.41,0.63,0.41,0.04,0.58,0.811,0.637,0.562
0.58,0.58,1.0,1.0,0.96,0.96,0.32,0.32,0.21,0.21,0.41,0.32,0.12,0.13,0.75,0.29,0.94,0.68,0.3,0.94,0.94,0.3,0.3,0.63,0.41,0.64,0.41,0.04,0.57,0.815,0.645,0.565
0.57,0.57,1.0,1.0,0.97,0.97,0.16,0.16,0.46,0.46,0.4,0.32,0.12,0.12,1.0,0.26,0.96,0.66,0.29,0.96,0.96,0.29,0.29,0.63,0.41,0.63,0.41,0.04,0.56,0.819,0.648,0.569
0.56,0.56,1.0,1.0,0.97,0.97,0.16,0.16,0.47,0.47,0.41,0.32,0.12,0.12,1.0,0.26,0.96,0.65,0.29,0.96,0.97,0.29,0.29,0.63,0.42,0.63,0.42,0.04,0.57,0.822,0.645,0.568
0.56,0.56,1.0,1.0,0.97,0.97,0.16,0.16,0.47,0.47,0.41,0.32,0.12,0.1,1.0,0.25,0.97,0.65,0.29,0.97,0.97,0.29,0.29,0.63,0.42,0.62,0.42,0.04,0.58,0.828,0.642,0.574
0.56,0.56,1.0,1.0,0.97,0.97,0.16,0.16,0.46,0.46,0.4,0.33,0.1,0.1,1.0,0.25,0.97,0.65,0.29,0.97,0.97,0.29,0.29,0.62,0.42,0.62,0.42,0.03,0.58,0.829,0.637,0.573
0.56,0.56,1.0,1.0,0.97,0.97,0.16,0.16,0.44,0.44,0.39,0.33,0.1,0.1,1.0,0.25,0.97,0.65,0.29,0.97,0.97,0.29,0.29,0.62,0.42,0.62,0.42,0.03,0.58,0.829,0.637,0.572
0.56,0.56,1.0,1.0,0.98,0.98,0.16,0.16,0.44,0.44,0.4,0.33,0.1,0.09,1.0,0.25,0.97,0.65,0.28,0.97,0.97,0.28,0.28,0.62,0.42,0.61,0.42,0.03,0.58,0.824,0.63,0.567
0.56,0.56,1.0,1.0,0.98,0.98,0.16,0.16,0.29,0.29,0.42,0.3,0.1,0.09,1.0,0.25,0.97,0.65,0.28,0.97,0.97,0.28,0.28,0.62,0.42,0.61,0.42,0.03,0.57,0.822,0.622,0.567
0.56,0.56,1.0,1.0,0.97,0.97,0.2,0.2,0.22,0.22,0.45,0.28,0.12,0.12,1.0,0.24,0.97,0.65,0.28,0.97,0.97,0.28,0.28,0.63,0.41,0.63,0.42,0.03,0.56,0.827,0.625,0.575
0.57,0.57,1.0,1.0,0.96,0.96,0.16,0.16,0.23,0.23,0.44,0.29,0.22,0.21,0.75,0.31,0.83,0.7,0.45,0.83,0.84,0.45,0.45,0.7,0.38,0.69,0.39,0.09,0.53,0.831,0.628,0.573
0.58,0.58,1.0,1.0,0.96,0.96,0.2,0.2,0.23,0.23,0.43,0.29,0.34,0.34,0.75,0.33,0.76,0.71,0.52,0.75,0.77,0.52,0.52,0.78,0.35,0.78,0.35,0.16,0.5,0.833,0.628,0.575
0.57,0.57,1.0,1.0,0.96,0.96,0.16,0.16,0.33,0.33,0.41,0.32,0.54,0.52,0.75,0.33,0.71,0.71,0.56,0.7,0.72,0.56,0.56,0.91,0.29,0.9,0.29,0.25,0.47,0.835,0.627,0.576
0.57,0.57,1.0,1.0,0.97,0.97,0.16,0.16,0.35,0.35,0.4,0.32,0.58,0.57,0.75,0.32,0.7,0.7,0.56,0.69,0.72,0.56,0.56,0.94,0.28,0.93,0.28,0.27,0.53,0.84,0.623,0.576
0.57,0.57,1.0,1.0,0.97,0.97,0.16,0.16,0.35,0.35,0.39,0.33,0.58,0.58,0.75,0.31,0.7,0.7,0.56,0.69,0.72,0.56,0.56,0.94,0.28,0.94,0.28,0.31,0.65,0.838,0.627,0.582
0.57,0.57,1.0,1.0,0.97,0.97,0.16,0.16,0.34,0.34,0.37,0.35,0.57,0.58,0.75,0.31,0.7,0.7,0.56,0.69,0.72,0.56,0.56,0.93,0.28,0.94,0.28,0.42,0.77,0.841,0.637,0.589
0.57,0.57,1.0,1.0,0.97,0.97,0.16,0.16,0.33,0.33,0.35,0.37,0.55,0.58,0.75,0.31,0.73,0.7,0.56,0.72,0.74,0.56,0.56,0.92,0.28,0.94,0.28,0.63,0.5,0.835,0.637,0.587
0.59,0.59,1.0,1.0,0.95,0.95,0.16,0.16,0.34,0.34,0.33,0.4,0.54,0.55,0.75,0.3,0.77,0.69,0.56,0.75,0.78,0.56,0.56,0.91,0.29,0.92,0.28,0.8,0.5,0.831,0.633,0.582
0.59,0.59,1.0,1.0,0.95,0.95,0.16,0.16,0.33,0.33,0.32,0.4,0.49,0.49,0.75,0.3,0.76,0.69,0.56,0.74,0.78,0.56,0.56,0.88,0.3,0.88,0.3,0.82,0.5,0.828,0.627,0.567
0.59,0.59,1.0,1.0,0.95,0.95,0.16,0.16,0.32,0.32,0.32,0.41,0.45,0.46,0.75,0.3,0.75,0.69,0.56,0.73,0.77,0.56,0.56,0.85,0.31,0.86,0.31,0.81,0.5,0.826,0.622,0.56
0.58,0.58,1.0,1.0,0.96,0.96,0.16,0.16,0.3,0.3,0.31,0.41,0.36,0.39,0.75,0.3,0.73,0.69,0.56,0.72,0.75,0.56,0.56,0.79,0.34,0.81,0.33,0.61,0.5,0.833,0.61,0.546
0.58,0.58,1.0,1.0,0.96,0.96,0.16,0.16,0.3,0.3,0.31,0.41,0.33,0.36,0.75,0.33,0.68,0.71,0.56,0.66,0.7,0.56,0.56,0.77,0.35,0.79,0.34,0.45,0.5,0.835,0.597,0.541
0.57,0.57,1.0,1.0,0.96,0.96,0.26,0.26,0.23,0.23,0.31,0.41,0.33,0.34,0.75,0.34,0.66,0.72,0.56,0.64,0.67,0.56,0.56,0.77,0.35,0.78,0.35,0.33,0.54,0.839,0.575,0.528
0.57,0.57,1.0,1.0,0.96,0.96,0.16,0.16,0.27,0.27,0.3,0.42,0.33,0.34,0.75,0.35,0.65,0.73,0.52,0.63,0.66,0.52,0.52,0.77,0.35,0.78,0.35,0.24,0.5,0.846,0.545,0.515
0.57,0.57,1.0,1.0,0.96,0.96,0.16,0.16,0.3,0.3,0.29,0.43,0.34,0.33,0.75,0.36,0.66,0.73,0.51,0.64,0.67,0.51,0.51,0.78,0.35,0.77,0.35,0.22,0.5,0.857,0.518,0.496
0.58,0.58,1.0,1.0,0.96,0.96,0.16,0.16,0.3,0.3,0.29,0.43,0.33,0.31,0.75,0.36,0.66,0.73,0.51,0.64,0.68,0.51,0.51,0.77,0.35,0.76,0.35,0.22,0.5,0.875,0.502,0.486
0.58,0.58,1.0,1.0,0.96,0.96,0.16,0.16,0.29,0.29,0.28,0.44,0.33,0.31,0.75,0.36,0.66,0.74,0.51,0.64,0.68,0.51,0.51,0.77,0.35,0.76,0.36,0.21,0.5,0.882,0.473,0.486
0.58,0.58,1.0,1.0,0.96,0.96,0.16,0.16,0.3,0.3,0.26,0.46,0.31,0.31,0.75,0.37,0.7,0.74,0.49,0.69,0.71,0.49,0.49,0.76,0.36,0.76,0.36,0.14,0.5,0.882,0.462,0.483
0.58,0.58,1.0,1.0,0.96,0.96,0.16,0.16,0.32,0.32,0.25,0.47,0.3,0.3,0.75,0.35,0.83,0.73,0.4,0.83,0.84,0.4,0.4,0.75,0.36,0.75,0.36,0.08,0.51,0.886,0.442,0.475
0.58,0.58,1.0,1.0,0.96,0.96,0.16,0.16,0.34,0.34,0.25,0.47,0.27,0.25,0.75,0.32,0.92,0.7,0.33,0.91,0.92,0.33,0.33,0.73,0.37,0.72,0.37,0.05,0.55,0.881,0.428,0.467
0.57,0.57,1.0,1.0,0.96,0.96,0.19,0.19,0.24,0.24,0.27,0.45,0.24,0.24,0.75,0.3,0.93,0.69,0.32,0.93,0.93,0.32,0.32,0.71,0.38,0.71,0.38,0.04,0.57,0.883,0.398,0.461
0.58,0.58,1.0,1.0,0.96,0.96,0.16,0.16,0.3,0.3,0.26,0.46,0.24,0.22,0.75,0.3,0.93,0.69,0.32,0.92,0.93,0.32,0.32,0.71,0.38,0.7,0.38,0.04,0.58,0.886,0.382,0.449
0.58,0.58,1.0,1.0,0.96,0.96,0.16,0.16,0.36,0.36,0.24,0.48,0.24,0.22,0.75,0.3,0.93,0.69,0.32,0.92,0.93,0.32,0.32,0.71,0.38,0.7,0.38,0.04,0.58,0.883,0.357,0.436
0.58,0.58,1.0,1.0,0.96,0.96,0.19,0.19,0.24,0.24,0.27,0.46,0.22,0.22,0.75,0.28,0.94,0.67,0.3,0.94,0.95,0.3,0.3,0.7,0.38,0.7,0.39,0.04,0.6,0.88,0.343,0.435
0.6,0.6,1.0,1.0,0.94,0.94,0.96,0.96,0.27,0.27,0.31,0.42,0.22,0.21,0.75,0.29,0.92,0.68,0.31,0.91,0.93,0.31,0.31,0.7,0.38,0.69,0.39,0.04,0.61,0.881,0.333,0.433
0.61,0.61,1.0,1.0,0.94,0.94,0.95,0.95,0.27,0.27,0.31,0.42,0.22,0.21,0.75,0.3,0.91,0.69,0.31,0.89,0.92,0.31,0.31,0.7,0.38,0.69,0.39,0.04,0.63,0.881,0.325,0.43
0.59,0.59,1.0,1.0,0.95,0.95,0.29,0.29,0.21,0.21,0.28,0.44,0.22,0.21,0.75,0.31,0.92,0.69,0.31,0.91,0.92,0.31,0.31,0.7,0.38,0.69,0.39,0.04,0.62,0.874,0.312,0.423
0.57,0.57,1.0,1.0,0.96,0.96,0.16,0.16,0.37,0.37,0.25,0.48,0.21,0.2,0.75,0.28,0.94,0.67,0.3,0.94,0.95,0.3,0.3,0.69,0.39,0.68,0.39,0.04,0.61,0.868,0.307,0.416
0.57,0.57,1.0,1.0,0.97,0.97,0.16,0.16,0.38,0.38,0.22,0.5,0.2,0.18,1.0,0.26,0.95,0.66,0.28,0.95,0.96,0.28,0.28,0.68,0.39,0.67,0.39,0.04,0.62,0.858,0.3,0.409
0.57,0.57,1.0,1.0,0.97,0.97,0.16,0.16,0.39,0.39,0.2,0.52,0.16,0.16,1.0,0.25,0.96,0.65,0.27,0.96,0.97,0.27,0.27,0.66,0.4,0.66,0.4,0.03,0.63,0.854,0.3,0.408
0.56,0.56,1.0,1.0,0.97,0.97,0.16,0.16,0.39,0.39,0.2,0.52,0.13,0.15,1.0,0.25,0.97,0.65,0.26,0.97,0.97,0.26,0.26,0.64,0.41,0.65,0.41,0.03,0.64,0.851,0.287,0.413
0.56,0.56,1.0,1.0,0.97,0.97,0.16,0.16,0.35,0.35,0.2,0.52,0.03,0.03,1.0,0.29,0.96,0.68,0.26,0.96,0.97,0.26,0.26,0.57,0.44,0.57,0.44,0.02,0.63,0.853,0.282,0.412
0.56,0.56,1.0,1.0,0.98,0.98,0.16,0.16,0.33,0.33,0.21,0.52,0.02,0.02,1.0,0.31,0.96,0.7,0.26,0.96,0.96,0.26,0.26,0.56,0.44,0.56,0.45,0.02,0.63,0.845,0.282,0.416
0.56,0.56,1.0,1.0,0.98,0.98,0.16,0.16,0.3,0.3,0.23,0.49,0.02,0.0,1.0,0.32,0.94,0.7,0.26,0.94,0.95,0.26,0.26,0.56,0.45,0.55,0.45,0.02,0.64,0.846,0.282,0.419
0.56,0.56,1.0,1.0,0.97,0.97,0.16,0.16,0.25,0.25,0.24,0.49,0.15,0.21,0.5,0.36,0.81,0.73,0.26,0.8,0.81,0.26,0.26,0.65,0.4,0.69,0.39,0.02,0.64,0.843,0.282,0.422
0.57,0.57,1.0,1.0,0.97,0.97,0.16,0.16,0.23,0.23,0.25,0.48,0.33,0.4,0.25,0.52,0.58,0.85,0.28,0.59,0.57,0.28,0.28,0.77,0.35,0.82,0.33,0.02,0.65,0.84,0.272,0.415
0.57,0.57,1.0,1.0,0.97,0.97,0.16,0.16,0.23,0.23,0.25,0.48,0.31,0.38,0.25,0.54,0.63,0.87,0.29,0.63,0.63,0.29,0.29,0.76,0.36,0.8,0.34,0.03,0.64,0.839,0.265,0.412
0.57,0.57,1.0,1.0,0.97,0.97,0.16,0.16,0.37,0.37,0.22,0.51,0.15,0.15,1.0,0.28,0.96,0.67,0.28,0.96,0.97,0.28,0.28,0.65,0.41,0.65,0.41,0.03,0.62,0.841,0.27,0.414
0.57,0.57,1.0,1.0,0.97,0.97,0.16,0.16,0.39,0.39,0.21,0.52,0.12,0.13,1.0,0.25,0.98,0.65,0.27,0.98,0.98,0.27,0.27,0.63,0.41,0.64,0.41,0.03,0.63,0.841,0.275,0.414
0.56,0.56,1.0,1.0,0.97,0.97,0.16,0.16,0.41,0.41,0.21,0.52,0.09,0.09,1.0,0.24,0.98,0.64,0.27,0.98,0.98,0.27,0.27,0.61,0.42,0.61,0.42,0.03,0.65,0.841,0.277,0.415
0.58,0.58,1.0,1.0,0.96,0.96,0.16,0.16,0.44,0.44,0.21,0.51,0.0,0.0,1.0,0.25,0.98,0.65,0.32,0.98,0.98,0.32,0.32,0.51,0.53,0.51,0.53,0.18,0.66,0.845,0.277,0.414
0.59,0.59,1.0,1.0,0.95,0.95,0.16,0.16,0.47,0.47,0.21,0.51,0.0,0.0,1.0,0.26,0.98,0.66,0.33,0.98,0.99,0.33,0.33,0.4,0.74,0.4,0.74,0.33,0.85,0.851,0.28,0.412
0.59,0.59,1.0,1.0,0.95,0.95,0.16,0.16,0.45,0.45,0.23,0.49,0.0,0.0,1.0,0.26,0.99,0.66,0.31,0.99,0.99,0.31,0.31,0.31,0.92,0.31,0.91,0.29,1.0,0.859,0.278,0.416
0.59,0.59,1.0,1.0,0.95,0.95,0.16,0.16,0.38,0.38,0.24,0.48,0.0,0.0,1.0,0.25,0.99,0.65,0.31,0.99,0.99,0.31,0.31,0.37,0.79,0.38,0.78,0.25,1.0,0.87,0.278,0.421
0.58,0.58,1.0,1.0,0.96,0.96,0.16,0.16,0.29,0.29,0.25,0.47,0.33,0.34,0.25,0.31,0.89,0.69,0.39,0.89,0.89,0.39,0.39,0.77,0.35,0.78,0.35,0.21,0.84,0.876,0.302,0.418
0.57,0.57,1.0,1.0,0.97,0.97,0.16,0.16,0.26,0.26,0.24,0.48,0.38,0.45,0.0,0.35,0.32,0.72,0.56,0.32,0.31,0.56,0.56,0.8,0.34,0.85,0.32,0.19,0.73,0.864,0.302,0.421
0.56,0.56,1.0,1.0,0.98,0.98,0.16,0.16,0.24,0.24,0.24,0.48,0.43,0.49,0.0,0.34,0.25,0.72,0.56,0.25,0.25,0.56,0.56,0.84,0.32,0.88,0.3,0.22,0.56,0.841,0.297,0.424
0.0,0.0,0.0,0.0,1.0,1.0,0.16,0.16,0.25,0.25,0.24,0.49,0.31,0.34,0.0,0.34,0.25,0.72,0.56,0.25,0.25,0.56,0.56,0.76,0.36,0.78,0.35,0.23,0.52,0.839,0.297,0.423
0.57,0.57,1.0,1.0,0.97,0.97,0.16,0.16,0.35,0.35,0.24,0.49,0.22,0.22,0.75,0.34,0.77,0.72,0.51,0.76,0.77,0.51,0.51,0.7,0.38,0.7,0.38,0.16,0.56,0.829,0.297,0.421
0.57,0.57,1.0,1.0,0.97,0.97,0.16,0.16,0.41,0.41,0.2,0.52,0.16,0.16,0.75,0.3,0.93,0.69,0.34,0.93,0.93,0.34,0.34,0.66,0.4,0.66,0.4,0.07,0.57,0.82,0.298,0.42
0.57,0.57,1.0,1.0,0.97,0.97,0.16,0.16,0.42,0.42,0.2,0.52,0.16,0.15,1.0,0.26,0.97,0.66,0.28,0.97,0.97,0.28,0.28,0.66,0.4,0.65,0.41,0.04,0.63,0.828,0.303,0.42
0.57,0.57,1.0,1.0,0.97,0.97,0.16,0.16,0.41,0.41,0.2,0.53,0.2,0.15,1.0,0.25,0.97,0.65,0.28,0.97,0.97,0.28,0.28,0.68,0.39,0.65,0.41,0.04,0.64,0.836,0.3,0.417
0.57,0.57,1.0,1.0,0.97,0.97,0.16,0.16,0.38,0.38,0.21,0.52,0.2,0.15,1.0,0.25,0.97,0.65,0.28,0.97,0.97,0.28,0.28,0.68,0.39,0.65,0.41,0.04,0.65,0.841,0.303,0.412
0.57,0.57,1.0,1.0,0.97,0.97,0.26,0.26,0.22,0.22,0.27,0.45,0.21,0.16,1.0,0.25,0.97,0.65,0.29,0.97,0.97,0.29,0.29,0.69,0.39,0.66,0.4,0.04,0.65,0.857,0.313,0.411
0.57,0.57,1.0,1.0,0.97,0.97,0.16,0.16,0.25,0.25,0.27,0.45,0.21,0.16,1.0,0.24,0.97,0.65,0.28,0.97,0.97,0.28,0.28,0.69,0.39,0.66,0.4,0.03,0.65,0.861,0.325,0.399
0.56,0.56,1.0,1.0,0.97,0.97,0.16,0.16,0.26,0.26,0.27,0.45,0.21,0.16,1.0,0.24,0.97,0.64,0.28,0.97,0.98,0.28,0.28,0.69,0.39,0.66,0.4,0.03,0.66,0.859,0.332,0.395
0.56,0.56,1.0,1.0,0.98,0.98,0.21,0.21,0.24,0.24,0.28,0.45,0.2,0.15,1.0,0.23,0.97,0.64,0.27,0.97,0.98,0.27,0.27,0.68,0.39,0.65,0.4,0.03,0.66,0.859,0.328,0.395
0.57,0.57,1.0,1.0,0.96,0.96,0.29,0.28,0.18,0.18,0.29,0.43,0.2,0.15,1.0,0.26,0.96,0.65,0.29,0.95,0.97,0.29,0.29,0.68,0.39,0.65,0.4,0.03,0.66,0.85,0.322,0.407
0.56,0.56,1.0,1.0,0.98,0.98,0.16,0.16,0.24,0.24,0.3,0.43,0.2,0.16,1.0,0.24,0.97,0.64,0.27,0.97,0.97,0.27,0.27,0.68,0.39,0.66,0.4,0.03,0.66,0.839,0.315,0.412
0.56,0.56,1.0,1.0,0.98,0.98,0.16,0.16,0.24,0.24,0.3,0.42,0.2,0.15,1.0,0.23,0.97,0.64,0.27,0.97,0.97,0.27,0.27,0.68,0.39,0.65,0.4,0.02,0.65,0.839,0.312,0.409
0.56,0.56,1.0,1.0,0.98,0.98,0.16,0.16,0.25,0.25,0.31,0.41,0.2,0.15,1.0,0.23,0.97,0.64,0.27,0.97,0.98,0.27,0.27,0.68,0.39,0.65,0.41,0.02,0.65,0.839,0.31,0.407
0.56,0.56,1.0,1.0,0.98,0.98,0.16,0.16,0.25,0.25,0.31,0.41,0.2,0.15,1.0,0.23,0.97,0.63,0.27,0.97,0.98,0.27,0.27,0.68,0.39,0.65,0.41,0.02,0.65,0.837,0.312,0.407
0.56,0.56,1.0,1.0,0.98,0.98,0.16,0.16,0.26,0.26,0.32,0.41,0.18,0.15,1.0,0.23,0.97,0.63,0.27,0.97,0.98,0.27,0.27,0.67,0.39,0.65,0.41,0.02,0.64,0.828,0.315,0.406
0.56,0.56,1.0,1.0,0.98,0.98,0.16,0.16,0.26,0.26,0.32,0.4,0.18,0.13,1.0,0.23,0.98,0.63,0.27,0.98,0.98,0.27,0.27,0.67,0.39,0.64,0.41,0.02,0.63,0.826,0.3,0.404
0.59,0.59,1.0,1.0,0.95,0.95,0.95,0.95,0.25,0.25,0.35,0.38,0.18,0.16,0.75,0.28,0.91,0.67,0.32,0.9,0.91,0.32,0.32,0.67,0.39,0.66,0.4,0.03,0.61,0.825,0.298,0.403
0.6,0.6,1.0,1.0,0.94,0.94,0.96,0.96,0.27,0.27,0.37,0.36,0.22,0.2,0.75,0.29,0.88,0.68,0.32,0.87,0.89,0.32,0.32,0.7,0.38,0.68,0.39,0.03,0.59,0.823,0.297,0.404
0.6,0.6,1.0,1.0,0.94,0.94,0.95,0.95,0.27,0.27,0.37,0.36,0.25,0.2,0.75,0.3,0.88,0.69,0.33,0.86,0.89,0.33,0.33,0.72,0.38,0.68,0.39,0.03,0.57,0.826,0.295,0.411
0.6,0.6,1.0,1.0,0.94,0.94,0.95,0.95,0.27,0.27,0.37,0.35,0.25,0.2,0.75,0.3,0.88,0.68,0.32,0.87,0.89,0.32,0.32,0.72,0.37,0.68,0.39,0.04,0.57,0.823,0.283,0.42
0.56,0.56,1.0,1.0,0.98,0.98,0.2,0.2,0.25,0.25,0.38,0.34,0.22,0.18,1.0,0.25,0.95,0.65,0.28,0.95,0.96,0.28,0.28,0.7,0.38,0.67,0.4,0.03,0.55,0.824,0.282,0.431
0.39,0.39,0.68,0.68,1.0,1.0,0.16,0.16,0.28,0.28,0.38,0.34,0.22,0.16,1.0,0.24,0.96,0.64,0.28,0.96,0.96,0.28,0.28,0.7,0.38,0.66,0.4,0.03,0.53,0.817,0.283,0.437
0.39,0.39,0.68,0.68,1.0,1.0,0.16,0.16,0.29,0.29,0.39,0.34,0.22,0.15,1.0,0.23,0.96,0.64,0.28,0.96,0.97,0.28,0.28,0.7,0.38,0.65,0.4,0.02,0.53,0.809,0.288,0.439
0.39,0.39,0.67,0.67,1.0,1.0,0.16,0.16,0.29,0.29,0.39,0.33,0.22,0.15,1.0,0.23,0.97,0.63,0.28,0.97,0.97,0.28,0.28,0.7,0.38,0.65,0.41,0.02,0.52,0.803,0.295,0.444
0.38,0.38,0.65,0.65,1.0,1.0,0.16,0.16,0.29,0.29,0.4,0.32,0.22,0.15,1.0,0.23,0.97,0.63,0.28,0.97,0.97,0.28,0.28,0.7,0.38,0.65,0.41,0.02,0.51,0.802,0.298,0.452
0.58,0.58,1.0,1.0,0.96,0.96,0.76,0.75,0.13,0.13,0.39,0.34,0.22,0.15,0.75,0.27,0.93,0.67,0.33,0.92,0.94,0.33,0.33,0.7,0.38,0.65,0.41,0.03,0.51,0.808,0.303,0.471
0.56,0.56,1.0,1.0,0.97,0.97,0.18,0.18,0.25,0.25,0.41,0.32,0.22,0.16,1.0,0.26,0.94,0.66,0.29,0.94,0.95,0.29,0.29,0.7,0.38,0.66,0.4,0.03,0.5,0.811,0.307,0.501
0.56,0.56,1.0,1.0,0.98,0.98,0.16,0.16,0.28,0.28,0.4,0.32,0.21,0.15,1.0,0.24,0.95,0.65,0.29,0.95,0.96,0.29,0.29,0.69,0.39,0.65,0.41,0.03,0.5,0.806,0.31,0.512
0.4,0.4,0.69,0.69,1.0,1.0,0.16,0.16,0.28,0.28,0.39,0.33,0.2,0.15,1.0,0.24,0.96,0.64,0.28,0.96,0.96,0.28,0.28,0.68,0.39,0.65,0.41,0.02,0.51,0.803,0.31,0.515
0.4,0.4,0.69,0.69,1.0,1.0,0.16,0.16,0.28,0.28,0.39,0.34,0.18,0.13,1.0,0.23,0.96,0.64,0.28,0.96,0.97,0.28,0.28,0.67,0.39,0.64,0.41,0.02,0.52,0.796,0.303,0.512
0.41,0.41,0.71,0.71,1.0,1.0,0.16,0.16,0.28,0.28,0.38,0.35,0.18,0.13,1.0,0.23,0.96,0.64,0.27,0.96,0.97,0.27,0.27,0.67,0.4,0.64,0.41,0.02,0.54,0.789,0.305,0.512
0.42,0.42,0.75,0.75,1.0,1.0,0.16,0.16,0.28,0.28,0.37,0.35,0.16,0.12,1.0,0.23,0.97,0.63,0.27,0.97,0.97,0.27,0.27,0.66,0.4,0.63,0.42,0.02,0.55,0.789,0.308,0.513
0.43,0.43,0.77,0.77,1.0,1.0,0.16,0.16,0.27,0.27,0.37,0.36,0.15,0.1,1.0,0.23,0.97,0.63,0.27,0.97,0.97,0.27,0.27,0.65,0.4,0.62,0.42,0.02,0.57,0.792,0.317,0.514
0.38,0.38,0.64,0.64,1.0,1.0,0.16,0.16,0.49,0.49,0.3,0.43,0.15,0.09,1.0,0.23,0.97,0.64,0.28,0.97,0.97,0.28,0.28,0.65,0.41,0.61,0.42,0.03,0.58,0.798,0.328,0.524
0.41,0.41,0.72,0.72,1.0,1.0,0.16,0.16,0.5,0.5,0.3,0.42,0.15,0.1,1.0,0.24,0.97,0.64,0.28,0.97,0.97,0.28,0.28,0.65,0.41,0.62,0.42,0.03,0.59,0.809,0.352,0.53
0.43,0.43,0.77,0.77,1.0,1.0,0.16,0.16,0.47,0.47,0.31,0.41,0.13,0.09,1.0,0.24,0.97,0.64,0.27,0.97,0.98,0.27,0.27,0.64,0.41,0.61,0.42,0.03,0.6,0.814,0.38,0.531
0.44,0.44,0.79,0.79,1.0,1.0,0.16,0.16,0.46,0.46,0.3,0.43,0.12,0.09,1.0,0.23,0.98,0.64,0.27,0.98,0.98,0.27,0.27,0.63,0.42,0.61,0.42,0.03,0.61,0.809,0.413,0.528
0.55,0.55,1.0,1.0,0.98,0.98,0.16,0.16,0.44,0.44,0.29,0.43,0.12,0.09,1.0,0.24,0.98,0.64,0.27,0.98,0.98,0.27,0.27,0.63,0.42,0.61,0.43,0.03,0.63,0.805,0.445,0.525
0.57,0.57,1.0,1.0,0.97,0.97,0.16,0.16,0.41,0.41,0.3,0.43,0.12,0.1,1.0,0.28,0.94,0.67,0.31,0.94,0.95,0.31,0.31,0.63,0.41,0.62,0.42,0.05,0.63,0.809,0.48,0.515
0.57,0.57,1.0,1.0,0.97,0.97,0.16,0.16,0.35,0.35,0.29,0.43,0.13,0.13,0.75,0.34,0.87,0.72,0.38,0.86,0.88,0.38,0.38,0.64,0.41,0.64,0.41,0.09,0.62,0.814,0.505,0.505
0.57,0.57,1.0,1.0,0.97,0.97,0.16,0.16,0.31,0.31,0.31,0.42,0.13,0.13,0.75,0.34,0.85,0.72,0.38,0.84,0.86,0.38,0.38,0.64,0.41,0.64,0.41,0.08,0.6,0.813,0.532,0.498
0.57,0.57,1.0,1.0,0.97,0.97,0.16,0.16,0.3,0.3,0.3,0.42,0.13,0.13,0.75,0.35,0.84,0.73,0.37,0.83,0.85,0.37,0.37,0.64,0.41,0.64,0.41,0.08,0.6,0.816,0.555,0.494
0.58,0.58,1.0,1.0,0.96,0.96,0.16,0.16,0.29,0.29,0.31,0.41,0.15,0.13,0.75,0.37,0.82,0.74,0.39,0.81,0.84,0.39,0.39,0.65,0.41,0.64,0.41,0.09,0.58,0.821,0.578,0.49
0.61,0.61,1.0,1.0,0.93,0.93,0.16,0.16,0.28,0.28,0.32,0.41,0.18,0.16,0.75,0.41,0.76,0.77,0.43,0.74,0.77,0.43,0.43,0.67,0.4,0.66,0.4,0.15,0.55,0.827,0.582,0.483
0.61,0.61,1.0,1.0,0.94,0.94,0.42,0.42,0.14,0.14,0.32,0.4,0.22,0.24,0.5,0.41,0.69,0.77,0.47,0.68,0.71,0.47,0.47,0.7,0.38,0.71,0.38,0.17,0.53,0.831,0.595,0.477
0.62,0.62,1.0,1.0,0.93,0.93,0.41,0.4,0.13,0.13,0.32,0.41,0.28,0.3,0.5,0.4,0.69,0.77,0.48,0.68,0.7,0.48,0.48,0.74,0.37,0.75,0.36,0.17,0.52,0.84,0.603,0.474
0.61,0.61,1.0,1.0,0.94,0.94,0.35,0.35,0.14,0.14,0.31,0.41,0.42,0.46,0.5,0.36,0.69,0.73,0.53,0.68,0.7,0.53,0.53,0.83,0.33,0.86,0.31,0.17,0.51,0.851,0.607,0.47
0.58,0.58,1.0,1.0,0.96,0.96,0.36,0.36,0.15,0.15,0.32,0.41,0.81,0.81,0.5,0.29,0.68,0.68,0.56,0.67,0.69,0.56,0.56,1.0,0.21,1.0,0.21,0.17,0.52,0.874,0.62,0.465
0.57,0.57,1.0,1.0,0.96,0.96,0.38,0.38,0.15,0.15,0.32,0.41,0.81,0.81,0.5,0.27,0.65,0.67,0.56,0.62,0.67,0.56,0.56,1.0,0.21,1.0,0.21,0.18,0.52,0.906,0.64,0.454
0.57,0.57,1.0,1.0,0.97,0.97,0.39,0.39,0.17,0.17,0.31,0.41,0.81,0.81,0.5,0.26,0.63,0.66,0.56,0.61,0.65,0.56,0.56,1.0,0.21,1.0,0.21,0.19,0.5,0.921,0.642,0.453
0.57,0.57,1.0,1.0,0.97,0.97,0.25,0.25,0.25,0.25,0.28,0.44,0.81,0.81,0.75,0.26,0.63,0.66,0.56,0.61,0.65,0.56,0.56,1.0,0.21,1.0,0.21,0.17,0.44,0.935,0.638,0.451
0.57,0.57,1.0,1.0,0.97,0.97,0.16,0.16,0.28,0.28,0.27,0.45,0.81,0.81,0.75,0.26,0.64,0.66,0.56,0.62,0.65,0.56,0.56,1.0,0.21,1.0,0.21,0.14,0.41,0.943,0.632,0.454
0.57,0.57,1.0,1.0,0.97,0.97,0.16,0.16,0.29,0.29,0.26,0.46,0.81,0.81,0.75,0.26,0.62,0.65,0.56,0.61,0.64,0.56,0.56,1.0,0.21,1.0,0.21,0.12,0.4,0.978,0.613,0.468
0.57,0.57,1.0,1.0,0.97,0.97,0.16,0.16,0.29,0.29,0.25,0.47,0.81,0.81,0.75,0.25,0.58,0.65,0.56,0.57,0.6,0.56,0.56,1.0,0.21,1.0,0.21,0.1,0.39,0.993,0.598,0.47
0.57,0.57,1.0,1.0,0.97,0.97,0.16,0.16,0.3,0.3,0.25,0.48,0.81,0.81,0.75,0.25,0.58,0.65,0.56,0.56,0.59,0.56,0.56,1.0,0.21,1.0,0.21,0.09,0.38,0.993,0.573,0.459
0.57,0.57,1.0,1.0,0.97,0.97,0.21,0.21,0.28,0.28,0.25,0.47,0.81,0.81,0.75,0.24,0.57,0.65,0.56,0.56,0.58,0.56,0.56,1.0,0.21,1.0,0.21,0.1,0.37,0.988,0.555,0.453
0.57,0.57,1.0,1.0,0.97,0.97,0.22,0.22,0.26,0.26,0.26,0.46,0.81,0.81,0.75,0.24,0.56,0.64,0.56,0.54,0.57,0.56,0.56,1.0,0.21,1.0,0.21,0.14,0.37,0.949,0.537,0.443
0.57,0.57,1.0,1.0,0.97,0.97,0.16,0.16,0.32,0.32,0.24,0.48,0.81,0.81,0.75,0.24,0.55,0.64,0.56,0.53,0.56,0.56,0.56,1.0,0.21,1.0,0.21,0.22,0.37,0.941,0.517,0.441
0.58,0.58,1.0,1.0,0.96,0.96,0.16,0.16,0.34,0.34,0.23,0.49,0.81,0.81,0.75,0.24,0.59,0.64,0.56,0.57,0.61,0.56,0.56,1.0,0.21,1.0,0.21,0.47,0.5,0.924,0.498,0.436
0.58,0.58,1.0,1.0,0.96,0.96,0.16,0.16,0.37,0.37,0.22,0.51,0.81,0.81,0.75,0.24,0.69,0.64,0.56,0.67,0.71,0.56,0.56,1.0,0.21,1.0,0.21,0.61,0.5,0.914,0.483,0.429
0.59,0.59,1.0,1.0,0.95,0.95,0.16,0.16,0.36,0.36,0.22,0.5,0.81,0.81,0.75,0.24,0.7,0.64,0.56,0.68,0.72,0.56,0.56,1.0,0.21,1.0,0.21,0.64,0.5,0.893,0.463,0.421
0.59,0.59,1.0,1.0,0.95,0.95,0.16,0.16,0.36,0.36,0.21,0.52,0.81,0.81,0.75,0.24,0.71,0.64,0.56,0.7,0.73,0.56,0.56,1.0,0.21,1.0,0.21,0.7,0.5,0.882,0.438,0.418
0.59,0.59,1.0,1.0,0.95,0.95,0.16,0.16,0.36,0.36,0.2,0.52,0.81,0.81,0.75,0.24,0.73,0.64,0.56,0.72,0.75,0.56,0.56,1.0,0.21,1.0,0.21,0.71,0.5,0.871,0.412,0.412
0.59,0.59,1.0,1.0,0.95,0.95,0.16,0.16,0.36,0.36,0.21,0.52,0.81,0.81,0.75,0.24,0.73,0.64,0.56,0.71,0.75,0.56,0.56,1.0,0.21,1.0,0.21,0.66,0.5,0.866,0.385,0.405
0.59,0.59,1.0,1.0,0.95,0.95,0.16,0.16,0.35,0.35,0.2,0.53,0.81,0.81,0.75,0.25,0.72,0.65,0.56,0.72,0.73,0.56,0.56,1.0,0.21,1.0,0.21,0.51,0.5,0.856,0.358,0.406
0.58,0.58,1.0,1.0,0.96,0.96,0.24,0.24,0.28,0.28,0.2,0.53,0.81,0.81,0.75,0.25,0.71,0.65,0.56,0.71,0.71,0.56,0.56,1.0,0.21,1.0,0.21,0.38,0.38,0.842,0.343,0.403
0.57,0.57,1.0,1.0,0.97,0.97,0.16,0.16,0.32,0.32,0.19,0.53,0.81,0.81,0.75,0.25,0.73,0.65,0.56,0.73,0.73,0.56,0.56,1.0,0.21,1.0,0.21,0.21,0.38,0.836,0.34,0.405
0.57,0.57,1.0,1.0,0.97,0.97,0.16,0.16,0.36,0.36,0.19,0.54,0.81,0.81,0.75,0.26,0.76,0.65,0.56,0.76,0.75,0.56,0.56,1.0,0.21,1.0,0.21,0.13,0.39,0.837,0.332,0.401
0.57,0.57,1.0,1.0,0.97,0.97,0.16,0.16,0.36,0.36,0.18,0.54,0.81,0.81,0.75,0.26,0.76,0.66,0.56,0.76,0.76,0.56,0.56,1.0,0.21,1.0,0.21,0.12,0.4,0.84,0.33,0.395
0.57,0.57,1.0,1.0,0.97,0.97,0.16,0.16,0.36,0.36,0.18,0.54,0.81,0.81,0.75,0.26,0.76,0.66,0.56,0.76,0.75,0.56,0.56,1.0,0.21,1.0,0.21,0.12,0.41,0.832,0.323,0.395
0.57,0.57,1.0,1.0,0.97,0.97,0.16,0.16,0.36,0.36,0.17,0.56,0.81,0.81,0.75,0.26,0.75,0.66,0.56,0.75,0.75,0.56,0.56,1.0,0.21,1.0,0.21,0.13,0.41,0.831,0.325,0.392
0.57,0.57,1.0,1.0,0.97,0.97,0.16,0.16,0.36,0.36,0.15,0.57,0.81,0.81,0.75,0.26,0.74,0.66,0.56,0.74,0.74,0.56,0.56,1.0,0.21,1.0,0.21,0.15,0.42,0.824,0.325,0.385
0.57,0.57,1.0,1.0,0.97,0.97,0.16,0.16,0.37,0.37,0.15,0.58,0.81,0.81,0.75,0.27,0.8,0.66,0.54,0.8,0.8,0.54,0.54,1.0,0.21,1.0,0.21,0.1,0.42,0.827,0.322,0.386
0.57,0.57,1.0,1.0,0.97,0.97,0.16,0.16,0.39,0.39,0.14,0.58,0.77,0.75,0.75,0.27,0.9,0.67,0.38,0.9,0.9,0.38,0.38,1.0,0.22,1.0,0.23,0.05,0.45,0.829,0.322,0.384
0.57,0.57,1.0,1.0,0.97,0.97,0.21,0.2,0.27,0.27,0.19,0.54,0.7,0.66,0.75,0.27,0.93,0.66,0.35,0.92,0.93,0.35,0.35,1.0,0.24,0.99,0.25,0.05,0.53,0.831,0.332,0.381
0.56,0.56,1.0,1.0,0.97,0.97,0.16,0.16,0.38,0.38,0.18,0.55,0.69,0.64,0.75,0.26,0.94,0.66,0.33,0.94,0.95,0.33,0.33,1.0,0.24,0.98,0.26,0.04,0.55,0.826,0.328,0.37
0.56,0.56,1.0,1.0,0.97,0.97,0.16,0.16,0.4,0.4,0.19,0.54,0.64,0.57,1.0,0.25,0.95,0.65,0.3,0.95,0.96,0.3,0.3,0.98,0.26,0.93,0.28,0.04,0.56,0.808,0.308,0.357
0.57,0.57,1.0,1.0,0.97,0.97,0.16,0.16,0.41,0.41,0.2,0.52,0.61,0.55,1.0,0.25,0.96,0.65,0.3,0.96,0.96,0.3,0.3,0.96,0.27,0.92,0.29,0.04,0.58,0.805,0.292,0.362
0.57,0.57,1.0,1.0,0.97,0.97,0.16,0.16,0.42,0.42,0.21,0.52,0.58,0.51,1.0,0.24,0.96,0.64,0.3,0.96,0.97,0.3,0.3,0.94,0.28,0.89,0.3,0.04,0.6,0.797,0.28,0.36
0.57,0.57,1.0,1.0,0.97,0.97,0.16,0.16,0.41,0.41,0.22,0.51,0.55,0.45,1.0,0.24,0.96,0.64,0.3,0.96,0.97,0.3,0.3,0.92,0.28,0.85,0.32,0.04,0.61,0.799,0.277,0.356
0.57,0.57,1.0,1.0,0.97,0.97,0.16,0.16,0.41,0.41,0.23,0.49,0.52,0.42,1.0,0.24,0.96,0.64,0.3,0.96,0.97,0.3,0.3,0.9,0.29,0.83,0.33,0.04,0.61,0.797,0.27,0.347
0.57,0.57,1.0,1.0,0.97,0.97,0.16,0.16,0.4,0.4,0.29,0.43,0.51,0.39,0.75,0.24,0.96,0.65,0.3,0.95,0.97,0.3,0.3,0.89,0.3,0.81,0.33,0.04,0.61,0.796,0.265,0.339
0.57,0.57,1.0,1.0,0.97,0.97,0.16,0.16,0.39,0.39,0.34,0.38,0.48,0.34,0.75,0.25,0.95,0.65,0.32,0.95,0.96,0.32,0.32,0.87,0.31,0.78,0.35,0.04,0.59,0.786,0.248,0.333
0.57,0.57,1.0,1.0,0.97,0.97,0.16,0.16,0.28,0.28,0.39,0.33,0.43,0.33,0.75,0.25,0.94,0.65,0.32,0.94,0.95,0.32,0.32,0.84,0.32,0.77,0.35,0.04,0.55,0.785,0.235,0.33
0.57,0.57,1.0,1.0,0.97,0.97,0.16,0.16,0.25,0.25,0.44,0.29,0.4,0.31,0.75,0.25,0.94,0.65,0.32,0.93,0.95,0.32,0.32,0.82,0.33,0.76,0.36,0.03,0.52,0.783,0.238,0.331
0.57,0.57,1.0,1.0,0.97,0.97,0.16,0.16,0.25,0.25,0.47,0.26,0.38,0.28,0.75,0.26,0.94,0.65,0.32,0.93,0.94,0.32,0.32,0.8,0.34,0.74,0.37,0.03,0.49,0.791,0.242,0.343
0.57,0.57,1.0,1.0,0.97,0.97,0.16,0.16,0.25,0.25,0.5,0.22,0.33,0.25,0.75,0.26,0.94,0.66,0.32,0.93,0.94,0.32,0.32,0.77,0.35,0.72,0.37,0.04,0.45,0.794,0.243,0.355
0.57,0.57,1.0,1.0,0.96,0.96,0.16,0.16,0.25,0.25,0.54,0.19,0.31,0.25,0.75,0.26,0.94,0.66,0.3,0.94,0.95,0.3,0.3,0.76,0.35,0.72,0.37,0.03,0.44,0.795,0.247,0.365
0.57,0.57,1.0,1.0,0.97,0.97,0.16,0.16,0.25,0.25,0.55,0.17,0.31,0.25,0.75,0.26,0.94,0.66,0.3,0.94,0.95,0.3,0.3,0.76,0.36,0.72,0.37,0.03,0.44,0.803,0.268,0.385
0.57,0.57,1.0,1.0,0.97,0.97,0.16,0.16,0.31,0.31,0.56,0.17,0.28,0.24,0.75,0.26,0.94,0.66,0.3,0.94,0.95,0.3,0.3,0.74,0.37,0.71,0.38,0.03,0.43,0.81,0.297,0.399
0.57,0.57,1.0,1.0,0.96,0.96,0.16,0.16,0.32,0.32,0.56,0.17,0.27,0.21,0.75,0.27,0.94,0.66,0.3,0.94,0.95,0.3,0.3,0.73,0.37,0.69,0.39,0.04,0.42,0.815,0.318,0.415
0.57,0.57,1.0,1.0,0.96,0.96,0.16,0.16,0.44,0.44,0.54,0.18,0.24,0.2,0.75,0.27,0.94,0.67,0.3,0.94,0.95,0.3,0.3,0.71,0.38,0.68,0.39,0.04,0.42,0.82,0.342,0.444
0.57,0.57,1.0,1.0,0.96,0.96,0.16,0.16,0.44,0.44,0.53,0.2,0.24,0.2,0.75,0.27,0.94,0.67,0.31,0.94,0.95,0.31,0.31,0.71,0.38,0.68,0.39,0.04,0.44,0.827,0.377,0.476
0.57,0.57,1.0,1.0,0.97,0.97,0.16,0.16,0.44,0.44,0.52,0.2,0.24,0.18,0.75,0.27,0.94,0.67,0.31,0.94,0.95,0.31,0.31,0.71,0.38,0.67,0.4,0.04,0.45,0.841,0.407,0.5
0.57,0.57,1.0,1.0,0.97,0.97,0.16,0.16,0.43,0.43,0.51,0.21,0.22,0.18,1.0,0.27,0.94,0.67,0.31,0.94,0.95,0.31,0.31,0.7,0.38,0.67,0.4,0.04,0.46,0.857,0.438,0.535
0.57,0.57,1.0,1.0,0.96,0.96,0.85,0.83,0.16,0.16,0.45,0.28,0.27,0.15,0.75,0.27,0.93,0.67,0.32,0.92,0.94,0.32,0.32,0.73,0.37,0.65,0.4,0.04,0.46,0.866,0.46,0.562
0.57,0.57,1.0,1.0,0.96,0.96,0.24,0.24,0.2,0.2,0.46,0.27,0.25,0.16,0.75,0.27,0.94,0.67,0.31,0.93,0.94,0.31,0.31,0.72,0.38,0.66,0.4,0.04,0.48,0.864,0.49,0.597
0.56,0.56,1.0,1.0,0.97,0.97,0.16,0.16,0.25,0.25,0.43,0.29,0.25,0.16,1.0,0.25,0.94,0.65,0.3,0.94,0.95,0.3,0.3,0.72,0.38,0.66,0.4,0.03,0.49,0.863,0.505,0.629
0.56,0.56,1.0,1.0,0.98,0.98,0.16,0.16,0.26,0.26,0.42,0.3,0.25,0.16,1.0,0.25,0.94,0.65,0.3,0.94,0.95,0.3,0.3,0.72,0.38,0.66,0.4,0.03,0.5,0.859,0.523,0.646
0.56,0.56,1.0,1.0,0.98,0.98,0.16,0.16,0.26,0.26,0.41,0.32,0.24,0.15,1.0,0.24,0.95,0.64,0.29,0.95,0.96,0.29,0.29,0.71,0.38,0.65,0.4,0.02,0.51,0.856,0.538,0.661
0.56,0.56,1.0,1.0,0.98,0.98,0.16,0.16,0.26,0.26,0.4,0.32,0.24,0.15,1.0,0.24,0.95,0.64,0.29,0.95,0.96,0.29,0.29,0.71,0.38,0.65,0.41,0.02,0.52,0.855,0.56,0.675
0.56,0.56,1.0,1.0,0.98,0.98,0.16,0.16,0.26,0.26,0.39,0.33,0.24,0.13,1.0,0.24,0.95,0.64,0.29,0.95,0.96,0.29,0.29,0.71,0.38,0.64,0.41,0.02,0.53,0.852,0.568,0.661
0.56,0.56,1.0,1.0,0.98,0.98,0.16,0.16,0.26,0.26,0.39,0.34,0.22,0.13,1.0,0.24,0.95,0.64,0.29,0.95,0.96,0.29,0.29,0.7,0.38,0.64,0.41,0.02,0.53,0.857,0.573,0.641
0.56,0.56,1.0,1.0,0.98,0.98,0.16,0.16,0.26,0.26,0.38,0.35,0.22,0.12,1.0,0.23,0.96,0.64,0.28,0.96,0.97,0.28,0.28,0.7,0.38,0.63,0.42,0.02,0.53,0.864,0.572,0.64
0.61,0.61,1.0,1.0,0.94,0.94,0.96,0.96,0.25,0.25,0.37,0.36,0.22,0.13,0.75,0.31,0.9,0.7,0.32,0.88,0.92,0.32,0.32,0.7,0.38,0.64,0.41,0.03,0.55,0.857,0.567,0.629
0.62,0.62,1.0,1.0,0.93,0.93,0.96,0.96,0.25,0.25,0.36,0.36,0.22,0.15,0.75,0.31,0.89,0.7,0.32,0.87,0.91,0.32,0.32,0.7,0.38,0.65,0.4,0.03,0.58,0.854,0.567,0.612
0.58,0.58,1.0,1.0,0.96,0.96,0.32,0.32,0.18,0.18,0.36,0.37,0.22,0.15,0.75,0.28,0.94,0.67,0.3,0.93,0.94,0.3,0.3,0.7,0.38,0.65,0.4,0.03,0.58,0.846,0.562,0.574
0.57,0.57,1.0,1.0,0.97,0.97,0.2,0.2,0.23,0.23,0.35,0.37,0.22,0.16,1.0,0.25,0.95,0.65,0.29,0.95,0.96,0.29,0.29,0.7,0.38,0.66,0.4,0.03,0.57,0.839,0.56,0.555
0.56,0.56,1.0,1.0,0.97,0.97,0.16,0.16,0.24,0.24,0.35,0.38,0.21,0.16,1.0,0.25,0.96,0.65,0.28,0.96,0.96,0.28,0.28,0.69,0.39,0.66,0.4,0.03,0.58,0.827,0.57,0.538
0.56,0.56,1.0,1.0,0.98,0.98,0.16,0.16,0.24,0.24,0.33,0.39,0.2,0.16,1.0,0.24,0.96,0.65,0.28,0.96,0.96,0.28,0.28,0.68,0.39,0.66,0.4,0.03,0.59,0.824,0.573,0.528
0.56,0.56,1.0,1.0,0.97,0.97,0.16,0.16,0.23,0.23,0.32,0.4,0.2,0.16,1.0,0.24,0.96,0.65,0.28,0.96,0.96,0.28,0.28,0.68,0.39,0.66,0.4,0.03,0.6,0.818,0.572,0.522
0.56,0.56,1.0,1.0,0.97,0.97,0.16,0.16,0.22,0.22,0.32,0.41,0.2,0.16,1.0,0.25,0.96,0.65,0.28,0.96,0.96,0.28,0.28,0.68,0.39,0.66,0.4,0.03,0.6,0.817,0.568,0.515
0.56,0.56,1.0,1.0,0.97,0.97,0.16,0.16,0.21,0.21,0.31,0.42,0.18,0.16,1.0,0.25,0.94,0.65,0.3,0.94,0.95,0.3,0.3,0.67,0.39,0.66,0.4,0.03,0.61,0.819,0.56,0.507
0.57,0.57,1.0,1.0,0.97,0.97,0.16,0.16,0.2,0.2,0.3,0.42,0.18,0.16,0.75,0.26,0.94,0.66,0.3,0.93,0.94,0.3,0.3,0.67,0.4,0.66,0.4,0.03,0.63,0.816,0.552,0.496
0.57,0.57,1.0,1.0,0.97,0.97,0.18,0.18,0.19,0.19,0.31,0.42,0.18,0.16,0.75,0.28,0.93,0.67,0.31,0.92,0.93,0.31,0.31,0.67,0.39,0.66,0.4,0.03,0.63,0.814,0.54,0.495
0.57,0.57,1.0,1.0,0.97,0.97,0.19,0.19,0.18,0.18,0.31,0.42,0.16,0.16,0.75,0.28,0.92,0.67,0.3,0.91,0.92,0.3,0.3,0.66,0.4,0.66,0.4,0.03,0.63,0.815,0.528,0.493
0.57,0.57,1.0,1.0,0.97,0.97,0.19,0.19,0.18,0.18,0.3,0.42,0.16,0.16,0.75,0.28,0.9,0.68,0.32,0.89,0.9,0.32,0.32,0.66,0.4,0.66,0.4,0.03,0.63,0.816,0.505,0.48
0.57,0.57,1.0,1.0,0.97,0.97,0.2,0.2,0.18,0.18,0.31,0.42,0.16,0.16,0.75,0.3,0.88,0.69,0.34,0.87,0.88,0.34,0.34,0.66,0.4,0.66,0.4,0.04,0.62,0.821,0.482,0.47
0.57,0.57,1.0,1.0,0.97,0.97,0.21,0.21,0.18,0.18,0.31,0.42,0.16,0.16,0.75,0.31,0.86,0.69,0.37,0.86,0.87,0.37,0.37,0.66,0.4,0.66,0.4,0.04,0.62,0.818,0.463,0.459
0.59,0.59,1.0,1.0,0.95,0.95,0.4,0.4,0.2,0.2,0.43,0.29,0.18,0.16,0.75,0.33,0.89,0.71,0.35,0.88,0.9,0.35,0.35,0.67,0.4,0.66,0.4,0.05,0.62,0.813,0.452,0.443
0.59,0.59,1.0,1.0,0.95,0.95,0.16,0.16,0.32,0.32,0.58,0.15,0.18,0.16,0.75,0.33,0.92,0.71,0.34,0.91,0.93,0.34,0.34,0.67,0.4,0.66,0.4,0.05,0.62,0.816,0.435,0.428
0.59,0.59,1.0,1.0,0.95,0.95,0.16,0.16,0.35,0.35,0.55,0.18,0.16,0.16,0.75,0.33,0.93,0.71,0.33,0.92,0.93,0.33,0.33,0.66,0.4,0.66,0.4,0.05,0.63,0.826,0.417,0.421
0.59,0.59,1.0,1.0,0.95,0.95,0.16,0.16,0.36,0.36,0.56,0.17,0.16,0.16,1.0,0.33,0.93,0.71,0.33,0.92,0.93,0.33,0.33,0.66,0.4,0.66,0.4,0.05,0.65,0.835,0.39,0.408
0.58,0.58,1.0,1.0,0.96,0.96,0.16,0.16,0.36,0.36,0.57,0.16,0.16,0.16,1.0,0.32,0.94,0.7,0.32,0.93,0.94,0.32,0.32,0.66,0.4,0.66,0.4,0.05,0.66,0.845,0.377,0.402
0.58,0.58,1.0,1.0,0.96,0.96,0.16,0.16,0.36,0.36,0.57,0.16,0.16,0.15,1.0,0.32,0.94,0.7,0.32,0.93,0.94,0.32,0.32,0.66,0.4,0.65,0.4,0.05,0.67,0.852,0.372,0.389
0.59,0.59,1.0,1.0,0.95,0.95,0.46,0.45,0.17,0.17,0.25,0.48,0.15,0.09,1.0,0.32,0.93,0.7,0.32,0.92,0.94,0.32,0.32,0.65,0.4,0.61,0.43,0.05,0.67,0.858,0.372,0.382
0.58,0.58,1.0,1.0,0.96,0.96,0.16,0.16,0.3,0.3,0.22,0.51,0.15,0.1,1.0,0.31,0.93,0.7,0.32,0.92,0.94,0.32,0.32,0.65,0.41,0.62,0.42,0.05,0.68,0.863,0.37,0.381
0.57,0.57,1.0,1.0,0.96,0.96,0.16,0.16,0.38,0.38,0.29,0.43,0.15,0.15,1.0,0.29,0.94,0.68,0.34,0.93,0.94,0.34,0.34,0.65,0.4,0.65,0.41,0.05,0.64,0.86,0.372,0.383
0.57,0.57,1.0,1.0,0.97,0.97,0.16,0.16,0.38,0.38,0.31,0.41,0.15,0.13,1.0,0.29,0.93,0.68,0.33,0.92,0.94,0.33,0.33,0.65,0.4,0.64,0.41,0.05,0.61,0.849,0.368,0.385
0.56,0.56,1.0,1.0,0.97,0.97,0.16,0.16,0.39,0.39,0.33,0.4,0.16,0.13,1.0,0.28,0.94,0.67,0.32,0.93,0.94,0.32,0.32,0.66,0.4,0.64,0.41,0.04,0.59,0.841,0.36,0.364
0.57,0.57,1.0,1.0,0.97,0.97,0.58,0.58,0.14,0.14,0.36,0.37,0.18,0.15,0.75,0.3,0.92,0.69,0.35,0.91,0.93,0.35,0.35,0.67,0.4,0.65,0.41,0.04,0.57,0.838,0.343,0.299
0.57,0.57,1.0,1.0,0.97,0.97,0.23,0.23,0.24,0.24,0.35,0.37,0.18,0.15,1.0,0.28,0.93,0.67,0.31,0.93,0.93,0.31,0.31,0.67,0.39,0.65,0.4,0.04,0.56,0.826,0.35,0.243
0.56,0.56,1.0,1.0,0.98,0.98,0.16,0.16,0.28,0.28,0.35,0.37,0.18,0.15,1.0,0.26,0.95,0.65,0.3,0.95,0.95,0.3,0.3,0.67,0.4,0.65,0.4,0.03,0.56,0.821,0.362,0.21
0.56,0.56,1.0,1.0,0.98,0.98,0.16,0.16,0.3,0.3,0.35,0.37,0.2,0.16,1.0,0.25,0.95,0.65,0.3,0.95,0.96,0.3,0.3,0.68,0.39,0.66,0.4,0.03,0.56,0.821,0.37,0.205
0.43,0.43,0.78,0.78,1.0,1.0,0.16,0.16,0.31,0.31,0.35,0.38,0.2,0.16,1.0,0.24,0.96,0.64,0.29,0.96,0.96,0.29,0.29,0.68,0.39,0.66,0.4,0.03,0.56,0.82,0.377,0.209
0.43,0.43,0.78,0.78,1.0,1.0,0.16,0.16,0.31,0.31,0.35,0.37,0.21,0.16,1.0,0.24,0.96,0.64,0.29,0.96,0.96,0.29,0.29,0.69,0.39,0.66,0.4,0.02,0.57,0.816,0.383,0.218
0.44,0.44,0.78,0.78,1.0,1.0,0.16,0.16,0.31,0.31,0.35,0.37,0.2,0.15,1.0,0.23,0.96,0.64,0.28,0.96,0.97,0.28,0.28,0.68,0.39,0.65,0.41,0.02,0.57,0.799,0.407,0.249
0.44,0.44,0.78,0.78,1.0,1.0,0.16,0.16,0.29,0.29,0.35,0.37,0.2,0.13,1.0,0.23,0.96,0.64,0.28,0.96,0.97,0.28,0.28,0.68,0.39,0.64,0.41,0.02,0.57,0.799,0.42,0.296
0.44,0.44,0.79,0.79,1.0,1.0,0.16,0.16,0.27,0.27,0.35,0.37,0.16,0.13,1.0,0.23,0.96,0.64,0.28,0.96,0.96,0.28,0.28,0.66,0.4,0.64,0.41,0.02,0.57,0.804,0.425,0.388
0.57,0.57,1.0,1.0,0.97,0.97,0.44,0.44,0.16,0.16,0.35,0.37,0.16,0.13,0.75,0.28,0.94,0.67,0.32,0.93,0.94,0.32,0.32,0.66,0.4,0.64,0.41,0.03,0.57,0.806,0.44,0.421
0.58,0.58,1.0,1.0,0.96,0.96,0.25,0.25,0.18,0.18,0.35,0.38,0.15,0.13,0.75,0.3,0.92,0.69,0.31,0.91,0.93,0.31,0.31,0.65,0.4,0.64,0.41,0.04,0.57,0.803,0.452,0.436
0.58,0.58,1.0,1.0,0.96,0.96,0.22,0.22,0.18,0.18,0.36,0.37,0.15,0.15,0.75,0.33,0.86,0.71,0.36,0.86,0.87,0.36,0.36,0.65,0.4,0.65,0.41,0.05,0.57,0.796,0.46,0.443
0.59,0.59,1.0,1.0,0.95,0.95,0.26,0.26,0.16,0.16,0.36,0.37,0.15,0.15,0.5,0.36,0.84,0.73,0.35,0.84,0.85,0.35,0.35,0.65,0.41,0.65,0.41,0.05,0.57,0.785,0.458,0.441
0.62,0.62,1.0,1.0,0.93,0.93,0.28,0.28,0.15,0.15,0.36,0.37,0.15,0.15,0.5,0.37,0.83,0.74,0.35,0.83,0.84,0.35,0.35,0.65,0.41,0.65,0.4,0.06,0.56,0.769,0.46,0.442
0.64,0.64,1.0,1.0,0.91,0.91,0.31,0.31,0.14,0.14,0.36,0.37,0.15,0.15,0.5,0.38,0.83,0.75,0.35,0.83,0.84,0.35,0.35,0.65,0.41,0.65,0.4,0.06,0.55,0.751,0.47,0.449
0.66,0.66,1.0,1.0,0.89,0.89,0.79,0.79,0.06,0.06,0.38,0.35,0.15,0.16,0.5,0.38,0.84,0.75,0.35,0.84,0.85,0.35,0.35,0.65,0.4,0.66,0.4,0.06,0.54,0.741,0.478,0.452
0.64,0.64,1.0,1.0,0.91,0.91,0.42,0.42,0.17,0.17,0.35,0.38,0.15,0.15,0.5,0.38,0.86,0.75,0.35,0.86,0.86,0.35,0.35,0.65,0.41,0.65,0.4,0.06,0.53,0.739,0.497,0.455
0.66,0.66,1.0,1.0,0.89,0.89,0.35,0.35,0.15,0.15,0.34,0.39,0.12,0.15,0.5,0.37,0.83,0.74,0.34,0.83,0.83,0.34,0.34,0.63,0.41,0.65,0.41,0.06,0.53,0.745,0.51,0.454
0.69,0.69,1.0,1.0,0.87,0.87,0.44,0.44,0.12,0.12,0.34,0.39,0.13,0.15,0.75,0.38,0.81,0.75,0.36,0.8,0.81,0.36,0.36,0.64,0.41,0.65,0.4,0.06,0.5,0.766,0.53,0.455
0.69,0.69,1.0,1.0,0.87,0.87,0.4,0.4,0.15,0.15,0.35,0.38,0.13,0.15,0.75,0.37,0.82,0.74,0.35,0.82,0.83,0.35,0.35,0.64,0.41,0.65,0.4,0.06,0.48,0.786,0.545,0.456
0.69,0.69,1.0,1.0,0.87,0.87,0.43,0.43,0.14,0.14,0.34,0.39,0.13,0.15,0.75,0.37,0.82,0.74,0.35,0.82,0.83,0.35,0.35,0.64,0.41,0.65,0.4,0.05,0.46,0.816,0.553,0.455
0.69,0.69,1.0,1.0,0.87,0.87,0.38,0.38,0.14,0.14,0.34,0.39,0.15,0.16,0.75,0.38,0.83,0.75,0.35,0.83,0.83,0.35,0.35,0.65,0.4,0.66,0.4,0.06,0.47,0.879,0.545,0.447
0.67,0.67,1.0,1.0,0.89,0.89,0.72,0.72,0.04,0.04,0.37,0.36,0.16,0.18,0.5,0.38,0.82,0.75,0.35,0.82,0.83,0.35,0.35,0.66,0.4,0.67,0.4,0.06,0.47,0.941,0.55,0.463
0.66,0.66,1.0,1.0,0.9,0.9,0.51,0.51,0.1,0.1,0.35,0.38,0.18,0.18,0.5,0.38,0.82,0.75,0.36,0.82,0.83,0.36,0.36,0.67,0.4,0.67,0.4,0.07,0.48,0.972,0.575,0.466
0.65,0.65,1.0,1.0,0.9,0.9,0.37,0.37,0.13,0.13,0.34,0.38,0.16,0.18,0.5,0.38,0.82,0.75,0.36,0.82,0.83,0.36,0.36,0.66,0.4,0.67,0.4,0.07,0.49,0.993,0.593,0.469
0.64,0.64,1.0,1.0,0.91,0.91,0.32,0.32,0.14,0.14,0.35,0.38,0.16,0.18,0.5,0.39,0.81,0.75,0.36,0.81,0.82,0.36,0.36,0.66,0.4,0.67,0.4,0.08,0.51,0.993,0.608,0.472
0.62,0.62,1.0,1.0,0.92,0.92,0.27,0.27,0.17,0.17,0.35,0.38,0.15,0.16,0.5,0.39,0.82,0.75,0.36,0.82,0.83,0.36,0.36,0.65,0.4,0.66,0.4,0.07,0.52,0.993,0.612,0.473
0.62,0.62,1.0,1.0,0.93,0.93,0.25,0.25,0.18,0.18,0.35,0.37,0.15,0.16,0.5,0.38,0.83,0.75,0.35,0.83,0.84,0.35,0.35,0.65,0.41,0.66,0.4,0.07,0.53,0.993,0.62,0.459
0.62,0.62,1.0,1.0,0.93,0.93,0.24,0.24,0.19,0.19,0.36,0.37,0.15,0.15,0.75,0.38,0.83,0.75,0.35,0.83,0.84,0.35,0.35,0.65,0.41,0.65,0.41,0.07,0.55,0.993,0.613,0.459
0.61,0.61,1.0,1.0,0.93,0.93,0.29,0.29,0.15,0.15,0.36,0.36,0.13,0.15,0.75,0.38,0.83,0.75,0.35,0.83,0.84,0.35,0.35,0.64,0.41,0.65,0.41,0.07,0.56,0.993,0.598,0.465
0.61,0.61,1.0,1.0,0.94,0.94,0.27,0.27,0.16,0.16,0.36,0.37,0.13,0.15,0.75,0.38,0.84,0.75,0.35,0.84,0.85,0.35,0.35,0.64,0.41,0.65,0.41,0.07,0.58,0.993,0.572,0.466
0.6,0.6,1.0,1.0,0.94,0.94,0.25,0.25,0.17,0.17,0.36,0.37,0.13,0.15,0.75,0.37,0.85,0.74,0.35,0.85,0.86,0.35,0.35,0.64,0.41,0.65,0.41,0.07,0.6,0.993,0.553,0.463
0.59,0.59,1.0,1.0,0.95,0.95,0.23,0.23,0.18,0.18,0.36,0.37,0.13,0.15,0.75,0.33,0.89,0.71,0.33,0.88,0.89,0.33,0.33,0.64,0.41,0.65,0.41,0.06,0.62,0.993,0.535,0.454
0.59,0.59,1.0,1.0,0.95,0.95,0.21,0.21,0.19,0.19,0.35,0.37,0.13,0.13,0.75,0.3,0.91,0.69,0.31,0.91,0.91,0.31,0.31,0.64,0.41,0.64,0.41,0.05,0.63,0.993,0.533,0.456
0.58,0.58,1.0,1.0,0.96,0.96,0.2,0.2,0.2,0.2,0.35,0.38,0.12,0.13,0.75,0.3,0.92,0.69,0.31,0.91,0.92,0.31,0.31,0.63,0.41,0.64,0.41,0.05,0.64,0.993,0.538,0.455
0.57,0.57,1.0,1.0,0.97,0.97,0.2,0.2,0.2,0.2,0.34,0.38,0.12,0.13,0.75,0.3,0.91,0.68,0.31,0.91,0.91,0.31,0.31,0.63,0.41,0.64,0.41,0.04,0.64,0.993,0.548,0.455
0.57,0.57,1.0,1.0,0.97,0.97,0.19,0.19,0.21,0.21,0.34,0.38,0.12,0.13,0.75,0.29,0.92,0.68,0.31,0.91,0.92,0.31,0.31,0.63,0.41,0.64,0.41,0.04,0.64,0.993,0.555,0.469
0.57,0.57,1.0,1.0,0.97,0.97,0.16,0.16,0.22,0.22,0.34,0.38,0.12,0.13,0.75,0.28,0.92,0.68,0.3,0.92,0.92,0.3,0.3,0.63,0.41,0.64,0.41,0.04,0.63,0.993,0.555,0.477
0.57,0.57,1.0,1.0,0.97,0.97,0.16,0.16,0.22,0.22,0.34,0.38,0.12,0.13,0.75,0.28,0.93,0.67,0.3,0.93,0.93,0.3,0.3,0.63,0.41,0.64,0.41,0.04,0.63,0.993,0.567,0.478
0.57,0.57,1.0,1.0,0.97,0.97,0.16,0.16,0.23,0.23,0.35,0.38,0.15,0.13,0.75,0.27,0.94,0.67,0.31,0.93,0.94,0.31,0.31,0.65,0.41,0.64,0.41,0.03,0.61,0.992,0.568,0.48
0.57,0.57,1.0,1.0,0.97,0.97,0.16,0.16,0.25,0.25,0.35,0.37,0.15,0.13,1.0,0.25,0.96,0.65,0.29,0.96,0.96,0.29,0.29,0.65,0.41,0.64,0.41,0.03,0.59,0.966,0.575,0.48
0.56,0.56,1.0,1.0,0.98,0.98,0.16,0.16,0.29,0.29,0.35,0.38,0.16,0.13,1.0,0.25,0.96,0.65,0.29,0.96,0.96,0.29,0.29,0.66,0.4,0.64,0.41,0.03,0.58,0.944,0.573,0.483
0.56,0.56,1.0,1.0,0.98,0.98,0.16,0.16,0.34,0.34,0.35,0.37,0.18,0.15,1.0,0.24,0.96,0.64,0.29,0.96,0.97,0.29,0.29,0.67,0.4,0.65,0.41,0.03,0.57,0.929,0.582,0.483
0.45,0.45,0.82,0.82,1.0,1.0,0.16,0.16,0.39,0.39,0.36,0.37,0.18,0.12,1.0,0.24,0.97,0.64,0.28,0.97,0.97,0.28,0.28,0.67,0.4,0.63,0.41,0.02,0.56,0.917,0.597,0.482
0.45,0.45,0.82,0.82,1.0,1.0,0.16,0.16,0.4,0.4,0.36,0.37,0.18,0.1,1.0,0.23,0.97,0.64,0.28,0.97,0.97,0.28,0.28,0.67,0.39,0.62,0.42,0.02,0.56,0.899,0.603,0.478
0.45,0.45,0.81,0.81,1.0,1.0,0.16,0.16,0.41,0.41,0.35,0.37,0.2,0.12,1.0,0.23,0.97,0.63,0.28,0.97,0.98,0.28,0.28,0.68,0.39,0.63,0.42,0.02,0.56,0.889,0.605,0.475
0.45,0.45,0.81,0.81,1.0,1.0,0.16,0.16,0.41,0.41,0.35,0.37,0.18,0.12,1.0,0.23,0.97,0.63,0.27,0.97,0.98,0.27,0.27,0.67,0.4,0.63,0.42,0.02,0.56,0.881,0.607,0.468
0.45,0.45,0.8,0.8,1.0,1.0,0.16,0.16,0.41,0.41,0.35,0.37,0.16,0.12,1.0,0.23,0.98,0.63,0.27,0.98,0.98,0.27,0.27,0.66,0.4,0.63,0.41,0.02,0.55,0.875,0.613,0.465
0.45,0.45,0.8,0.8,1.0,1.0,0.16,0.16,0.4,0.4,0.35,0.37,0.16,0.12,1.0,0.23,0.98,0.63,0.27,0.98,0.98,0.27,0.27,0.66,0.4,0.63,0.41,0.02,0.55,0.869,0.617,0.465
0.45,0.45,0.81,0.81,1.0,1.0,0.16,0.16,0.38,0.38,0.35,0.37,0.16,0.12,1.0,0.22,0.98,0.63,0.28,0.98,0.98,0.28,0.28,0.66,0.4,0.63,0.42,0.02,0.56,0.863,0.632,0.466
0.45,0.45,0.82,0.82,1.0,1.0,0.16,0.16,0.36,0.36,0.33,0.39,0.16,0.12,1.0,0.22,0.98,0.63,0.28,0.98,0.98,0.28,0.28,0.66,0.4,0.63,0.42,0.02,0.57,0.851,0.653,0.473
0.45,0.45,0.82,0.82,1.0,1.0,0.16,0.16,0.36,0.36,0.32,0.4,0.13,0.12,1.0,0.22,0.98,0.63,0.27,0.98,0.98,0.27,0.27,0.64,0.41,0.63,0.42,0.02,0.59,0.834,0.662,0.476
0.45,0.45,0.82,0.82,1.0,1.0,0.16,0.16,0.35,0.35,0.31,0.41,0.13,0.1,1.0,0.23,0.98,0.63,0.28,0.98,0.98,0.28,0.28,0.64,0.41,0.62,0.42,0.02,0.6,0.803,0.66,0.475
0.56,0.56,1.0,1.0,0.98,0.98,0.31,0.31,0.22,0.22,0.3,0.43,0.13,0.12,1.0,0.25,0.96,0.65,0.31,0.96,0.97,0.31,0.31,0.64,0.41,0.63,0.42,0.03,0.61,0.771,0.655,0.472
0.56,0.56,1.0,1.0,0.98,0.98,0.16,0.16,0.31,0.31,0.28,0.44,0.13,0.13,1.0,0.26,0.96,0.66,0.29,0.96,0.96,0.29,0.29,0.64,0.41,0.64,0.41,0.03,0.62,0.741,0.66,0.475
0.56,0.56,1.0,1.0,0.98,0.98,0.16,0.16,0.35,0.35,0.27,0.45,0.12,0.12,1.0,0.25,0.96,0.65,0.28,0.96,0.97,0.28,0.28,0.63,0.41,0.63,0.42,0.03,0.64,0.721,0.67,0.468
0.56,0.56,1.0,1.0,0.98,0.98,0.16,0.16,0.34,0.34,0.26,0.46,0.12,0.1,1.0,0.25,0.97,0.65,0.28,0.97,0.97,0.28,0.28,0.63,0.42,0.62,0.42,0.03,0.65,0.715,0.672,0.463
0.56,0.56,1.0,1.0,0.98,0.98,0.16,0.16,0.34,0.34,0.25,0.47,0.1,0.1,1.0,0.25,0.97,0.65,0.28,0.97,0.97,0.28,0.28,0.62,0.42,0.62,0.42,0.03,0.67,0.71,0.662,0.466
0.56,0.56,1.0,1.0,0.98,0.98,0.16,0.16,0.34,0.34,0.24,0.48,0.1,0.09,1.0,0.25,0.97,0.65,0.28,0.97,0.97,0.28,0.28,0.62,0.42,0.61,0.42,0.03,0.68,0.704,0.64,0.469
0.56,0.56,1.0,1.0,0.97,0.97,0.16,0.16,0.31,0.31,0.22,0.51,0.1,0.06,1.0,0.25,0.96,0.65,0.28,0.96,0.97,0.28,0.28,0.62,0.42,0.59,0.43,0.03,0.68,0.713,0.617,0.474
0.56,0.56,1.0,1.0,0.97,0.97,0.16,0.16,0.23,0.23,0.22,0.51,0.1,0.07,1.0,0.25,0.96,0.65,0.28,0.96,0.97,0.28,0.28,0.62,0.42,0.6,0.43,0.03,0.69,0.73,0.58,0.476
0.56,0.56,1.0,1.0,0.97,0.97,0.16,0.16,0.23,0.23,0.22,0.51,0.09,0.07,1.0,0.25,0.96,0.65,0.28,0.96,0.97,0.28,0.28,0.61,0.42,0.6,0.43,0.03,0.69,0.748,0.547,0.471
0.56,0.56,1.0,1.0,0.97,0.97,0.16,0.16,0.24,0.24,0.23,0.5,0.09,0.07,1.0,0.24,0.96,0.65,0.27,0.96,0.97,0.27,0.27,0.61,0.42,0.6,0.43,0.03,0.69,0.771,0.483,0.455
0.56,0.56,1.0,1.0,0.97,0.97,0.16,0.16,0.24,0.24,0.24,0.48,0.09,0.07,1.0,0.24,0.97,0.64,0.27,0.97,0.97,0.27,0.27,0.61,0.42,0.6,0.43,0.03,0.7,0.776,0.442,0.445
0.56,0.56,1.0,1.0,0.98,0.98,0.16,0.16,0.25,0.25,0.25,0.47,0.1,0.09,1.0,0.24,0.97,0.64,0.27,0.97,0.97,0.27,0.27,0.62,0.42,0.61,0.42,0.02,0.7,0.793,0.395,0.425
0.56,0.56,1.0,1.0,0.98,0.98,0.16,0.16,0.27,0.27,0.27,0.46,0.1,0.1,1.0,0.23,0.97,0.64,0.27,0.97,0.98,0.27,0.27,0.62,0.42,0.62,0.42,0.02,0.7,0.803,0.36,0.404
0.48,0.48,0.89,0.89,1.0,1.0,0.16,0.16,0.28,0.28,0.28,0.45,0.12,0.12,1.0,0.23,0.97,0.64,0.27,0.97,0.98,0.27,0.27,0.63,0.42,0.63,0.41,0.02,0.7,0.81,0.31,0.383
0.47,0.47,0.87,0.87,1.0,1.0,0.16,0.16,0.3,0.3,0.29,0.43,0.12,0.12,1.0,0.23,0.98,0.63,0.27,0.98,0.98,0.27,0.27,0.63,0.41,0.63,0.41,0.02,0.69,0.816,0.278,0.369
0.47,0.47,0.87,0.87,1.0,1.0,0.16,0.16,0.31,0.31,0.3,0.42,0.13,0.13,1.0,0.23,0.97,0.63,0.27,0.97,0.98,0.27,0.27,0.64,0.41,0.64,0.41,0.02,0.68,0.819,0.253,0.355
0.47,0.47,0.85,0.85,1.0,1.0,0.16,0.16,0.29,0.29,0.29,0.44,0.13,0.13,1.0,0.23,0.97,0.63,0.28,0.97,0.97,0.28,0.28,0.64,0.41,0.64,0.41,0.02,0.67,0.816,0.232,0.34
0.56,0.56,1.0,1.0,0.98,0.98,0.24,0.24,0.26,0.26,0.21,0.52,0.15,0.15,1.0,0.26,0.94,0.65,0.31,0.94,0.94,0.31,0.31,0.65,0.4,0.65,0.4,0.02,0.64,0.817,0.208,0.32
0.43,0.43,0.78,0.78,1.0,1.0,0.16,0.16,0.32,0.32,0.19,0.54,0.16,0.16,1.0,0.24,0.96,0.64,0.28,0.96,0.96,0.28,0.28,0.66,0.4,0.66,0.4,0.02,0.62,0.816,0.192,0.304
0.43,0.43,0.77,0.77,1.0,1.0,0.16,0.16,0.31,0.31,0.0,0.75,0.15,0.13,1.0,0.24,0.96,0.64,0.28,0.96,0.96,0.28,0.28,0.65,0.41,0.64,0.41,0.02,0.62,0.811,0.173,0.296
0.56,0.56,1.0,1.0,0.98,0.98,0.16,0.16,0.33,0.33,0.01,0.73,0.16,0.15,1.0,0.24,0.95,0.65,0.32,0.95,0.95,0.32,0.32,0.66,0.4,0.65,0.4,0.02,0.61,0.804,0.162,0.305
0.56,0.56,1.0,1.0,0.97,0.97,0.16,0.16,0.36,0.36,0.0,0.84,0.2,0.18,1.0,0.25,0.93,0.65,0.33,0.93,0.93,0.33,0.33,0.68,0.39,0.67,0.4,0.02,0.59,0.794,0.16,0.32
0.56,0.56,1.0,1.0,0.97,0.97,0.16,0.16,0.36,0.36,0.0,0.83,0.2,0.16,1.0,0.25,0.96,0.65,0.29,0.96,0.96,0.29,0.29,0.68,0.39,0.66,0.4,0.02,0.59,0.779,0.152,0.342
0.56,0.56,1.0,1.0,0.98,0.98,0.16,0.16,0.37,0.37,0.0,0.79,0.2,0.16,1.0,0.24,0.96,0.65,0.3,0.96,0.96,0.3,0.3,0.68,0.39,0.66,0.4,0.02,0.58,0.756,0.143,0.358
0.56,0.56,1.0,1.0,0.98,0.98,0.45,0.45,0.18,0.18,0.26,0.47,0.16,0.16,1.0,0.25,0.96,0.65,0.31,0.96,0.96,0.31,0.31,0.66,0.4,0.66,0.4,0.02,0.57,0.741,0.137,0.378
0.56,0.56,1.0,1.0,0.98,0.98,0.23,0.23,0.25,0.25,0.35,0.37,0.16,0.15,1.0,0.25,0.95,0.65,0.29,0.95,0.95,0.29,0.29,0.66,0.4,0.65,0.41,0.02,0.56,0.724,0.133,0.407
0.48,0.48,0.88,0.88,1.0,1.0,0.16,0.16,0.28,0.28,0.35,0.38,0.15,0.13,1.0,0.24,0.97,0.64,0.28,0.97,0.97,0.28,0.28,0.65,0.41,0.64,0.41,0.02,0.56,0.713,0.147,0.426
0.48,0.48,0.89,0.89,1.0,1.0,0.16,0.16,0.3,0.3,0.34,0.39,0.13,0.13,1.0,0.23,0.97,0.64,0.27,0.97,0.97,0.27,0.27,0.64,0.41,0.64,0.41,0.02,0.55,0.706,0.163,0.435
0.49,0.49,0.9,0.9,1.0,1.0,0.16,0.16,0.3,0.3,0.33,0.39,0.1,0.12,1.0,0.23,0.97,0.64,0.27,0.97,0.97,0.27,0.27,0.62,0.42,0.63,0.42,0.02,0.55,0.708,0.182,0.443
0.49,0.49,0.9,0.9,1.0,1.0,0.16,0.16,0.3,0.3,0.32,0.4,0.1,0.12,1.0,0.23,0.97,0.64,0.27,0.97,0.97,0.27,0.27,0.62,0.42,0.63,0.42,0.02,0.56,0.716,0.213,0.465
0.49,0.49,0.91,0.91,1.0,1.0,0.16,0.16,0.29,0.29,0.32,0.4,0.1,0.12,1.0,0.23,0.97,0.63,0.27,0.97,0.97,0.27,0.27,0.62,0.42,0.63,0.42,0.02,0.57,0.721,0.257,0.475
0.49,0.49,0.91,0.91,1.0,1.0,0.16,0.16,0.29,0.29,0.32,0.41,0.1,0.1,1.0,0.23,0.97,0.63,0.27,0.97,0.97,0.27,0.27,0.62,0.42,0.62,0.42,0.02,0.58,0.726,0.283,0.478
0.57,0.57,1.0,1.0,0.97,0.97,0.94,0.94,0.27,0.27,0.34,0.39,0.12,0.13,1.0,0.28,0.94,0.67,0.31,0.94,0.95,0.31,0.31,0.63,0.42,0.64,0.41,0.03,0.58,0.732,0.302,0.495
0.57,0.57,1.0,1.0,0.97,0.97,0.21,0.21,0.26,0.26,0.32,0.4,0.15,0.13,1.0,0.26,0.95,0.66,0.29,0.95,0.95,0.29,0.29,0.65,0.41,0.64,0.41,0.03,0.58,0.744,0.333,0.518
0.56,0.56,1.0,1.0,0.98,0.98,0.16,0.16,0.29,0.29,0.32,0.41,0.13,0.13,1.0,0.25,0.96,0.65,0.28,0.96,0.97,0.28,0.28,0.64,0.41,0.64,0.41,0.03,0.58,0.756,0.345,0.538
0.56,0.56,1.0,1.0,0.98,0.98,0.16,0.16,0.29,0.29,0.32,0.41,0.13,0.12,1.0,0.24,0.97,0.64,0.28,0.97,0.97,0.28,0.28,0.64,0.41,0.63,0.41,0.03,0.58,0.749,0.362,0.536
0.47,0.47,0.86,0.86,1.0,1.0,0.16,0.16,0.29,0.29,0.31,0.41,0.12,0.12,1.0,0.24,0.97,0.64,0.27,0.97,0.97,0.27,0.27,0.63,0.41,0.63,0.41,0.02,0.57,0.752,0.375,0.523
0.46,0.46,0.85,0.85,1.0,1.0,0.16,0.16,0.28,0.28,0.31,0.41,0.12,0.12,1.0,0.23,0.97,0.64,0.27,0.97,0.97,0.27,0.27,0.63,0.41,0.63,0.42,0.02,0.57,0.754,0.407,0.505
0.46,0.46,0.84,0.84,1.0,1.0,0.16,0.16,0.27,0.27,0.31,0.41,0.12,0.12,1.0,0.23,0.97,0.64,0.27,0.97,0.97,0.27,0.27,0.63,0.42,0.63,0.42,0.02,0.58,0.754,0.423,0.483
0.49,0.49,0.92,0.92,1.0,1.0,0.16,0.16,0.25,0.25,0.3,0.42,0.1,0.1,1.0,0.23,0.97,0.64,0.27,0.97,0.97,0.27,0.27,0.62,0.42,0.62,0.42,0.02,0.59,0.754,0.428,0.475
0.56,0.56,1.0,1.0,0.97,0.97,0.16,0.16,0.23,0.23,0.28,0.44,0.1,0.1,1.0,0.24,0.97,0.64,0.27,0.97,0.97,0.27,0.27,0.62,0.42,0.62,0.42,0.03,0.61,0.753,0.44,0.47
0.56,0.56,1.0,1.0,0.97,0.97,0.16,0.16,0.23,0.23,0.28,0.45,0.09,0.09,1.0,0.24,0.97,0.64,0.27,0.97,0.97,0.27,0.27,0.61,0.42,0.61,0.42,0.03,0.62,0.755,0.46,0.457
0.56,0.56,1.0,1.0,0.97,0.97,0.16,0.16,0.22,0.22,0.28,0.45,0.09,0.09,1.0,0.24,0.97,0.64,0.27,0.97,0.97,0.27,0.27,0.61,0.42,0.61,0.42,0.03,0.62,0.761,0.48,0.449
0.57,0.57,1.0,1.0,0.97,0.97,0.16,0.16,0.23,0.23,0.27,0.46,0.09,0.09,1.0,0.24,0.97,0.64,0.27,0.97,0.97,0.27,0.27,0.61,0.42,0.61,0.43,0.03,0.63,0.756,0.505,0.449
0.57,0.57,1.0,1.0,0.97,0.97,0.16,0.16,0.23,0.23,0.26,0.46,0.09,0.07,1.0,0.24,0.97,0.64,0.27,0.97,0.97,0.27,0.27,0.61,0.42,0.6,0.43,0.03,0.62,0.755,0.527,0.447
0.58,0.58,1.0,1.0,0.96,0.96,0.36,0.35,0.18,0.18,0.26,0.47,0.09,0.09,0.75,0.3,0.95,0.69,0.31,0.95,0.96,0.31,0.31,0.61,0.42,0.61,0.43,0.04,0.62,0.759,0.537,0.439
0.59,0.59,1.0,1.0,0.95,0.95,0.36,0.36,0.16,0.16,0.25,0.47,0.09,0.07,0.75,0.32,0.94,0.7,0.3,0.94,0.95,0.3,0.3,0.61,0.42,0.6,0.43,0.05,0.61,0.766,0.543,0.436
0.58,0.58,1.0,1.0,0.96,0.96,0.21,0.21,0.2,0.2,0.23,0.49,0.09,0.09,0.75,0.27,0.95,0.67,0.28,0.95,0.95,0.28,0.28,0.61,0.42,0.61,0.43,0.04,0.61,0.779,0.555,0.441
0.57,0.57,1.0,1.0,0.97,0.97,0.18,0.18,0.21,0.21,0.22,0.5,0.09,0.09,1.0,0.26,0.96,0.66,0.28,0.96,0.96,0.28,0.28,0.61,0.42,0.61,0.42,0.04,0.62,0.786,0.573,0.443
0.57,0.57,1.0,1.0,0.97,0.97,0.16,0.16,0.21,0.21,0.19,0.53,0.09,0.09,1.0,0.26,0.96,0.66,0.28,0.96,0.96,0.28,0.28,0.61,0.43,0.61,0.42,0.04,0.63,0.799,0.612,0.442
0.58,0.58,1.0,1.0,0.96,0.96,0.16,0.16,0.28,0.28,0.33,0.4,0.09,0.1,1.0,0.28,0.96,0.67,0.3,0.96,0.96,0.3,0.3,0.61,0.42,0.62,0.42,0.04,0.64,0.823,0.645,0.446
0.58,0.58,1.0,1.0,0.96,0.96,0.16,0.16,0.29,0.29,0.29,0.43,0.1,0.1,1.0,0.3,0.95,0.69,0.31,0.95,0.96,0.31,0.31,0.62,0.42,0.62,0.42,0.05,0.64,0.854,0.682,0.424
0.58,0.58,1.0,1.0,0.96,0.96,0.16,0.16,0.29,0.29,0.23,0.49,0.1,0.1,1.0,0.29,0.95,0.68,0.3,0.95,0.96,0.3,0.3,0.62,0.42,0.62,0.42,0.05,0.65,0.889,0.693,0.415
0.58,0.58,1.0,1.0,0.96,0.96,0.16,0.16,0.29,0.29,0.24,0.48,0.09,0.1,1.0,0.28,0.95,0.68,0.29,0.95,0.96,0.29,0.29,0.61,0.42,0.62,0.42,0.05,0.66,0.896,0.708,0.41
0.59,0.59,1.0,1.0,0.95,0.95,0.7,0.68,0.14,0.14,0.18,0.55,0.09,0.09,0.75,0.32,0.95,0.7,0.3,0.94,0.96,0.3,0.3,0.61,0.42,0.61,0.42,0.05,0.67,0.896,0.71,0.406
0.58,0.58,1.0,1.0,0.96,0.96,0.24,0.23,0.2,0.2,0.16,0.57,0.09,0.1,1.0,0.29,0.94,0.68,0.3,0.94,0.95,0.3,0.3,0.61,0.42,0.62,0.42,0.05,0.68,0.894,0.703,0.399
0.58,0.58,1.0,1.0,0.96,0.96,0.16,0.16,0.25,0.25,0.22,0.51,0.09,0.1,1.0,0.27,0.95,0.67,0.29,0.95,0.96,0.29,0.29,0.61,0.42,0.62,0.42,0.05,0.65,0.896,0.7,0.393
0.57,0.57,1.0,1.0,0.97,0.97,0.16,0.16,0.26,0.26,0.27,0.46,0.09,0.09,1.0,0.25,0.96,0.65,0.28,0.96,0.97,0.28,0.28,0.61,0.42,0.61,0.42,0.04,0.64,0.896,0.687,0.383
0.56,0.56,1.0,1.0,0.97,0.97,0.16,0.16,0.27,0.27,0.29,0.43,0.1,0.1,1.0,0.25,0.97,0.65,0.28,0.97,0.97,0.28,0.28,0.62,0.42,0.62,0.42,0.03,0.63,0.899,0.67,0.375
0.56,0.56,1.0,1.0,0.98,0.98,0.16,0.16,0.28,0.28,0.31,0.41,0.12,0.12,1.0,0.24,0.97,0.64,0.28,0.97,0.97,0.28,0.28,0.63,0.42,0.63,0.42,0.03,0.61,0.903,0.655,0.357
0.55,0.55,1.0,1.0,0.98,0.98,0.16,0.16,0.29,0.29,0.32,0.4,0.12,0.12,1.0,0.24,0.97,0.64,0.28,0.97,0.97,0.28,0.28,0.63,0.41,0.63,0.42,0.03,0.6,0.906,0.652,0.346
0.48,0.48,0.87,0.87,1.0,1.0,0.16,0.16,0.3,0.3,0.32,0.4,0.13,0.12,1.0,0.23,0.97,0.64,0.28,0.97,0.97,0.28,0.28,0.64,0.41,0.63,0.41,0.03,0.58,0.914,0.647,0.314
0.56,0.56,1.0,1.0,0.97,0.97,0.63,0.62,0.18,0.18,0.33,0.4,0.15,0.13,1.0,0.28,0.95,0.67,0.34,0.95,0.95,0.34,0.34,0.65,0.41,0.64,0.41,0.04,0.57,0.915,0.642,0.29
0.56,0.56,1.0,1.0,0.97,0.97,0.24,0.24,0.27,0.27,0.31,0.41,0.15,0.13,1.0,0.26,0.96,0.66,0.3,0.96,0.96,0.3,0.3,0.65,0.4,0.64,0.41,0.04,0.57,0.93,0.648,0.251
0.47,0.47,0.86,0.86,1.0,1.0,0.16,0.16,0.31,0.31,0.31,0.41,0.15,0.13,1.0,0.24,0.97,0.64,0.28,0.97,0.97,0.28,0.28,0.65,0.4,0.64,0.41,0.03,0.56,0.929,0.65,0.23
0.47,0.47,0.85,0.85,1.0,1.0,0.16,0.16,0.32,0.32,0.3,0.42,0.15,0.13,1.0,0.24,0.97,0.64,0.28,0.97,0.97,0.28,0.28,0.65,0.4,0.64,0.41,0.03,0.56,0.929,0.653,0.231
0.47,0.47,0.85,0.85,1.0,1.0,0.16,0.16,0.32,0.32,0.3,0.42,0.15,0.13,1.0,0.23,0.97,0.64,0.28,0.97,0.98,0.28,0.28,0.65,0.41,0.64,0.41,0.02,0.57,0.914,0.66,0.239
0.47,0.47,0.86,0.86,1.0,1.0,0.16,0.16,0.32,0.32,0.31,0.41,0.13,0.12,1.0,0.23,0.98,0.63,0.27,0.98,0.98,0.27,0.27,0.64,0.41,0.63,0.41,0.02,0.58,0.904,0.673,0.289
0.47,0.47,0.87,0.87,1.0,1.0,0.16,0.16,0.31,0.31,0.32,0.41,0.13,0.12,1.0,0.23,0.98,0.63,0.27,0.98,0.98,0.27,0.27,0.64,0.41,0.63,0.41,0.02,0.58,0.877,0.678,0.337
0.47,0.47,0.87,0.87,1.0,1.0,0.19,0.19,0.28,0.28,0.33,0.4,0.13,0.12,1.0,0.23,0.98,0.63,0.27,0.98,0.98,0.27,0.27,0.64,0.41,0.63,0.41,0.02,0.58,0.851,0.695,0.385
0.59,0.59,1.0,1.0,0.96,0.96,0.97,0.97,0.33,0.33,0.35,0.38,0.13,0.13,0.75,0.29,0.91,0.68,0.31,0.9,0.92,0.31,0.31,0.64,0.41,0.64,0.41,0.03,0.59,0.832,0.712,0.411
0.58,0.58,1.0,1.0,0.96,0.96,0.27,0.27,0.19,0.19,0.32,0.41,0.1,0.1,1.0,0.29,0.95,0.68,0.29,0.95,0.95,0.29,0.29,0.62,0.42,0.62,0.42,0.04,0.6,0.812,0.72,0.427
0.6,0.6,1.0,1.0,0.94,0.94,0.19,0.19,0.2,0.2,0.3,0.42,0.09,0.09,1.0,0.28,0.95,0.67,0.29,0.95,0.95,0.29,0.29,0.61,0.42,0.61,0.42,0.04,0.62,0.796,0.717,0.434
0.6,0.6,1.0,1.0,0.94,0.94,0.19,0.19,0.19,0.19,0.3,0.43,0.09,0.09,0.75,0.29,0.94,0.68,0.31,0.93,0.94,0.31,0.31,0.61,0.42,0.61,0.42,0.04,0.62,0.787,0.712,0.437
0.6,0.6,1.0,1.0,0.94,0.94,0.19,0.19,0.18,0.18,0.3,0.43,0.1,0.1,0.75,0.3,0.92,0.69,0.32,0.91,0.92,0.32,0.32,0.62,0.42,0.62,0.42,0.05,0.62,0.776,0.705,0.436
0.61,0.61,1.0,1.0,0.94,0.94,0.51,0.51,0.12,0.12,0.3,0.43,0.1,0.1,0.75,0.35,0.9,0.72,0.33,0.89,0.9,0.33,0.33,0.62,0.42,0.62,0.42,0.06,0.61,0.761,0.688,0.43
0.62,0.62,1.0,1.0,0.93,0.93,0.29,0.29,0.2,0.2,0.38,0.35,0.1,0.1,0.75,0.35,0.9,0.73,0.34,0.89,0.9,0.34,0.34,0.62,0.42,0.62,0.42,0.07,0.58,0.748,0.66,0.425
0.61,0.61,1.0,1.0,0.93,0.93,0.16,0.16,0.26,0.26,0.4,0.32,0.1,0.1,0.75,0.35,0.9,0.73,0.33,0.89,0.9,0.33,0.33,0.62,0.42,0.62,0.42,0.07,0.57,0.736,0.623,0.426
0.61,0.61,1.0,1.0,0.93,0.93,0.16,0.16,0.28,0.28,0.41,0.32,0.1,0.09,0.75,0.35,0.9,0.72,0.33,0.89,0.9,0.33,0.33,0.62,0.42,0.61,0.42,0.07,0.56,0.731,0.59,0.429
0.61,0.61,1.0,1.0,0.93,0.93,0.16,0.16,0.28,0.28,0.42,0.31,0.1,0.09,0.75,0.35,0.9,0.72,0.34,0.89,0.9,0.34,0.34,0.62,0.42,0.61,0.42,0.07,0.56,0.74,0.565,0.433
0.62,0.62,1.0,1.0,0.93,0.93,0.16,0.16,0.28,0.28,0.42,0.31,0.12,0.09,0.75,0.34,0.9,0.72,0.34,0.89,0.9,0.34,0.34,0.63,0.41,0.61,0.42,0.07,0.56,0.741,0.543,0.441
0.62,0.62,1.0,1.0,0.93,0.93,0.16,0.16,0.22,0.22,0.33,0.39,0.12,0.09,0.75,0.35,0.9,0.72,0.33,0.89,0.9,0.33,0.33,0.63,0.42,0.61,0.42,0.07,0.56,0.747,0.533,0.455
0.62,0.62,1.0,1.0,0.93,0.93,0.23,0.23,0.16,0.16,0.29,0.43,0.12,0.1,0.75,0.35,0.86,0.73,0.34,0.86,0.87,0.34,0.34,0.63,0.42,0.62,0.42,0.07,0.56,0.751,0.523,0.469
0.61,0.61,1.0,1.0,0.93,0.93,0.23,0.23,0.16,0.16,0.29,0.43,0.12,0.1,0.75,0.36,0.86,0.73,0.33,0.86,0.87,0.33,0.33,0.63,0.42,0.62,0.42,0.07,0.56,0.788,0.512,0.452
0.61,0.61,1.0,1.0,0.93,0.93,0.23,0.23,0.16,0.16,0.29,0.43,0.12,0.1,0.75,0.35,0.86,0.73,0.33,0.86,0.87,0.33,0.33,0.63,0.42,0.62,0.42,0.06,0.56,0.839,0.5,0.427
0.6,0.6,1.0,1.0,0.94,0.94,0.23,0.23,0.16,0.16,0.29,0.43,0.12,0.1,0.75,0.36,0.86,0.73,0.33,0.86,0.87,0.33,0.33,0.63,0.42,0.62,0.42,0.06,0.56,0.87,0.497,0.412
0.6,0.6,1.0,1.0,0.94,0.94,0.23,0.23,0.16,0.16,0.29,0.43,0.12,0.1,0.75,0.35,0.88,0.73,0.33,0.87,0.88,0.33,0.33,0.63,0.42,0.62,0.42,0.06,0.57,0.886,0.497,0.406
0.6,0.6,1.0,1.0,0.94,0.94,0.25,0.25,0.15,0.15,0.29,0.44,0.12,0.12,0.75,0.35,0.88,0.73,0.33,0.87,0.88,0.33,0.33,0.63,0.42,0.63,0.42,0.06,0.57,0.9,0.5,0.4
0.6,0.6,1.0,1.0,0.94,0.94,0.46,0.46,0.12,0.12,0.28,0.44,0.12,0.12,0.75,0.35,0.88,0.73,0.33,0.87,0.88,0.33,0.33,0.63,0.42,0.63,0.42,0.06,0.57,0.929,0.503,0.405
0.61,0.61,1.0,1.0,0.93,0.93,0.38,0.38,0.12,0.12,0.27,0.46,0.1,0.12,0.75,0.36,0.88,0.73,0.33,0.87,0.88,0.33,0.33,0.62,0.42,0.63,0.42,0.06,0.58,0.941,0.505,0.4
0.61,0.61,1.0,1.0,0.94,0.94,0.28,0.28,0.15,0.15,0.26,0.47,0.1,0.1,0.75,0.35,0.91,0.72,0.32,0.9,0.91,0.32,0.32,0.62,0.42,0.62,0.42,0.06,0.59,0.944,0.505,0.405
0.6,0.6,1.0,1.0,0.95,0.95,0.25,0.25,0.16,0.16,0.26,0.47,0.1,0.1,0.75,0.31,0.92,0.7,0.31,0.92,0.92,0.31,0.31,0.62,0.42,0.62,0.42,0.05,0.59,0.943,0.507,0.406
0.59,0.59,1.0,1.0,0.95,0.95,0.24,0.24,0.17,0.17,0.27,0.46,0.1,0.1,0.75,0.3,0.93,0.69,0.3,0.92,0.93,0.3,0.3,0.62,0.42,0.62,0.42,0.05,0.59,0.946,0.507,0.41
0.58,0.58,1.0,1.0,0.96,0.96,0.23,0.23,0.17,0.17,0.28,0.44,0.1,0.1,0.75,0.29,0.93,0.68,0.3,0.92,0.93,0.3,0.3,0.62,0.42,0.62,0.42,0.04,0.58,0.941,0.512,0.41
0.58,0.58,1.0,1.0,0.96,0.96,0.23,0.23,0.16,0.16,0.29,0.43,0.1,0.09,0.75,0.29,0.92,0.68,0.3,0.92,0.92,0.3,0.3,0.62,0.42,0.61,0.42,0.04,0.57,0.937,0.512,0.41
0.58,0.58,1.0,1.0,0.96,0.96,0.23,0.23,0.16,0.16,0.3,0.42,0.1,0.1,0.75,0.29,0.91,0.68,0.3,0.91,0.91,0.3,0.3,0.62,0.42,0.62,0.42,0.04,0.57,0.934,0.515,0.411
0.57,0.57,1.0,1.0,0.96,0.96,0.23,0.23,0.16,0.16,0.3,0.42,0.1,0.1,0.75,0.29,0.91,0.68,0.31,0.9,0.91,0.31,0.31,0.62,0.42,0.62,0.42,0.04,0.57,0.933,0.512,0.415
0.59,0.59,1.0,1.0,0.95,0.95,0.67,0.67,0.08,0.08,0.33,0.4,0.1,0.12,0.75,0.35,0.88,0.73,0.33,0.87,0.89,0.33,0.33,0.62,0.42,0.63,0.42,0.06,0.58,0.929,0.515,0.412
0.59,0.59,1.0,1.0,0.96,0.96,0.33,0.32,0.14,0.14,0.31,0.41,0.1,0.12,0.75,0.33,0.89,0.71,0.31,0.88,0.89,0.31,0.31,0.62,0.42,0.63,0.42,0.06,0.58,0.925,0.512,0.414
0.57,0.57,1.0,1.0,0.97,0.97,0.26,0.26,0.16,0.16,0.31,0.41,0.1,0.12,0.75,0.29,0.92,0.68,0.29,0.92,0.92,0.29,0.29,0.62,0.42,0.63,0.42,0.04,0.59,0.927,0.512,0.408
0.57,0.57,1.0,1.0,0.97,0.97,0.23,0.23,0.18,0.18,0.31,0.42,0.1,0.1,0.75,0.28,0.93,0.67,0.29,0.92,0.93,0.29,0.29,0.62,0.42,0.62,0.42,0.04,0.6,0.926,0.505,0.404
0.57,0.57,1.0,1.0,0.97,0.97,0.22,0.22,0.19,0.19,0.31,0.42,0.1,0.1,0.75,0.28,0.93,0.67,0.29,0.93,0.93,0.29,0.29,0.62,0.42,0.62,0.42,0.04,0.6,0.929,0.507,0.395
0.57,0.57,1.0,1.0,0.97,0.97,0.2,0.2,0.19,0.19,0.31,0.42,0.1,0.1,1.0,0.26,0.94,0.66,0.28,0.94,0.95,0.28,0.28,0.62,0.42,0.62,0.42,0.04,0.61,0.921,0.497,0.38
0.57,0.57,1.0,1.0,0.97,0.97,0.19,0.19,0.2,0.2,0.31,0.42,0.09,0.1,1.0,0.26,0.95,0.66,0.28,0.95,0.95,0.28,0.28,0.61,0.42,0.62,0.42,0.03,0.61,0.911,0.458,0.369
0.57,0.57,1.0,1.0,0.97,0.97,0.19,0.19,0.21,0.21,0.31,0.41,0.09,0.09,1.0,0.25,0.96,0.65,0.27,0.96,0.96,0.27,0.27,0.61,0.42,0.61,0.42,0.03,0.61,0.901,0.42,0.371
0.57,0.57,1.0,1.0,0.97,0.97,0.16,0.16,0.21,0.21,0.31,0.42,0.09,0.09,1.0,0.25,0.96,0.65,0.27,0.96,0.96,0.27,0.27,0.61,0.42,0.61,0.42,0.03,0.62,0.893,0.367,0.385
0.56,0.56,1.0,1.0,0.97,0.97,0.16,0.16,0.22,0.22,0.31,0.42,0.09,0.09,1.0,0.24,0.96,0.64,0.27,0.96,0.97,0.27,0.27,0.61,0.42,0.61,0.42,0.03,0.62,0.893,0.327,0.389
0.56,0.56,1.0,1.0,0.97,0.97,0.16,0.16,0.24,0.24,0.31,0.42,0.09,0.1,1.0,0.24,0.96,0.64,0.27,0.96,0.97,0.27,0.27,0.61,0.42,0.62,0.42,0.03,0.62,0.894,0.3,0.394
0.56,0.56,1.0,1.0,0.98,0.98,0.16,0.16,0.25,0.25,0.31,0.41,0.1,0.1,1.0,0.24,0.97,0.64,0.27,0.97,0.97,0.27,0.27,0.62,0.42,0.62,0.42,0.02,0.62,0.892,0.285,0.397
0.5,0.5,0.92,0.92,1.0,1.0,0.16,0.16,0.27,0.27,0.32,0.41,0.1,0.1,1.0,0.23,0.97,0.64,0.26,0.97,0.97,0.26,0.26,0.62,0.42,0.62,0.42,0.02,0.63,0.884,0.27,0.4
0.49,0.49,0.92,0.92,1.0,1.0,0.16,0.16,0.29,0.29,0.33,0.39,0.13,0.13,1.0,0.23,0.98,0.63,0.26,0.98,0.98,0.26,0.26,0.64,0.41,0.64,0.41,0.02,0.63,0.885,0.268,0.407
0.49,0.49,0.9,0.9,1.0,1.0,0.16,0.16,0.31,0.31,0.34,0.38,0.13,0.13,1.0,0.22,0.98,0.63,0.27,0.98,0.98,0.27,0.27,0.64,0.41,0.64,0.41,0.02,0.62,0.866,0.252,0.411
0.47,0.47,0.87,0.87,1.0,1.0,0.16,0.16,0.32,0.32,0.34,0.38,0.15,0.13,1.0,0.22,0.97,0.63,0.27,0.97,0.97,0.27,0.27,0.65,0.4,0.64,0.41,0.02,0.6,0.858,0.245,0.412
0.47,0.47,0.85,0.85,1.0,1.0,0.16,0.16,0.33,0.33,0.35,0.38,0.15,0.15,1.0,0.22,0.97,0.63,0.27,0.97,0.97,0.27,0.27,0.65,0.4,0.65,0.41,0.01,0.58,0.849,0.243,0.415
0.46,0.46,0.85,0.85,1.0,1.0,0.16,0.16,0.35,0.35,0.35,0.37,0.15,0.15,1.0,0.22,0.97,0.63,0.27,0.97,0.97,0.27,0.27,0.65,0.41,0.65,0.41,0.01,0.57,0.848,0.245,0.416
0.45,0.45,0.82,0.82,1.0,1.0,0.16,0.16,0.38,0.38,0.34,0.38,0.13,0.13,1.0,0.22,0.97,0.63,0.27,0.97,0.97,0.27,0.27,0.64,0.41,0.64,0.41,0.01,0.57,0.845,0.248,0.417
0.44,0.44,0.78,0.78,1.0,1.0,0.16,0.16,0.41,0.41,0.33,0.4,0.13,0.12,1.0,0.22,0.97,0.63,0.27,0.97,0.97,0.27,0.27,0.64,0.41,0.63,0.41,0.02,0.57,0.836,0.247,0.422
0.41,0.41,0.72,0.72,1.0,1.0,0.16,0.16,0.43,0.43,0.31,0.41,0.13,0.1,1.0,0.23,0.97,0.63,0.28,0.97,0.97,0.28,0.28,0.64,0.41,0.62,0.42,0.02,0.57,0.829,0.245,0.423
0.38,0.38,0.66,0.66,1.0,1.0,0.16,0.16,0.5,0.5,0.3,0.42,0.13,0.1,1.0,0.23,0.97,0.63,0.28,0.97,0.97,0.28,0.28,0.64,0.41,0.62,0.42,0.02,0.56,0.821,0.247,0.423
0.37,0.37,0.63,0.63,1.0,1.0,0.16,0.16,0.55,0.55,0.3,0.42,0.15,0.12,1.0,0.23,0.97,0.64,0.3,0.97,0.97,0.3,0.3,0.65,0.41,0.63,0.42,0.03,0.54,0.802,0.247,0.427
0.36,0.36,0.6,0.6,1.0,1.0,0.16,0.16,0.57,0.57,0.3,0.42,0.18,0.16,1.0,0.24,0.97,0.64,0.31,0.97,0.97,0.31,0.31,0.67,0.4,0.66,0.4,0.04,0.49,0.787,0.248,0.431
0.35,0.35,0.59,0.59,1.0,1.0,0.16,0.16,0.59,0.59,0.31,0.41,0.2,0.18,1.0,0.24,0.96,0.64,0.31,0.96,0.97,0.31,0.31,0.68,0.39,0.67,0.4,0.04,0.45,0.772,0.26,0.444
0.34,0.34,0.55,0.55,1.0,1.0,0.16,0.16,0.59,0.59,0.32,0.4,0.21,0.2,1.0,0.25,0.96,0.65,0.33,0.96,0.96,0.33,0.33,0.69,0.39,0.68,0.39,0.05,0.43,0.754,0.275,0.452
0.33,0.33,0.53,0.53,1.0,1.0,0.16,0.16,0.58,0.58,0.33,0.39,0.21,0.2,1.0,0.25,0.96,0.65,0.31,0.96,0.96,0.31,0.31,0.69,0.39,0.68,0.39,0.05,0.43,0.734,0.295,0.47
0.29,0.29,0.44,0.44,1.0,1.0,0.16,0.16,0.57,0.57,0.44,0.29,0.22,0.21,1.0,0.25,0.96,0.65,0.3,0.96,0.96,0.3,0.3,0.7,0.39,0.69,0.39,0.04,0.45,0.721,0.305,0.48
0.26,0.26,0.37,0.37,1.0,1.0,0.16,0.16,0.56,0.56,0.44,0.28,0.22,0.21,1.0,0.25,0.96,0.65,0.3,0.96,0.96,0.3,0.3,0.7,0.39,0.69,0.39,0.04,0.46,0.714,0.317,0.487
0.27,0.27,0.41,0.41,1.0,1.0,0.16,0.16,0.59,0.59,0.58,0.15,0.2,0.2,1.0,0.25,0.96,0.65,0.3,0.96,0.96,0.3,0.3,0.68,0.39,0.68,0.39,0.04,0.47,0.7,0.327,0.495
0.31,0.31,0.48,0.48,1.0,1.0,0.16,0.16,0.6,0.6,0.58,0.15,0.18,0.18,1.0,0.25,0.96,0.65,0.31,0.96,0.96,0.31,0.31,0.67,0.39,0.67,0.4,0.05,0.47,0.682,0.337,0.5
0.33,0.33,0.53,0.53,1.0,1.0,0.16,0.16,0.63,0.63,0.55,0.18,0.16,0.1,1.0,0.25,0.96,0.65,0.32,0.96,0.97,0.32,0.32,0.66,0.4,0.62,0.42,0.05,0.58,0.661,0.347,0.495
0.36,0.36,0.6,0.6,1.0,1.0,0.16,0.16,0.64,0.64,0.54,0.19,0.16,0.1,1.0,0.25,0.96,0.65,0.32,0.96,0.97,0.32,0.32,0.66,0.4,0.62,0.42,0.05,0.53,0.634,0.367,0.486
0.38,0.38,0.64,0.64,1.0,1.0,0.16,0.16,0.6,0.6,0.48,0.25,0.13,0.1,1.0,0.25,0.97,0.65,0.29,0.97,0.97,0.29,0.29,0.64,0.41,0.62,0.42,0.04,0.53,0.6,0.383,0.475
0.4,0.4,0.7,0.7,1.0,1.0,0.16,0.16,0.55,0.55,0.44,0.28,0.13,0.07,1.0,0.24,0.97,0.64,0.28,0.97,0.98,0.28,0.28,0.64,0.41,0.6,0.43,0.04,0.57,0.547,0.405,0.47
0.41,0.41,0.72,0.72,1.0,1.0,0.16,0.16,0.54,0.54,0.44,0.28,0.13,0.07,1.0,0.24,0.98,0.64,0.28,0.98,0.98,0.28,0.28,0.64,0.41,0.6,0.43,0.03,0.59,0.492,0.42,0.46
0.43,0.43,0.77,0.77,1.0,1.0,0.16,0.16,0.5,0.5,0.36,0.36,0.13,0.06,1.0,0.24,0.98,0.64,0.28,0.98,0.98,0.28,0.28,0.64,0.41,0.59,0.43,0.03,0.62,0.451,0.44,0.453
0.48,0.48,0.88,0.88,1.0,1.0,0.16,0.16,0.45,0.45,0.36,0.37,0.12,0.06,1.0,0.23,0.98,0.64,0.27,0.98,0.98,0.27,0.27,0.63,0.42,0.59,0.43,0.03,0.65,0.419,0.458,0.452
0.71,0.71,1.0,1.0,0.86,0.86,0.16,0.16,0.4,0.4,0.36,0.36,0.07,0.04,1.0,0.25,0.98,0.65,0.3,0.98,0.98,0.3,0.3,0.6,0.43,0.58,0.44,0.05,0.66,0.396,0.48,0.447
0.82,0.82,1.0,1.0,0.76,0.76,0.16,0.16,0.38,0.38,0.35,0.37,0.06,0.03,1.0,0.29,0.97,0.68,0.33,0.97,0.98,0.33,0.33,0.59,0.43,0.57,0.44,0.06,0.67,0.381,0.497,0.442
0.76,0.76,1.0,1.0,0.82,0.82,0.16,0.16,0.39,0.39,0.37,0.36,0.06,0.03,1.0,0.29,0.97,0.68,0.33,0.97,0.98,0.33,0.33,0.59,0.43,0.57,0.44,0.06,0.67,0.389,0.518,0.436
0.66,0.66,1.0,1.0,0.9,0.9,0.16,0.16,0.39,0.39,0.38,0.34,0.06,0.02,1.0,0.28,0.97,0.67,0.3,0.97,0.98,0.3,0.3,0.59,0.43,0.56,0.44,0.06,0.66,0.391,0.538,0.43
0.63,0.63,1.0,1.0,0.92,0.92,0.77,0.53,0.21,0.21,0.32,0.41,0.1,0.03,1.0,0.29,0.96,0.68,0.33,0.95,0.97,0.33,0.33,0.62,0.42,0.57,0.44,0.05,0.65,0.412,0.567,0.425
0.6,0.6,1.0,1.0,0.94,0.94,0.16,0.16,0.33,0.33,0.37,0.36,0.1,0.04,1.0,0.27,0.96,0.67,0.3,0.96,0.96,0.3,0.3,0.62,0.42,0.58,0.44,0.05,0.64,0.436,0.587,0.415
0.58,0.58,1.0,1.0,0.96,0.96,0.16,0.16,0.4,0.4,0.37,0.36,0.07,0.04,1.0,0.25,0.97,0.65,0.28,0.97,0.98,0.28,0.28,0.6,0.43,0.58,0.44,0.04,0.64,0.469,0.605,0.407
0.61,0.61,1.0,1.0,0.94,0.94,0.87,0.85,0.29,0.29,0.24,0.49,0.07,0.03,1.0,0.28,0.95,0.67,0.32,0.94,0.96,0.32,0.32,0.6,0.43,0.57,0.44,0.04,0.64,0.533,0.613,0.405
0.6,0.6,1.0,1.0,0.95,0.95,0.16,0.16,0.27,0.27,0.2,0.52,0.09,0.06,1.0,0.27,0.95,0.67,0.29,0.95,0.96,0.29,0.29,0.61,0.43,0.59,0.43,0.04,0.64,0.598,0.642,0.397
0.59,0.59,1.0,1.0,0.95,0.95,0.16,0.16,0.3,0.3,0.19,0.54,0.07,0.06,1.0,0.25,0.97,0.65,0.28,0.97,0.97,0.28,0.28,0.6,0.43,0.59,0.43,0.04,0.65,0.627,0.673,0.381
0.58,0.58,1.0,1.0,0.96,0.96,0.16,0.16,0.3,0.3,0.17,0.55,0.07,0.06,1.0,0.24,0.97,0.64,0.27,0.97,0.97,0.27,0.27,0.6,0.43,0.59,0.43,0.03,0.65,0.657,0.708,0.356
0.58,0.58,1.0,1.0,0.96,0.96,0.16,0.16,0.29,0.29,0.14,0.59,0.07,0.06,1.0,0.24,0.97,0.65,0.28,0.97,0.97,0.28,0.28,0.6,0.43,0.59,0.43,0.03,0.64,0.684,0.728,0.341
0.58,0.58,1.0,1.0,0.96,0.96,0.18,0.18,0.28,0.28,0.13,0.59,0.07,0.07,1.0,0.24,0.97,0.64,0.28,0.97,0.97,0.28,0.28,0.6,0.43,0.6,0.43,0.03,0.64,0.729,0.753,0.327
0.61,0.61,1.0,1.0,0.94,0.94,0.38,0.38,0.23,0.23,0.19,0.53,0.12,0.09,1.0,0.29,0.95,0.68,0.33,0.94,0.96,0.33,0.33,0.63,0.42,0.61,0.42,0.05,0.65,0.763,0.763,0.329
0.58,0.58,1.0,1.0,0.96,0.96,0.16,0.16,0.31,0.31,0.28,0.45,0.12,0.09,1.0,0.26,0.96,0.66,0.29,0.96,0.96,0.29,0.29,0.63,0.41,0.61,0.42,0.04,0.64,0.789,0.765,0.336
0.57,0.57,1.0,1.0,0.97,0.97,0.16,0.16,0.32,0.32,0.37,0.36,0.1,0.07,1.0,0.24,0.98,0.64,0.27,0.98,0.98,0.27,0.27,0.62,0.42,0.6,0.43,0.03,0.55,0.795,0.763,0.34
0.57,0.57,1.0,1.0,0.97,0.97,0.16,0.16,0.33,0.33,0.41,0.32,0.09,0.07,1.0,0.23,0.98,0.64,0.27,0.98,0.98,0.27,0.27,0.61,0.42,0.6,0.43,0.02,0.52,0.799,0.762,0.345
0.57,0.57,1.0,1.0,0.97,0.97,0.16,0.16,0.33,0.33,0.42,0.3,0.09,0.06,1.0,0.23,0.98,0.63,0.27,0.98,0.98,0.27,0.27,0.61,0.42,0.59,0.43,0.02,0.52,0.801,0.76,0.34
0.57,0.57,1.0,1.0,0.97,0.97,0.16,0.16,0.33,0.33,0.41,0.31,0.09,0.06,1.0,0.22,0.98,0.63,0.26,0.98,0.99,0.26,0.26,0.61,0.42,0.59,0.43,0.02,0.52,0.801,0.755,0.343
0.57,0.57,1.0,1.0,0.97,0.97,0.16,0.16,0.34,0.34,0.41,0.31,0.09,0.06,1.0,0.22,0.99,0.63,0.26,0.99,0.99,0.26,0.26,0.61,0.43,0.59,0.43,0.02,0.52,0.797,0.752,0.34
0.56,0.56,1.0,1.0,0.97,0.97,0.16,0.16,0.34,0.34,0.44,0.29,0.07,0.06,1.0,0.22,0.99,0.63,0.26,0.99,0.99,0.26,0.26,0.6,0.43,0.59,0.43,0.02,0.52,0.79,0.755,0.321
0.56,0.56,1.0,1.0,0.98,0.98,0.16,0.16,0.34,0.34,0.44,0.28,0.07,0.04,1.0,0.22,0.99,0.63,0.26,0.99,0.99,0.26,0.26,0.6,0.43,0.58,0.44,0.02,0.52,0.799,0.753,0.314
0.53,0.53,1.0,1.0,1.0,1.0,0.16,0.16,0.35,0.35,0.43,0.29,0.09,0.04,1.0,0.22,0.99,0.63,0.26,0.99,0.99,0.26,0.26,0.61,0.43,0.58,0.44,0.02,0.52,0.801,0.75,0.315
0.53,0.53,1.0,1.0,1.0,1.0,0.16,0.16,0.34,0.34,0.43,0.29,0.09,0.04,1.0,0.22,0.99,0.63,0.26,0.99,0.99,0.26,0.26,0.61,0.42,0.58,0.44,0.02,0.53,0.806,0.75,0.308
0.53,0.53,1.0,1.0,1.0,1.0,0.16,0.16,0.34,0.34,0.43,0.29,0.09,0.06,1.0,0.22,0.99,0.63,0.26,0.99,0.99,0.26,0.26,0.61,0.42,0.59,0.43,0.01,0.53,0.808,0.725,0.316
0.52,0.52,0.98,0.98,1.0,1.0,0.16,0.16,0.34,0.34,0.44,0.28,0.09,0.06,1.0,0.22,0.99,0.63,0.25,0.99,0.99,0.25,0.25,0.61,0.42,0.59,0.43,0.01,0.53,0.789,0.703,0.318
0.51,0.51,0.96,0.96,1.0,1.0,0.16,0.16,0.34,0.34,0.44,0.28,0.09,0.06,1.0,0.22,0.99,0.62,0.25,0.99,0.99,0.25,0.25,0.61,0.42,0.59,0.43,0.01,0.53,0.754,0.675,0.336
0.51,0.51,0.95,0.95,1.0,1.0,0.16,0.16,0.34,0.34,0.44,0.28,0.09,0.06,1.0,0.22,0.99,0.62,0.25,0.99,0.99,0.25,0.25,0.61,0.42,0.59,0.43,0.01,0.54,0.741,0.62,0.416
0.5,0.5,0.92,0.92,1.0,1.0,0.16,0.16,0.35,0.35,0.43,0.29,0.1,0.07,1.0,0.22,0.99,0.62,0.25,0.99,0.99,0.25,0.25,0.62,0.42,0.6,0.43,0.01,0.54,0.737,0.56,0.495
0.5,0.5,0.92,0.92,1.0,1.0,0.16,0.16,0.35,0.35,0.42,0.31,0.1,0.06,1.0,0.22,0.99,0.62,0.25,0.99,0.99,0.25,0.25,0.62,0.42,0.59,0.43,0.01,0.55,0.742,0.518,0.535
0.5,0.5,0.94,0.94,1.0,1.0,0.16,0.16,0.34,0.34,0.4,0.33,0.1,0.07,1.0,0.22,0.99,0.62,0.25,0.99,0.99,0.25,0.25,0.62,0.42,0.6,0.43,0.01,0.57,0.748,0.487,0.553
0.51,0.51,0.96,0.96,1.0,1.0,0.16,0.16,0.33,0.33,0.37,0.35,0.1,0.07,1.0,0.22,0.99,0.62,0.25,0.99,0.99,0.25,0.25,0.62,0.42,0.6,0.43,0.01,0.58,0.749,0.467,0.55
0.52,0.52,0.97,0.97,1.0,1.0,0.16,0.16,0.32,0.32,0.36,0.37,0.09,0.07,1.0,0.22,0.99,0.63,0.25,0.99,0.99,0.25,0.25,0.61,0.42,0.6,0.43,0.01,0.59,0.743,0.435,0.558
0.52,0.52,0.97,0.97,1.0,1.0,0.16,0.16,0.3,0.3,0.35,0.38,0.07,0.06,1.0,0.22,0.99,0.63,0.25,0.99,0.99,0.25,0.25,0.6,0.43,0.59,0.43,0.01,0.6,0.746,0.403,0.581
0.52,0.52,0.97,0.97,1.0,1.0,0.16,0.16,0.3,0.3,0.34,0.38,0.07,0.06,1.0,0.22,0.99,0.63,0.25,0.99,0.99,0.25,0.25,0.6,0.43,0.59,0.43,0.02,0.61,0.745,0.39,0.581
0.51,0.51,0.96,0.96,1.0,1.0,0.16,0.16,0.3,0.3,0.32,0.4,0.07,0.06,1.0,0.22,0.98,0.63,0.25,0.98,0.98,0.25,0.25,0.6,0.43,0.59,0.43,0.02,0.61,0.742,0.393,0.572
0.51,0.51,0.96,0.96,1.0,1.0,0.16,0.16,0.3,0.3,0.31,0.41,0.07,0.06,1.0,0.22,0.98,0.63,0.26,0.98,0.98,0.26,0.26,0.6,0.43,0.59,0.43,0.02,0.62,0.742,0.397,0.568
0.51,0.51,0.95,0.95,1.0,1.0,0.16,0.16,0.31,0.31,0.31,0.42,0.07,0.07,1.0,0.22,0.98,0.63,0.25,0.98,0.99,0.25,0.25,0.6,0.43,0.6,0.43,0.02,0.64,0.743,0.392,0.569
0.5,0.5,0.94,0.94,1.0,1.0,0.16,0.16,0.31,0.31,0.3,0.42,0.07,0.07,1.0,0.22,0.98,0.63,0.25,0.98,0.99,0.25,0.25,0.6,0.43,0.6,0.43,0.02,0.66,0.75,0.382,0.579
0.49,0.49,0.91,0.91,1.0,1.0,0.23,0.23,0.25,0.25,0.31,0.41,0.09,0.09,1.0,0.22,0.98,0.63,0.26,0.98,0.98,0.26,0.26,0.61,0.42,0.61,0.42,0.02,0.66,0.752,0.373,0.585
0.56,0.56,1.0,1.0,0.97,0.97,0.93,0.93,0.28,0.28,0.33,0.4,0.1,0.12,1.0,0.25,0.94,0.65,0.29,0.94,0.95,0.29,0.29,0.62,0.42,0.63,0.41,0.02,0.65,0.757,0.373,0.58
0.56,0.56,1.0,1.0,0.98,0.98,0.2,0.2,0.26,0.26,0.33,0.4,0.1,0.12,1.0,0.24,0.96,0.65,0.27,0.96,0.96,0.27,0.27,0.62,0.42,0.63,0.41,0.02,0.64,0.761,0.375,0.575
0.48,0.48,0.89,0.89,1.0,1.0,0.16,0.16,0.34,0.34,0.34,0.38,0.1,0.1,1.0,0.23,0.98,0.63,0.26,0.98,0.98,0.26,0.26,0.62,0.42,0.62,0.42,0.02,0.63,0.767,0.373,0.567
0.49,0.49,0.9,0.9,1.0,1.0,0.16,0.16,0.35,0.35,0.34,0.38,0.09,0.1,1.0,0.22,0.98,0.63,0.25,0.98,0.98,0.25,0.25,0.61,0.42,0.62,0.42,0.02,0.62,0.774,0.368,0.549
0.49,0.49,0.9,0.9,1.0,1.0,0.16,0.16,0.36,0.36,0.35,0.37,0.09,0.09,1.0,0.22,0.99,0.63,0.25,0.99,0.99,0.25,0.25,0.61,0.42,0.61,0.42,0.01,0.62,0.796,0.353,0.524
0.49,0.49,0.91,0.91,1.0,1.0,0.16,0.16,0.36,0.36,0.35,0.37,0.09,0.09,1.0,0.22,0.99,0.63,0.25,0.99,0.99,0.25,0.25,0.61,0.42,0.61,0.42,0.01,0.62,0.804,0.34,0.51
0.49,0.49,0.91,0.91,1.0,1.0,0.16,0.16,0.35,0.35,0.36,0.37,0.09,0.09,1.0,0.22,0.99,0.63,0.25,0.99,0.99,0.25,0.25,0.61,0.42,0.61,0.42,0.01,0.62,0.818,0.332,0.495
0.49,0.49,0.91,0.91,1.0,1.0,0.16,0.16,0.34,0.34,0.35,0.37,0.09,0.07,1.0,0.22,0.99,0.63,0.25,0.99,0.99,0.25,0.25,0.61,0.42,0.6,0.43,0.01,0.61,0.824,0.32,0.485
0.5,0.5,0.92,0.92,1.0,1.0,0.16,0.16,0.32,0.32,0.34,0.38,0.07,0.07,1.0,0.22,0.99,0.63,0.25,0.99,0.99,0.25,0.25,0.6,0.43,0.6,0.43,0.01,0.6,0.821,0.308,0.47
0.5,0.5,0.94,0.94,1.0,1.0,0.16,0.16,0.3,0.3,0.34,0.38,0.07,0.07,1.0,0.22,0.99,0.63,0.25,0.99,0.99,0.25,0.25,0.6,0.43,0.6,0.43,0.01,0.6,0.809,0.302,0.455
0.51,0.51,0.94,0.94,1.0,1.0,0.16,0.16,0.27,0.27,0.34,0.38,0.06,0.06,1.0,0.22,0.99,0.63,0.25,0.99,0.99,0.25,0.25,0.59,0.43,0.59,0.43,0.01,0.59,0.8,0.292,0.445
0.51,0.51,0.95,0.95,1.0,1.0,0.16,0.16,0.25,0.25,0.34,0.39,0.06,0.06,1.0,0.22,0.98,0.63,0.25,0.98,0.98,0.25,0.25,0.59,0.43,0.59,0.43,0.02,0.6,0.8,0.293,0.442
0.51,0.51,0.94,0.94,1.0,1.0,0.16,0.16,0.23,0.23,0.33,0.39,0.06,0.06,1.0,0.22,0.98,0.63,0.26,0.98,0.98,0.26,0.26,0.59,0.43,0.59,0.43,0.02,0.6,0.796,0.302,0.444
0.48,0.48,0.88,0.88,1.0,1.0,0.16,0.16,0.23,0.23,0.2,0.52,0.06,0.06,1.0,0.23,0.97,0.64,0.26,0.97,0.97,0.26,0.26,0.59,0.43,0.59,0.43,0.02,0.6,0.8,0.317,0.46
0.4,0.4,0.69,0.69,1.0,1.0,0.16,0.16,0.31,0.31,0.0,0.8,0.06,0.06,1.0,0.25,0.96,0.65,0.27,0.96,0.97,0.27,0.27,0.59,0.43,0.59,0.43,0.02,0.6,0.791,0.327,0.468
0.56,0.56,1.0,1.0,0.98,0.98,0.16,0.16,0.34,0.34,0.0,0.83,0.06,0.07,1.0,0.26,0.96,0.66,0.27,0.96,0.96,0.27,0.27,0.59,0.43,0.6,0.43,0.02,0.61,0.781,0.338,0.476
0.56,0.56,1.0,1.0,0.98,0.98,0.16,0.16,0.33,0.33,0.0,0.84,0.06,0.07,1.0,0.26,0.96,0.66,0.27,0.96,0.96,0.27,0.27,0.59,0.43,0.6,0.43,0.02,0.62,0.774,0.352,0.484
0.56,0.56,1.0,1.0,0.98,0.98,0.16,0.16,0.27,0.27,0.0,0.74,0.06,0.07,1.0,0.26,0.96,0.66,0.27,0.96,0.96,0.27,0.27,0.59,0.43,0.6,0.43,0.02,0.62,0.772,0.362,0.489
0.57,0.57,1.0,1.0,0.97,0.97,0.3,0.3,0.18,0.18,0.35,0.38,0.09,0.09,0.75,0.29,0.93,0.68,0.29,0.93,0.93,0.29,0.29,0.61,0.42,0.61,0.42,0.04,0.6,0.773,0.377,0.495
0.56,0.56,1.0,1.0,0.98,0.98,0.16,0.16,0.24,0.24,0.34,0.39,0.09,0.09,1.0,0.26,0.95,0.66,0.28,0.95,0.95,0.28,0.28,0.61,0.42,0.61,0.42,0.03,0.59,0.78,0.397,0.494
0.46,0.46,0.84,0.84,1.0,1.0,0.16,0.16,0.28,0.28,0.33,0.39,0.09,0.09,1.0,0.24,0.97,0.64,0.27,0.97,0.97,0.27,0.27,0.61,0.42,0.61,0.42,0.03,0.57,0.789,0.422,0.487
0.46,0.46,0.85,0.85,1.0,1.0,0.16,0.16,0.31,0.31,0.34,0.39,0.1,0.09,1.0,0.23,0.97,0.64,0.27,0.97,0.97,0.27,0.27,0.62,0.42,0.61,0.42,0.02,0.57,0.793,0.447,0.485
0.56,0.56,1.0,1.0,0.98,0.98,0.74,0.7,0.19,0.19,0.34,0.38,0.12,0.1,1.0,0.27,0.94,0.66,0.32,0.94,0.95,0.32,0.32,0.63,0.41,0.62,0.42,0.03,0.56,0.803,0.477,0.487
0.45,0.45,0.82,0.82,1.0,1.0,0.16,0.16,0.29,0.29,0.35,0.38,0.13,0.12,1.0,0.25,0.96,0.65,0.28,0.96,0.96,0.28,0.28,0.64,0.41,0.63,0.42,0.03,0.54,0.814,0.503,0.485
0.46,0.46,0.84,0.84,1.0,1.0,0.16,0.16,0.32,0.32,0.35,0.38,0.13,0.12,1.0,0.24,0.97,0.64,0.28,0.97,0.97,0.28,0.28,0.64,0.41,0.63,0.42,0.02,0.53,0.826,0.537,0.482
0.46,0.46,0.84,0.84,1.0,1.0,0.16,0.16,0.32,0.32,0.34,0.38,0.13,0.1,1.0,0.24,0.97,0.64,0.27,0.97,0.97,0.27,0.27,0.64,0.41,0.62,0.42,0.02,0.53,0.844,0.565,0.479
0.45,0.45,0.82,0.82,1.0,1.0,0.16,0.16,0.37,0.37,0.41,0.31,0.12,0.1,1.0,0.23,0.97,0.64,0.27,0.97,0.98,0.27,0.27,0.63,0.41,0.62,0.42,0.02,0.54,0.869,0.587,0.473
0.44,0.44,0.8,0.8,1.0,1.0,0.16,0.16,0.46,0.46,0.51,0.21,0.1,0.07,1.0,0.23,0.98,0.63,0.27,0.98,0.98,0.27,0.27,0.62,0.42,0.6,0.43,0.02,0.57,0.886,0.602,0.478
0.45,0.45,0.81,0.81,1.0,1.0,0.16,0.16,0.47,0.47,0.5,0.23,0.1,0.07,1.0,0.23,0.98,0.63,0.27,0.98,0.98,0.27,0.27,0.62,0.42,0.6,0.43,0.02,0.6,0.902,0.612,0.5
0.45,0.45,0.82,0.82,1.0,1.0,0.16,0.16,0.49,0.49,0.47,0.26,0.1,0.07,1.0,0.23,0.98,0.63,0.27,0.98,0.98,0.27,0.27,0.62,0.42,0.6,0.43,0.02,0.62,0.904,0.613,0.512
0.45,0.45,0.82,0.82,1.0,1.0,0.16,0.16,0.49,0.49,0.46,0.27,0.12,0.06,1.0,0.23,0.98,0.64,0.27,0.98,0.98,0.27,0.27,0.63,0.42,0.59,0.43,0.03,0.63,0.894,0.612,0.512
0.45,0.45,0.82,0.82,1.0,1.0,0.16,0.16,0.49,0.49,0.45,0.27,0.12,0.06,1.0,0.23,0.98,0.64,0.27,0.98,0.98,0.27,0.27,0.63,0.42,0.59,0.43,0.03,0.64,0.881,0.615,0.499
0.46,0.46,0.83,0.83,1.0,1.0,0.16,0.16,0.49,0.49,0.44,0.28,0.12,0.06,1.0,0.23,0.98,0.64,0.27,0.98,0.98,0.27,0.27,0.63,0.42,0.59,0.43,0.03,0.65,0.859,0.623,0.484
0.45,0.45,0.82,0.82,1.0,1.0,0.16,0.16,0.44,0.44,0.51,0.22,0.12,0.06,1.0,0.23,0.98,0.64,0.27,0.98,0.98,0.27,0.27,0.63,0.42,0.59,0.43,0.03,0.65,0.833,0.63,0.475
0.56,0.56,1.0,1.0,0.98,0.98,0.26,0.26,0.29,0.29,0.68,0.05,0.15,0.07,1.0,0.24,0.97,0.64,0.3,0.97,0.98,0.3,0.3,0.65,0.41,0.6,0.43,0.03,0.65,0.797,0.645,0.468
0.56,0.56,1.0,1.0,0.98,0.98,0.16,0.16,0.36,0.36,0.81,0.0,0.15,0.09,1.0,0.24,0.97,0.64,0.28,0.97,0.98,0.28,0.28,0.65,0.41,0.61,0.43,0.03,0.65,0.781,0.652,0.467
0.45,0.45,0.82,0.82,1.0,1.0,0.16,0.16,0.38,0.38,0.81,0.0,0.15,0.07,1.0,0.24,0.97,0.64,0.28,0.97,0.98,0.28,0.28,0.65,0.41,0.6,0.43,0.03,0.65,0.769,0.653,0.469
0.45,0.45,0.82,0.82,1.0,1.0,0.16,0.16,0.38,0.38,0.82,0.0,0.15,0.07,1.0,0.23,0.97,0.64,0.28,0.97,0.98,0.28,0.28,0.65,0.41,0.6,0.43,0.03,0.65,0.76,0.65,0.465
0.45,0.45,0.82,0.82,1.0,1.0,0.16,0.16,0.39,0.39,0.82,0.0,0.15,0.07,1.0,0.23,0.97,0.64,0.28,0.97,0.98,0.28,0.28,0.65,0.41,0.6,0.43,0.03,0.66,0.759,0.647,0.462
0.45,0.45,0.82,0.82,1.0,1.0,0.16,0.16,0.44,0.44,0.48,0.25,0.15,0.07,1.0,0.23,0.97,0.64,0.28,0.97,0.98,0.28,0.28,0.65,0.41,0.6,0.43,0.03,0.66,0.758,0.64,0.45
0.45,0.45,0.82,0.82,1.0,1.0,0.16,0.16,0.49,0.49,0.45,0.28,0.13,0.07,1.0,0.24,0.98,0.64,0.28,0.98,0.98,0.28,0.28,0.64,0.41,0.6,0.43,0.03,0.66,0.758,0.63,0.427
0.45,0.45,0.82,0.82,1.0,1.0,0.16,0.16,0.48,0.48,0.46,0.27,0.1,0.07,1.0,0.23,0.98,0.64,0.28,0.98,0.98,0.28,0.28,0.62,0.42,0.6,0.43,0.03,0.65,0.754,0.623,0.406
0.46,0.46,0.83,0.83,1.0,1.0,0.16,0.16,0.48,0.48,0.5,0.23,0.09,0.06,1.0,0.23,0.98,0.64,0.27,0.98,0.98,0.27,0.27,0.61,0.42,0.59,0.43,0.03,0.64,0.757,0.623,0.384
0.44,0.44,0.79,0.79,1.0,1.0,0.39,0.38,0.23,0.23,0.32,0.41,0.12,0.1,1.0,0.25,0.96,0.65,0.31,0.96,0.96,0.31,0.31,0.63,0.41,0.62,0.42,0.03,0.62,0.759,0.623,0.371
0.46,0.46,0.83,0.83,1.0,1.0,0.16,0.16,0.32,0.32,0.32,0.4,0.12,0.12,1.0,0.24,0.96,0.65,0.28,0.96,0.97,0.28,0.28,0.63,0.41,0.63,0.42,0.03,0.6,0.758,0.623,0.365
0.46,0.46,0.84,0.84,1.0,1.0,0.16,0.16,0.34,0.34,0.32,0.4,0.12,0.1,1.0,0.24,0.97,0.64,0.27,0.97,0.97,0.27,0.27,0.63,0.41,0.62,0.42,0.02,0.58,0.757,0.623,0.363
0.47,0.47,0.85,0.85,1.0,1.0,0.16,0.16,0.34,0.34,0.32,0.4,0.12,0.1,1.0,0.23,0.97,0.64,0.27,0.97,0.97,0.27,0.27,0.63,0.41,0.62,0.42,0.02,0.58,0.758,0.623,0.363
0.45,0.45,0.83,0.83,1.0,1.0,0.64,0.63,0.18,0.18,0.32,0.4,0.12,0.1,1.0,0.25,0.96,0.65,0.3,0.96,0.97,0.3,0.3,0.63,0.41,0.62,0.42,0.02,0.57,0.761,0.628,0.362
0.44,0.44,0.79,0.79,1.0,1.0,0.16,0.16,0.33,0.33,0.02,0.71,0.12,0.12,1.0,0.25,0.96,0.65,0.28,0.96,0.96,0.28,0.28,0.63,0.42,0.63,0.42,0.03,0.57,0.765,0.623,0.363
0.44,0.44,0.79,0.79,1.0,1.0,0.16,0.16,0.4,0.4,0.0,0.78,0.1,0.1,1.0,0.24,0.97,0.64,0.27,0.97,0.97,0.27,0.27,0.62,0.42,0.62,0.42,0.02,0.59,0.765,0.622,0.362
0.44,0.44,0.79,0.79,1.0,1.0,0.16,0.16,0.4,0.4,0.0,0.77,0.1,0.1,1.0,0.23,0.98,0.64,0.27,0.98,0.98,0.27,0.27,0.62,0.42,0.62,0.42,0.02,0.6,0.765,0.622,0.361
0.44,0.44,0.79,0.79,1.0,1.0,0.16,0.16,0.4,0.4,0.0,0.77,0.09,0.1,1.0,0.23,0.98,0.64,0.27,0.98,0.98,0.27,0.27,0.61,0.42,0.62,0.42,0.02,0.61,0.762,0.62,0.356
0.44,0.44,0.79,0.79,1.0,1.0,0.16,0.16,0.4,0.4,0.0,0.77,0.09,0.1,1.0,0.23,0.98,0.64,0.27,0.98,0.98,0.27,0.27,0.61,0.42,0.62,0.42,0.02,0.61,0.76,0.62,0.357
0.44,0.44,0.79,0.79,1.0,1.0,0.16,0.16,0.4,0.4,0.0,0.77,0.09,0.1,1.0,0.23,0.98,0.64,0.27,0.98,0.98,0.27,0.27,0.61,0.42,0.62,0.42,0.02,0.62,0.756,0.627,0.359
0.44,0.44,0.79,0.79,1.0,1.0,0.16,0.16,0.4,0.4,0.25,0.47,0.09,0.1,1.0,0.23,0.98,0.64,0.27,0.98,0.98,0.27,0.27,0.61,0.42,0.62,0.42,0.02,0.62,0.752,0.618,0.382
0.46,0.46,0.83,0.83,1.0,1.0,0.16,0.16,0.39,0.39,0.3,0.42,0.09,0.09,1.0,0.23,0.98,0.63,0.27,0.98,0.98,0.27,0.27,0.61,0.42,0.61,0.42,0.02,0.61,0.754,0.615,0.395
0.46,0.46,0.83,0.83,1.0,1.0,0.16,0.16,0.38,0.38,0.31,0.41,0.09,0.09,1.0,0.23,0.98,0.63,0.27,0.98,0.98,0.27,0.27,0.61,0.42,0.61,0.42,0.02,0.61,0.756,0.613,0.416
0.45,0.45,0.8,0.8,1.0,1.0,0.16,0.16,0.44,0.44,0.53,0.2,0.09,0.07,1.0,0.23,0.98,0.63,0.27,0.98,0.98,0.27,0.27,0.61,0.42,0.6,0.43,0.02,0.6,0.759,0.62,0.43
0.45,0.45,0.8,0.8,1.0,1.0,0.16,0.16,0.44,0.44,0.53,0.2,0.09,0.07,1.0,0.23,0.98,0.63,0.27,0.98,0.98,0.27,0.27,0.61,0.42,0.6,0.43,0.02,0.6,0.756,0.615,0.438
0.45,0.45,0.81,0.81,1.0,1.0,0.16,0.16,0.45,0.45,0.52,0.2,0.09,0.07,1.0,0.23,0.98,0.63,0.27,0.98,0.98,0.27,0.27,0.61,0.42,0.6,0.43,0.02,0.6,0.758,0.615,0.437
0.45,0.45,0.81,0.81,1.0,1.0,0.16,0.16,0.45,0.45,0.51,0.21,0.09,0.07,1.0,0.23,0.98,0.63,0.27,0.98,0.98,0.27,0.27,0.61,0.42,0.6,0.43,0.02,0.61,0.756,0.613,0.437
0.45,0.45,0.81,0.81,1.0,1.0,0.16,0.16,0.47,0.47,0.53,0.19,0.09,0.07,1.0,0.23,0.98,0.63,0.27,0.98,0.98,0.27,0.27,0.61,0.42,0.6,0.43,0.02,0.61,0.758,0.613,0.441
0.45,0.45,0.81,0.81,1.0,1.0,0.16,0.16,0.49,0.49,0.52,0.2,0.09,0.07,1.0,0.23,0.98,0.63,0.27,0.98,0.98,0.27,0.27,0.61,0.42,0.6,0.43,0.02,0.61,0.755,0.618,0.444
0.45,0.45,0.81,0.81,1.0,1.0,0.16,0.16,0.5,0.5,0.42,0.31,0.09,0.07,1.0,0.23,0.98,0.64,0.27,0.98,0.98,0.27,0.27,0.61,0.42,0.6,0.43,0.03,0.61,0.756,0.615,0.446
0.45,0.45,0.81,0.81,1.0,1.0,0.16,0.16,0.53,0.53,0.29,0.43,0.09,0.07,1.0,0.23,0.98,0.64,0.27,0.98,0.98,0.27,0.27,0.61,0.42,0.6,0.43,0.03,0.61,0.754,0.615,0.445
0.45,0.45,0.82,0.82,1.0,1.0,0.16,0.16,0.58,0.58,0.19,0.54,0.07,0.06,1.0,0.24,0.98,0.64,0.27,0.98,0.98,0.27,0.27,0.6,0.43,0.59,0.43,0.03,0.62,0.755,0.613,0.446
0.45,0.45,0.82,0.82,1.0,1.0,0.16,0.16,0.64,0.64,0.1,0.63,0.07,0.07,1.0,0.24,0.98,0.64,0.27,0.98,0.98,0.27,0.27,0.6,0.43,0.6,0.43,0.03,0.63,0.755,0.615,0.445
0.45,0.45,0.82,0.82,1.0,1.0,0.16,0.16,0.64,0.64,0.1,0.64,0.07,0.07,1.0,0.24,0.98,0.64,0.27,0.98,0.98,0.27,0.27,0.6,0.43,0.6,0.43,0.03,0.64,0.753,0.615,0.445
0.45,0.45,0.82,0.82,1.0,1.0,0.16,0.16,0.64,0.64,0.09,0.64,0.07,0.07,1.0,0.24,0.98,0.64,0.27,0.98,0.98,0.27,0.27,0.6,0.43,0.6,0.43,0.03,0.65,0.754,0.613,0.44
0.46,0.46,0.83,0.83,1.0,1.0,0.16,0.16,0.56,0.56,0.3,0.42,0.07,0.06,1.0,0.24,0.98,0.64,0.28,0.98,0.98,0.28,0.28,0.6,0.43,0.59,0.43,0.03,0.65,0.754,0.612,0.431
0.46,0.46,0.84,0.84,1.0,1.0,0.16,0.16,0.54,0.54,0.47,0.26,0.07,0.06,1.0,0.24,0.98,0.64,0.28,0.98,0.98,0.28,0.28,0.6,0.43,0.59,0.43,0.03,0.64,0.755,0.612,0.434
0.46,0.46,0.85,0.85,1.0,1.0,0.16,0.16,0.49,0.49,0.54,0.19,0.07,0.06,1.0,0.24,0.98,0.64,0.28,0.98,0.98,0.28,0.28,0.6,0.43,0.59,0.43,0.03,0.63,0.759,0.603,0.428
0.47,0.47,0.86,0.86,1.0,1.0,0.16,0.16,0.49,0.49,0.54,0.19,0.07,0.06,1.0,0.24,0.98,0.64,0.28,0.98,0.98,0.28,0.28,0.6,0.43,0.59,0.43,0.03,0.63,0.759,0.603,0.426
0.47,0.47,0.86,0.86,1.0,1.0,0.16,0.16,0.48,0.48,0.53,0.2,0.09,0.06,1.0,0.23,0.98,0.64,0.28,0.98,0.99,0.28,0.28,0.61,0.43,0.59,0.43,0.03,0.63,0.759,0.603,0.424
0.46,0.46,0.85,0.85,1.0,1.0,0.16,0.16,0.44,0.44,0.5,0.22,0.09,0.06,1.0,0.23,0.98,0.64,0.28,0.98,0.99,0.28,0.28,0.61,0.42,0.59,0.43,0.03,0.63,0.757,0.605,0.423
0.56,0.56,1.0,1.0,0.98,0.98,0.16,0.16,0.41,0.41,0.52,0.21,0.12,0.09,1.0,0.25,0.96,0.65,0.29,0.96,0.97,0.29,0.29,0.63,0.42,0.61,0.42,0.03,0.62,0.759,0.608,0.423
0.45,0.45,0.82,0.82,1.0,1.0,0.16,0.16,0.47,0.47,0.51,0.22,0.09,0.07,1.0,0.24,0.97,0.65,0.28,0.97,0.98,0.28,0.28,0.61,0.42,0.6,0.43,0.03,0.62,0.761,0.608,0.424
0.46,0.46,0.84,0.84,1.0,1.0,0.16,0.16,0.47,0.47,0.5,0.22,0.09,0.07,1.0,0.24,0.98,0.64,0.27,0.98,0.98,0.27,0.27,0.61,0.42,0.6,0.43,0.03,0.64,0.758,0.61,0.425
0.58,0.58,1.0,1.0,0.96,0.96,0.91,0.91,0.28,0.28,0.29,0.44,0.12,0.06,1.0,0.27,0.95,0.67,0.32,0.94,0.96,0.32,0.32,0.63,0.42,0.59,0.43,0.04,0.64,0.754,0.612,0.425
0.57,0.57,1.0,1.0,0.97,0.97,0.16,0.16,0.36,0.36,0.44,0.29,0.1,0.07,1.0,0.27,0.96,0.66,0.29,0.96,0.97,0.29,0.29,0.62,0.42,0.6,0.43,0.04,0.64,0.759,0.613,0.428
0.56,0.56,1.0,1.0,0.97,0.97,0.16,0.16,0.38,0.38,0.44,0.28,0.07,0.03,1.0,0.25,0.97,0.65,0.27,0.97,0.97,0.27,0.27,0.6,0.43,0.57,0.44,0.04,0.66,0.762,0.615,0.426
0.56,0.56,1.0,1.0,0.97,0.97,0.16,0.16,0.35,0.35,0.39,0.33,0.06,0.03,1.0,0.25,0.97,0.65,0.27,0.97,0.97,0.27,0.27,0.59,0.43,0.57,0.44,0.04,0.65,0.763,0.617,0.426
0.57,0.57,1.0,1.0,0.97,0.97,0.16,0.16,0.34,0.34,0.39,0.34,0.06,0.04,1.0,0.26,0.96,0.66,0.29,0.96,0.97,0.29,0.29,0.59,0.43,0.58,0.44,0.04,0.64,0.764,0.618,0.426
0.59,0.59,1.0,1.0,0.95,0.95,0.16,0.16,0.33,0.33,0.39,0.34,0.09,0.07,0.75,0.31,0.94,0.7,0.32,0.93,0.94,0.32,0.32,0.61,0.42,0.6,0.43,0.05,0.64,0.766,0.617,0.425
0.6,0.6,1.0,1.0,0.94,0.94,0.16,0.16,0.31,0.31,0.37,0.36,0.09,0.07,0.75,0.33,0.92,0.71,0.32,0.91,0.93,0.32,0.32,0.61,0.42,0.6,0.43,0.06,0.61,0.762,0.61,0.418
0.61,0.61,1.0,1.0,0.94,0.94,0.16,0.16,0.31,0.31,0.36,0.37,0.09,0.07,0.75,0.34,0.92,0.72,0.32,0.91,0.93,0.32,0.32,0.61,0.42,0.6,0.43,0.06,0.6,0.766,0.607,0.415
0.61,0.61,1.0,1.0,0.93,0.93,0.16,0.16,0.29,0.29,0.33,0.39,0.1,0.09,0.75,0.34,0.91,0.72,0.33,0.9,0.91,0.33,0.33,0.62,0.42,0.61,0.42,0.06,0.58,0.77,0.607,0.414
0.62,0.62,1.0,1.0,0.92,0.92,0.16,0.16,0.26,0.26,0.32,0.4,0.1,0.09,0.75,0.34,0.9,0.72,0.34,0.89,0.9,0.34,0.34,0.62,0.42,0.61,0.42,0.06,0.56,0.768,0.607,0.407
0.62,0.62,1.0,1.0,0.92,0.92,0.2,0.2,0.23,0.23,0.31,0.42,0.1,0.1,0.75,0.35,0.89,0.73,0.34,0.88,0.9,0.34,0.34,0.62,0.42,0.62,0.42,0.06,0.55,0.768,0.607,0.408
0.63,0.63,1.0,1.0,0.92,0.92,0.41,0.41,0.16,0.16,0.28,0.44,0.1,0.1,0.75,0.37,0.89,0.74,0.34,0.88,0.89,0.34,0.34,0.62,0.42,0.62,0.42,0.07,0.54,0.771,0.612,0.409
0.63,0.63,1.0,1.0,0.92,0.92,0.24,0.24,0.21,0.21,0.32,0.41,0.1,0.1,0.75,0.37,0.89,0.74,0.34,0.88,0.9,0.34,0.34,0.62,0.42,0.62,0.42,0.06,0.54,0.766,0.605,0.4
0.61,0.61,1.0,1.0,0.94,0.94,0.19,0.19,0.24,0.24,0.44,0.29,0.1,0.1,0.75,0.37,0.88,0.74,0.33,0.87,0.88,0.33,0.33,0.62,0.42,0.62,0.42,0.06,0.55,0.769,0.603,0.393
0.6,0.6,1.0,1.0,0.94,0.94,0.16,0.16,0.25,0.25,0.54,0.19,0.09,0.09,0.75,0.37,0.87,0.74,0.33,0.86,0.88,0.33,0.33,0.61,0.42,0.61,0.42,0.06,0.57,0.791,0.595,0.383
0.6,0.6,1.0,1.0,0.95,0.95,0.16,0.16,0.26,0.26,0.6,0.13,0.09,0.09,0.75,0.36,0.88,0.73,0.33,0.88,0.88,0.33,0.33,0.61,0.42,0.61,0.42,0.07,0.56,0.821,0.583,0.368
0.6,0.6,1.0,1.0,0.95,0.95,0.16,0.16,0.26,0.26,0.61,0.12,0.09,0.09,0.75,0.35,0.89,0.72,0.33,0.89,0.89,0.33,0.33,0.61,0.42,0.61,0.42,0.07,0.55,0.836,0.567,0.35
0.6,0.6,1.0,1.0,0.94,0.94,0.57,0.57,0.11,0.11,0.49,0.24,0.09,0.09,0.75,0.35,0.9,0.72,0.33,0.89,0.9,0.33,0.33,0.61,0.42,0.61,0.43,0.08,0.53,0.864,0.543,0.335
0.6,0.6,1.0,1.0,0.94,0.94,0.28,0.28,0.19,0.19,0.56,0.17,0.09,0.07,0.75,0.35,0.9,0.72,0.32,0.9,0.9,0.32,0.32,0.61,0.43,0.6,0.43,0.08,0.51,0.914,0.548,0.325
0.6,0.6,1.0,1.0,0.94,0.94,0.16,0.16,0.23,0.23,0.57,0.16,0.07,0.07,0.75,0.34,0.9,0.71,0.31,0.9,0.9,0.31,0.31,0.6,0.43,0.6,0.43,0.07,0.5,0.951,0.56,0.322
0.6,0.6,1.0,1.0,0.95,0.95,0.16,0.16,0.23,0.23,0.55,0.18,0.07,0.07,0.75,0.33,0.9,0.71,0.31,0.9,0.9,0.31,0.31,0.6,0.43,0.6,0.43,0.06,0.5,0.978,0.567,0.322
0.6,0.6,1.0,1.0,0.95,0.95,0.16,0.16,0.22,0.22,0.54,0.19,0.07,0.07,0.75,0.33,0.9,0.71,0.31,0.9,0.9,0.31,0.31,0.6,0.43,0.6,0.43,0.06,0.51,0.99,0.58,0.322
0.6,0.6,1.0,1.0,0.95,0.95,0.16,0.16,0.22,0.22,0.52,0.21,0.07,0.07,0.75,0.33,0.9,0.71,0.31,0.9,0.9,0.31,0.31,0.6,0.43,0.6,0.43,0.06,0.52,0.993,0.597,0.331
0.6,0.6,1.0,1.0,0.95,0.95,0.16,0.16,0.22,0.22,0.51,0.22,0.07,0.07,0.75,0.33,0.89,0.71,0.31,0.89,0.89,0.31,0.31,0.6,0.43,0.6,0.43,0.06,0.53,0.993,0.617,0.329
0.59,0.59,1.0,1.0,0.95,0.95,0.16,0.16,0.23,0.23,0.54,0.19,0.07,0.07,0.75,0.33,0.89,0.71,0.31,0.89,0.89,0.31,0.31,0.6,0.43,0.6,0.43,0.06,0.54,0.993,0.632,0.335
0.59,0.59,1.0,1.0,0.95,0.95,0.16,0.16,0.25,0.25,0.55,0.17,0.07,0.09,0.75,0.33,0.89,0.71,0.32,0.89,0.89,0.32,0.32,0.6,0.43,0.61,0.42,0.06,0.56,0.993,0.64,0.345
0.59,0.59,1.0,1.0,0.95,0.95,0.16,0.16,0.25,0.25,0.56,0.17,0.07,0.09,0.75,0.33,0.9,0.71,0.32,0.89,0.9,0.32,0.32,0.6,0.43,0.61,0.42,0.06,0.58,0.991,0.652,0.387
0.6,0.6,1.0,1.0,0.94,0.94,0.45,0.45,0.16,0.16,0.48,0.25,0.09,0.1,0.5,0.34,0.9,0.72,0.32,0.89,0.9,0.32,0.32,0.61,0.42,0.62,0.42,0.06,0.58,0.961,0.663,0.44
0.59,0.59,1.0,1.0,0.95,0.95,0.19,0.19,0.25,0.25,0.54,0.18,0.09,0.1,0.75,0.34,0.9,0.72,0.32,0.89,0.9,0.32,0.32,0.61,0.42,0.62,0.42,0.06,0.59,0.952,0.655,0.506
0.58,0.58,1.0,1.0,0.96,0.96,0.16,0.16,0.27,0.27,0.56,0.17,0.09,0.1,0.75,0.32,0.91,0.7,0.3,0.91,0.91,0.3,0.3,0.61,0.43,0.62,0.42,0.06,0.59,0.944,0.642,0.554
0.58,0.58,1.0,1.0,0.96,0.96,0.16,0.16,0.25,0.25,0.49,0.24,0.07,0.07,0.75,0.31,0.92,0.69,0.3,0.91,0.92,0.3,0.3,0.6,0.43,0.6,0.43,0.05,0.59,0.937,0.63,0.578
0.58,0.58,1.0,1.0,0.96,0.96,0.16,0.16,0.25,0.25,0.42,0.31,0.07,0.07,0.75,0.3,0.92,0.69,0.3,0.92,0.92,0.3,0.3,0.6,0.43,0.6,0.43,0.05,0.59,0.941,0.638,0.606
0.6,0.6,1.0,1.0,0.95,0.95,0.16,0.16,0.25,0.25,0.39,0.33,0.09,0.07,0.75,0.32,0.92,0.7,0.32,0.91,0.92,0.32,0.32,0.61,0.42,0.6,0.43,0.04,0.58,0.934,0.65,0.609
0.64,0.64,1.0,1.0,0.91,0.91,0.16,0.16,0.25,0.25,0.38,0.35,0.1,0.09,0.75,0.34,0.9,0.72,0.34,0.89,0.9,0.34,0.34,0.62,0.42,0.61,0.42,0.05,0.56,0.931,0.672,0.609
0.65,0.65,1.0,1.0,0.9,0.9,0.16,0.16,0.25,0.25,0.36,0.37,0.1,0.09,0.75,0.36,0.89,0.74,0.35,0.88,0.89,0.35,0.35,0.62,0.42,0.61,0.42,0.06,0.53,0.935,0.707,0.605
0.64,0.64,1.0,1.0,0.91,0.91,0.16,0.16,0.24,0.24,0.34,0.38,0.1,0.09,0.75,0.36,0.89,0.74,0.34,0.88,0.89,0.34,0.34,0.62,0.42,0.61,0.42,0.06,0.53,0.94,0.733,0.594
0.64,0.64,1.0,1.0,0.91,0.91,0.16,0.16,0.24,0.24,0.35,0.38,0.1,0.09,0.75,0.36,0.88,0.73,0.34,0.87,0.89,0.34,0.34,0.62,0.42,0.61,0.42,0.06,0.53,0.946,0.76,0.585
0.64,0.64,1.0,1.0,0.91,0.91,0.16,0.16,0.24,0.24,0.34,0.38,0.1,0.09,0.75,0.36,0.88,0.73,0.34,0.87,0.89,0.34,0.34,0.62,0.42,0.61,0.42,0.06,0.52,0.939,0.782,0.576
0.63,0.63,1.0,1.0,0.92,0.92,0.16,0.16,0.24,0.24,0.35,0.38,0.09,0.09,0.75,0.36,0.88,0.73,0.34,0.87,0.88,0.34,0.34,0.61,0.42,0.61,0.42,0.06,0.52,0.932,0.803,0.56
0.62,0.62,1.0,1.0,0.93,0.93,0.16,0.16,0.25,0.25,0.35,0.37,0.09,0.09,0.75,0.36,0.88,0.73,0.34,0.87,0.88,0.34,0.34,0.61,0.42,0.61,0.42,0.06,0.52,0.928,0.807,0.549
0.62,0.62,1.0,1.0,0.93,0.93,0.16,0.16,0.25,0.25,0.36,0.36,0.09,0.09,0.75,0.36,0.87,0.73,0.34,0.86,0.88,0.34,0.34,0.61,0.42,0.61,0.43,0.06,0.52,0.921,0.805,0.541
0.62,0.62,1.0,1.0,0.93,0.93,0.16,0.16,0.26,0.26,0.37,0.36,0.09,0.07,0.75,0.36,0.87,0.73,0.34,0.86,0.88,0.34,0.34,0.61,0.42,0.6,0.43,0.06,0.52,0.924,0.813,0.545
0.61,0.61,1.0,1.0,0.94,0.94,0.16,0.16,0.27,0.27,0.32,0.4,0.1,0.09,0.75,0.34,0.9,0.72,0.32,0.89,0.9,0.32,0.32,0.62,0.42,0.61,0.43,0.06,0.51,0.915,0.808,0.533
0.59,0.59,1.0,1.0,0.95,0.95,0.16,0.16,0.26,0.26,0.25,0.48,0.07,0.07,0.75,0.33,0.91,0.71,0.31,0.9,0.91,0.31,0.31,0.6,0.43,0.6,0.43,0.06,0.52,0.914,0.802,0.525
0.59,0.59,1.0,1.0,0.95,0.95,0.16,0.16,0.27,0.27,0.15,0.58,0.07,0.07,0.75,0.31,0.92,0.7,0.3,0.91,0.92,0.3,0.3,0.6,0.43,0.6,0.43,0.05,0.52,0.911,0.787,0.508
0.6,0.6,1.0,1.0,0.95,0.95,0.16,0.16,0.29,0.29,0.1,0.63,0.07,0.07,0.75,0.3,0.93,0.69,0.3,0.92,0.93,0.3,0.3,0.6,0.43,0.6,0.43,0.05,0.51,0.926,0.745,0.466
0.6,0.6,1.0,1.0,0.94,0.94,0.16,0.16,0.3,0.3,0.11,0.62,0.07,0.07,0.75,0.3,0.93,0.69,0.3,0.92,0.93,0.3,0.3,0.6,0.43,0.6,0.43,0.05,0.51,0.961,0.7,0.425
0.6,0.6,1.0,1.0,0.94,0.94,0.16,0.16,0.3,0.3,0.09,0.64,0.07,0.07,0.75,0.3,0.93,0.69,0.3,0.92,0.93,0.3,0.3,0.6,0.43,0.6,0.43,0.05,0.52,0.989,0.658,0.398
0.59,0.59,1.0,1.0,0.95,0.95,0.16,0.16,0.23,0.23,0.12,0.61,0.06,0.07,0.75,0.31,0.93,0.69,0.3,0.92,0.93,0.3,0.3,0.59,0.43,0.6,0.43,0.05,0.53,0.993,0.607,0.382
0.59,0.59,1.0,1.0,0.95,0.95,0.22,0.22,0.16,0.16,0.17,0.56,0.06,0.07,0.75,0.33,0.91,0.71,0.3,0.9,0.91,0.3,0.3,0.59,0.43,0.6,0.43,0.05,0.55,0.993,0.562,0.365
0.59,0.59,1.0,1.0,0.95,0.95,0.28,0.28,0.14,0.14,0.26,0.47,0.07,0.09,0.75,0.34,0.9,0.72,0.32,0.89,0.9,0.32,0.32,0.6,0.43,0.61,0.42,0.05,0.56,0.993,0.533,0.358
0.6,0.6,1.0,1.0,0.94,0.94,0.4,0.4,0.11,0.11,0.31,0.42,0.09,0.1,0.75,0.37,0.86,0.74,0.33,0.86,0.87,0.33,0.33,0.61,0.42,0.62,0.42,0.06,0.57,0.993,0.508,0.355
0.59,0.59,1.0,1.0,0.96,0.96,0.29,0.29,0.15,0.15,0.33,0.4,0.09,0.1,0.75,0.35,0.88,0.72,0.31,0.87,0.88,0.31,0.31,0.61,0.42,0.62,0.42,0.06,0.57,0.987,0.483,0.359
0.58,0.58,1.0,1.0,0.96,0.96,0.26,0.26,0.17,0.17,0.35,0.38,0.09,0.1,0.75,0.34,0.88,0.72,0.32,0.88,0.88,0.32,0.32,0.61,0.42,0.62,0.42,0.06,0.56,0.977,0.473,0.366
0.58,0.58,1.0,1.0,0.96,0.96,0.22,0.22,0.18,0.18,0.39,0.33,0.09,0.1,0.75,0.33,0.89,0.71,0.33,0.88,0.89,0.33,0.33,0.61,0.42,0.62,0.42,0.06,0.54,0.969,0.455,0.369
0.59,0.59,1.0,1.0,0.95,0.95,0.22,0.22,0.18,0.18,0.42,0.31,0.09,0.1,0.75,0.34,0.89,0.71,0.33,0.88,0.89,0.33,0.33,0.61,0.42,0.62,0.42,0.06,0.53,0.971,0.433,0.37
0.6,0.6,1.0,1.0,0.95,0.95,0.22,0.22,0.18,0.18,0.44,0.28,0.09,0.1,0.75,0.34,0.89,0.72,0.33,0.89,0.89,0.33,0.33,0.61,0.42,0.62,0.42,0.06,0.5,0.97,0.408,0.345
0.6,0.6,1.0,1.0,0.95,0.95,0.21,0.21,0.19,0.19,0.45,0.27,0.1,0.09,0.75,0.33,0.9,0.71,0.32,0.9,0.9,0.32,0.32,0.62,0.42,0.61,0.42,0.06,0.48,0.965,0.397,0.319
0.59,0.59,1.0,1.0,0.95,0.95,0.2,0.2,0.2,0.2,0.46,0.27,0.1,0.09,0.75,0.33,0.91,0.71,0.32,0.91,0.91,0.32,0.32,0.62,0.42,0.61,0.42,0.06,0.47,0.963,0.383,0.26
0.59,0.59,1.0,1.0,0.95,0.95,0.19,0.19,0.2,0.2,0.46,0.27,0.1,0.09,0.75,0.3,0.93,0.69,0.32,0.92,0.93,0.32,0.32,0.62,0.42,0.61,0.42,0.05,0.46,0.957,0.383,0.225
0.58,0.58,1.0,1.0,0.96,0.96,0.16,0.16,0.21,0.21,0.48,0.25,0.1,0.07,0.75,0.28,0.93,0.67,0.31,0.93,0.93,0.31,0.31,0.62,0.42,0.6,0.43,0.04,0.45,0.951,0.388,0.205
0.57,0.57,1.0,1.0,0.97,0.97,0.16,0.16,0.22,0.22,0.51,0.21,0.09,0.07,0.75,0.26,0.94,0.66,0.29,0.94,0.95,0.29,0.29,0.61,0.42,0.6,0.43,0.03,0.45,0.938,0.385,0.205
0.57,0.57,1.0,1.0,0.97,0.97,0.16,0.16,0.24,0.24,0.55,0.18,0.09,0.06,0.75,0.27,0.94,0.66,0.29,0.94,0.94,0.29,0.29,0.61,0.42,0.59,0.43,0.03,0.44,0.912,0.388,0.266
0.57,0.57,1.0,1.0,0.97,0.97,0.16,0.16,0.24,0.24,0.59,0.14,0.09,0.04,0.75,0.27,0.94,0.67,0.31,0.93,0.94,0.31,0.31,0.61,0.42,0.58,0.44,0.04,0.4,0.909,0.402,0.345
0.57,0.57,1.0,1.0,0.96,0.96,0.16,0.16,0.25,0.25,0.62,0.11,0.1,0.06,0.75,0.29,0.93,0.68,0.3,0.93,0.93,0.3,0.3,0.62,0.42,0.59,0.43,0.04,0.36,0.9,0.403,0.415
0.57,0.57,1.0,1.0,0.97,0.97,0.16,0.16,0.25,0.25,0.63,0.1,0.1,0.07,0.75,0.28,0.94,0.67,0.29,0.94,0.95,0.29,0.29,0.62,0.42,0.6,0.43,0.04,0.35,0.889,0.393,0.465
0.56,0.56,1.0,1.0,0.97,0.97,0.16,0.16,0.28,0.28,0.62,0.11,0.1,0.07,1.0,0.26,0.96,0.66,0.27,0.96,0.96,0.27,0.27,0.62,0.42,0.6,0.43,0.04,0.35,0.872,0.382,0.496
0.56,0.56,1.0,1.0,0.98,0.98,0.16,0.16,0.3,0.3,0.61,0.12,0.1,0.06,1.0,0.25,0.96,0.65,0.27,0.96,0.97,0.27,0.27,0.62,0.42,0.59,0.43,0.04,0.36,0.876,0.363,0.521
0.56,0.56,1.0,1.0,0.98,0.98,0.16,0.16,0.36,0.36,0.64,0.09,0.1,0.07,1.0,0.25,0.97,0.65,0.27,0.97,0.97,0.27,0.27,0.62,0.42,0.6,0.43,0.03,0.37,0.88,0.35,0.559
0.42,0.42,0.74,0.74,1.0,1.0,0.16,0.16,0.54,0.54,0.75,0.0,0.1,0.06,1.0,0.25,0.97,0.65,0.28,0.97,0.97,0.28,0.28,0.62,0.42,0.59,0.43,0.03,0.38,0.885,0.34,0.581
0.44,0.44,0.79,0.79,1.0,1.0,0.16,0.16,0.56,0.56,0.72,0.01,0.1,0.06,1.0,0.26,0.97,0.66,0.28,0.97,0.97,0.28,0.28,0.62,0.42,0.59,0.43,0.03,0.39,0.887,0.328,0.602
0.4,0.4,0.71,0.71,1.0,1.0,0.19,0.18,0.34,0.34,0.6,0.13,0.1,0.06,1.0,0.25,0.97,0.65,0.28,0.97,0.97,0.28,0.28,0.62,0.42,0.59,0.43,0.03,0.4,0.882,0.325,0.611
0.42,0.42,0.73,0.73,1.0,1.0,0.16,0.16,0.51,0.51,0.68,0.05,0.1,0.04,1.0,0.25,0.97,0.65,0.28,0.97,0.97,0.28,0.28,0.62,0.42,0.58,0.43,0.03,0.41,0.868,0.328,0.619
0.43,0.43,0.78,0.78,1.0,1.0,0.16,0.16,0.5,0.5,0.62,0.11,0.09,0.04,1.0,0.25,0.97,0.65,0.28,0.97,0.98,0.28,0.28,0.61,0.43,0.58,0.44,0.03,0.44,0.856,0.338,0.63
0.44,0.44,0.78,0.78,1.0,1.0,0.16,0.16,0.48,0.48,0.59,0.14,0.09,0.04,1.0,0.24,0.98,0.64,0.27,0.98,0.98,0.27,0.27,0.61,0.42,0.58,0.44,0.02,0.47,0.857,0.34,0.67
0.44,0.44,0.79,0.79,1.0,1.0,0.16,0.16,0.46,0.46,0.58,0.15,0.09,0.06,1.0,0.24,0.98,0.64,0.27,0.98,0.98,0.27,0.27,0.61,0.42,0.59,0.43,0.02,0.5,0.864,0.345,0.72
0.44,0.44,0.78,0.78,1.0,1.0,0.16,0.16,0.45,0.45,0.55,0.17,0.1,0.06,1.0,0.23,0.98,0.64,0.27,0.98,0.98,0.27,0.27,0.62,0.42,0.59,0.43,0.02,0.51,0.852,0.402,0.761
0.43,0.43,0.76,0.76,1.0,1.0,0.16,0.16,0.41,0.41,0.54,0.19,0.1,0.06,1.0,0.23,0.98,0.64,0.27,0.98,0.98,0.27,0.27,0.62,0.42,0.59,0.43,0.02,0.53,0.836,0.47,0.784
0.45,0.45,0.81,0.81,1.0,1.0,0.28,0.28,0.21,0.21,0.41,0.32,0.12,0.1,1.0,0.23,0.97,0.64,0.28,0.97,0.98,0.28,0.28,0.63,0.42,0.62,0.42,0.02,0.54,0.809,0.54,0.819
0.47,0.47,0.87,0.87,1.0,1.0,0.16,0.16,0.25,0.25,0.4,0.33,0.1,0.1,1.0,0.23,0.97,0.64,0.27,0.97,0.98,0.27,0.27,0.62,0.42,0.62,0.42,0.02,0.54,0.794,0.565,0.831
0.48,0.48,0.88,0.88,1.0,1.0,0.16,0.16,0.26,0.26,0.39,0.34,0.1,0.09,1.0,0.23,0.97,0.63,0.26,0.97,0.98,0.26,0.26,0.62,0.42,0.61,0.42,0.02,0.54,0.768,0.595,0.819
0.48,0.48,0.88,0.88,1.0,1.0,0.16,0.16,0.26,0.26,0.38,0.34,0.1,0.09,1.0,0.23,0.97,0.63,0.26,0.97,0.98,0.26,0.26,0.62,0.42,0.61,0.42,0.02,0.55,0.752,0.612,0.805
0.48,0.48,0.88,0.88,1.0,1.0,0.16,0.16,0.26,0.26,0.37,0.35,0.09,0.07,1.0,0.23,0.97,0.63,0.26,0.97,0.98,0.26,0.26,0.61,0.42,0.6,0.43,0.02,0.55,0.742,0.628,0.787
0.48,0.48,0.88,0.88,1.0,1.0,0.16,0.16,0.26,0.26,0.37,0.35,0.09,0.07,1.0,0.23,0.97,0.63,0.26,0.97,0.97,0.26,0.26,0.61,0.42,0.6,0.43,0.02,0.55,0.741,0.633,0.782
0.48,0.48,0.88,0.88,1.0,1.0,0.16,0.16,0.25,0.25,0.37,0.35,0.09,0.07,1.0,0.23,0.97,0.63,0.26,0.97,0.97,0.26,0.26,0.61,0.42,0.6,0.43,0.02,0.55,0.737,0.617,0.763
0.48,0.48,0.89,0.89,1.0,1.0,0.16,0.16,0.24,0.24,0.29,0.43,0.07,0.07,1.0,0.23,0.97,0.64,0.27,0.97,0.97,0.27,0.27,0.6,0.43,0.6,0.43,0.02,0.56,0.728,0.593,0.755
0.56,0.56,1.0,1.0,0.98,0.98,0.16,0.16,0.34,0.34,0.0,0.85,0.06,0.07,1.0,0.27,0.95,0.67,0.3,0.95,0.95,0.3,0.3,0.59,0.43,0.6,0.43,0.02,0.58,0.717,0.587,0.732
0.56,0.56,1.0,1.0,0.98,0.98,0.16,0.16,0.39,0.39,0.0,0.87,0.07,0.07,1.0,0.27,0.94,0.67,0.29,0.94,0.94,0.29,0.29,0.6,0.43,0.6,0.43,0.02,0.59,0.714,0.6,0.696
0.56,0.56,1.0,1.0,0.98,0.98,0.16,0.16,0.37,0.37,0.0,0.88,0.06,0.07,1.0,0.27,0.95,0.66,0.3,0.95,0.95,0.3,0.3,0.59,0.43,0.6,0.43,0.02,0.6,0.719,0.61,0.665
0.56,0.56,1.0,1.0,0.98,0.98,0.16,0.16,0.36,0.36,0.0,0.88,0.06,0.07,1.0,0.27,0.95,0.67,0.3,0.95,0.95,0.3,0.3,0.59,0.43,0.6,0.43,0.03,0.61,0.723,0.618,0.655
0.56,0.56,1.0,1.0,0.98,0.98,0.16,0.16,0.33,0.33,0.0,0.85,0.06,0.07,1.0,0.28,0.94,0.67,0.29,0.95,0.94,0.29,0.29,0.59,0.43,0.6,0.43,0.03,0.62,0.728,0.63,0.645
0.57,0.57,1.0,1.0,0.96,0.96,0.39,0.39,0.14,0.14,0.36,0.37,0.07,0.09,0.75,0.3,0.92,0.69,0.3,0.92,0.92,0.3,0.3,0.6,0.43,0.61,0.42,0.03,0.61,0.722,0.64,0.644
0.57,0.57,1.0,1.0,0.97,0.97,0.2,0.2,0.19,0.19,0.34,0.38,0.07,0.09,0.75,0.26,0.94,0.66,0.27,0.94,0.94,0.27,0.27,0.6,0.43,0.61,0.42,0.03,0.6,0.741,0.643,0.635
0.56,0.56,1.0,1.0,0.97,0.97,0.18,0.16,0.2,0.2,0.34,0.39,0.07,0.09,1.0,0.25,0.95,0.65,0.27,0.95,0.95,0.27,0.27,0.6,0.43,0.61,0.42,0.03,0.59,0.751,0.638,0.625
0.56,0.56,1.0,1.0,0.97,0.97,0.16,0.16,0.2,0.2,0.33,0.39,0.07,0.09,0.75,0.25,0.95,0.65,0.28,0.95,0.95,0.28,0.28,0.6,0.43,0.61,0.42,0.03,0.59,0.75,0.633,0.609
0.56,0.56,1.0,1.0,0.98,0.98,0.16,0.16,0.2,0.2,0.33,0.39,0.07,0.09,1.0,0.25,0.95,0.65,0.28,0.95,0.95,0.28,0.28,0.6,0.43,0.61,0.42,0.03,0.59,0.761,0.628,0.597
0.56,0.56,1.0,1.0,0.98,0.98,0.16,0.16,0.21,0.21,0.34,0.39,0.07,0.09,1.0,0.25,0.95,0.65,0.27,0.95,0.95,0.27,0.27,0.6,0.43,0.61,0.42,0.03,0.59,0.767,0.61,0.584
0.56,0.56,1.0,1.0,0.98,0.98,0.16,0.16,0.23,0.23,0.34,0.38,0.06,0.07,1.0,0.24,0.96,0.64,0.27,0.96,0.96,0.27,0.27,0.59,0.43,0.6,0.43,0.03,0.6,0.775,0.587,0.575
0.56,0.56,1.0,1.0,0.98,0.98,0.16,0.16,0.23,0.23,0.34,0.38,0.06,0.06,1.0,0.24,0.96,0.64,0.27,0.96,0.97,0.27,0.27,0.59,0.43,0.59,0.43,0.02,0.61,0.777,0.548,0.562
0.56,0.56,1.0,1.0,0.98,0.98,0.16,0.16,0.23,0.23,0.34,0.38,0.06,0.06,1.0,0.24,0.97,0.64,0.26,0.97,0.97,0.26,0.26,0.59,0.43,0.59,0.43,0.02,0.62,0.782,0.533,0.555
0.56,0.56,1.0,1.0,0.98,0.98,0.16,0.16,0.24,0.24,0.34,0.38,0.06,0.06,1.0,0.24,0.97,0.64,0.26,0.97,0.97,0.26,0.26,0.59,0.43,0.59,0.43,0.02,0.61,0.782,0.518,0.559
0.49,0.49,0.92,0.92,1.0,1.0,0.16,0.16,0.25,0.25,0.35,0.38,0.07,0.07,1.0,0.23,0.97,0.64,0.26,0.97,0.97,0.26,0.26,0.6,0.43,0.6,0.43,0.02,0.6,0.805,0.493,0.58
0.49,0.49,0.91,0.91,1.0,1.0,0.16,0.16,0.25,0.25,0.35,0.37,0.07,0.06,1.0,0.23,0.97,0.64,0.26,0.97,0.97,0.26,0.26,0.6,0.43,0.59,0.43,0.02,0.59,0.819,0.463,0.605
0.49,0.49,0.91,0.91,1.0,1.0,0.16,0.16,0.26,0.26,0.36,0.37,0.07,0.06,1.0,0.23,0.97,0.64,0.26,0.97,0.97,0.26,0.26,0.6,0.43,0.59,0.43,0.02,0.58,0.828,0.448,0.606
0.48,0.48,0.89,0.89,1.0,1.0,0.16,0.16,0.26,0.26,0.36,0.37,0.07,0.07,1.0,0.23,0.97,0.64,0.26,0.97,0.97,0.26,0.26,0.6,0.43,0.6,0.43,0.02,0.57,0.844,0.438,0.591
0.48,0.48,0.88,0.88,1.0,1.0,0.16,0.16,0.27,0.27,0.36,0.37,0.09,0.07,1.0,0.23,0.97,0.63,0.26,0.97,0.97,0.26,0.26,0.61,0.43,0.6,0.43,0.02,0.56,0.859,0.425,0.572
0.48,0.48,0.87,0.87,1.0,1.0,0.19,0.19,0.25,0.25,0.35,0.38,0.09,0.07,1.0,0.23,0.97,0.63,0.26,0.97,0.97,0.26,0.26,0.61,0.42,0.6,0.43,0.02,0.55,0.874,0.422,0.535
0.56,0.56,1.0,1.0,0.97,0.97,0.43,0.43,0.16,0.16,0.34,0.38,0.09,0.09,0.75,0.3,0.94,0.68,0.3,0.93,0.94,0.3,0.3,0.61,0.42,0.61,0.42,0.04,0.56,0.875,0.417,0.516
0.56,0.56,1.0,1.0,0.98,0.98,0.19,0.19,0.25,0.25,0.34,0.39,0.09,0.09,1.0,0.25,0.96,0.65,0.27,0.96,0.96,0.27,0.27,0.61,0.42,0.61,0.42,0.03,0.57,0.881,0.417,0.498
0.48,0.48,0.88,0.88,1.0,1.0,0.16,0.16,0.26,0.26,0.33,0.4,0.09,0.09,1.0,0.24,0.97,0.64,0.27,0.97,0.97,0.27,0.27,0.61,0.42,0.61,0.42,0.03,0.57,0.889,0.43,0.485
0.49,0.49,0.9,0.9,1.0,1.0,0.16,0.16,0.27,0.27,0.32,0.4,0.09,0.09,1.0,0.23,0.97,0.64,0.27,0.97,0.97,0.27,0.27,0.61,0.42,0.61,0.42,0.02,0.59,0.883,0.44,0.478
0.49,0.49,0.9,0.9,1.0,1.0,0.16,0.16,0.27,0.27,0.31,0.41,0.09,0.09,1.0,0.23,0.98,0.64,0.27,0.98,0.98,0.27,0.27,0.61,0.42,0.61,0.42,0.02,0.6,0.87,0.445,0.481
0.49,0.49,0.91,0.91,1.0,1.0,0.16,0.16,0.27,0.27,0.3,0.43,0.09,0.09,1.0,0.23,0.98,0.63,0.27,0.98,0.98,0.27,0.27,0.61,0.42,0.61,0.42,0.02,0.61,0.856,0.467,0.483
0.49,0.49,0.9,0.9,1.0,1.0,0.16,0.16,0.28,0.28,0.3,0.42,0.09,0.07,1.0,0.22,0.98,0.63,0.26,0.98,0.98,0.26,0.26,0.61,0.42,0.6,0.43,0.02,0.62,0.854,0.487,0.485
0.49,0.49,0.9,0.9,1.0,1.0,0.16,0.16,0.29,0.29,0.29,0.43,0.09,0.07,1.0,0.22,0.98,0.63,0.26,0.98,0.99,0.26,0.26,0.61,0.42,0.6,0.43,0.02,0.63,0.847,0.512,0.488
0.49,0.49,0.9,0.9,1.0,1.0,0.16,0.16,0.29,0.29,0.28,0.44,0.09,0.06,1.0,0.22,0.98,0.63,0.26,0.98,0.99,0.26,0.26,0.61,0.42,0.59,0.43,0.02,0.63,0.826,0.54,0.495
0.49,0.49,0.9,0.9,1.0,1.0,0.16,0.16,0.28,0.28,0.28,0.44,0.09,0.06,1.0,0.22,0.98,0.63,0.26,0.98,0.99,0.26,0.26,0.61,0.42,0.59,0.43,0.02,0.63,0.814,0.568,0.508
0.56,0.56,1.0,1.0,0.98,0.98,0.16,0.16,0.27,0.27,0.33,0.4,0.09,0.06,1.0,0.23,0.98,0.63,0.26,0.98,0.98,0.26,0.26,0.61,0.42,0.59,0.43,0.02,0.62,0.81,0.593,0.515
0.56,0.56,1.0,1.0,0.98,0.98,0.16,0.16,0.27,0.27,0.32,0.41,0.07,0.04,1.0,0.23,0.98,0.63,0.26,0.98,0.98,0.26,0.26,0.6,0.43,0.58,0.44,0.02,0.61,0.805,0.615,0.515
0.56,0.56,1.0,1.0,0.98,0.98,0.16,0.16,0.26,0.26,0.31,0.41,0.06,0.04,1.0,0.23,0.98,0.63,0.26,0.98,0.98,0.26,0.26,0.59,0.43,0.58,0.44,0.02,0.6,0.796,0.633,0.515
0.58,0.58,1.0,1.0,0.96,0.96,0.16,0.16,0.21,0.21,0.28,0.44,0.07,0.04,0.75,0.23,0.98,0.63,0.26,0.98,0.98,0.26,0.26,0.6,0.43,0.58,0.44,0.02,0.59,0.791,0.658,0.509
0.6,0.6,1.0,1.0,0.94,0.94,0.18,0.18,0.17,0.17,0.26,0.47,0.07,0.07,0.75,0.24,0.96,0.64,0.27,0.96,0.97,0.27,0.27,0.6,0.43,0.6,0.43,0.02,0.59,0.794,0.667,0.501
0.63,0.63,1.0,1.0,0.92,0.92,0.32,0.32,0.13,0.13,0.26,0.47,0.07,0.09,0.75,0.26,0.95,0.66,0.28,0.95,0.95,0.28,0.28,0.6,0.43,0.61,0.43,0.03,0.59,0.798,0.673,0.485
0.63,0.63,1.0,1.0,0.92,0.92,0.47,0.47,0.08,0.08,0.26,0.47,0.07,0.1,0.75,0.28,0.94,0.67,0.28,0.94,0.94,0.28,0.28,0.6,0.43,0.62,0.42,0.03,0.58,0.791,0.685,0.475
0.62,0.62,1.0,1.0,0.92,0.92,0.36,0.36,0.11,0.11,0.25,0.48,0.09,0.1,0.75,0.28,0.94,0.67,0.29,0.93,0.94,0.29,0.29,0.61,0.43,0.62,0.42,0.03,0.57,0.794,0.697,0.456
0.62,0.62,1.0,1.0,0.92,0.92,0.31,0.31,0.12,0.12,0.25,0.48,0.07,0.1,0.75,0.28,0.94,0.67,0.29,0.94,0.94,0.29,0.29,0.6,0.43,0.62,0.42,0.03,0.57,0.799,0.707,0.447
0.62,0.62,1.0,1.0,0.93,0.93,0.29,0.29,0.13,0.13,0.25,0.48,0.09,0.1,0.75,0.28,0.94,0.67,0.29,0.94,0.94,0.29,0.29,0.61,0.43,0.62,0.42,0.03,0.57,0.806,0.713,0.439
0.63,0.63,1.0,1.0,0.92,0.92,0.28,0.28,0.14,0.14,0.26,0.47,0.09,0.1,0.75,0.27,0.94,0.67,0.29,0.94,0.94,0.29,0.29,0.61,0.43,0.62,0.42,0.03,0.56,0.808,0.717,0.426
0.63,0.63,1.0,1.0,0.92,0.92,0.29,0.29,0.14,0.14,0.31,0.42,0.09,0.09,0.75,0.28,0.94,0.67,0.28,0.93,0.94,0.28,0.28,0.61,0.43,0.61,0.42,0.03,0.57,0.817,0.713,0.407
0.61,0.61,1.0,1.0,0.94,0.94,0.26,0.26,0.15,0.15,0.35,0.38,0.09,0.07,0.75,0.28,0.93,0.67,0.28,0.93,0.93,0.28,0.28,0.61,0.43,0.6,0.43,0.03,0.57,0.829,0.718,0.39
0.59,0.59,1.0,1.0,0.95,0.95,0.25,0.25,0.16,0.16,0.35,0.37,0.07,0.07,0.75,0.27,0.94,0.67,0.27,0.94,0.94,0.27,0.27,0.6,0.43,0.6,0.43,0.03,0.58,0.841,0.707,0.384
0.58,0.58,1.0,1.0,0.96,0.96,0.24,0.24,0.16,0.16,0.34,0.38,0.07,0.07,0.75,0.26,0.94,0.66,0.27,0.94,0.95,0.27,0.27,0.6,0.43,0.6,0.43,0.03,0.59,0.859,0.675,0.385
0.56,0.56,1.0,1.0,0.97,0.97,0.21,0.2,0.17,0.17,0.33,0.4,0.07,0.07,0.75,0.25,0.95,0.65,0.26,0.95,0.95,0.26,0.26,0.6,0.43,0.6,0.43,0.02,0.6,0.877,0.628,0.38
0.56,0.56,1.0,1.0,0.98,0.98,0.16,0.16,0.19,0.19,0.32,0.4,0.07,0.07,0.75,0.25,0.95,0.65,0.26,0.95,0.96,0.26,0.26,0.6,0.43,0.6,0.43,0.02,0.6,0.899,0.598,0.373
0.58,0.58,1.0,1.0,0.96,0.96,0.39,0.39,0.15,0.15,0.37,0.36,0.09,0.09,0.75,0.3,0.94,0.69,0.29,0.93,0.94,0.29,0.29,0.61,0.42,0.61,0.43,0.04,0.6,0.923,0.573,0.377
0.56,0.56,1.0,1.0,0.98,0.98,0.16,0.16,0.31,0.31,0.42,0.31,0.07,0.07,0.75,0.25,0.96,0.65,0.27,0.96,0.96,0.27,0.27,0.6,0.43,0.6,0.43,0.03,0.61,0.941,0.557,0.387
0.33,0.33,0.54,0.54,1.0,1.0,0.16,0.16,0.34,0.34,0.4,0.32,0.07,0.06,1.0,0.24,0.97,0.64,0.26,0.97,0.97,0.26,0.26,0.6,0.43,0.59,0.43,0.03,0.6,0.969,0.55,0.396
0.42,0.42,0.74,0.74,1.0,1.0,0.16,0.16,0.37,0.37,0.43,0.29,0.07,0.06,1.0,0.24,0.97,0.64,0.26,0.97,0.97,0.26,0.26,0.6,0.43,0.59,0.43,0.02,0.6,0.993,0.547,0.396
0.48,0.48,0.88,0.88,1.0,1.0,0.16,0.16,0.21,0.21,0.32,0.41,0.07,0.06,1.0,0.23,0.97,0.64,0.26,0.97,0.98,0.26,0.26,0.6,0.43,0.59,0.43,0.02,0.6,0.993,0.547,0.397
0.49,0.49,0.91,0.91,1.0,1.0,0.16,0.16,0.22,0.22,0.32,0.4,0.07,0.07,1.0,0.23,0.97,0.63,0.26,0.97,0.98,0.26,0.26,0.6,0.43,0.6,0.43,0.02,0.61,0.993,0.537,0.392
0.49,0.49,0.92,0.92,1.0,1.0,0.16,0.16,0.24,0.24,0.34,0.38,0.07,0.07,1.0,0.23,0.98,0.63,0.26,0.98,0.98,0.26,0.26,0.6,0.43,0.6,0.43,0.02,0.6,0.993,0.53,0.391
0.49,0.49,0.91,0.91,1.0,1.0,0.16,0.16,0.26,0.26,0.36,0.36,0.09,0.09,1.0,0.22,0.98,0.63,0.26,0.98,0.98,0.26,0.26,0.61,0.42,0.61,0.42,0.02,0.6,0.993,0.52,0.4
0.49,0.49,0.9,0.9,1.0,1.0,0.16,0.16,0.27,0.27,0.37,0.35,0.1,0.09,1.0,0.22,0.98,0.63,0.25,0.98,0.98,0.25,0.25,0.62,0.42,0.61,0.42,0.01,0.6,0.991,0.513,0.395
0.46,0.46,0.84,0.84,1.0,1.0,0.27,0.27,0.21,0.21,0.37,0.35,0.13,0.12,1.0,0.23,0.97,0.64,0.27,0.97,0.97,0.27,0.27,0.64,0.41,0.63,0.42,0.02,0.59,0.969,0.495,0.428
0.46,0.46,0.84,0.84,1.0,1.0,0.16,0.16,0.29,0.29,0.36,0.36,0.13,0.12,1.0,0.23,0.97,0.63,0.26,0.97,0.97,0.26,0.26,0.64,0.41,0.63,0.41,0.02,0.58,0.961,0.46,0.468
0.47,0.47,0.86,0.86,1.0,1.0,0.16,0.16,0.31,0.31,0.36,0.36,0.12,0.12,1.0,0.22,0.98,0.63,0.26,0.98,0.98,0.26,0.26,0.63,0.41,0.63,0.42,0.01,0.58,0.952,0.44,0.475
0.47,0.47,0.86,0.86,1.0,1.0,0.16,0.16,0.32,0.32,0.36,0.37,0.12,0.12,1.0,0.22,0.98,0.63,0.26,0.98,0.98,0.26,0.26,0.63,0.41,0.63,0.42,0.01,0.59,0.941,0.423,0.461
0.47,0.47,0.86,0.86,1.0,1.0,0.16,0.16,0.32,0.32,0.35,0.37,0.12,0.12,1.0,0.22,0.98,0.63,0.26,0.98,0.98,0.26,0.26,0.63,0.42,0.63,0.42,0.01,0.59,0.915,0.403,0.455
0.47,0.47,0.87,0.87,1.0,1.0,0.16,0.16,0.33,0.33,0.35,0.37,0.12,0.1,1.0,0.22,0.98,0.63,0.26,0.98,0.98,0.26,0.26,0.63,0.42,0.62,0.42,0.01,0.6,0.89,0.39,0.453
0.47,0.47,0.87,0.87,1.0,1.0,0.16,0.16,0.33,0.33,0.35,0.37,0.1,0.1,1.0,0.22,0.98,0.63,0.26,0.98,0.98,0.26,0.26,0.62,0.42,0.62,0.42,0.01,0.61,0.869,0.385,0.456
0.47,0.47,0.87,0.87,1.0,1.0,0.16,0.16,0.33,0.33,0.34,0.38,0.1,0.1,1.0,0.22,0.98,0.63,0.26,0.98,0.98,0.26,0.26,0.62,0.42,0.62,0.42,0.01,0.62,0.859,0.388,0.465
0.48,0.48,0.87,0.87,1.0,1.0,0.16,0.16,0.33,0.33,0.34,0.38,0.1,0.1,1.0,0.22,0.99,0.63,0.26,0.99,0.99,0.26,0.26,0.62,0.42,0.62,0.42,0.01,0.63,0.856,0.38,0.477
0.47,0.47,0.86,0.86,1.0,1.0,0.85,0.85,0.25,0.25,0.35,0.38,0.1,0.1,1.0,0.22,0.98,0.63,0.27,0.98,0.98,0.27,0.27,0.62,0.42,0.62,0.42,0.01,0.63,0.851,0.375,0.525
0.57,0.57,1.0,1.0,0.97,0.97,0.96,0.96,0.32,0.32,0.36,0.37,0.09,0.12,1.0,0.24,0.95,0.64,0.27,0.95,0.95,0.27,0.27,0.61,0.42,0.63,0.42,0.02,0.64,0.842,0.38,0.55
0.56,0.56,1.0,1.0,0.97,0.97,0.58,0.58,0.17,0.17,0.35,0.37,0.09,0.1,1.0,0.25,0.95,0.65,0.28,0.95,0.95,0.28,0.28,0.61,0.42,0.62,0.42,0.02,0.62,0.834,0.405,0.565
0.47,0.47,0.87,0.87,1.0,1.0,0.16,0.16,0.28,0.28,0.36,0.37,0.09,0.1,1.0,0.23,0.97,0.64,0.26,0.97,0.97,0.26,0.26,0.61,0.43,0.62,0.42,0.02,0.61,0.819,0.422,0.587
0.48,0.48,0.89,0.89,1.0,1.0,0.16,0.16,0.28,0.28,0.36,0.37,0.07,0.09,1.0,0.23,0.98,0.63,0.26,0.98,0.98,0.26,0.26,0.6,0.43,0.61,0.43,0.02,0.6,0.794,0.447,0.6
0.48,0.48,0.89,0.89,1.0,1.0,0.16,0.16,0.28,0.28,0.35,0.37,0.07,0.07,1.0,0.22,0.98,0.63,0.26,0.98,0.98,0.26,0.26,0.6,0.43,0.6,0.43,0.01,0.6,0.769,0.462,0.605
0.49,0.49,0.9,0.9,1.0,1.0,0.16,0.16,0.27,0.27,0.35,0.37,0.06,0.06,1.0,0.22,0.98,0.63,0.25,0.98,0.98,0.25,0.25,0.59,0.43,0.59,0.43,0.01,0.6,0.751,0.472,0.6
0.47,0.47,0.86,0.86,1.0,1.0,0.16,0.16,0.3,0.3,0.43,0.3,0.06,0.06,1.0,0.22,0.98,0.63,0.26,0.98,0.98,0.26,0.26,0.59,0.43,0.59,0.43,0.02,0.61,0.741,0.475,0.585
0.47,0.47,0.85,0.85,1.0,1.0,0.16,0.16,0.32,0.32,0.43,0.29,0.06,0.06,1.0,0.22,0.98,0.63,0.26,0.98,0.98,0.26,0.26,0.59,0.43,0.59,0.43,0.02,0.61,0.73,0.473,0.564
0.46,0.46,0.85,0.85,1.0,1.0,0.16,0.16,0.34,0.34,0.44,0.28,0.06,0.06,1.0,0.22,0.98,0.63,0.26,0.98,0.98,0.26,0.26,0.59,0.43,0.59,0.43,0.02,0.62,0.725,0.473,0.551
0.56,0.56,1.0,1.0,0.97,0.97,0.55,0.55,0.14,0.14,0.35,0.38,0.07,0.06,0.75,0.26,0.96,0.66,0.28,0.96,0.97,0.28,0.28,0.6,0.43,0.59,0.43,0.03,0.62,0.722,0.47,0.533
0.56,0.56,1.0,1.0,0.98,0.98,0.18,0.18,0.23,0.23,0.34,0.39,0.07,0.07,1.0,0.24,0.97,0.65,0.26,0.97,0.97,0.26,0.26,0.6,0.43,0.6,0.43,0.03,0.61,0.721,0.468,0.523
0.48,0.48,0.88,0.88,1.0,1.0,0.16,0.16,0.25,0.25,0.34,0.39,0.07,0.07,1.0,0.23,0.97,0.64,0.26,0.97,0.97,0.26,0.26,0.6,0.43,0.6,0.43,0.02,0.61,0.719,0.465,0.515
0.48,0.48,0.88,0.88,1.0,1.0,0.16,0.16,0.25,0.25,0.34,0.39,0.07,0.07,1.0,0.23,0.98,0.64,0.26,0.98,0.98,0.26,0.26,0.6,0.43,0.6,0.43,0.02,0.61,0.718,0.463,0.508
0.49,0.49,0.9,0.9,1.0,1.0,0.16,0.16,0.26,0.26,0.33,0.39,0.07,0.07,1.0,0.23,0.98,0.63,0.26,0.98,0.98,0.26,0.26,0.6,0.43,0.6,0.43,0.02,0.61,0.724,0.462,0.499
0.48,0.48,0.89,0.89,1.0,1.0,0.16,0.16,0.27,0.27,0.32,0.4,0.07,0.07,1.0,0.23,0.98,0.63,0.26,0.98,0.98,0.26,0.26,0.6,0.43,0.6,0.43,0.02,0.61,0.729,0.462,0.495
0.48,0.48,0.87,0.87,1.0,1.0,0.16,0.16,0.27,0.27,0.32,0.4,0.07,0.07,1.0,0.22,0.98,0.63,0.25,0.98,0.98,0.25,0.25,0.6,0.43,0.6,0.43,0.02,0.61,0.743,0.465,0.498
0.4,0.4,0.71,0.71,1.0,1.0,0.16,0.16,0.31,0.31,0.0,0.76,0.07,0.07,1.0,0.23,0.98,0.63,0.26,0.98,0.98,0.26,0.26,0.6,0.43,0.6,0.43,0.02,0.61,0.761,0.463,0.505
0.56,0.56,1.0,1.0,0.98,0.98,0.16,0.16,0.35,0.35,0.0,0.86,0.06,0.07,1.0,0.24,0.97,0.65,0.27,0.97,0.97,0.27,0.27,0.59,0.43,0.6,0.43,0.02,0.63,0.774,0.472,0.505
0.57,0.57,1.0,1.0,0.97,0.97,0.16,0.16,0.35,0.35,0.0,0.86,0.06,0.07,0.75,0.26,0.96,0.66,0.28,0.96,0.96,0.28,0.28,0.59,0.43,0.6,0.43,0.02,0.64,0.784,0.483,0.505
0.57,0.57,1.0,1.0,0.97,0.97,0.16,0.16,0.35,0.35,0.0,0.87,0.06,0.07,0.75,0.27,0.96,0.67,0.28,0.96,0.96,0.28,0.28,0.59,0.43,0.6,0.43,0.02,0.65,0.797,0.498,0.504
0.57,0.57,1.0,1.0,0.97,0.97,0.56,0.56,0.13,0.13,0.29,0.44,0.06,0.07,0.75,0.29,0.94,0.68,0.28,0.94,0.94,0.28,0.28,0.59,0.43,0.6,0.43,0.03,0.64,0.809,0.512,0.498
0.57,0.57,1.0,1.0,0.97,0.97,0.21,0.21,0.19,0.19,0.33,0.39,0.06,0.07,0.75,0.27,0.94,0.66,0.27,0.94,0.94,0.27,0.27,0.59,0.43,0.6,0.43,0.03,0.63,0.814,0.535,0.495
0.56,0.56,1.0,1.0,0.97,0.97,0.22,0.22,0.19,0.19,0.33,0.39,0.06,0.07,0.75,0.26,0.95,0.65,0.27,0.95,0.95,0.27,0.27,0.59,0.43,0.6,0.43,0.03,0.62,0.816,0.555,0.495
0.59,0.59,1.0,1.0,0.95,0.95,0.64,0.64,0.1,0.1,0.34,0.39,0.06,0.1,0.75,0.32,0.92,0.71,0.3,0.91,0.92,0.3,0.3,0.59,0.43,0.62,0.42,0.04,0.63,0.819,0.578,0.493
0.57,0.57,1.0,1.0,0.97,0.97,0.22,0.22,0.19,0.19,0.33,0.4,0.07,0.1,0.75,0.27,0.94,0.67,0.28,0.94,0.94,0.28,0.28,0.6,0.43,0.62,0.42,0.04,0.63,0.82,0.595,0.485
0.56,0.56,1.0,1.0,0.98,0.98,0.16,0.16,0.22,0.22,0.32,0.4,0.07,0.09,0.75,0.25,0.96,0.65,0.27,0.96,0.96,0.27,0.27,0.6,0.43,0.61,0.42,0.03,0.63,0.825,0.613,0.479
0.56,0.56,1.0,1.0,0.98,0.98,0.16,0.16,0.23,0.23,0.32,0.4,0.07,0.09,1.0,0.24,0.97,0.64,0.26,0.97,0.97,0.26,0.26,0.6,0.43,0.61,0.42,0.03,0.62,0.829,0.617,0.471
0.56,0.56,1.0,1.0,0.98,0.98,0.16,0.16,0.24,0.24,0.32,0.4,0.07,0.07,1.0,0.24,0.97,0.64,0.26,0.97,0.97,0.26,0.26,0.6,0.43,0.6,0.43,0.03,0.62,0.83,0.61,0.47
0.56,0.56,1.0,1.0,0.98,0.98,0.16,0.16,0.24,0.24,0.33,0.4,0.07,0.07,1.0,0.23,0.97,0.64,0.26,0.97,0.97,0.26,0.26,0.6,0.43,0.6,0.43,0.03,0.61,0.831,0.605,0.469
0.56,0.56,1.0,1.0,0.98,0.98,0.16,0.16,0.25,0.25,0.32,0.4,0.07,0.06,1.0,0.23,0.97,0.64,0.26,0.97,0.97,0.26,0.26,0.6,0.43,0.59,0.43,0.03,0.61,0.834,0.607,0.468
0.56,0.56,1.0,1.0,0.98,0.98,0.16,0.16,0.25,0.25,0.32,0.4,0.06,0.04,1.0,0.23,0.97,0.64,0.26,0.97,0.97,0.26,0.26,0.59,0.43,0.58,0.43,0.03,0.6,0.844,0.605,0.467
0.49,0.49,0.91,0.91,1.0,1.0,0.16,0.16,0.26,0.26,0.33,0.4,0.06,0.04,1.0,0.23,0.98,0.64,0.26,0.98,0.98,0.26,0.26,0.59,0.43,0.58,0.44,0.03,0.59,0.856,0.6,0.465
0.49,0.49,0.9,0.9,1.0,1.0,0.16,0.16,0.27,0.27,0.33,0.4,0.06,0.04,1.0,0.23,0.98,0.64,0.26,0.98,0.98,0.26,0.26,0.59,0.43,0.58,0.44,0.03,0.58,0.866,0.597,0.462
0.49,0.49,0.9,0.9,1.0,1.0,0.16,0.16,0.28,0.28,0.32,0.4,0.06,0.04,1.0,0.23,0.98,0.64,0.26,0.98,0.98,0.26,0.26,0.59,0.43,0.58,0.44,0.03,0.58,0.883,0.592,0.465
0.56,0.56,1.0,1.0,0.98,0.98,0.16,0.16,0.28,0.28,0.32,0.4,0.09,0.07,1.0,0.25,0.95,0.65,0.32,0.95,0.95,0.32,0.32,0.61,0.43,0.6,0.43,0.07,0.57,0.888,0.587,0.475
0.57,0.57,1.0,1.0,0.97,0.97,0.22,0.22,0.27,0.27,0.32,0.4,0.1,0.09,1.0,0.32,0.88,0.7,0.41,0.87,0.88,0.41,0.41,0.62,0.42,0.61,0.42,0.17,0.55,0.894,0.582,0.48
0.57,0.57,1.0,1.0,0.96,0.96,0.35,0.35,0.21,0.21,0.32,0.41,0.13,0.13,1.0,0.33,0.84,0.71,0.47,0.83,0.86,0.47,0.47,0.64,0.41,0.64,0.41,0.22,0.55,0.919,0.585,0.475
0.57,0.57,1.0,1.0,0.96,0.96,0.21,0.21,0.28,0.28,0.31,0.41,0.18,0.18,1.0,0.31,0.85,0.7,0.53,0.84,0.86,0.53,0.53,0.67,0.4,0.67,0.4,0.21,0.59,0.919,0.597,0.477
0.57,0.57,1.0,1.0,0.96,0.96,0.16,0.16,0.31,0.31,0.3,0.42,0.22,0.21,1.0,0.3,0.9,0.68,0.52,0.89,0.9,0.52,0.52,0.7,0.39,0.69,0.39,0.33,0.73,0.911,0.605,0.475
0.57,0.57,1.0,1.0,0.96,0.96,0.16,0.16,0.31,0.31,0.29,0.43,0.3,0.3,1.0,0.28,0.94,0.67,0.52,0.93,0.94,0.52,0.52,0.75,0.36,0.75,0.36,0.44,0.71,0.911,0.618,0.476
0.57,0.57,1.0,1.0,0.96,0.96,0.16,0.16,0.31,0.31,0.29,0.44,0.36,0.36,1.0,0.26,0.94,0.66,0.55,0.94,0.94,0.55,0.55,0.79,0.35,0.79,0.34,0.52,0.5,0.906,0.633,0.466
0.58,0.58,1.0,1.0,0.96,0.96,0.16,0.16,0.33,0.33,0.29,0.43,0.18,0.18,1.0,0.26,0.97,0.66,0.38,0.97,0.97,0.38,0.38,0.67,0.4,0.67,0.4,0.38,1.0,0.892,0.643,0.467
0.57,0.57,1.0,1.0,0.96,0.96,0.16,0.16,0.36,0.36,0.31,0.41,0.0,0.0,1.0,0.25,0.98,0.65,0.31,0.98,0.99,0.31,0.31,0.36,0.82,0.34,0.86,0.27,1.0,0.881,0.647,0.465
0.57,0.57,1.0,1.0,0.97,0.97,0.16,0.16,0.38,0.38,0.32,0.41,0.0,0.0,1.0,0.24,0.99,0.64,0.3,0.99,0.99,0.3,0.3,0.31,0.92,0.31,0.92,0.23,1.0,0.873,0.65,0.46
0.57,0.57,1.0,1.0,0.97,0.97,0.16,0.16,0.37,0.37,0.32,0.41,0.0,0.0,1.0,0.24,0.99,0.64,0.29,0.99,0.99,0.29,0.29,0.31,0.92,0.31,0.92,0.2,1.0,0.864,0.643,0.457
0.57,0.57,1.0,1.0,0.97,0.97,0.16,0.16,0.36,0.36,0.32,0.4,0.0,0.0,1.0,0.24,0.99,0.64,0.28,0.99,0.99,0.28,0.28,0.31,0.92,0.31,0.92,0.18,1.0,0.853,0.628,0.454
0.56,0.56,1.0,1.0,0.97,0.97,0.16,0.16,0.35,0.35,0.33,0.39,0.0,0.0,1.0,0.23,0.99,0.64,0.28,0.99,0.99,0.28,0.28,0.31,0.92,0.31,0.92,0.16,1.0,0.837,0.623,0.447
0.56,0.56,1.0,1.0,0.98,0.98,0.16,0.16,0.35,0.35,0.33,0.39,0.0,0.0,1.0,0.23,0.99,0.64,0.27,0.99,0.99,0.27,0.27,0.31,0.92,0.31,0.92,0.15,1.0,0.829,0.603,0.447
0.56,0.56,1.0,1.0,0.98,0.98,0.16,0.16,0.46,0.46,0.47,0.26,0.0,0.0,1.0,0.23,0.99,0.63,0.27,0.99,0.99,0.27,0.27,0.31,0.92,0.31,0.92,0.14,1.0,0.821,0.587,0.441
0.56,0.56,1.0,1.0,0.97,0.97,0.16,0.16,0.48,0.48,0.46,0.27,0.12,0.1,1.0,0.33,0.91,0.71,0.51,0.9,0.92,0.51,0.51,0.63,0.41,0.62,0.42,0.2,0.63,0.81,0.567,0.437
0.57,0.57,1.0,1.0,0.97,0.97,0.16,0.16,0.47,0.47,0.48,0.25,0.18,0.15,1.0,0.32,0.89,0.7,0.54,0.88,0.9,0.54,0.54,0.67,0.4,0.65,0.4,0.2,0.63,0.796,0.542,0.431
0.57,0.57,1.0,1.0,0.97,0.97,0.16,0.16,0.47,0.47,0.48,0.25,0.06,0.0,1.0,0.27,0.97,0.67,0.33,0.97,0.97,0.33,0.33,0.59,0.43,0.54,0.46,0.13,1.0,0.788,0.523,0.431
0.57,0.57,1.0,1.0,0.97,0.97,0.16,0.16,0.45,0.45,0.48,0.25,0.0,0.0,1.0,0.24,0.99,0.64,0.28,0.99,0.99,0.28,0.28,0.31,0.92,0.31,0.92,0.15,1.0,0.781,0.503,0.429
0.56,0.56,1.0,1.0,0.98,0.98,0.16,0.16,0.43,0.43,0.46,0.26,0.0,0.0,1.0,0.23,0.99,0.64,0.27,0.99,0.99,0.27,0.27,0.31,0.92,0.31,0.92,0.09,1.0,0.766,0.483,0.424
0.56,0.56,1.0,1.0,0.98,0.98,0.16,0.16,0.42,0.42,0.47,0.25,0.0,0.0,1.0,0.23,0.99,0.63,0.26,0.99,0.99,0.26,0.26,0.31,0.92,0.31,0.92,0.06,1.0,0.759,0.472,0.42
0.42,0.42,0.75,0.75,1.0,1.0,0.16,0.16,0.41,0.41,0.48,0.25,0.0,0.0,1.0,0.23,0.98,0.63,0.26,0.98,0.99,0.26,0.26,0.31,0.92,0.31,0.92,0.05,1.0,0.773,0.468,0.407
0.41,0.41,0.73,0.73,1.0,1.0,0.16,0.16,0.41,0.41,0.49,0.23,0.0,0.0,1.0,0.22,0.98,0.63,0.26,0.98,0.98,0.26,0.26,0.31,0.92,0.31,0.92,0.05,1.0,0.773,0.463,0.405
0.41,0.41,0.72,0.72,1.0,1.0,0.16,0.16,0.41,0.41,0.5,0.23,0.0,0.0,1.0,0.22,0.98,0.63,0.26,0.98,0.98,0.26,0.26,0.31,0.92,0.31,0.92,0.04,0.99,0.771,0.458,0.413
0.41,0.41,0.72,0.72,1.0,1.0,0.16,0.16,0.41,0.41,0.5,0.23,0.0,0.0,1.0,0.22,0.98,0.63,0.26,0.98,0.98,0.26,0.26,0.31,0.92,0.31,0.92,0.04,1.0,0.757,0.462,0.415
0.45,0.45,0.81,0.81,1.0,1.0,0.16,0.16,0.4,0.4,0.46,0.26,0.0,0.0,1.0,0.24,0.98,0.64,0.26,0.98,0.99,0.26,0.26,0.31,0.92,0.31,0.92,0.07,0.86,0.754,0.457,0.425
0.56,0.56,1.0,1.0,0.97,0.97,0.31,0.31,0.24,0.24,0.37,0.36,0.0,0.0,1.0,0.25,0.99,0.65,0.27,0.99,0.99,0.27,0.27,0.31,0.92,0.31,0.92,0.09,0.76,0.752,0.457,0.426
0.56,0.56,1.0,1.0,0.97,0.97,0.18,0.18,0.29,0.29,0.37,0.35,0.0,0.0,1.0,0.28,0.99,0.68,0.27,0.99,0.99,0.27,0.27,0.31,0.92,0.31,0.92,0.1,0.75,0.759,0.453,0.43
0.56,0.56,1.0,1.0,0.98,0.98,0.16,0.16,0.29,0.29,0.37,0.36,0.0,0.0,1.0,0.39,0.99,0.75,0.27,0.99,0.99,0.27,0.27,0.5,0.55,0.49,0.56,0.12,0.72,0.775,0.438,0.442
0.56,0.56,1.0,1.0,0.97,0.97,0.16,0.16,0.29,0.29,0.36,0.36,0.03,0.03,1.0,0.43,0.83,0.79,0.46,0.83,0.84,0.46,0.46,0.57,0.44,0.57,0.44,0.22,0.74,0.779,0.427,0.444
0.56,0.56,1.0,1.0,0.97,0.97,0.16,0.16,0.29,0.29,0.36,0.36,0.03,0.03,1.0,0.39,0.83,0.75,0.46,0.82,0.84,0.46,0.46,0.57,0.44,0.57,0.44,0.15,0.57,0.776,0.418,0.444
0.45,0.45,0.82,0.82,1.0,1.0,0.16,0.16,0.39,0.39,0.52,0.21,0.06,0.04,1.0,0.25,0.97,0.65,0.27,0.97,0.97,0.27,0.27,0.59,0.43,0.58,0.43,0.03,0.56,0.799,0.407,0.436
0.45,0.45,0.82,0.82,1.0,1.0,0.16,0.16,0.41,0.41,0.5,0.23,0.07,0.04,1.0,0.24,0.98,0.64,0.26,0.98,0.98,0.26,0.26,0.6,0.43,0.58,0.44,0.02,0.59,0.788,0.398,0.44
0.45,0.45,0.82,0.82,1.0,1.0,0.16,0.16,0.41,0.41,0.49,0.24,0.1,0.04,1.0,0.23,0.98,0.64,0.26,0.98,0.99,0.26,0.26,0.62,0.42,0.58,0.44,0.02,0.61,0.789,0.395,0.443
0.45,0.45,0.82,0.82,1.0,1.0,0.16,0.16,0.41,0.41,0.49,0.24,0.1,0.06,1.0,0.23,0.98,0.63,0.26,0.98,0.99,0.26,0.26,0.62,0.42,0.59,0.43,0.02,0.62,0.794,0.4,0.445
0.56,0.56,1.0,1.0,0.98,0.98,0.82,0.82,0.26,0.26,0.35,0.37,0.1,0.07,1.0,0.24,0.98,0.64,0.28,0.98,0.98,0.28,0.28,0.62,0.42,0.6,0.43,0.02,0.62,0.794,0.407,0.455
0.57,0.57,1.0,1.0,0.97,0.97,0.5,0.49,0.17,0.17,0.34,0.39,0.12,0.1,1.0,0.25,0.96,0.65,0.28,0.96,0.97,0.28,0.28,0.63,0.42,0.62,0.42,0.03,0.62,0.794,0.417,0.457
0.56,0.56,1.0,1.0,0.98,0.98,0.16,0.16,0.26,0.26,0.34,0.39,0.12,0.1,1.0,0.24,0.97,0.64,0.26,0.97,0.98,0.26,0.26,0.63,0.41,0.62,0.42,0.03,0.62,0.796,0.433,0.46
0.56,0.56,1.0,1.0,0.98,0.98,0.45,0.45,0.2,0.2,0.35,0.38,0.12,0.1,1.0,0.23,0.98,0.64,0.27,0.98,0.98,0.27,0.27,0.63,0.42,0.62,0.42,0.02,0.61,0.797,0.448,0.466
0.57,0.57,1.0,1.0,0.97,0.97,0.42,0.42,0.19,0.19,0.34,0.38,0.1,0.1,1.0,0.24,0.97,0.64,0.28,0.97,0.97,0.28,0.28,0.62,0.42,0.62,0.42,0.03,0.6,0.8,0.465,0.473
0.47,0.47,0.85,0.85,1.0,1.0,0.16,0.16,0.28,0.28,0.35,0.38,0.1,0.1,1.0,0.23,0.98,0.64,0.26,0.98,0.98,0.26,0.26,0.62,0.42,0.62,0.42,0.02,0.59,0.807,0.485,0.479
0.47,0.47,0.87,0.87,1.0,1.0,0.16,0.16,0.29,0.29,0.35,0.37,0.1,0.09,1.0,0.23,0.98,0.63,0.26,0.98,0.98,0.26,0.26,0.62,0.42,0.61,0.42,0.02,0.59,0.806,0.502,0.482
0.48,0.48,0.88,0.88,1.0,1.0,0.16,0.16,0.29,0.29,0.35,0.37,0.1,0.09,1.0,0.23,0.98,0.63,0.26,0.98,0.98,0.26,0.26,0.62,0.42,0.61,0.42,0.02,0.6,0.825,0.518,0.482
0.48,0.48,0.88,0.88,1.0,1.0,0.16,0.16,0.3,0.3,0.35,0.37,0.1,0.09,1.0,0.22,0.98,0.63,0.26,0.98,0.98,0.26,0.26,0.62,0.42,0.61,0.42,0.02,0.59,0.812,0.518,0.478
0.48,0.48,0.88,0.88,1.0,1.0,0.16,0.16,0.3,0.3,0.36,0.37,0.1,0.09,1.0,0.22,0.98,0.63,0.26,0.98,0.99,0.26,0.26,0.62,0.42,0.61,0.43,0.02,0.59,0.805,0.52,0.476
0.48,0.48,0.89,0.89,1.0,1.0,0.16,0.16,0.3,0.3,0.36,0.37,0.09,0.07,1.0,0.22,0.99,0.63,0.26,0.99,0.99,0.26,0.26,0.61,0.42,0.6,0.43,0.02,0.59,0.804,0.527,0.472
0.44,0.44,0.8,0.8,1.0,1.0,0.16,0.16,0.44,0.44,0.0,0.84,0.07,0.07,1.0,0.22,0.99,0.63,0.26,0.99,0.99,0.26,0.26,0.6,0.43,0.6,0.43,0.02,0.58,0.794,0.528,0.471
0.44,0.44,0.79,0.79,1.0,1.0,0.16,0.16,0.48,0.48,0.0,0.87,0.07,0.06,1.0,0.23,0.98,0.63,0.27,0.98,0.98,0.27,0.27,0.6,0.43,0.59,0.43,0.02,0.58,0.799,0.528,0.467
0.45,0.45,0.8,0.8,1.0,1.0,0.16,0.16,0.48,0.48,0.0,0.87,0.07,0.06,1.0,0.23,0.98,0.64,0.27,0.98,0.98,0.27,0.27,0.6,0.43,0.59,0.43,0.02,0.58,0.803,0.54,0.465
0.44,0.44,0.8,0.8,1.0,1.0,0.16,0.16,0.45,0.45,0.0,0.87,0.07,0.06,1.0,0.23,0.98,0.64,0.27,0.98,0.98,0.27,0.27,0.6,0.43,0.59,0.43,0.02,0.59,0.803,0.563,0.453
0.43,0.43,0.78,0.78,1.0,1.0,0.29,0.29,0.23,0.23,0.17,0.56,0.06,0.06,1.0,0.23,0.98,0.64,0.27,0.98,0.98,0.27,0.27,0.59,0.43,0.59,0.43,0.02,0.6,0.801,0.583,0.441
0.47,0.47,0.86,0.86,1.0,1.0,0.19,0.19,0.24,0.24,0.36,0.37,0.09,0.07,1.0,0.23,0.98,0.64,0.26,0.98,0.98,0.26,0.26,0.61,0.42,0.6,0.43,0.02,0.59,0.801,0.605,0.439
0.48,0.48,0.89,0.89,1.0,1.0,0.16,0.16,0.26,0.26,0.35,0.38,0.06,0.06,1.0,0.23,0.98,0.63,0.26,0.98,0.98,0.26,0.26,0.59,0.43,0.59,0.43,0.02,0.59,0.799,0.638,0.445
0.48,0.48,0.89,0.89,1.0,1.0,0.16,0.16,0.28,0.28,0.34,0.38,0.06,0.06,1.0,0.23,0.98,0.63,0.26,0.98,0.98,0.26,0.26,0.59,0.43,0.59,0.43,0.02,0.59,0.799,0.665,0.438
0.49,0.49,0.91,0.91,1.0,1.0,0.16,0.16,0.28,0.28,0.34,0.39,0.06,0.06,1.0,0.22,0.98,0.63,0.26,0.98,0.98,0.26,0.26,0.59,0.43,0.59,0.43,0.02,0.59,0.802,0.673,0.44
0.49,0.49,0.91,0.91,1.0,1.0,0.16,0.16,0.27,0.27,0.34,0.39,0.06,0.06,1.0,0.22,0.98,0.63,0.26,0.98,0.98,0.26,0.26,0.59,0.43,0.59,0.43,0.02,0.6,0.797,0.668,0.456
0.5,0.5,0.94,0.94,1.0,1.0,0.16,0.16,0.28,0.28,0.34,0.39,0.06,0.06,1.0,0.22,0.99,0.63,0.25,0.99,0.99,0.25,0.25,0.59,0.43,0.59,0.43,0.02,0.61,0.793,0.683,0.457
0.49,0.49,0.91,0.91,1.0,1.0,0.16,0.16,0.28,0.28,0.33,0.39,0.06,0.06,1.0,0.22,0.99,0.63,0.25,0.99,0.99,0.25,0.25,0.59,0.43,0.59,0.43,0.02,0.6,0.79,0.698,0.465
0.49,0.49,0.91,0.91,1.0,1.0,0.16,0.16,0.28,0.28,0.33,0.4,0.07,0.06,1.0,0.22,0.99,0.63,0.26,0.99,0.99,0.26,0.26,0.6,0.43,0.59,0.43,0.02,0.6,0.789,0.71,0.465
0.56,0.56,1.0,1.0,0.97,0.97,0.65,0.65,0.13,0.13,0.34,0.39,0.07,0.07,0.75,0.26,0.96,0.66,0.28,0.96,0.97,0.28,0.28,0.6,0.43,0.6,0.43,0.03,0.6,0.784,0.707,0.47
0.57,0.57,1.0,1.0,0.97,0.97,0.28,0.28,0.2,0.2,0.34,0.39,0.07,0.07,1.0,0.26,0.96,0.66,0.27,0.96,0.96,0.27,0.27,0.6,0.43,0.6,0.43,0.03,0.62,0.782,0.702,0.471
0.56,0.56,1.0,1.0,0.98,0.98,0.16,0.16,0.24,0.24,0.34,0.39,0.07,0.07,1.0,0.24,0.97,0.64,0.26,0.97,0.97,0.26,0.26,0.6,0.43,0.6,0.43,0.03,0.61,0.784,0.692,0.474
0.49,0.49,0.91,0.91,1.0,1.0,0.16,0.16,0.24,0.24,0.34,0.38,0.06,0.06,1.0,0.23,0.98,0.64,0.26,0.98,0.98,0.26,0.26,0.59,0.43,0.59,0.43,0.02,0.6,0.784,0.672,0.483
0.51,0.51,0.94,0.94,1.0,1.0,0.16,0.16,0.24,0.24,0.35,0.37,0.04,0.04,1.0,0.23,0.98,0.63,0.26,0.98,0.98,0.26,0.26,0.58,0.43,0.58,0.43,0.02,0.61,0.791,0.632,0.509
0.5,0.5,0.94,0.94,1.0,1.0,0.16,0.16,0.21,0.21,0.36,0.37,0.06,0.04,1.0,0.23,0.98,0.63,0.26,0.98,0.98,0.26,0.26,0.59,0.43,0.58,0.43,0.02,0.6,0.796,0.592,0.527
0.45,0.45,0.82,0.82,1.0,1.0,0.16,0.16,0.2,0.2,0.36,0.37,0.06,0.06,1.0,0.23,0.98,0.63,0.26,0.98,0.98,0.26,0.26,0.59,0.43,0.59,0.43,0.02,0.6,0.797,0.545,0.534
0.56,0.56,1.0,1.0,0.98,0.98,0.16,0.16,0.19,0.19,0.36,0.37,0.06,0.06,0.75,0.23,0.97,0.64,0.26,0.97,0.97,0.26,0.26,0.59,0.43,0.59,0.43,0.02,0.59,0.803,0.515,0.522
0.56,0.56,1.0,1.0,0.97,0.97,0.21,0.21,0.16,0.16,0.35,0.37,0.06,0.06,0.75,0.24,0.95,0.65,0.26,0.95,0.95,0.26,0.26,0.59,0.43,0.59,0.43,0.02,0.6,0.812,0.497,0.495
0.58,0.58,1.0,1.0,0.96,0.96,0.24,0.24,0.15,0.15,0.35,0.37,0.06,0.06,0.75,0.27,0.94,0.66,0.27,0.94,0.94,0.27,0.27,0.59,0.43,0.59,0.43,0.03,0.59,0.824,0.47,0.475
0.59,0.59,1.0,1.0,0.95,0.95,0.25,0.25,0.15,0.15,0.36,0.37,0.07,0.07,0.5,0.28,0.93,0.67,0.28,0.93,0.93,0.28,0.28,0.6,0.43,0.6,0.43,0.03,0.59,0.817,0.442,0.459
0.61,0.61,1.0,1.0,0.93,0.93,0.25,0.25,0.15,0.15,0.36,0.36,0.07,0.07,0.5,0.29,0.92,0.68,0.29,0.92,0.92,0.29,0.29,0.6,0.43,0.6,0.43,0.03,0.58,0.818,0.43,0.457
0.6,0.6,1.0,1.0,0.94,0.94,0.25,0.25,0.15,0.15,0.36,0.36,0.07,0.07,0.5,0.29,0.92,0.68,0.28,0.92,0.92,0.28,0.28,0.6,0.43,0.6,0.43,0.04,0.58,0.819,0.423,0.454
0.6,0.6,1.0,1.0,0.95,0.95,0.26,0.26,0.19,0.19,0.41,0.31,0.07,0.07,0.5,0.29,0.93,0.68,0.28,0.92,0.93,0.28,0.28,0.6,0.43,0.6,0.43,0.04,0.58,0.806,0.415,0.449
0.58,0.58,1.0,1.0,0.96,0.96,0.18,0.18,0.22,0.22,0.43,0.3,0.06,0.06,0.75,0.29,0.93,0.68,0.28,0.92,0.93,0.28,0.28,0.59,0.43,0.59,0.43,0.04,0.6,0.793,0.388,0.432
0.57,0.57,1.0,1.0,0.97,0.97,0.16,0.16,0.23,0.23,0.42,0.3,0.06,0.06,0.75,0.27,0.94,0.66,0.27,0.94,0.94,0.27,0.27,0.59,0.43,0.59,0.43,0.03,0.61,0.793,0.363,0.424
0.59,0.59,1.0,1.0,0.95,0.95,0.49,0.49,0.11,0.11,0.37,0.36,0.06,0.06,0.5,0.31,0.93,0.7,0.29,0.92,0.93,0.29,0.29,0.59,0.43,0.59,0.43,0.04,0.62,0.797,0.35,0.42
0.57,0.57,1.0,1.0,0.96,0.96,0.23,0.23,0.18,0.18,0.36,0.36,0.06,0.07,0.75,0.27,0.94,0.67,0.28,0.94,0.94,0.28,0.28,0.59,0.43,0.6,0.43,0.04,0.62,0.81,0.36,0.431
0.56,0.56,1.0,1.0,0.97,0.97,0.16,0.16,0.21,0.21,0.36,0.36,0.06,0.07,0.75,0.25,0.96,0.65,0.26,0.96,0.96,0.26,0.26,0.59,0.43,0.6,0.43,0.03,0.62,0.819,0.358,0.434
0.56,0.56,1.0,1.0,0.98,0.98,0.16,0.16,0.22,0.22,0.36,0.36,0.06,0.06,1.0,0.24,0.97,0.64,0.26,0.97,0.97,0.26,0.26,0.59,0.43,0.59,0.43,0.03,0.62,0.82,0.363,0.444
0.55,0.55,1.0,1.0,0.98,0.98,0.16,0.16,0.23,0.23,0.32,0.4,0.04,0.06,1.0,0.24,0.97,0.64,0.26,0.97,0.97,0.26,0.26,0.58,0.43,0.59,0.43,0.02,0.62,0.834,0.378,0.458
0.42,0.42,0.74,0.74,1.0,1.0,0.16,0.16,0.41,0.41,0.0,0.86,0.04,0.06,1.0,0.24,0.97,0.64,0.26,0.97,0.97,0.26,0.26,0.58,0.44,0.59,0.43,0.02,0.62,0.851,0.397,0.46
0.41,0.41,0.71,0.71,1.0,1.0,0.16,0.16,0.43,0.43,0.0,0.86,0.04,0.04,1.0,0.24,0.97,0.64,0.26,0.97,0.97,0.26,0.26,0.58,0.44,0.58,0.43,0.02,0.63,0.871,0.418,0.455
0.39,0.39,0.67,0.67,1.0,1.0,0.16,0.16,0.42,0.42,0.0,0.85,0.04,0.06,1.0,0.24,0.97,0.64,0.26,0.97,0.97,0.26,0.26,0.58,0.44,0.59,0.43,0.02,0.64,0.883,0.418,0.458
0.4,0.4,0.7,0.7,1.0,1.0,0.16,0.16,0.42,0.42,0.0,0.85,0.04,0.06,1.0,0.24,0.97,0.64,0.26,0.97,0.97,0.26,0.26,0.58,0.44,0.59,0.43,0.02,0.64,0.909,0.435,0.462
0.41,0.41,0.73,0.73,1.0,1.0,0.49,0.49,0.16,0.16,0.34,0.39,0.06,0.07,1.0,0.25,0.96,0.65,0.27,0.96,0.97,0.27,0.27,0.59,0.43,0.6,0.43,0.02,0.63,0.943,0.46,0.458
0.55,0.55,1.0,1.0,0.98,0.98,0.18,0.18,0.23,0.23,0.37,0.35,0.07,0.07,1.0,0.25,0.96,0.65,0.27,0.96,0.96,0.27,0.27,0.6,0.43,0.6,0.43,0.02,0.6,0.975,0.478,0.45
0.46,0.46,0.83,0.83,1.0,1.0,0.16,0.16,0.25,0.25,0.37,0.35,0.07,0.07,1.0,0.24,0.97,0.64,0.26,0.97,0.97,0.26,0.26,0.6,0.43,0.6,0.43,0.02,0.58,0.986,0.483,0.46
0.46,0.46,0.84,0.84,1.0,1.0,0.16,0.16,0.26,0.26,0.37,0.35,0.07,0.07,1.0,0.23,0.97,0.64,0.26,0.97,0.97,0.26,0.26,0.6,0.43,0.6,0.43,0.02,0.57,0.993,0.495,0.469
0.47,0.47,0.85,0.85,1.0,1.0,0.16,0.16,0.27,0.27,0.37,0.36,0.07,0.06,1.0,0.23,0.97,0.64,0.26,0.97,0.97,0.26,0.26,0.6,0.43,0.59,0.43,0.02,0.56,0.989,0.498,0.47
0.47,0.47,0.85,0.85,1.0,1.0,0.16,0.16,0.28,0.28,0.36,0.36,0.07,0.06,1.0,0.23,0.97,0.63,0.26,0.97,0.98,0.26,0.26,0.6,0.43,0.59,0.43,0.02,0.55,0.979,0.503,0.476
0.47,0.47,0.86,0.86,1.0,1.0,0.16,0.16,0.28,0.28,0.36,0.36,0.07,0.06,1.0,0.23,0.98,0.63,0.26,0.98,0.98,0.26,0.26,0.6,0.43,0.59,0.43,0.02,0.55,0.958,0.51,0.477
0.48,0.48,0.88,0.88,1.0,1.0,0.16,0.16,0.29,0.29,0.36,0.36,0.07,0.06,1.0,0.22,0.98,0.63,0.26,0.98,0.98,0.26,0.26,0.6,0.43,0.59,0.43,0.02,0.57,0.944,0.513,0.481
0.48,0.48,0.88,0.88,1.0,1.0,0.16,0.16,0.3,0.3,0.38,0.35,0.09,0.07,1.0,0.22,0.98,0.63,0.25,0.98,0.98,0.25,0.25,0.61,0.43,0.6,0.43,0.01,0.58,0.936,0.525,0.485
0.46,0.46,0.84,0.84,1.0,1.0,0.35,0.35,0.21,0.21,0.39,0.33,0.1,0.09,1.0,0.23,0.97,0.64,0.28,0.97,0.97,0.28,0.28,0.62,0.42,0.61,0.42,0.02,0.56,0.919,0.537,0.488
0.46,0.46,0.84,0.84,1.0,1.0,0.16,0.16,0.33,0.33,0.39,0.33,0.12,0.09,1.0,0.23,0.97,0.63,0.27,0.97,0.98,0.27,0.27,0.63,0.41,0.61,0.42,0.02,0.54,0.892,0.542,0.494
0.46,0.46,0.84,0.84,1.0,1.0,0.16,0.16,0.37,0.37,0.38,0.35,0.03,0.03,1.0,0.23,0.98,0.63,0.27,0.98,0.98,0.27,0.27,0.57,0.44,0.57,0.44,0.03,0.54,0.87,0.552,0.5
0.46,0.46,0.84,0.84,1.0,1.0,0.16,0.16,0.42,0.42,0.35,0.37,0.0,0.0,1.0,0.25,0.98,0.65,0.32,0.98,0.98,0.32,0.32,0.52,0.51,0.53,0.49,0.2,0.67,0.864,0.563,0.502
0.56,0.56,1.0,1.0,0.98,0.98,0.16,0.16,0.44,0.44,0.33,0.39,0.0,0.0,1.0,0.27,0.99,0.66,0.33,0.99,0.99,0.33,0.33,0.47,0.61,0.48,0.59,0.25,0.68,0.855,0.57,0.515
0.56,0.56,1.0,1.0,0.97,0.97,0.16,0.16,0.45,0.45,0.32,0.4,0.0,0.0,1.0,0.27,0.99,0.66,0.33,0.99,0.99,0.33,0.33,0.41,0.72,0.42,0.71,0.27,0.66,0.843,0.583,0.525
0.56,0.56,1.0,1.0,0.97,0.97,0.16,0.16,0.46,0.46,0.33,0.39,0.0,0.0,1.0,0.27,0.99,0.66,0.32,0.99,0.99,0.32,0.32,0.48,0.58,0.47,0.6,0.27,0.67,0.831,0.602,0.528
0.56,0.56,1.0,1.0,0.97,0.97,0.16,0.16,0.43,0.43,0.35,0.37,0.0,0.0,1.0,0.26,0.99,0.66,0.32,0.99,0.99,0.32,0.32,0.54,0.46,0.54,0.48,0.17,0.78,0.826,0.618,0.529
0.56,0.56,1.0,1.0,0.98,0.98,0.16,0.16,0.42,0.42,0.36,0.37,0.06,0.03,1.0,0.24,0.99,0.65,0.3,0.99,0.99,0.3,0.3,0.59,0.43,0.57,0.44,0.1,0.77,0.819,0.633,0.519
0.46,0.46,0.85,0.85,1.0,1.0,0.16,0.16,0.39,0.39,0.37,0.35,0.09,0.04,1.0,0.23,0.99,0.64,0.28,0.99,0.99,0.28,0.28,0.61,0.42,0.58,0.44,0.05,0.69,0.818,0.64,0.511
0.45,0.45,0.82,0.82,1.0,1.0,0.37,0.37,0.22,0.22,0.37,0.36,0.12,0.12,1.0,0.23,0.99,0.64,0.28,0.99,0.99,0.28,0.28,0.63,0.41,0.63,0.41,0.04,0.63,0.813,0.637,0.506
0.48,0.48,0.89,0.89,1.0,1.0,0.16,0.16,0.29,0.29,0.36,0.36,0.06,0.06,1.0,0.23,0.99,0.63,0.26,0.99,0.99,0.26,0.26,0.59,0.43,0.59,0.43,0.03,0.61,0.81,0.632,0.506
0.46,0.46,0.83,0.83,1.0,1.0,0.16,0.16,0.4,0.4,0.0,0.78,0.04,0.06,1.0,0.22,0.99,0.63,0.26,0.99,0.99,0.26,0.26,0.58,0.44,0.59,0.43,0.03,0.61,0.804,0.625,0.504
0.47,0.47,0.85,0.85,1.0,1.0,0.16,0.16,0.46,0.46,0.0,0.82,0.06,0.06,1.0,0.26,0.96,0.65,0.31,0.96,0.96,0.31,0.31,0.59,0.43,0.59,0.43,0.05,0.61,0.798,0.613,0.498
0.56,0.56,1.0,1.0,0.98,0.98,0.16,0.16,0.49,0.49,0.0,0.81,0.09,0.07,1.0,0.29,0.93,0.68,0.38,0.93,0.93,0.38,0.38,0.61,0.43,0.6,0.43,0.08,0.59,0.791,0.608,0.496
0.56,0.56,1.0,1.0,0.97,0.97,0.16,0.16,0.46,0.46,0.0,0.78,0.09,0.07,1.0,0.31,0.9,0.7,0.41,0.9,0.9,0.41,0.41,0.61,0.42,0.6,0.43,0.11,0.57,0.784,0.615,0.497
0.56,0.56,1.0,1.0,0.98,0.98,0.16,0.16,0.28,0.28,0.38,0.34,0.07,0.07,1.0,0.27,0.93,0.67,0.32,0.92,0.93,0.32,0.32,0.6,0.43,0.6,0.43,0.06,0.55,0.769,0.608,0.496
0.56,0.56,1.0,1.0,0.98,0.98,0.16,0.16,0.25,0.25,0.36,0.37,0.09,0.09,1.0,0.26,0.94,0.66,0.32,0.94,0.94,0.32,0.32,0.61,0.42,0.61,0.42,0.05,0.54,0.754,0.592,0.502
0.56,0.56,1.0,1.0,0.98,0.98,0.16,0.16,0.25,0.25,0.35,0.37,0.1,0.1,1.0,0.24,0.96,0.65,0.27,0.96,0.96,0.27,0.27,0.62,0.42,0.62,0.42,0.03,0.55,0.729,0.563,0.504
0.47,0.47,0.86,0.86,1.0,1.0,0.16,0.16,0.25,0.25,0.35,0.38,0.1,0.1,1.0,0.23,0.98,0.64,0.26,0.98,0.98,0.26,0.26,0.62,0.42,0.62,0.42,0.02,0.59,0.717,0.532,0.498
0.48,0.48,0.88,0.88,1.0,1.0,0.16,0.16,0.25,0.25,0.34,0.38,0.1,0.1,1.0,0.23,0.98,0.63,0.26,0.98,0.98,0.26,0.26,0.62,0.42,0.62,0.42,0.02,0.6,0.697,0.488,0.474
0.43,0.43,0.76,0.76,1.0,1.0,0.16,0.16,0.35,0.35,0.15,0.58,0.1,0.1,1.0,0.23,0.98,0.63,0.26,0.98,0.98,0.26,0.26,0.62,0.42,0.62,0.42,0.02,0.61,0.689,0.455,0.473
0.44,0.44,0.8,0.8,1.0,1.0,0.16,0.16,0.37,0.37,0.17,0.55,0.07,0.09,1.0,0.23,0.98,0.63,0.26,0.98,0.98,0.26,0.26,0.6,0.43,0.61,0.42,0.02,0.62,0.679,0.435,0.465
0.49,0.49,0.91,0.91,1.0,1.0,0.16,0.16,0.27,0.27,0.34,0.39,0.09,0.09,1.0,0.22,0.98,0.63,0.26,0.98,0.98,0.26,0.26,0.61,0.42,0.61,0.42,0.02,0.62,0.669,0.437,0.472
0.47,0.47,0.87,0.87,1.0,1.0,0.16,0.16,0.28,0.28,0.34,0.38,0.09,0.09,1.0,0.22,0.98,0.63,0.26,0.98,0.98,0.26,0.26,0.61,0.42,0.61,0.42,0.02,0.62,0.679,0.438,0.489
0.48,0.48,0.89,0.89,1.0,1.0,0.16,0.16,0.29,0.29,0.34,0.38,0.09,0.09,1.0,0.22,0.99,0.63,0.26,0.99,0.99,0.26,0.26,0.61,0.42,0.61,0.43,0.02,0.61,0.694,0.45,0.486
0.5,0.5,0.93,0.93,1.0,1.0,0.16,0.16,0.29,0.29,0.33,0.39,0.07,0.07,1.0,0.22,0.99,0.63,0.26,0.99,0.99,0.26,0.26,0.6,0.43,0.6,0.43,0.02,0.6,0.711,0.472,0.497
0.51,0.51,0.95,0.95,1.0,1.0,0.16,0.16,0.29,0.29,0.33,0.39,0.07,0.06,1.0,0.22,0.99,0.63,0.25,0.99,0.99,0.25,0.25,0.6,0.43,0.59,0.43,0.02,0.61,0.748,0.503,0.507
0.51,0.51,0.95,0.95,1.0,1.0,0.16,0.16,0.29,0.29,0.34,0.39,0.06,0.06,1.0,0.22,0.99,0.63,0.25,0.99,0.99,0.25,0.25,0.59,0.43,0.59,0.43,0.02,0.62,0.792,0.552,0.504
0.47,0.47,0.87,0.87,1.0,1.0,0.16,0.16,0.33,0.33,0.31,0.41,0.09,0.04,1.0,0.22,0.98,0.63,0.26,0.98,0.99,0.26,0.26,0.61,0.42,0.58,0.43,0.02,0.63,0.817,0.602,0.5
0.57,0.57,1.0,1.0,0.97,0.97,0.16,0.16,0.41,0.41,0.31,0.42,0.09,0.06,1.0,0.26,0.96,0.66,0.27,0.96,0.97,0.27,0.27,0.61,0.42,0.59,0.43,0.05,0.57,0.83,0.622,0.533
