0.53,0.53,0.99,0.99,1.0,1.0,0.16,0.16,0.36,0.36,0.33,0.39,0.0,0.02,1.0,0.22,0.99,0.62,0.25,0.99,0.99,0.25,0.25,0.55,0.45,0.56,0.45,0.01,0.64,0.606,0.538,0.402
0.5,0.5,0.92,0.92,1.0,1.0,0.16,0.16,0.36,0.36,0.32,0.4,0.0,0.0,1.0,0.23,0.99,0.63,0.25,0.99,0.99,0.25,0.25,0.55,0.45,0.54,0.47,0.02,0.6,0.629,0.543,0.413
0.5,0.5,0.93,0.93,1.0,1.0,0.16,0.16,0.38,0.38,0.32,0.4,0.0,0.0,1.0,0.22,0.99,0.63,0.25,0.99,0.99,0.25,0.25,0.55,0.45,0.54,0.46,0.01,0.59,0.631,0.507,0.435
0.52,0.52,0.97,0.97,1.0,1.0,0.16,0.16,0.36,0.36,0.32,0.4,0.0,0.0,1.0,0.22,0.99,0.63,0.25,0.99,0.99,0.25,0.25,0.55,0.45,0.55,0.45,0.01,0.6,0.626,0.505,0.435
0.52,0.52,0.97,0.97,1.0,1.0,0.16,0.16,0.36,0.36,0.32,0.4,0.0,0.0,1.0,0.22,0.99,0.63,0.25,0.99,0.99,0.25,0.25,0.55,0.45,0.55,0.45,0.01,0.61,0.625,0.508,0.442
0.52,0.52,0.98,0.98,1.0,1.0,0.73,0.72,0.2,0.2,0.33,0.39,0.02,0.06,1.0,0.23,0.98,0.64,0.27,0.98,0.98,0.27,0.27,0.56,0.45,0.59,0.43,0.01,0.6,0.625,0.508,0.449
0.51,0.51,0.96,0.96,1.0,1.0,0.16,0.16,0.35,0.35,0.34,0.39,0.02,0.02,1.0,0.23,0.98,0.64,0.26,0.98,0.98,0.26,0.26,0.56,0.45,0.56,0.45,0.01,0.6,0.627,0.51,0.462
0.51,0.51,0.95,0.95,1.0,1.0,0.16,0.16,0.37,0.37,0.35,0.37,0.02,0.02,1.0,0.23,0.98,0.63,0.25,0.98,0.98,0.25,0.25,0.56,0.45,0.56,0.45,0.01,0.61,0.595,0.525,0.465
0.56,0.56,1.0,1.0,0.97,0.97,0.96,0.96,0.33,0.33,0.36,0.37,0.02,0.04,1.0,0.24,0.96,0.65,0.27,0.96,0.96,0.27,0.27,0.56,0.45,0.58,0.44,0.01,0.56,0.59,0.543,0.466
0.57,0.57,1.0,1.0,0.97,0.97,0.96,0.96,0.35,0.35,0.36,0.37,0.03,0.07,1.0,0.26,0.94,0.66,0.28,0.94,0.94,0.28,0.28,0.57,0.44,0.6,0.43,0.02,0.55,0.576,0.53,0.47
0.48,0.48,0.9,0.9,1.0,1.0,0.16,0.16,0.38,0.38,0.35,0.37,0.0,0.0,1.0,0.24,0.98,0.64,0.26,0.98,0.98,0.26,0.26,0.55,0.46,0.55,0.46,0.02,0.54,0.572,0.525,0.474
0.5,0.5,0.93,0.93,1.0,1.0,0.16,0.16,0.38,0.38,0.35,0.37,0.0,0.0,1.0,0.23,0.98,0.63,0.26,0.98,0.98,0.26,0.26,0.55,0.46,0.55,0.45,0.01,0.54,0.581,0.527,0.466
0.56,0.56,1.0,1.0,0.98,0.98,0.76,0.75,0.2,0.2,0.34,0.39,0.02,0.07,1.0,0.26,0.95,0.65,0.3,0.95,0.95,0.3,0.3,0.56,0.44,0.6,0.43,0.02,0.54,0.598,0.52,0.468
0.56,0.56,1.0,1.0,0.98,0.98,0.16,0.16,0.37,0.37,0.34,0.38,0.0,0.0,1.0,0.25,0.96,0.65,0.28,0.96,0.96,0.28,0.28,0.55,0.45,0.55,0.45,0.02,0.54,0.604,0.518,0.47
0.61,0.61,1.0,1.0,0.94,0.94,0.16,0.16,0.36,0.36,0.34,0.38,0.0,0.0,1.0,0.38,0.88,0.74,0.45,0.87,0.88,0.45,0.45,0.54,0.48,0.54,0.46,0.11,0.52,0.607,0.51,0.472
0.65,0.65,1.0,1.0,0.9,0.9,0.16,0.16,0.36,0.36,0.34,0.38,0.0,0.0,1.0,0.38,0.87,0.75,0.49,0.86,0.88,0.49,0.49,0.53,0.48,0.54,0.47,0.24,0.77,0.61,0.515,0.468
0.62,0.62,1.0,1.0,0.93,0.93,0.16,0.16,0.36,0.36,0.34,0.38,0.0,0.0,1.0,0.38,0.86,0.75,0.49,0.86,0.87,0.49,0.49,0.53,0.49,0.54,0.48,0.17,0.78,0.621,0.518,0.475
0.6,0.6,1.0,1.0,0.94,0.94,0.16,0.16,0.36,0.36,0.34,0.38,0.0,0.0,1.0,0.37,0.85,0.74,0.48,0.85,0.86,0.48,0.48,0.52,0.5,0.53,0.49,0.13,0.64,0.624,0.52,0.476
0.61,0.61,1.0,1.0,0.94,0.94,0.16,0.16,0.35,0.35,0.34,0.38,0.0,0.0,1.0,0.38,0.82,0.74,0.49,0.82,0.83,0.49,0.49,0.52,0.52,0.52,0.51,0.14,0.71,0.624,0.522,0.476
0.79,0.79,1.0,1.0,0.79,0.79,0.16,0.16,0.35,0.35,0.34,0.38,0.0,0.0,1.0,0.38,0.86,0.74,0.55,0.85,0.87,0.55,0.55,0.5,0.55,0.52,0.51,0.32,0.95,0.623,0.522,0.476
0.92,0.92,1.0,1.0,0.68,0.68,0.16,0.16,0.34,0.34,0.34,0.38,0.0,0.0,1.0,0.46,0.91,0.81,0.56,0.91,0.91,0.56,0.56,0.43,0.69,0.45,0.65,0.45,0.5,0.627,0.522,0.475
0.92,0.92,1.0,1.0,0.68,0.68,0.16,0.16,0.31,0.31,0.35,0.37,0.0,0.0,1.0,0.55,0.94,0.88,0.56,0.94,0.94,0.56,0.56,0.33,0.87,0.35,0.83,0.48,0.5,0.63,0.523,0.48
0.92,0.92,1.0,1.0,0.68,0.68,0.16,0.16,0.31,0.31,0.35,0.37,0.0,0.0,1.0,0.55,0.95,0.88,0.56,0.95,0.95,0.56,0.56,0.31,0.92,0.31,0.92,0.49,0.5,0.609,0.52,0.475
0.92,0.92,1.0,1.0,0.68,0.68,0.16,0.16,0.3,0.3,0.35,0.37,0.0,0.0,1.0,0.54,0.95,0.87,0.56,0.95,0.96,0.56,0.56,0.31,0.92,0.31,0.92,0.49,0.5,0.611,0.51,0.487
0.92,0.92,1.0,1.0,0.68,0.68,0.16,0.16,0.3,0.3,0.35,0.37,0.0,0.0,1.0,0.55,0.96,0.87,0.56,0.96,0.96,0.56,0.56,0.31,0.92,0.31,0.92,0.45,0.5,0.618,0.498,0.487
0.92,0.92,1.0,1.0,0.68,0.68,0.16,0.16,0.43,0.43,0.39,0.34,0.0,0.0,1.0,0.56,0.96,0.88,0.56,0.96,0.96,0.56,0.56,0.31,0.92,0.31,0.92,0.4,1.0,0.622,0.505,0.486
0.92,0.92,1.0,1.0,0.68,0.68,0.16,0.16,0.42,0.42,0.38,0.34,0.0,0.0,1.0,0.57,0.96,0.89,0.55,0.96,0.97,0.55,0.55,0.31,0.92,0.31,0.92,0.4,1.0,0.639,0.505,0.489
0.92,0.92,1.0,1.0,0.68,0.68,0.16,0.16,0.42,0.42,0.38,0.34,0.0,0.0,1.0,0.57,0.96,0.89,0.55,0.96,0.97,0.55,0.55,0.31,0.92,0.31,0.92,0.39,1.0,0.643,0.505,0.487
0.92,0.92,1.0,1.0,0.68,0.68,0.16,0.16,0.43,0.43,0.38,0.35,0.0,0.0,1.0,0.56,0.96,0.88,0.56,0.96,0.97,0.56,0.56,0.31,0.92,0.31,0.92,0.38,1.0,0.657,0.507,0.482
0.92,0.92,1.0,1.0,0.68,0.68,0.16,0.16,0.43,0.43,0.38,0.34,0.0,0.0,1.0,0.56,0.96,0.88,0.56,0.96,0.97,0.56,0.56,0.31,0.92,0.31,0.92,0.34,1.0,0.67,0.498,0.484
0.92,0.92,1.0,1.0,0.68,0.68,0.16,0.16,0.43,0.43,0.39,0.34,0.0,0.0,1.0,0.56,0.96,0.88,0.56,0.96,0.97,0.56,0.56,0.31,0.92,0.31,0.92,0.31,1.0,0.678,0.497,0.486
0.92,0.92,1.0,1.0,0.68,0.68,0.16,0.16,0.43,0.43,0.38,0.34,0.0,0.0,1.0,0.55,0.96,0.88,0.56,0.96,0.96,0.56,0.56,0.31,0.92,0.31,0.92,0.31,1.0,0.677,0.495,0.484
0.92,0.92,1.0,1.0,0.68,0.68,0.16,0.16,0.43,0.43,0.38,0.35,0.0,0.0,1.0,0.48,0.95,0.82,0.56,0.95,0.96,0.56,0.56,0.31,0.92,0.31,0.92,0.31,1.0,0.676,0.497,0.485
0.92,0.92,1.0,1.0,0.68,0.68,0.16,0.16,0.38,0.38,0.37,0.35,0.0,0.0,1.0,0.39,0.88,0.76,0.56,0.87,0.89,0.56,0.56,0.34,0.86,0.34,0.85,0.35,1.0,0.674,0.5,0.484
0.92,0.92,1.0,1.0,0.68,0.68,0.16,0.16,0.36,0.36,0.37,0.35,0.0,0.0,1.0,0.42,0.87,0.78,0.56,0.86,0.88,0.56,0.56,0.43,0.68,0.42,0.69,0.42,0.5,0.686,0.497,0.481
0.92,0.92,1.0,1.0,0.68,0.68,0.16,0.16,0.34,0.34,0.36,0.36,0.0,0.0,1.0,0.46,0.86,0.8,0.56,0.86,0.87,0.56,0.56,0.43,0.69,0.42,0.7,0.48,0.5,0.704,0.497,0.478
0.92,0.92,1.0,1.0,0.68,0.68,0.16,0.16,0.33,0.33,0.35,0.37,0.0,0.0,1.0,0.47,0.85,0.81,0.56,0.85,0.86,0.56,0.56,0.42,0.69,0.42,0.71,0.48,0.5,0.716,0.497,0.473
0.92,0.92,1.0,1.0,0.68,0.68,0.16,0.16,0.33,0.33,0.34,0.38,0.0,0.0,1.0,0.46,0.87,0.8,0.56,0.86,0.88,0.56,0.56,0.42,0.7,0.42,0.71,0.54,0.5,0.725,0.505,0.472
0.92,0.92,1.0,1.0,0.68,0.68,0.16,0.16,0.33,0.33,0.34,0.39,0.0,0.0,1.0,0.45,0.88,0.8,0.56,0.87,0.88,0.56,0.56,0.41,0.72,0.41,0.71,0.57,0.5,0.737,0.5,0.459
0.91,0.91,1.0,1.0,0.69,0.69,0.16,0.16,0.33,0.33,0.33,0.4,0.0,0.0,1.0,0.45,0.88,0.8,0.56,0.86,0.89,0.56,0.56,0.35,0.84,0.38,0.79,0.52,0.5,0.742,0.5,0.451
0.91,0.91,1.0,1.0,0.69,0.69,0.16,0.16,0.35,0.35,0.34,0.39,0.0,0.0,1.0,0.44,0.88,0.79,0.56,0.85,0.9,0.56,0.56,0.33,0.88,0.35,0.84,0.5,0.5,0.755,0.492,0.446
0.91,0.91,1.0,1.0,0.69,0.69,0.16,0.16,0.36,0.36,0.34,0.38,0.0,0.0,1.0,0.42,0.88,0.78,0.56,0.85,0.9,0.56,0.56,0.31,0.92,0.31,0.92,0.48,0.5,0.754,0.485,0.438
0.91,0.91,1.0,1.0,0.69,0.69,0.16,0.16,0.39,0.39,0.35,0.37,0.0,0.0,1.0,0.4,0.87,0.76,0.56,0.85,0.89,0.56,0.56,0.31,0.92,0.31,0.92,0.41,1.0,0.741,0.48,0.431
0.89,0.89,1.0,1.0,0.71,0.71,0.16,0.16,0.39,0.39,0.36,0.37,0.0,0.0,1.0,0.37,0.86,0.74,0.56,0.85,0.87,0.56,0.56,0.31,0.92,0.31,0.92,0.35,1.0,0.74,0.482,0.437
0.87,0.87,1.0,1.0,0.72,0.72,0.16,0.16,0.39,0.39,0.36,0.36,0.0,0.0,1.0,0.34,0.82,0.72,0.56,0.81,0.84,0.56,0.56,0.33,0.89,0.33,0.88,0.29,1.0,0.741,0.488,0.445
0.85,0.85,1.0,1.0,0.74,0.74,0.16,0.16,0.43,0.43,0.38,0.34,0.0,0.0,0.75,0.33,0.8,0.71,0.56,0.79,0.81,0.56,0.56,0.32,0.9,0.32,0.9,0.25,1.0,0.749,0.482,0.463
0.81,0.81,1.0,1.0,0.78,0.78,0.16,0.16,0.43,0.43,0.39,0.33,0.0,0.0,0.75,0.32,0.77,0.7,0.56,0.76,0.78,0.56,0.56,0.31,0.92,0.31,0.92,0.21,1.0,0.749,0.483,0.459
0.81,0.81,1.0,1.0,0.78,0.78,0.16,0.16,0.44,0.44,0.4,0.32,0.0,0.0,0.75,0.32,0.77,0.7,0.56,0.76,0.77,0.56,0.56,0.31,0.92,0.31,0.92,0.2,0.94,0.746,0.49,0.459
0.81,0.81,1.0,1.0,0.77,0.77,0.16,0.16,0.45,0.45,0.4,0.33,0.0,0.0,0.75,0.32,0.77,0.7,0.56,0.76,0.78,0.56,0.56,0.31,0.92,0.31,0.92,0.2,0.9,0.736,0.495,0.476
0.81,0.81,1.0,1.0,0.77,0.77,0.16,0.16,0.47,0.47,0.4,0.33,0.0,0.0,0.75,0.32,0.78,0.7,0.56,0.77,0.78,0.56,0.56,0.31,0.92,0.31,0.92,0.2,0.86,0.725,0.502,0.483
0.82,0.82,1.0,1.0,0.77,0.77,0.16,0.16,0.48,0.48,0.38,0.35,0.0,0.0,0.75,0.32,0.78,0.7,0.56,0.77,0.79,0.56,0.56,0.31,0.92,0.31,0.92,0.19,0.82,0.719,0.503,0.485
0.82,0.82,1.0,1.0,0.76,0.76,0.16,0.16,0.51,0.51,0.32,0.4,0.0,0.0,1.0,0.32,0.79,0.7,0.56,0.78,0.79,0.56,0.56,0.31,0.92,0.31,0.92,0.21,0.27,0.711,0.502,0.486
0.82,0.82,1.0,1.0,0.76,0.76,0.16,0.16,0.51,0.51,0.28,0.45,0.0,0.0,1.0,0.34,0.81,0.71,0.56,0.81,0.81,0.56,0.56,0.31,0.92,0.31,0.92,0.24,0.25,0.705,0.503,0.489
0.83,0.83,1.0,1.0,0.76,0.76,0.16,0.16,0.54,0.54,0.26,0.46,0.0,0.0,1.0,0.35,0.83,0.72,0.56,0.83,0.83,0.56,0.56,0.31,0.92,0.31,0.92,0.24,0.26,0.706,0.505,0.474
0.83,0.83,1.0,1.0,0.76,0.76,0.16,0.16,0.55,0.55,0.26,0.47,0.0,0.0,1.0,0.35,0.84,0.73,0.56,0.84,0.84,0.56,0.56,0.31,0.92,0.31,0.92,0.22,0.29,0.682,0.505,0.424
0.82,0.82,1.0,1.0,0.76,0.76,0.16,0.16,0.58,0.58,0.23,0.5,0.0,0.0,1.0,0.35,0.84,0.73,0.56,0.84,0.84,0.56,0.56,0.31,0.92,0.31,0.92,0.21,0.35,0.678,0.493,0.405
0.81,0.81,1.0,1.0,0.78,0.78,0.16,0.16,0.58,0.58,0.17,0.57,0.0,0.0,1.0,0.36,0.86,0.73,0.56,0.85,0.87,0.56,0.56,0.31,0.92,0.31,0.92,0.23,0.61,0.678,0.482,0.402
0.81,0.81,1.0,1.0,0.78,0.78,0.16,0.16,0.58,0.58,0.16,0.58,0.0,0.0,1.0,0.37,0.87,0.74,0.56,0.86,0.88,0.56,0.56,0.31,0.92,0.31,0.92,0.24,0.67,0.678,0.468,0.399
0.81,0.81,1.0,1.0,0.78,0.78,0.16,0.16,0.61,0.61,0.18,0.55,0.0,0.0,1.0,0.37,0.87,0.74,0.56,0.86,0.88,0.56,0.56,0.31,0.92,0.31,0.92,0.24,0.68,0.671,0.46,0.368
0.78,0.78,1.0,1.0,0.8,0.8,0.16,0.16,0.45,0.45,0.17,0.56,0.0,0.0,1.0,0.36,0.86,0.74,0.56,0.85,0.87,0.56,0.56,0.31,0.92,0.31,0.92,0.21,0.64,0.667,0.453,0.335
0.77,0.77,1.0,1.0,0.8,0.8,0.16,0.16,0.34,0.34,0.2,0.52,0.0,0.0,0.75,0.32,0.77,0.7,0.56,0.76,0.78,0.56,0.56,0.31,0.92,0.31,0.92,0.16,0.67,0.668,0.443,0.328
0.76,0.76,1.0,1.0,0.82,0.82,0.16,0.16,0.35,0.35,0.26,0.46,0.0,0.0,0.75,0.31,0.72,0.7,0.56,0.72,0.73,0.56,0.56,0.31,0.92,0.31,0.92,0.16,0.63,0.669,0.44,0.339
0.76,0.76,1.0,1.0,0.81,0.81,0.16,0.16,0.37,0.37,0.32,0.41,0.0,0.0,0.75,0.31,0.73,0.7,0.56,0.73,0.74,0.56,0.56,0.31,0.92,0.31,0.92,0.16,0.62,0.663,0.453,0.361
0.75,0.75,1.0,1.0,0.82,0.82,0.16,0.16,0.37,0.37,0.36,0.36,0.0,0.0,0.75,0.32,0.74,0.7,0.56,0.74,0.75,0.56,0.56,0.31,0.92,0.31,0.92,0.2,0.86,0.676,0.46,0.396
0.73,0.73,1.0,1.0,0.84,0.84,0.16,0.16,0.38,0.38,0.38,0.34,0.0,0.0,0.75,0.32,0.76,0.7,0.56,0.75,0.77,0.56,0.56,0.31,0.92,0.31,0.92,0.22,1.0,0.675,0.477,0.436
0.71,0.71,1.0,1.0,0.85,0.85,0.16,0.16,0.38,0.38,0.43,0.29,0.0,0.0,0.75,0.33,0.76,0.71,0.56,0.75,0.76,0.56,0.56,0.31,0.92,0.31,0.92,0.19,0.75,0.666,0.49,0.48
0.67,0.67,1.0,1.0,0.89,0.89,0.16,0.16,0.38,0.38,0.48,0.24,0.0,0.0,0.75,0.33,0.71,0.71,0.56,0.71,0.72,0.56,0.56,0.31,0.92,0.31,0.92,0.18,0.31,0.668,0.51,0.509
0.66,0.66,1.0,1.0,0.9,0.9,0.16,0.16,0.39,0.39,0.52,0.21,0.0,0.0,0.75,0.32,0.71,0.71,0.56,0.71,0.72,0.56,0.56,0.31,0.92,0.31,0.92,0.17,0.25,0.664,0.528,0.525
0.68,0.68,1.0,1.0,0.88,0.88,0.16,0.16,0.38,0.38,0.58,0.14,0.0,0.0,0.75,0.32,0.71,0.7,0.56,0.71,0.72,0.56,0.56,0.31,0.92,0.31,0.92,0.16,0.27,0.673,0.538,0.565
0.68,0.68,1.0,1.0,0.88,0.88,0.16,0.16,0.39,0.39,0.63,0.1,0.0,0.0,0.75,0.32,0.76,0.7,0.56,0.75,0.77,0.56,0.56,0.31,0.92,0.31,0.92,0.15,0.47,0.679,0.557,0.605
0.67,0.67,1.0,1.0,0.89,0.89,0.16,0.16,0.38,0.38,0.65,0.08,0.0,0.0,0.75,0.32,0.76,0.7,0.56,0.75,0.77,0.56,0.56,0.31,0.92,0.31,0.92,0.15,0.45,0.679,0.575,0.629
0.65,0.65,1.0,1.0,0.9,0.9,0.38,0.37,0.27,0.27,0.6,0.13,0.0,0.0,0.75,0.33,0.67,0.71,0.56,0.65,0.68,0.56,0.56,0.35,0.84,0.32,0.9,0.16,0.17,0.684,0.577,0.661
0.65,0.65,1.0,1.0,0.9,0.9,0.16,0.16,0.59,0.59,0.75,0.0,0.0,0.0,0.75,0.34,0.74,0.72,0.56,0.74,0.75,0.56,0.56,0.31,0.92,0.31,0.92,0.15,0.43,0.683,0.578,0.687
0.67,0.67,1.0,1.0,0.88,0.88,0.16,0.16,0.6,0.6,0.74,0.0,0.0,0.0,0.75,0.35,0.76,0.73,0.56,0.75,0.76,0.56,0.56,0.31,0.92,0.31,0.92,0.15,0.57,0.681,0.587,0.701
0.66,0.66,1.0,1.0,0.89,0.89,0.16,0.16,0.65,0.65,0.72,0.02,0.0,0.0,0.75,0.37,0.76,0.74,0.56,0.75,0.76,0.56,0.56,0.31,0.92,0.31,0.92,0.14,0.55,0.684,0.588,0.697
0.67,0.67,1.0,1.0,0.88,0.88,0.2,0.16,0.38,0.38,0.62,0.11,0.0,0.0,0.75,0.38,0.74,0.74,0.56,0.73,0.75,0.56,0.56,0.31,0.92,0.31,0.92,0.13,0.51,0.672,0.592,0.696
0.67,0.67,1.0,1.0,0.89,0.89,0.16,0.16,0.62,0.62,0.66,0.07,0.0,0.0,0.75,0.39,0.8,0.75,0.56,0.79,0.8,0.56,0.56,0.31,0.92,0.31,0.92,0.12,0.4,0.679,0.588,0.673
0.66,0.66,1.0,1.0,0.9,0.9,0.16,0.16,0.66,0.66,0.64,0.1,0.0,0.0,0.75,0.41,0.84,0.77,0.56,0.84,0.84,0.56,0.56,0.31,0.92,0.31,0.92,0.13,0.23,0.671,0.59,0.665
0.65,0.65,1.0,1.0,0.9,0.9,0.16,0.16,0.63,0.63,0.62,0.12,0.0,0.0,1.0,0.4,0.91,0.76,0.46,0.9,0.91,0.46,0.46,0.48,0.59,0.45,0.65,0.1,0.28,0.669,0.59,0.655
0.62,0.62,1.0,1.0,0.92,0.92,0.39,0.38,0.25,0.25,0.47,0.26,0.22,0.18,1.0,0.34,0.91,0.71,0.37,0.9,0.91,0.37,0.37,0.7,0.39,0.67,0.4,0.06,0.37,0.661,0.588,0.651
0.56,0.56,1.0,1.0,0.98,0.98,0.16,0.16,0.34,0.34,0.45,0.27,0.16,0.12,1.0,0.24,0.96,0.65,0.28,0.96,0.96,0.28,0.28,0.66,0.4,0.63,0.41,0.03,0.41,0.651,0.582,0.635
0.46,0.46,0.85,0.85,1.0,1.0,0.16,0.16,0.36,0.36,0.43,0.3,0.15,0.12,1.0,0.23,0.97,0.64,0.27,0.97,0.97,0.27,0.27,0.65,0.41,0.63,0.42,0.02,0.46,0.649,0.573,0.626
0.46,0.46,0.84,0.84,1.0,1.0,0.16,0.16,0.37,0.37,0.4,0.32,0.13,0.12,1.0,0.23,0.97,0.63,0.27,0.97,0.97,0.27,0.27,0.64,0.41,0.63,0.42,0.02,0.48,0.666,0.553,0.62
0.46,0.46,0.84,0.84,1.0,1.0,0.16,0.16,0.39,0.39,0.37,0.35,0.12,0.1,1.0,0.23,0.97,0.63,0.27,0.97,0.97,0.27,0.27,0.63,0.42,0.62,0.42,0.02,0.5,0.673,0.543,0.609
0.45,0.45,0.82,0.82,1.0,1.0,0.16,0.16,0.41,0.41,0.35,0.37,0.1,0.1,1.0,0.23,0.97,0.63,0.27,0.97,0.97,0.27,0.27,0.62,0.42,0.62,0.42,0.02,0.52,0.674,0.527,0.583
0.43,0.43,0.77,0.77,1.0,1.0,0.16,0.16,0.42,0.42,0.33,0.4,0.1,0.1,1.0,0.23,0.97,0.63,0.28,0.97,0.97,0.28,0.28,0.62,0.42,0.62,0.42,0.02,0.53,0.675,0.52,0.555
0.42,0.42,0.73,0.73,1.0,1.0,0.16,0.16,0.48,0.48,0.31,0.41,0.15,0.12,1.0,0.23,0.97,0.63,0.28,0.97,0.97,0.28,0.28,0.65,0.41,0.63,0.41,0.02,0.54,0.667,0.508,0.525
0.38,0.38,0.65,0.65,1.0,1.0,0.16,0.16,0.53,0.53,0.32,0.4,0.16,0.13,1.0,0.23,0.97,0.64,0.28,0.97,0.97,0.28,0.28,0.66,0.4,0.64,0.41,0.02,0.53,0.649,0.507,0.5
0.3,0.3,0.46,0.46,1.0,1.0,0.16,0.16,0.55,0.55,0.34,0.39,0.16,0.13,1.0,0.23,0.97,0.64,0.29,0.97,0.97,0.29,0.29,0.66,0.4,0.64,0.41,0.03,0.51,0.614,0.498,0.482
0.32,0.32,0.51,0.51,1.0,1.0,0.16,0.16,0.55,0.55,0.34,0.38,0.13,0.1,1.0,0.23,0.97,0.64,0.29,0.97,0.97,0.29,0.29,0.64,0.41,0.62,0.42,0.03,0.5,0.585,0.487,0.475
0.64,0.64,1.0,1.0,0.91,0.91,0.16,0.16,0.57,0.57,0.39,0.34,0.0,0.0,1.0,0.35,0.95,0.72,0.37,0.95,0.96,0.37,0.37,0.31,0.92,0.31,0.92,0.03,0.76,0.509,0.475,0.475
0.84,0.84,1.0,1.0,0.75,0.75,0.16,0.16,0.63,0.63,0.45,0.28,0.0,0.0,1.0,0.49,0.93,0.83,0.47,0.92,0.93,0.47,0.47,0.31,0.92,0.31,0.92,0.08,1.0,0.454,0.473,0.479
0.81,0.81,1.0,1.0,0.77,0.77,0.16,0.16,0.51,0.51,0.43,0.29,0.0,0.0,1.0,0.5,0.86,0.84,0.49,0.86,0.87,0.49,0.49,0.31,0.92,0.31,0.92,0.09,1.0,0.414,0.48,0.485
0.85,0.85,1.0,1.0,0.74,0.74,0.16,0.16,0.74,0.74,0.47,0.26,0.0,0.0,1.0,0.5,0.86,0.84,0.56,0.85,0.87,0.56,0.56,0.31,0.92,0.31,0.92,0.17,1.0,0.395,0.48,0.486
0.87,0.87,1.0,1.0,0.73,0.73,0.16,0.16,0.64,0.64,0.49,0.25,0.0,0.0,1.0,0.45,0.82,0.8,0.56,0.81,0.84,0.56,0.56,0.31,0.92,0.31,0.92,0.2,1.0,0.43,0.508,0.486
0.87,0.87,1.0,1.0,0.72,0.72,0.16,0.16,0.53,0.53,0.47,0.26,0.0,0.0,1.0,0.42,0.83,0.78,0.56,0.82,0.84,0.56,0.56,0.31,0.92,0.31,0.92,0.27,1.0,0.443,0.523,0.493
0.88,0.88,1.0,1.0,0.72,0.72,0.16,0.16,0.48,0.48,0.49,0.24,0.0,0.0,1.0,0.39,0.79,0.75,0.56,0.78,0.8,0.56,0.56,0.31,0.92,0.31,0.92,0.3,1.0,0.506,0.538,0.498
0.87,0.87,1.0,1.0,0.73,0.73,0.16,0.16,0.46,0.46,0.49,0.23,0.0,0.0,0.75,0.37,0.75,0.74,0.56,0.75,0.75,0.56,0.56,0.31,0.92,0.31,0.92,0.29,0.78,0.562,0.552,0.496
0.86,0.86,1.0,1.0,0.74,0.74,0.16,0.16,0.45,0.45,0.48,0.25,0.0,0.0,0.75,0.37,0.75,0.74,0.56,0.75,0.75,0.56,0.56,0.31,0.92,0.31,0.92,0.28,0.79,0.619,0.583,0.486
0.83,0.83,1.0,1.0,0.76,0.76,0.16,0.16,0.4,0.4,0.46,0.26,0.0,0.0,0.75,0.36,0.74,0.74,0.56,0.74,0.74,0.56,0.56,0.31,0.92,0.31,0.92,0.3,0.87,0.667,0.593,0.495
0.81,0.81,1.0,1.0,0.77,0.77,0.16,0.16,0.39,0.39,0.46,0.26,0.0,0.0,0.75,0.36,0.74,0.73,0.56,0.74,0.74,0.56,0.56,0.31,0.92,0.31,0.92,0.3,0.88,0.71,0.598,0.505
0.82,0.82,1.0,1.0,0.76,0.76,0.16,0.16,0.4,0.4,0.47,0.26,0.0,0.0,0.75,0.37,0.74,0.74,0.56,0.75,0.74,0.56,0.56,0.31,0.92,0.31,0.92,0.3,0.91,0.742,0.602,0.521
0.81,0.81,1.0,1.0,0.78,0.78,0.16,0.16,0.4,0.4,0.45,0.28,0.0,0.0,0.75,0.37,0.77,0.74,0.56,0.77,0.77,0.56,0.56,0.31,0.92,0.31,0.92,0.3,0.96,0.745,0.595,0.524
0.8,0.8,1.0,1.0,0.78,0.78,0.16,0.16,0.42,0.42,0.41,0.31,0.0,0.0,0.75,0.38,0.79,0.75,0.56,0.79,0.79,0.56,0.56,0.31,0.92,0.31,0.92,0.28,0.74,0.754,0.587,0.518
0.8,0.8,1.0,1.0,0.78,0.78,0.16,0.16,0.41,0.41,0.37,0.35,0.0,0.0,0.75,0.44,0.81,0.79,0.53,0.81,0.81,0.53,0.53,0.31,0.92,0.31,0.92,0.28,0.2,0.776,0.573,0.52
0.76,0.76,1.0,1.0,0.81,0.81,0.16,0.16,0.43,0.43,0.35,0.37,0.0,0.0,0.75,0.42,0.82,0.78,0.55,0.82,0.82,0.55,0.55,0.31,0.92,0.31,0.92,0.28,0.35,0.789,0.563,0.514
0.75,0.75,1.0,1.0,0.82,0.82,0.16,0.16,0.44,0.44,0.27,0.45,0.0,0.0,1.0,0.43,0.84,0.78,0.54,0.83,0.85,0.54,0.54,0.31,0.92,0.31,0.92,0.28,0.46,0.791,0.55,0.515
0.75,0.75,1.0,1.0,0.83,0.83,0.16,0.16,0.43,0.43,0.25,0.48,0.0,0.0,1.0,0.43,0.85,0.78,0.54,0.84,0.86,0.54,0.54,0.31,0.92,0.31,0.92,0.3,0.82,0.786,0.53,0.495
0.74,0.74,1.0,1.0,0.83,0.83,0.16,0.16,0.42,0.42,0.24,0.48,0.0,0.0,1.0,0.42,0.85,0.78,0.56,0.84,0.86,0.56,0.56,0.31,0.92,0.31,0.92,0.3,1.0,0.775,0.503,0.47
0.73,0.73,1.0,1.0,0.84,0.84,0.16,0.16,0.42,0.42,0.24,0.49,0.0,0.0,1.0,0.42,0.84,0.78,0.55,0.83,0.86,0.55,0.55,0.31,0.92,0.31,0.92,0.31,1.0,0.764,0.473,0.437
0.73,0.73,1.0,1.0,0.84,0.84,0.16,0.16,0.41,0.41,0.28,0.44,0.0,0.0,1.0,0.42,0.8,0.78,0.54,0.78,0.83,0.54,0.54,0.32,0.9,0.34,0.86,0.39,1.0,0.77,0.44,0.395
0.72,0.72,1.0,1.0,0.85,0.85,0.19,0.19,0.25,0.25,0.26,0.46,0.0,0.0,0.75,0.42,0.73,0.78,0.55,0.7,0.76,0.55,0.55,0.43,0.69,0.44,0.65,0.48,0.5,0.765,0.417,0.366
0.74,0.74,1.0,1.0,0.83,0.83,0.16,0.16,0.29,0.29,0.28,0.44,0.0,0.0,0.75,0.42,0.74,0.78,0.56,0.72,0.76,0.56,0.56,0.32,0.9,0.35,0.85,0.44,1.0,0.766,0.4,0.355
0.76,0.76,1.0,1.0,0.81,0.81,0.16,0.16,0.29,0.29,0.29,0.43,0.0,0.0,0.75,0.42,0.74,0.78,0.56,0.72,0.76,0.56,0.56,0.37,0.81,0.39,0.76,0.41,1.0,0.765,0.398,0.355
0.77,0.77,1.0,1.0,0.8,0.8,0.16,0.16,0.27,0.27,0.33,0.4,0.0,0.0,0.75,0.4,0.75,0.76,0.56,0.73,0.77,0.56,0.56,0.51,0.53,0.52,0.52,0.53,0.5,0.763,0.393,0.361
0.81,0.81,1.0,1.0,0.78,0.78,0.16,0.16,0.26,0.26,0.34,0.38,0.03,0.02,0.75,0.35,0.78,0.72,0.56,0.76,0.8,0.56,0.56,0.57,0.44,0.56,0.45,0.63,0.5,0.759,0.397,0.377
0.83,0.83,1.0,1.0,0.76,0.76,0.16,0.16,0.26,0.26,0.35,0.37,0.04,0.02,0.75,0.33,0.79,0.71,0.56,0.77,0.81,0.56,0.56,0.58,0.44,0.56,0.45,0.75,0.5,0.76,0.405,0.407
0.81,0.81,1.0,1.0,0.77,0.77,0.16,0.16,0.3,0.3,0.38,0.34,0.0,0.0,0.75,0.32,0.79,0.71,0.56,0.77,0.82,0.56,0.56,0.53,0.49,0.49,0.56,0.82,0.5,0.746,0.418,0.439
0.81,0.81,1.0,1.0,0.78,0.78,0.16,0.16,0.39,0.39,0.44,0.28,0.0,0.0,0.75,0.33,0.83,0.71,0.56,0.81,0.85,0.56,0.56,0.52,0.52,0.48,0.59,0.86,0.5,0.751,0.43,0.469
0.81,0.81,1.0,1.0,0.78,0.78,0.16,0.16,0.4,0.4,0.46,0.26,0.0,0.0,0.75,0.33,0.83,0.71,0.56,0.81,0.85,0.56,0.56,0.53,0.49,0.5,0.55,0.86,0.5,0.764,0.455,0.49
0.81,0.81,1.0,1.0,0.78,0.78,0.16,0.16,0.41,0.41,0.5,0.23,0.0,0.0,1.0,0.34,0.83,0.71,0.56,0.81,0.85,0.56,0.56,0.52,0.5,0.49,0.57,0.84,0.5,0.771,0.468,0.499
0.8,0.8,1.0,1.0,0.78,0.78,0.16,0.16,0.41,0.41,0.52,0.2,0.04,0.0,1.0,0.34,0.82,0.72,0.56,0.8,0.84,0.56,0.56,0.58,0.44,0.54,0.48,0.76,0.5,0.771,0.478,0.503
0.78,0.78,1.0,1.0,0.8,0.8,0.16,0.16,0.42,0.42,0.54,0.19,0.04,0.0,1.0,0.35,0.82,0.72,0.56,0.8,0.84,0.56,0.56,0.58,0.44,0.54,0.46,0.63,0.5,0.781,0.505,0.515
0.77,0.77,1.0,1.0,0.81,0.81,0.16,0.16,0.44,0.44,0.55,0.18,0.0,0.0,1.0,0.36,0.81,0.73,0.56,0.79,0.83,0.56,0.56,0.52,0.5,0.49,0.57,0.56,0.5,0.783,0.52,0.52
0.76,0.76,1.0,1.0,0.81,0.81,0.16,0.16,0.31,0.31,0.44,0.28,0.0,0.0,0.75,0.36,0.79,0.73,0.56,0.78,0.8,0.56,0.56,0.31,0.92,0.31,0.92,0.47,0.5,0.778,0.535,0.535
0.78,0.78,1.0,1.0,0.8,0.8,0.16,0.16,0.3,0.3,0.44,0.29,0.0,0.0,0.75,0.34,0.76,0.72,0.56,0.75,0.77,0.56,0.56,0.31,0.92,0.31,0.92,0.43,0.99,0.776,0.545,0.535
0.79,0.79,1.0,1.0,0.79,0.79,0.16,0.16,0.29,0.29,0.44,0.29,0.0,0.0,0.75,0.34,0.76,0.72,0.56,0.75,0.77,0.56,0.56,0.31,0.92,0.31,0.92,0.41,1.0,0.771,0.555,0.543
0.81,0.81,1.0,1.0,0.77,0.77,0.16,0.16,0.3,0.3,0.44,0.29,0.0,0.0,0.75,0.34,0.76,0.72,0.56,0.74,0.77,0.56,0.56,0.31,0.92,0.31,0.92,0.41,1.0,0.753,0.568,0.562
0.86,0.86,1.0,1.0,0.73,0.73,0.16,0.16,0.3,0.3,0.44,0.29,0.0,0.0,0.75,0.35,0.78,0.72,0.56,0.76,0.79,0.56,0.56,0.31,0.92,0.31,0.92,0.39,1.0,0.743,0.587,0.575
0.83,0.83,1.0,1.0,0.76,0.76,0.16,0.16,0.31,0.31,0.43,0.3,0.0,0.0,0.75,0.35,0.81,0.72,0.56,0.8,0.81,0.56,0.56,0.31,0.92,0.31,0.92,0.35,1.0,0.746,0.592,0.581
0.73,0.73,1.0,1.0,0.84,0.84,0.16,0.16,0.33,0.33,0.41,0.31,0.0,0.0,0.75,0.34,0.78,0.72,0.56,0.77,0.78,0.56,0.56,0.31,0.92,0.31,0.92,0.28,1.0,0.751,0.607,0.588
0.72,0.72,1.0,1.0,0.85,0.85,0.16,0.16,0.33,0.33,0.41,0.32,0.0,0.0,0.75,0.33,0.77,0.71,0.56,0.76,0.77,0.56,0.56,0.31,0.92,0.31,0.92,0.26,1.0,0.749,0.608,0.593
0.72,0.72,1.0,1.0,0.85,0.85,0.16,0.16,0.32,0.32,0.4,0.32,0.0,0.0,0.75,0.33,0.77,0.71,0.55,0.76,0.77,0.55,0.55,0.31,0.92,0.31,0.92,0.27,1.0,0.745,0.605,0.59
0.71,0.71,1.0,1.0,0.85,0.85,0.16,0.16,0.32,0.32,0.4,0.32,0.0,0.0,0.75,0.33,0.76,0.71,0.54,0.75,0.76,0.54,0.54,0.31,0.92,0.31,0.92,0.27,1.0,0.744,0.605,0.588
0.7,0.7,1.0,1.0,0.87,0.87,0.16,0.16,0.53,0.53,0.6,0.14,0.0,0.0,0.75,0.38,0.81,0.75,0.5,0.8,0.82,0.5,0.5,0.31,0.92,0.31,0.92,0.31,1.0,0.74,0.603,0.575
0.7,0.7,1.0,1.0,0.86,0.86,0.16,0.16,0.5,0.5,0.56,0.17,0.0,0.0,0.75,0.39,0.81,0.76,0.52,0.81,0.82,0.52,0.52,0.31,0.92,0.31,0.92,0.29,1.0,0.737,0.602,0.569
0.7,0.7,1.0,1.0,0.86,0.86,0.16,0.16,0.51,0.51,0.55,0.18,0.0,0.0,0.75,0.39,0.78,0.76,0.53,0.77,0.79,0.53,0.53,0.31,0.92,0.31,0.92,0.23,1.0,0.739,0.597,0.561
0.7,0.7,1.0,1.0,0.86,0.86,0.16,0.16,0.5,0.5,0.55,0.18,0.0,0.0,0.75,0.39,0.75,0.76,0.53,0.75,0.75,0.53,0.53,0.31,0.92,0.31,0.92,0.18,1.0,0.74,0.59,0.561
0.71,0.71,1.0,1.0,0.85,0.85,0.16,0.16,0.48,0.48,0.52,0.21,0.0,0.0,0.75,0.4,0.76,0.76,0.52,0.75,0.76,0.52,0.52,0.31,0.92,0.31,0.92,0.15,1.0,0.742,0.573,0.561
0.74,0.74,1.0,1.0,0.83,0.83,0.16,0.16,0.48,0.48,0.5,0.23,0.33,0.3,0.75,0.4,0.51,0.76,0.56,0.5,0.51,0.56,0.56,0.77,0.35,0.75,0.36,0.16,0.85,0.746,0.558,0.545
0.75,0.75,1.0,1.0,0.82,0.82,0.16,0.16,0.5,0.5,0.49,0.23,0.38,0.31,0.75,0.4,0.71,0.76,0.55,0.7,0.72,0.55,0.55,0.8,0.34,0.76,0.36,0.18,0.3,0.76,0.54,0.531
0.76,0.76,1.0,1.0,0.82,0.82,0.16,0.16,0.52,0.52,0.5,0.23,0.31,0.27,0.75,0.41,0.8,0.77,0.48,0.79,0.81,0.48,0.48,0.76,0.36,0.73,0.37,0.14,0.37,0.761,0.528,0.525
0.76,0.76,1.0,1.0,0.81,0.81,0.16,0.16,0.41,0.41,0.43,0.29,0.24,0.2,1.0,0.38,0.87,0.74,0.38,0.86,0.88,0.38,0.38,0.71,0.38,0.68,0.39,0.1,0.4,0.758,0.513,0.521
0.75,0.75,1.0,1.0,0.82,0.82,0.16,0.16,0.62,0.62,0.49,0.24,0.2,0.15,1.0,0.35,0.93,0.73,0.34,0.92,0.93,0.34,0.34,0.68,0.39,0.65,0.4,0.07,0.45,0.761,0.502,0.515
0.73,0.73,1.0,1.0,0.84,0.84,0.16,0.16,0.64,0.64,0.46,0.27,0.18,0.15,1.0,0.34,0.94,0.72,0.32,0.94,0.94,0.32,0.32,0.67,0.39,0.65,0.4,0.06,0.48,0.756,0.488,0.515
0.74,0.74,1.0,1.0,0.83,0.83,0.16,0.16,0.63,0.63,0.43,0.3,0.16,0.15,1.0,0.38,0.9,0.75,0.34,0.89,0.9,0.34,0.34,0.66,0.4,0.65,0.41,0.06,0.5,0.738,0.48,0.519
0.73,0.73,1.0,1.0,0.84,0.84,0.16,0.16,0.66,0.66,0.44,0.29,0.1,0.09,1.0,0.42,0.88,0.78,0.35,0.87,0.89,0.35,0.35,0.62,0.42,0.61,0.42,0.06,0.51,0.73,0.472,0.516
0.74,0.74,1.0,1.0,0.83,0.83,0.16,0.16,0.67,0.67,0.42,0.31,0.0,0.0,1.0,0.42,0.91,0.78,0.34,0.9,0.91,0.34,0.34,0.49,0.56,0.48,0.58,0.07,0.56,0.718,0.468,0.522
0.75,0.75,1.0,1.0,0.83,0.83,0.16,0.16,0.69,0.69,0.43,0.31,0.0,0.0,0.75,0.33,0.94,0.71,0.31,0.94,0.95,0.31,0.31,0.31,0.92,0.31,0.92,0.07,0.7,0.691,0.448,0.519
0.74,0.74,1.0,1.0,0.83,0.83,0.16,0.16,0.69,0.69,0.43,0.31,0.0,0.0,0.75,0.32,0.95,0.7,0.32,0.95,0.95,0.32,0.32,0.35,0.85,0.34,0.86,0.07,0.79,0.679,0.442,0.517
0.74,0.74,1.0,1.0,0.83,0.83,0.16,0.16,0.67,0.67,0.41,0.33,0.22,0.22,0.75,0.43,0.69,0.78,0.56,0.68,0.7,0.56,0.56,0.7,0.38,0.7,0.38,0.14,0.92,0.689,0.418,0.515
0.73,0.73,1.0,1.0,0.83,0.83,0.16,0.16,0.65,0.65,0.39,0.34,0.3,0.34,0.75,0.38,0.62,0.75,0.56,0.62,0.62,0.56,0.56,0.75,0.36,0.78,0.35,0.25,1.0,0.687,0.412,0.518
0.73,0.73,1.0,1.0,0.84,0.84,0.16,0.16,0.62,0.62,0.4,0.34,0.33,0.38,0.75,0.37,0.62,0.74,0.56,0.62,0.62,0.56,0.56,0.77,0.35,0.8,0.34,0.33,1.0,0.681,0.412,0.528
0.73,0.73,1.0,1.0,0.84,0.84,0.16,0.16,0.59,0.59,0.38,0.34,0.34,0.39,0.75,0.36,0.62,0.74,0.56,0.62,0.63,0.56,0.56,0.78,0.35,0.81,0.34,0.41,1.0,0.682,0.417,0.535
0.73,0.73,1.0,1.0,0.84,0.84,0.16,0.16,0.54,0.54,0.38,0.35,0.28,0.31,0.75,0.35,0.65,0.73,0.56,0.64,0.65,0.56,0.56,0.74,0.37,0.76,0.35,0.47,0.5,0.697,0.418,0.54
0.72,0.72,1.0,1.0,0.85,0.85,0.16,0.16,0.53,0.53,0.38,0.35,0.3,0.34,0.75,0.35,0.65,0.73,0.56,0.64,0.65,0.56,0.56,0.75,0.36,0.78,0.35,0.48,0.5,0.694,0.417,0.537
0.71,0.71,1.0,1.0,0.86,0.86,0.16,0.16,0.52,0.52,0.37,0.36,0.1,0.15,0.75,0.35,0.65,0.72,0.56,0.64,0.66,0.56,0.56,0.62,0.42,0.65,0.41,0.47,0.5,0.711,0.412,0.53
0.7,0.7,1.0,1.0,0.86,0.86,0.16,0.16,0.51,0.51,0.37,0.36,0.0,0.02,0.75,0.34,0.65,0.72,0.56,0.64,0.66,0.56,0.56,0.53,0.49,0.56,0.45,0.44,1.0,0.726,0.41,0.526
0.7,0.7,1.0,1.0,0.87,0.87,0.16,0.16,0.51,0.51,0.38,0.35,0.0,0.0,0.75,0.34,0.66,0.72,0.56,0.65,0.67,0.56,0.56,0.5,0.55,0.52,0.5,0.43,1.0,0.744,0.408,0.524
0.69,0.69,1.0,1.0,0.87,0.87,0.16,0.16,0.51,0.51,0.37,0.36,0.0,0.0,0.75,0.35,0.66,0.72,0.56,0.65,0.67,0.56,0.56,0.47,0.6,0.49,0.56,0.45,0.5,0.759,0.4,0.52
0.69,0.69,1.0,1.0,0.87,0.87,0.16,0.16,0.54,0.54,0.38,0.35,0.0,0.0,0.75,0.35,0.7,0.73,0.56,0.69,0.71,0.56,0.56,0.48,0.59,0.49,0.56,0.46,0.5,0.775,0.395,0.517
0.71,0.71,1.0,1.0,0.86,0.86,0.16,0.16,0.56,0.56,0.36,0.37,0.06,0.03,0.75,0.35,0.82,0.73,0.55,0.81,0.83,0.55,0.55,0.59,0.43,0.57,0.44,0.76,0.5,0.784,0.392,0.515
0.75,0.75,1.0,1.0,0.82,0.82,0.16,0.16,0.55,0.55,0.36,0.37,0.0,0.0,0.75,0.35,0.85,0.72,0.56,0.84,0.86,0.56,0.56,0.52,0.51,0.49,0.56,0.86,0.5,0.788,0.388,0.515
0.76,0.76,1.0,1.0,0.82,0.82,0.16,0.16,0.55,0.55,0.36,0.37,0.0,0.0,0.75,0.35,0.86,0.72,0.56,0.85,0.87,0.56,0.56,0.5,0.54,0.48,0.59,0.87,0.5,0.792,0.39,0.512
0.75,0.75,1.0,1.0,0.82,0.82,0.16,0.16,0.54,0.54,0.36,0.37,0.0,0.0,0.75,0.35,0.86,0.73,0.56,0.85,0.87,0.56,0.56,0.5,0.54,0.48,0.59,0.87,0.5,0.796,0.385,0.51
0.74,0.74,1.0,1.0,0.83,0.83,0.16,0.16,0.54,0.54,0.36,0.37,0.0,0.0,0.75,0.35,0.85,0.73,0.56,0.84,0.87,0.56,0.56,0.49,0.56,0.47,0.61,0.85,0.5,0.782,0.387,0.515
0.72,0.72,1.0,1.0,0.84,0.84,0.16,0.16,0.31,0.31,0.32,0.4,0.0,0.0,0.75,0.33,0.79,0.71,0.56,0.77,0.81,0.56,0.56,0.5,0.54,0.48,0.58,0.84,0.5,0.791,0.385,0.514
0.71,0.71,1.0,1.0,0.85,0.85,0.18,0.18,0.27,0.27,0.32,0.41,0.0,0.0,0.75,0.32,0.77,0.7,0.56,0.75,0.78,0.56,0.56,0.54,0.47,0.52,0.51,0.82,0.5,0.803,0.393,0.513
0.69,0.69,1.0,1.0,0.87,0.87,0.16,0.16,0.28,0.28,0.32,0.41,0.0,0.0,0.75,0.31,0.77,0.7,0.56,0.75,0.78,0.56,0.56,0.52,0.5,0.5,0.54,0.8,0.5,0.807,0.39,0.512
0.67,0.67,1.0,1.0,0.89,0.89,0.16,0.16,0.28,0.28,0.32,0.4,0.0,0.0,0.75,0.32,0.77,0.7,0.56,0.75,0.79,0.56,0.56,0.54,0.47,0.53,0.49,0.66,0.5,0.811,0.39,0.51
0.65,0.65,1.0,1.0,0.9,0.9,0.16,0.16,0.3,0.3,0.34,0.39,0.0,0.0,0.75,0.36,0.77,0.73,0.56,0.75,0.78,0.56,0.56,0.55,0.46,0.54,0.47,0.46,0.5,0.806,0.395,0.506
0.63,0.63,1.0,1.0,0.92,0.92,0.16,0.16,0.37,0.37,0.35,0.37,0.12,0.1,1.0,0.36,0.77,0.73,0.56,0.75,0.78,0.56,0.56,0.63,0.42,0.62,0.42,0.26,0.75,0.801,0.402,0.515
0.61,0.61,1.0,1.0,0.93,0.93,0.16,0.16,0.42,0.42,0.35,0.37,0.12,0.1,1.0,0.38,0.72,0.75,0.56,0.72,0.73,0.56,0.56,0.63,0.41,0.62,0.42,0.21,0.74,0.805,0.4,0.51
0.58,0.58,1.0,1.0,0.96,0.96,0.16,0.16,0.5,0.5,0.35,0.37,0.03,0.02,1.0,0.4,0.74,0.76,0.55,0.73,0.75,0.55,0.55,0.57,0.44,0.56,0.44,0.2,0.83,0.8,0.4,0.511
0.57,0.57,1.0,1.0,0.97,0.97,0.16,0.16,0.53,0.53,0.36,0.37,0.1,0.07,1.0,0.4,0.76,0.76,0.53,0.76,0.76,0.53,0.53,0.62,0.42,0.6,0.43,0.2,0.48,0.775,0.4,0.519
0.57,0.57,1.0,1.0,0.97,0.97,0.16,0.16,0.53,0.53,0.37,0.35,0.13,0.12,1.0,0.4,0.79,0.76,0.48,0.79,0.79,0.48,0.48,0.64,0.41,0.63,0.42,0.2,0.27,0.736,0.418,0.531
0.56,0.56,1.0,1.0,0.97,0.97,0.16,0.16,0.55,0.55,0.37,0.35,0.24,0.22,1.0,0.42,0.82,0.78,0.47,0.82,0.82,0.47,0.47,0.71,0.38,0.7,0.39,0.15,0.23,0.669,0.44,0.534
0.56,0.56,1.0,1.0,0.97,0.97,0.16,0.16,0.57,0.57,0.41,0.31,0.4,0.4,0.5,0.4,0.65,0.76,0.49,0.65,0.65,0.49,0.49,0.82,0.33,0.82,0.33,0.12,0.21,0.589,0.462,0.524
0.56,0.56,1.0,1.0,0.97,0.97,0.16,0.16,0.57,0.57,0.43,0.29,0.36,0.34,0.5,0.4,0.65,0.76,0.51,0.65,0.65,0.51,0.51,0.79,0.34,0.78,0.35,0.11,0.19,0.416,0.487,0.518
0.57,0.57,1.0,1.0,0.97,0.97,0.16,0.16,0.62,0.62,0.41,0.31,0.42,0.42,0.75,0.31,0.88,0.69,0.42,0.88,0.87,0.42,0.42,0.83,0.33,0.83,0.32,0.09,0.21,0.332,0.492,0.512
0.57,0.57,1.0,1.0,0.97,0.97,0.16,0.16,0.43,0.43,0.47,0.24,0.36,0.36,0.75,0.28,0.93,0.67,0.35,0.93,0.93,0.35,0.35,0.79,0.35,0.79,0.34,0.08,0.33,0.236,0.503,0.509
0.58,0.58,1.0,1.0,0.96,0.96,0.36,0.36,0.31,0.31,0.44,0.27,0.42,0.43,0.75,0.27,0.9,0.66,0.35,0.89,0.9,0.35,0.35,0.83,0.33,0.84,0.32,0.06,0.37,0.169,0.527,0.499
0.58,0.58,1.0,1.0,0.96,0.96,0.16,0.16,0.41,0.41,0.46,0.25,0.39,0.4,0.75,0.26,0.9,0.66,0.35,0.9,0.9,0.35,0.35,0.81,0.34,0.82,0.33,0.06,0.38,0.117,0.543,0.501
0.58,0.58,1.0,1.0,0.96,0.96,0.79,0.79,0.36,0.36,0.47,0.25,0.36,0.39,0.75,0.26,0.9,0.66,0.34,0.9,0.9,0.34,0.34,0.79,0.34,0.81,0.34,0.06,0.38,0.08,0.562,0.507
0.57,0.57,1.0,1.0,0.97,0.97,0.16,0.16,0.38,0.38,0.49,0.23,0.34,0.33,0.75,0.27,0.87,0.66,0.37,0.87,0.87,0.37,0.37,0.78,0.35,0.77,0.35,0.06,0.36,0.026,0.563,0.5
0.57,0.57,1.0,1.0,0.97,0.97,0.16,0.16,0.35,0.35,0.49,0.22,0.31,0.34,0.75,0.27,0.87,0.67,0.36,0.87,0.87,0.36,0.36,0.76,0.35,0.78,0.35,0.06,0.35,0.0,0.575,0.498
0.58,0.58,1.0,1.0,0.96,0.96,0.58,0.58,0.32,0.32,0.5,0.22,0.33,0.36,0.75,0.28,0.85,0.67,0.37,0.86,0.85,0.37,0.37,0.77,0.35,0.79,0.34,0.06,0.34,0.0,0.602,0.498
0.57,0.57,1.0,1.0,0.96,0.96,0.16,0.16,0.39,0.39,0.55,0.17,0.28,0.3,0.75,0.28,0.88,0.67,0.35,0.88,0.88,0.35,0.35,0.74,0.36,0.75,0.36,0.06,0.33,0.0,0.617,0.506
0.57,0.57,1.0,1.0,0.97,0.97,0.16,0.16,0.4,0.4,0.51,0.2,0.28,0.3,0.75,0.29,0.88,0.68,0.35,0.88,0.88,0.35,0.35,0.74,0.36,0.75,0.36,0.06,0.34,0.0,0.643,0.511
0.57,0.57,1.0,1.0,0.97,0.97,0.16,0.16,0.4,0.4,0.49,0.23,0.3,0.3,0.75,0.29,0.87,0.68,0.36,0.87,0.87,0.36,0.36,0.75,0.36,0.75,0.36,0.06,0.34,0.0,0.662,0.516
0.57,0.57,1.0,1.0,0.97,0.97,0.16,0.16,0.39,0.39,0.47,0.24,0.31,0.3,0.75,0.29,0.87,0.68,0.37,0.87,0.87,0.37,0.37,0.76,0.36,0.75,0.36,0.06,0.34,0.0,0.692,0.525
0.56,0.56,1.0,1.0,0.98,0.98,0.16,0.16,0.42,0.42,0.46,0.26,0.31,0.31,0.75,0.3,0.86,0.69,0.39,0.86,0.86,0.39,0.39,0.76,0.36,0.76,0.36,0.06,0.34,0.001,0.71,0.53
0.56,0.56,1.0,1.0,0.98,0.98,0.16,0.16,0.5,0.5,0.41,0.31,0.31,0.3,0.75,0.3,0.9,0.68,0.38,0.9,0.9,0.38,0.38,0.76,0.36,0.75,0.36,0.07,0.34,0.003,0.725,0.535
0.56,0.56,1.0,1.0,0.98,0.98,0.16,0.16,0.53,0.53,0.36,0.36,0.33,0.3,0.75,0.29,0.92,0.68,0.35,0.92,0.92,0.35,0.35,0.77,0.35,0.75,0.36,0.07,0.33,0.016,0.73,0.535
0.35,0.35,0.59,0.59,1.0,1.0,0.16,0.16,0.53,0.53,0.34,0.37,0.28,0.27,1.0,0.28,0.93,0.67,0.34,0.93,0.93,0.34,0.34,0.74,0.36,0.73,0.37,0.07,0.34,0.031,0.705,0.515
0.59,0.59,1.0,1.0,0.95,0.95,0.92,0.92,0.39,0.39,0.4,0.33,0.21,0.18,1.0,0.27,0.94,0.66,0.31,0.94,0.95,0.31,0.31,0.69,0.39,0.67,0.4,0.06,0.38,0.049,0.69,0.485
0.71,0.71,1.0,1.0,0.86,0.86,0.16,0.16,0.52,0.52,0.34,0.38,0.0,0.0,1.0,0.37,0.92,0.74,0.42,0.91,0.92,0.42,0.42,0.55,0.46,0.54,0.47,0.07,0.37,0.066,0.658,0.461
0.75,0.75,1.0,1.0,0.82,0.82,0.16,0.16,0.52,0.52,0.33,0.39,0.0,0.0,1.0,0.34,0.93,0.72,0.36,0.93,0.93,0.36,0.36,0.38,0.78,0.39,0.77,0.06,0.39,0.084,0.622,0.455
0.77,0.77,1.0,1.0,0.81,0.81,0.25,0.25,0.36,0.36,0.34,0.38,0.0,0.0,1.0,0.35,0.94,0.72,0.34,0.94,0.93,0.34,0.34,0.32,0.9,0.35,0.84,0.05,0.5,0.129,0.582,0.448
0.9,0.9,1.0,1.0,0.7,0.7,0.16,0.16,0.48,0.48,0.32,0.4,0.0,0.0,1.0,0.51,0.93,0.84,0.41,0.92,0.93,0.41,0.41,0.31,0.92,0.31,0.92,0.07,0.98,0.142,0.553,0.448
0.92,0.92,1.0,1.0,0.68,0.68,0.16,0.16,0.46,0.46,0.32,0.4,0.0,0.0,1.0,0.55,0.93,0.88,0.45,0.93,0.93,0.45,0.45,0.31,0.92,0.31,0.92,0.12,1.0,0.169,0.533,0.455
0.92,0.92,1.0,1.0,0.68,0.68,0.16,0.16,0.44,0.44,0.32,0.4,0.0,0.0,1.0,0.55,0.93,0.88,0.48,0.93,0.93,0.48,0.48,0.31,0.92,0.31,0.92,0.14,1.0,0.184,0.508,0.463
0.92,0.92,1.0,1.0,0.68,0.68,0.16,0.16,0.44,0.43,0.32,0.4,0.0,0.0,1.0,0.56,0.93,0.88,0.51,0.92,0.93,0.51,0.51,0.31,0.92,0.31,0.92,0.18,1.0,0.195,0.49,0.462
0.92,0.92,1.0,1.0,0.68,0.68,0.16,0.16,0.4,0.4,0.32,0.4,0.0,0.0,1.0,0.56,0.91,0.88,0.54,0.9,0.92,0.54,0.54,0.31,0.92,0.31,0.92,0.24,1.0,0.231,0.472,0.462
0.92,0.92,1.0,1.0,0.68,0.68,0.16,0.16,0.38,0.38,0.32,0.4,0.0,0.0,1.0,0.52,0.91,0.85,0.54,0.9,0.92,0.54,0.54,0.31,0.92,0.31,0.92,0.33,1.0,0.284,0.445,0.464
0.92,0.92,1.0,1.0,0.68,0.68,0.16,0.16,0.47,0.47,0.36,0.36,0.0,0.0,1.0,0.5,0.92,0.84,0.54,0.91,0.93,0.54,0.54,0.31,0.92,0.31,0.92,0.46,0.5,0.35,0.43,0.463
0.92,0.92,1.0,1.0,0.68,0.68,0.16,0.16,0.46,0.46,0.36,0.37,0.0,0.0,1.0,0.48,0.93,0.82,0.54,0.92,0.93,0.54,0.54,0.31,0.92,0.31,0.92,0.52,0.5,0.401,0.42,0.456
0.92,0.92,1.0,1.0,0.68,0.68,0.16,0.16,0.45,0.45,0.36,0.37,0.0,0.0,1.0,0.4,0.9,0.77,0.56,0.89,0.91,0.56,0.56,0.31,0.92,0.31,0.92,0.61,0.5,0.429,0.418,0.454
0.92,0.92,1.0,1.0,0.68,0.68,0.16,0.16,0.44,0.44,0.36,0.37,0.0,0.0,1.0,0.4,0.89,0.76,0.56,0.87,0.9,0.56,0.56,0.31,0.92,0.31,0.92,0.64,0.5,0.494,0.418,0.451
0.92,0.92,1.0,1.0,0.68,0.68,0.16,0.16,0.44,0.44,0.36,0.36,0.0,0.0,1.0,0.39,0.88,0.76,0.56,0.87,0.89,0.56,0.56,0.31,0.92,0.31,0.92,0.64,0.5,0.544,0.42,0.448
0.92,0.92,1.0,1.0,0.68,0.68,0.16,0.16,0.44,0.44,0.36,0.37,0.0,0.0,1.0,0.38,0.88,0.75,0.56,0.87,0.89,0.56,0.56,0.31,0.92,0.31,0.92,0.66,0.5,0.576,0.415,0.446
0.92,0.92,1.0,1.0,0.68,0.68,0.16,0.16,0.44,0.44,0.36,0.37,0.0,0.0,1.0,0.38,0.88,0.75,0.56,0.87,0.89,0.56,0.56,0.31,0.92,0.31,0.92,0.67,0.5,0.601,0.412,0.446
0.92,0.92,1.0,1.0,0.69,0.69,0.16,0.16,0.44,0.44,0.37,0.36,0.0,0.0,1.0,0.37,0.88,0.74,0.56,0.87,0.89,0.56,0.56,0.31,0.92,0.31,0.92,0.67,0.5,0.617,0.412,0.452
0.91,0.91,1.0,1.0,0.69,0.69,0.16,0.16,0.45,0.45,0.39,0.33,0.0,0.0,1.0,0.37,0.88,0.74,0.56,0.87,0.88,0.56,0.56,0.31,0.92,0.31,0.92,0.65,0.5,0.618,0.415,0.453
0.9,0.9,1.0,1.0,0.7,0.7,0.16,0.16,0.42,0.42,0.43,0.3,0.0,0.0,1.0,0.37,0.87,0.74,0.56,0.86,0.88,0.56,0.56,0.32,0.91,0.31,0.92,0.64,0.5,0.631,0.418,0.459
0.89,0.89,1.0,1.0,0.71,0.71,0.16,0.16,0.43,0.43,0.45,0.28,0.0,0.0,1.0,0.36,0.87,0.74,0.56,0.86,0.88,0.56,0.56,0.36,0.81,0.34,0.86,0.7,0.5,0.635,0.417,0.458
0.85,0.85,1.0,1.0,0.74,0.74,0.16,0.16,0.38,0.38,0.46,0.26,0.0,0.0,1.0,0.36,0.84,0.73,0.56,0.84,0.85,0.56,0.56,0.37,0.8,0.34,0.86,0.69,0.5,0.634,0.42,0.46
0.84,0.84,1.0,1.0,0.75,0.75,0.16,0.16,0.39,0.39,0.48,0.25,0.0,0.0,1.0,0.36,0.83,0.73,0.56,0.83,0.84,0.56,0.56,0.4,0.75,0.36,0.82,0.67,0.5,0.631,0.423,0.465
0.82,0.82,1.0,1.0,0.77,0.77,0.16,0.16,0.39,0.39,0.52,0.2,0.0,0.0,1.0,0.36,0.83,0.74,0.56,0.82,0.84,0.56,0.56,0.31,0.92,0.31,0.92,0.58,0.5,0.629,0.438,0.477
0.79,0.79,1.0,1.0,0.79,0.79,0.16,0.16,0.4,0.4,0.55,0.17,0.0,0.0,0.75,0.37,0.81,0.74,0.56,0.82,0.81,0.56,0.56,0.31,0.92,0.31,0.92,0.34,1.0,0.634,0.453,0.494
0.81,0.81,1.0,1.0,0.77,0.77,0.16,0.16,0.32,0.32,0.5,0.23,0.0,0.0,0.75,0.37,0.8,0.74,0.56,0.8,0.8,0.56,0.56,0.31,0.92,0.31,0.92,0.32,1.0,0.659,0.475,0.519
0.81,0.81,1.0,1.0,0.77,0.77,0.16,0.16,0.31,0.31,0.5,0.22,0.0,0.0,0.75,0.36,0.8,0.73,0.56,0.8,0.8,0.56,0.56,0.31,0.92,0.31,0.92,0.32,1.0,0.674,0.503,0.535
0.81,0.81,1.0,1.0,0.77,0.77,0.16,0.16,0.3,0.3,0.53,0.2,0.0,0.0,0.75,0.34,0.8,0.72,0.56,0.8,0.8,0.56,0.56,0.31,0.92,0.31,0.92,0.35,0.69,0.685,0.525,0.559
0.81,0.81,1.0,1.0,0.78,0.78,0.16,0.16,0.31,0.31,0.54,0.18,0.0,0.0,0.75,0.34,0.8,0.72,0.56,0.8,0.8,0.56,0.56,0.31,0.92,0.31,0.92,0.37,0.55,0.698,0.538,0.587
0.8,0.8,1.0,1.0,0.78,0.78,0.16,0.16,0.31,0.31,0.54,0.18,0.0,0.0,0.75,0.34,0.8,0.72,0.56,0.8,0.8,0.56,0.56,0.31,0.92,0.31,0.92,0.37,0.49,0.691,0.553,0.606
0.77,0.77,1.0,1.0,0.8,0.8,0.16,0.16,0.32,0.32,0.53,0.19,0.0,0.0,0.75,0.34,0.8,0.72,0.56,0.8,0.8,0.56,0.56,0.31,0.92,0.31,0.92,0.35,0.52,0.679,0.563,0.618
0.76,0.76,1.0,1.0,0.81,0.81,0.16,0.16,0.33,0.33,0.48,0.24,0.0,0.0,0.75,0.34,0.79,0.72,0.56,0.79,0.79,0.56,0.56,0.31,0.92,0.31,0.92,0.29,0.79,0.689,0.562,0.622
0.72,0.72,1.0,1.0,0.84,0.84,0.16,0.16,0.47,0.47,0.51,0.21,0.0,0.0,0.75,0.36,0.79,0.73,0.56,0.78,0.8,0.56,0.56,0.31,0.92,0.31,0.92,0.31,1.0,0.698,0.573,0.635
0.72,0.72,1.0,1.0,0.85,0.85,0.16,0.16,0.51,0.51,0.5,0.22,0.0,0.0,0.75,0.37,0.82,0.74,0.56,0.81,0.83,0.56,0.56,0.31,0.92,0.31,0.92,0.3,1.0,0.696,0.583,0.674
0.72,0.72,1.0,1.0,0.84,0.84,0.16,0.16,0.52,0.52,0.5,0.22,0.0,0.0,1.0,0.38,0.82,0.75,0.56,0.81,0.83,0.56,0.56,0.31,0.92,0.31,0.92,0.28,1.0,0.697,0.585,0.685
0.71,0.71,1.0,1.0,0.85,0.85,0.16,0.16,0.53,0.53,0.52,0.21,0.0,0.0,1.0,0.38,0.82,0.75,0.56,0.81,0.83,0.56,0.56,0.31,0.92,0.31,0.92,0.28,1.0,0.689,0.59,0.681
0.71,0.71,1.0,1.0,0.85,0.85,0.16,0.16,0.54,0.54,0.5,0.22,0.0,0.0,1.0,0.38,0.83,0.75,0.56,0.82,0.84,0.56,0.56,0.31,0.92,0.31,0.92,0.27,1.0,0.683,0.583,0.671
0.71,0.71,1.0,1.0,0.85,0.85,0.16,0.16,0.52,0.52,0.49,0.24,0.0,0.0,1.0,0.38,0.82,0.75,0.56,0.82,0.83,0.56,0.56,0.31,0.92,0.31,0.92,0.27,1.0,0.676,0.575,0.64
0.71,0.71,1.0,1.0,0.85,0.85,0.16,0.16,0.51,0.51,0.48,0.25,0.0,0.0,1.0,0.38,0.82,0.75,0.56,0.81,0.83,0.56,0.56,0.31,0.92,0.31,0.92,0.26,1.0,0.668,0.568,0.616
0.71,0.71,1.0,1.0,0.85,0.85,0.16,0.16,0.51,0.51,0.48,0.25,0.0,0.0,1.0,0.38,0.81,0.74,0.56,0.81,0.82,0.56,0.56,0.31,0.92,0.31,0.92,0.26,0.92,0.655,0.553,0.594
0.71,0.71,1.0,1.0,0.85,0.85,0.16,0.16,0.51,0.51,0.48,0.25,0.0,0.0,1.0,0.37,0.81,0.74,0.56,0.8,0.81,0.56,0.56,0.31,0.92,0.31,0.92,0.27,0.8,0.652,0.543,0.589
0.72,0.72,1.0,1.0,0.85,0.85,0.16,0.16,0.51,0.51,0.47,0.26,0.0,0.0,0.75,0.37,0.8,0.74,0.56,0.79,0.8,0.56,0.56,0.31,0.92,0.31,0.92,0.24,0.66,0.65,0.535,0.586
0.71,0.71,1.0,1.0,0.85,0.85,0.16,0.16,0.51,0.51,0.47,0.25,0.0,0.0,0.75,0.38,0.77,0.74,0.56,0.77,0.77,0.56,0.56,0.31,0.92,0.31,0.92,0.21,0.66,0.649,0.528,0.582
0.72,0.72,1.0,1.0,0.85,0.85,0.16,0.16,0.51,0.51,0.48,0.25,0.0,0.0,0.75,0.37,0.76,0.74,0.56,0.76,0.76,0.56,0.56,0.31,0.92,0.31,0.92,0.19,0.64,0.645,0.525,0.578
0.7,0.7,1.0,1.0,0.86,0.86,0.16,0.16,0.5,0.5,0.48,0.24,0.0,0.0,0.75,0.38,0.75,0.75,0.56,0.75,0.75,0.56,0.56,0.31,0.92,0.31,0.92,0.19,0.7,0.645,0.522,0.577
0.7,0.7,1.0,1.0,0.86,0.86,0.16,0.16,0.5,0.5,0.48,0.25,0.0,0.0,0.75,0.38,0.77,0.75,0.56,0.76,0.77,0.56,0.56,0.31,0.92,0.31,0.92,0.2,1.0,0.652,0.525,0.577
0.71,0.71,1.0,1.0,0.85,0.85,0.16,0.16,0.38,0.38,0.4,0.32,0.0,0.0,0.75,0.4,0.76,0.76,0.56,0.74,0.77,0.56,0.56,0.31,0.92,0.31,0.92,0.2,1.0,0.652,0.527,0.578
0.72,0.72,1.0,1.0,0.85,0.85,0.16,0.16,0.36,0.36,0.4,0.32,0.0,0.0,0.75,0.4,0.79,0.76,0.56,0.78,0.8,0.56,0.56,0.31,0.92,0.31,0.92,0.19,1.0,0.654,0.527,0.578
0.72,0.72,1.0,1.0,0.84,0.84,0.16,0.16,0.37,0.37,0.4,0.32,0.0,0.0,0.75,0.4,0.85,0.76,0.56,0.84,0.86,0.56,0.56,0.31,0.92,0.31,0.92,0.2,1.0,0.658,0.527,0.577
0.73,0.73,1.0,1.0,0.83,0.83,0.16,0.16,0.37,0.37,0.4,0.33,0.0,0.0,0.75,0.42,0.89,0.78,0.56,0.88,0.9,0.56,0.56,0.31,0.92,0.31,0.92,0.22,1.0,0.659,0.527,0.577
0.74,0.74,1.0,1.0,0.83,0.83,0.16,0.16,0.37,0.37,0.39,0.33,0.0,0.0,1.0,0.44,0.92,0.79,0.56,0.91,0.93,0.56,0.56,0.31,0.92,0.31,0.92,0.26,1.0,0.659,0.525,0.577
0.74,0.74,1.0,1.0,0.83,0.83,0.16,0.16,0.37,0.37,0.39,0.34,0.0,0.0,1.0,0.45,0.94,0.8,0.56,0.93,0.94,0.56,0.56,0.31,0.92,0.31,0.92,0.27,1.0,0.657,0.52,0.576
0.74,0.74,1.0,1.0,0.83,0.83,0.16,0.16,0.37,0.37,0.39,0.33,0.0,0.0,1.0,0.45,0.94,0.8,0.56,0.93,0.94,0.56,0.56,0.31,0.92,0.31,0.92,0.27,1.0,0.66,0.515,0.576
0.74,0.74,1.0,1.0,0.83,0.83,0.16,0.16,0.36,0.36,0.39,0.34,0.0,0.0,0.75,0.44,0.89,0.79,0.56,0.88,0.9,0.56,0.56,0.31,0.92,0.31,0.92,0.26,1.0,0.675,0.51,0.572
0.73,0.73,1.0,1.0,0.84,0.84,0.16,0.16,0.35,0.35,0.38,0.34,0.0,0.0,0.75,0.39,0.82,0.76,0.56,0.81,0.83,0.56,0.56,0.31,0.92,0.31,0.92,0.26,1.0,0.675,0.51,0.573
0.69,0.69,1.0,1.0,0.87,0.87,0.16,0.16,0.27,0.27,0.38,0.34,0.22,0.25,0.25,0.36,0.25,0.73,0.56,0.25,0.25,0.56,0.56,0.7,0.38,0.72,0.38,0.38,1.0,0.68,0.507,0.572
0.59,0.59,1.0,1.0,0.95,0.95,0.16,0.16,0.22,0.22,0.38,0.35,0.42,0.43,0.0,0.35,0.25,0.73,0.56,0.25,0.25,0.56,0.56,0.83,0.33,0.84,0.32,0.38,0.82,0.681,0.507,0.568
0.56,0.56,1.0,1.0,0.98,0.98,0.16,0.16,0.29,0.29,0.41,0.31,0.38,0.36,0.0,0.35,0.25,0.73,0.56,0.25,0.25,0.56,0.56,0.8,0.34,0.79,0.34,0.38,0.96,0.685,0.505,0.564
0.13,0.13,0.06,0.06,1.0,1.0,0.16,0.16,0.29,0.29,0.42,0.31,0.34,0.31,0.0,0.35,0.25,0.73,0.56,0.25,0.25,0.56,0.56,0.78,0.35,0.76,0.36,0.39,1.0,0.686,0.505,0.565
0.09,0.09,0.0,0.0,1.0,1.0,0.16,0.16,0.3,0.3,0.41,0.31,0.33,0.3,0.0,0.36,0.25,0.73,0.56,0.25,0.25,0.56,0.56,0.77,0.35,0.75,0.36,0.39,1.0,0.689,0.507,0.563
0.11,0.11,0.03,0.03,1.0,1.0,0.16,0.16,0.3,0.3,0.41,0.32,0.3,0.28,0.0,0.36,0.25,0.73,0.56,0.25,0.25,0.56,0.56,0.75,0.36,0.74,0.37,0.4,1.0,0.684,0.513,0.555
0.11,0.11,0.02,0.02,1.0,1.0,0.16,0.16,0.3,0.3,0.39,0.33,0.27,0.28,0.0,0.36,0.25,0.73,0.56,0.25,0.25,0.56,0.56,0.73,0.37,0.74,0.37,0.37,1.0,0.712,0.513,0.55
0.06,0.06,0.0,0.0,1.0,1.0,0.16,0.16,0.31,0.31,0.36,0.37,0.25,0.28,0.0,0.36,0.25,0.73,0.56,0.25,0.25,0.56,0.56,0.72,0.37,0.74,0.37,0.32,1.0,0.744,0.512,0.558
0.03,0.03,0.0,0.0,1.0,1.0,0.16,0.16,0.32,0.32,0.34,0.39,0.24,0.27,0.0,0.36,0.25,0.73,0.56,0.25,0.25,0.56,0.56,0.71,0.38,0.73,0.37,0.29,1.0,0.741,0.5,0.56
0.01,0.01,0.0,0.0,1.0,1.0,0.16,0.16,0.33,0.33,0.33,0.4,0.16,0.2,0.0,0.36,0.25,0.73,0.56,0.25,0.25,0.56,0.56,0.66,0.4,0.68,0.39,0.27,1.0,0.726,0.5,0.558
0.0,0.0,0.0,0.0,1.0,1.0,0.16,0.16,0.35,0.35,0.32,0.41,0.02,0.03,0.0,0.37,0.25,0.74,0.56,0.25,0.25,0.56,0.56,0.56,0.45,0.57,0.44,0.18,1.0,0.724,0.498,0.553
0.0,0.0,0.0,0.0,1.0,1.0,0.16,0.16,0.37,0.37,0.31,0.42,0.0,0.0,0.0,0.46,0.53,0.81,0.46,0.53,0.53,0.46,0.46,0.38,0.78,0.39,0.76,0.14,1.0,0.729,0.493,0.548
0.56,0.56,1.0,1.0,0.97,0.97,0.49,0.49,0.26,0.26,0.31,0.42,0.0,0.0,0.0,0.46,0.81,0.81,0.3,0.81,0.81,0.3,0.3,0.48,0.58,0.49,0.56,0.13,0.65,0.72,0.482,0.538
0.58,0.58,1.0,1.0,0.96,0.96,0.16,0.16,0.46,0.46,0.3,0.43,0.0,0.0,0.5,0.39,0.92,0.76,0.31,0.91,0.92,0.31,0.31,0.31,0.92,0.31,0.92,0.11,0.72,0.717,0.462,0.525
0.57,0.57,1.0,1.0,0.97,0.97,0.16,0.16,0.53,0.53,0.28,0.45,0.0,0.0,0.75,0.34,0.95,0.72,0.29,0.95,0.95,0.29,0.29,0.31,0.92,0.31,0.92,0.08,0.69,0.721,0.44,0.499
0.57,0.57,1.0,1.0,0.97,0.97,0.16,0.16,0.53,0.53,0.28,0.44,0.0,0.0,0.75,0.34,0.94,0.72,0.29,0.94,0.95,0.29,0.29,0.31,0.92,0.31,0.92,0.07,0.68,0.713,0.418,0.494
0.57,0.57,1.0,1.0,0.97,0.97,0.16,0.16,0.54,0.54,0.29,0.44,0.0,0.0,0.75,0.38,0.92,0.74,0.31,0.91,0.92,0.31,0.31,0.31,0.92,0.31,0.92,0.07,0.71,0.701,0.398,0.487
0.61,0.61,1.0,1.0,0.94,0.94,0.94,0.94,0.31,0.31,0.3,0.43,0.0,0.0,0.25,0.44,0.81,0.79,0.31,0.8,0.82,0.31,0.31,0.53,0.49,0.54,0.46,0.06,0.64,0.68,0.377,0.481
0.63,0.63,1.0,1.0,0.92,0.92,0.96,0.96,0.32,0.32,0.3,0.43,0.0,0.0,0.25,0.45,0.78,0.8,0.3,0.77,0.79,0.3,0.3,0.52,0.5,0.54,0.46,0.06,0.67,0.661,0.358,0.472
0.63,0.63,1.0,1.0,0.92,0.92,0.95,0.95,0.32,0.32,0.29,0.43,0.0,0.03,0.0,0.44,0.78,0.8,0.3,0.77,0.79,0.3,0.3,0.54,0.47,0.57,0.44,0.05,0.71,0.632,0.335,0.458
0.62,0.62,1.0,1.0,0.93,0.93,0.95,0.95,0.33,0.33,0.29,0.43,0.0,0.03,0.25,0.43,0.78,0.78,0.3,0.77,0.79,0.3,0.3,0.53,0.48,0.57,0.44,0.05,0.73,0.586,0.313,0.465
0.59,0.59,1.0,1.0,0.95,0.95,0.23,0.23,0.33,0.33,0.29,0.44,0.0,0.0,0.75,0.4,0.82,0.76,0.3,0.81,0.83,0.3,0.3,0.48,0.59,0.49,0.57,0.05,0.75,0.582,0.307,0.47
0.57,0.57,1.0,1.0,0.97,0.97,0.16,0.16,0.38,0.38,0.28,0.44,0.0,0.0,0.75,0.37,0.84,0.74,0.31,0.83,0.85,0.31,0.31,0.52,0.52,0.52,0.51,0.04,0.74,0.585,0.308,0.477
0.59,0.59,1.0,1.0,0.95,0.95,0.49,0.48,0.25,0.25,0.3,0.42,0.22,0.25,0.5,0.39,0.76,0.75,0.34,0.75,0.77,0.34,0.34,0.7,0.38,0.72,0.37,0.05,0.71,0.586,0.313,0.48
0.57,0.57,1.0,1.0,0.97,0.97,0.16,0.16,0.37,0.37,0.29,0.43,0.18,0.16,0.75,0.48,0.55,0.82,0.51,0.53,0.56,0.51,0.51,0.67,0.4,0.66,0.4,0.15,0.7,0.584,0.307,0.477
0.57,0.57,1.0,1.0,0.97,0.97,0.16,0.16,0.38,0.38,0.29,0.43,0.15,0.13,0.75,0.48,0.51,0.82,0.56,0.49,0.53,0.56,0.56,0.65,0.41,0.64,0.41,0.21,0.91,0.571,0.308,0.483
0.57,0.57,1.0,1.0,0.97,0.97,0.16,0.16,0.38,0.38,0.29,0.43,0.12,0.12,0.75,0.47,0.56,0.82,0.56,0.54,0.58,0.56,0.56,0.63,0.41,0.63,0.41,0.3,1.0,0.559,0.313,0.485
0.57,0.57,1.0,1.0,0.97,0.97,0.16,0.16,0.39,0.39,0.29,0.43,0.12,0.1,0.75,0.45,0.69,0.8,0.53,0.67,0.71,0.53,0.53,0.63,0.42,0.62,0.42,0.32,1.0,0.546,0.318,0.485
0.57,0.57,1.0,1.0,0.97,0.97,0.16,0.16,0.39,0.39,0.3,0.43,0.1,0.06,1.0,0.42,0.85,0.78,0.39,0.83,0.87,0.39,0.39,0.62,0.42,0.59,0.43,0.18,0.94,0.55,0.332,0.484
0.58,0.58,1.0,1.0,0.96,0.96,0.86,0.86,0.28,0.28,0.3,0.42,0.21,0.21,0.75,0.33,0.92,0.71,0.34,0.91,0.92,0.34,0.34,0.69,0.39,0.69,0.39,0.09,0.57,0.556,0.338,0.487
0.59,0.59,1.0,1.0,0.95,0.95,0.82,0.61,0.25,0.25,0.3,0.43,0.25,0.24,0.75,0.33,0.9,0.71,0.33,0.89,0.9,0.33,0.33,0.72,0.37,0.71,0.38,0.07,0.59,0.553,0.348,0.485
0.58,0.58,1.0,1.0,0.96,0.96,0.2,0.2,0.35,0.35,0.32,0.41,0.31,0.28,0.75,0.31,0.91,0.7,0.33,0.9,0.91,0.33,0.33,0.76,0.36,0.74,0.37,0.07,0.59,0.549,0.353,0.483
0.57,0.57,1.0,1.0,0.97,0.97,0.16,0.16,0.38,0.38,0.32,0.41,0.34,0.28,0.75,0.29,0.92,0.68,0.33,0.91,0.92,0.33,0.33,0.78,0.35,0.74,0.37,0.06,0.6,0.553,0.362,0.483
0.57,0.57,1.0,1.0,0.97,0.97,0.16,0.16,0.39,0.39,0.32,0.4,0.39,0.31,0.75,0.28,0.92,0.67,0.32,0.91,0.93,0.32,0.32,0.81,0.33,0.76,0.36,0.06,0.6,0.554,0.368,0.483
0.56,0.56,1.0,1.0,0.97,0.97,0.16,0.16,0.38,0.38,0.32,0.4,0.46,0.4,0.75,0.27,0.92,0.67,0.32,0.91,0.93,0.32,0.32,0.86,0.31,0.82,0.33,0.05,0.6,0.559,0.372,0.485
0.56,0.56,1.0,1.0,0.97,0.97,0.16,0.16,0.39,0.39,0.33,0.4,0.36,0.33,0.75,0.27,0.92,0.67,0.32,0.91,0.92,0.32,0.32,0.79,0.34,0.77,0.35,0.05,0.6,0.57,0.37,0.486
0.57,0.57,1.0,1.0,0.97,0.97,0.16,0.16,0.39,0.39,0.33,0.39,0.0,0.0,0.75,0.28,0.88,0.67,0.32,0.88,0.88,0.32,0.32,0.54,0.47,0.54,0.47,0.04,0.6,0.571,0.37,0.493
0.7,0.7,1.0,1.0,0.86,0.86,0.22,0.22,0.37,0.37,0.34,0.39,0.04,0.04,0.5,0.43,0.55,0.78,0.49,0.55,0.55,0.49,0.49,0.58,0.44,0.58,0.44,0.05,0.56,0.563,0.375,0.495
0.76,0.76,1.0,1.0,0.82,0.82,0.32,0.32,0.34,0.34,0.35,0.37,0.0,0.0,0.75,0.44,0.48,0.79,0.56,0.47,0.49,0.56,0.56,0.38,0.78,0.38,0.77,0.13,0.97,0.56,0.385,0.505
0.77,0.77,1.0,1.0,0.8,0.8,0.16,0.16,0.38,0.38,0.35,0.37,0.0,0.0,0.75,0.41,0.54,0.77,0.56,0.53,0.55,0.56,0.56,0.31,0.92,0.31,0.92,0.21,1.0,0.554,0.392,0.508
0.77,0.77,1.0,1.0,0.8,0.8,0.16,0.16,0.37,0.37,0.36,0.37,0.0,0.0,0.75,0.39,0.63,0.76,0.56,0.62,0.64,0.56,0.56,0.39,0.77,0.39,0.77,0.36,1.0,0.559,0.397,0.515
0.77,0.77,1.0,1.0,0.8,0.8,0.16,0.16,0.36,0.36,0.37,0.35,0.0,0.0,0.75,0.36,0.68,0.73,0.56,0.67,0.69,0.56,0.56,0.47,0.6,0.47,0.6,0.46,0.5,0.568,0.405,0.511
0.75,0.75,1.0,1.0,0.82,0.82,0.16,0.16,0.32,0.32,0.37,0.35,0.0,0.0,0.75,0.33,0.69,0.71,0.56,0.68,0.71,0.56,0.56,0.52,0.51,0.52,0.5,0.54,0.5,0.559,0.425,0.515
0.74,0.74,1.0,1.0,0.83,0.83,0.16,0.16,0.3,0.3,0.37,0.35,0.0,0.0,0.75,0.32,0.72,0.7,0.56,0.71,0.73,0.56,0.56,0.54,0.46,0.55,0.46,0.63,0.5,0.564,0.437,0.518
0.68,0.68,1.0,1.0,0.88,0.88,0.51,0.51,0.22,0.22,0.38,0.34,0.21,0.24,0.5,0.31,0.61,0.7,0.56,0.6,0.62,0.56,0.56,0.69,0.39,0.71,0.38,0.64,0.5,0.539,0.455,0.517
0.69,0.69,1.0,1.0,0.87,0.87,0.16,0.16,0.46,0.46,0.43,0.3,0.0,0.02,0.75,0.32,0.7,0.71,0.56,0.7,0.71,0.56,0.56,0.54,0.46,0.56,0.45,0.7,0.5,0.545,0.477,0.513
0.68,0.68,1.0,1.0,0.88,0.88,0.16,0.16,0.47,0.47,0.44,0.29,0.0,0.0,0.75,0.34,0.7,0.72,0.56,0.7,0.71,0.56,0.56,0.49,0.57,0.5,0.55,0.69,0.5,0.586,0.502,0.514
0.68,0.68,1.0,1.0,0.88,0.88,0.16,0.16,0.46,0.46,0.45,0.28,0.0,0.0,0.75,0.35,0.71,0.73,0.56,0.71,0.72,0.56,0.56,0.44,0.66,0.45,0.65,0.68,0.5,0.611,0.522,0.513
0.69,0.69,1.0,1.0,0.87,0.87,0.16,0.16,0.46,0.46,0.45,0.28,0.0,0.0,0.75,0.35,0.73,0.73,0.56,0.73,0.74,0.56,0.56,0.47,0.61,0.47,0.61,0.69,0.5,0.639,0.533,0.521
0.68,0.68,1.0,1.0,0.88,0.88,0.16,0.16,0.45,0.45,0.46,0.27,0.0,0.0,0.75,0.35,0.73,0.73,0.56,0.73,0.74,0.56,0.56,0.4,0.75,0.39,0.76,0.68,0.5,0.664,0.543,0.524
0.67,0.67,1.0,1.0,0.88,0.88,0.16,0.16,0.42,0.42,0.45,0.28,0.0,0.0,0.75,0.36,0.7,0.73,0.56,0.7,0.71,0.56,0.56,0.31,0.92,0.31,0.92,0.54,0.5,0.695,0.567,0.527
0.67,0.67,1.0,1.0,0.89,0.89,0.16,0.16,0.43,0.43,0.45,0.28,0.0,0.0,0.75,0.36,0.69,0.73,0.56,0.69,0.7,0.56,0.56,0.31,0.92,0.31,0.92,0.49,0.5,0.707,0.582,0.535
0.67,0.67,1.0,1.0,0.89,0.89,0.16,0.16,0.42,0.42,0.45,0.28,0.0,0.0,0.75,0.35,0.69,0.73,0.56,0.69,0.7,0.56,0.56,0.31,0.92,0.31,0.92,0.46,0.5,0.718,0.605,0.544
0.66,0.66,1.0,1.0,0.89,0.89,0.16,0.16,0.36,0.36,0.43,0.3,0.0,0.0,0.75,0.34,0.67,0.72,0.56,0.66,0.68,0.56,0.56,0.31,0.92,0.31,0.92,0.46,0.5,0.723,0.612,0.544
0.69,0.69,1.0,1.0,0.87,0.87,0.16,0.16,0.24,0.24,0.39,0.33,0.0,0.0,0.5,0.32,0.61,0.7,0.56,0.6,0.62,0.56,0.56,0.36,0.82,0.36,0.82,0.43,1.0,0.726,0.618,0.55
0.67,0.67,1.0,1.0,0.89,0.89,0.16,0.16,0.24,0.24,0.39,0.34,0.0,0.0,0.5,0.31,0.61,0.7,0.56,0.6,0.62,0.56,0.56,0.37,0.8,0.37,0.79,0.44,1.0,0.726,0.623,0.555
0.66,0.66,1.0,1.0,0.89,0.89,0.16,0.16,0.23,0.23,0.39,0.34,0.0,0.0,0.5,0.31,0.64,0.69,0.56,0.63,0.64,0.56,0.56,0.35,0.85,0.35,0.84,0.46,0.5,0.729,0.628,0.556
0.66,0.66,1.0,1.0,0.89,0.89,0.16,0.16,0.22,0.22,0.39,0.34,0.0,0.0,0.5,0.31,0.65,0.69,0.56,0.64,0.65,0.56,0.56,0.35,0.83,0.36,0.82,0.47,0.5,0.734,0.632,0.556
0.66,0.66,1.0,1.0,0.89,0.89,0.16,0.16,0.22,0.22,0.39,0.33,0.0,0.0,0.5,0.31,0.66,0.69,0.56,0.66,0.67,0.56,0.56,0.33,0.88,0.33,0.87,0.48,0.5,0.739,0.628,0.552
0.66,0.66,1.0,1.0,0.9,0.9,0.16,0.16,0.22,0.22,0.39,0.33,0.0,0.0,0.5,0.31,0.66,0.69,0.56,0.66,0.67,0.56,0.56,0.31,0.91,0.32,0.91,0.49,0.5,0.748,0.617,0.555
0.66,0.66,1.0,1.0,0.9,0.9,0.16,0.16,0.22,0.22,0.39,0.34,0.0,0.0,0.5,0.31,0.68,0.69,0.56,0.68,0.69,0.56,0.56,0.31,0.92,0.31,0.92,0.49,0.5,0.751,0.617,0.555
0.64,0.64,1.0,1.0,0.91,0.91,0.16,0.16,0.3,0.3,0.43,0.29,0.0,0.0,0.75,0.31,0.74,0.7,0.56,0.73,0.75,0.56,0.56,0.31,0.92,0.31,0.92,0.49,0.5,0.769,0.618,0.558
0.64,0.64,1.0,1.0,0.91,0.91,0.16,0.16,0.33,0.33,0.43,0.29,0.0,0.0,0.75,0.32,0.76,0.7,0.56,0.75,0.76,0.56,0.56,0.31,0.92,0.31,0.92,0.51,0.5,0.785,0.612,0.565
0.63,0.63,1.0,1.0,0.92,0.92,0.16,0.16,0.34,0.34,0.43,0.3,0.0,0.0,0.75,0.33,0.74,0.71,0.56,0.73,0.75,0.56,0.56,0.31,0.92,0.31,0.92,0.5,0.5,0.792,0.608,0.568
0.63,0.63,1.0,1.0,0.92,0.92,0.16,0.16,0.34,0.34,0.43,0.3,0.0,0.0,0.75,0.34,0.73,0.72,0.56,0.72,0.74,0.56,0.56,0.31,0.92,0.31,0.92,0.52,0.5,0.798,0.61,0.572
0.64,0.64,1.0,1.0,0.91,0.91,0.16,0.16,0.35,0.35,0.42,0.3,0.0,0.0,0.75,0.34,0.73,0.72,0.56,0.72,0.74,0.56,0.56,0.31,0.92,0.31,0.92,0.51,0.5,0.799,0.608,0.574
0.64,0.64,1.0,1.0,0.91,0.91,0.16,0.16,0.36,0.36,0.42,0.31,0.0,0.0,0.75,0.34,0.69,0.72,0.56,0.68,0.71,0.56,0.56,0.31,0.92,0.31,0.92,0.48,0.5,0.804,0.602,0.575
0.63,0.63,1.0,1.0,0.92,0.92,0.16,0.16,0.36,0.36,0.42,0.31,0.0,0.0,0.75,0.35,0.68,0.72,0.56,0.67,0.69,0.56,0.56,0.31,0.92,0.31,0.92,0.45,0.5,0.804,0.6,0.572
0.62,0.62,1.0,1.0,0.92,0.92,0.16,0.16,0.29,0.29,0.39,0.34,0.0,0.0,0.75,0.36,0.63,0.73,0.56,0.62,0.64,0.56,0.56,0.31,0.92,0.31,0.92,0.42,0.62,0.801,0.598,0.57
0.62,0.62,1.0,1.0,0.92,0.92,0.16,0.16,0.25,0.25,0.36,0.36,0.0,0.0,0.5,0.36,0.57,0.73,0.56,0.56,0.58,0.56,0.56,0.36,0.83,0.34,0.87,0.42,0.13,0.786,0.59,0.571
0.62,0.62,1.0,1.0,0.93,0.93,0.16,0.16,0.25,0.25,0.36,0.36,0.0,0.0,0.5,0.36,0.57,0.73,0.56,0.56,0.57,0.56,0.56,0.34,0.85,0.32,0.9,0.42,0.13,0.776,0.588,0.564
0.62,0.62,1.0,1.0,0.93,0.93,0.16,0.16,0.25,0.25,0.36,0.36,0.0,0.0,0.5,0.36,0.53,0.73,0.56,0.52,0.53,0.56,0.56,0.33,0.88,0.31,0.92,0.35,0.13,0.774,0.583,0.563
0.61,0.61,1.0,1.0,0.93,0.93,0.16,0.16,0.26,0.26,0.36,0.37,0.0,0.0,0.5,0.36,0.52,0.73,0.56,0.51,0.52,0.56,0.56,0.33,0.88,0.31,0.92,0.34,0.1,0.776,0.573,0.557
0.61,0.61,1.0,1.0,0.93,0.93,0.16,0.16,0.27,0.27,0.37,0.36,0.0,0.0,0.5,0.36,0.52,0.73,0.56,0.51,0.52,0.56,0.56,0.35,0.85,0.32,0.9,0.36,0.09,0.771,0.567,0.552
0.61,0.61,1.0,1.0,0.93,0.93,0.16,0.16,0.27,0.27,0.37,0.35,0.0,0.0,0.75,0.36,0.51,0.74,0.56,0.5,0.52,0.56,0.56,0.37,0.81,0.34,0.87,0.38,0.08,0.773,0.558,0.546
0.61,0.61,1.0,1.0,0.93,0.93,0.16,0.16,0.28,0.28,0.4,0.33,0.0,0.0,0.75,0.37,0.56,0.74,0.56,0.55,0.57,0.56,0.56,0.32,0.9,0.31,0.92,0.39,0.29,0.766,0.553,0.537
0.61,0.61,1.0,1.0,0.93,0.93,0.16,0.16,0.29,0.29,0.42,0.3,0.0,0.0,0.75,0.37,0.57,0.74,0.56,0.55,0.58,0.56,0.56,0.33,0.87,0.32,0.9,0.43,0.63,0.776,0.553,0.534
0.6,0.6,1.0,1.0,0.94,0.94,0.16,0.16,0.3,0.3,0.43,0.3,0.0,0.0,0.75,0.37,0.56,0.74,0.56,0.53,0.58,0.56,0.56,0.36,0.82,0.35,0.84,0.4,1.0,0.774,0.547,0.535
0.6,0.6,1.0,1.0,0.94,0.94,0.16,0.16,0.31,0.31,0.42,0.3,0.0,0.0,0.75,0.37,0.52,0.74,0.56,0.47,0.56,0.56,0.56,0.34,0.85,0.33,0.88,0.33,1.0,0.767,0.538,0.535
0.6,0.6,1.0,1.0,0.94,0.94,0.16,0.16,0.31,0.31,0.42,0.31,0.0,0.0,0.5,0.37,0.51,0.74,0.56,0.47,0.55,0.56,0.56,0.31,0.92,0.31,0.92,0.31,1.0,0.75,0.537,0.536
0.6,0.6,1.0,1.0,0.95,0.95,0.16,0.16,0.3,0.3,0.42,0.31,0.0,0.0,0.5,0.38,0.52,0.74,0.56,0.48,0.56,0.56,0.56,0.31,0.92,0.31,0.92,0.31,1.0,0.742,0.537,0.542
0.6,0.6,1.0,1.0,0.95,0.95,0.16,0.16,0.31,0.31,0.41,0.31,0.0,0.0,0.75,0.38,0.53,0.75,0.56,0.49,0.56,0.56,0.56,0.31,0.92,0.31,0.92,0.3,1.0,0.735,0.54,0.55
0.59,0.59,1.0,1.0,0.95,0.95,0.16,0.16,0.31,0.31,0.38,0.34,0.0,0.0,0.5,0.38,0.51,0.75,0.56,0.48,0.54,0.56,0.56,0.32,0.9,0.33,0.88,0.31,1.0,0.73,0.537,0.568
0.59,0.59,1.0,1.0,0.95,0.95,0.16,0.16,0.32,0.32,0.34,0.38,0.0,0.0,0.75,0.39,0.52,0.75,0.56,0.49,0.55,0.56,0.56,0.31,0.92,0.31,0.92,0.31,1.0,0.729,0.533,0.585
0.58,0.58,1.0,1.0,0.96,0.96,0.16,0.16,0.32,0.32,0.33,0.39,0.0,0.0,0.5,0.39,0.49,0.75,0.56,0.46,0.52,0.56,0.56,0.33,0.88,0.34,0.86,0.3,1.0,0.724,0.535,0.594
0.58,0.58,1.0,1.0,0.96,0.96,0.16,0.16,0.31,0.31,0.32,0.4,0.0,0.0,0.5,0.39,0.51,0.75,0.56,0.48,0.54,0.56,0.56,0.31,0.92,0.31,0.91,0.3,1.0,0.715,0.535,0.589
0.58,0.58,1.0,1.0,0.96,0.96,0.16,0.16,0.31,0.31,0.31,0.42,0.0,0.0,0.75,0.39,0.53,0.75,0.56,0.5,0.55,0.56,0.56,0.31,0.92,0.32,0.89,0.31,1.0,0.713,0.538,0.582
0.58,0.58,1.0,1.0,0.96,0.96,0.16,0.16,0.31,0.31,0.29,0.44,0.0,0.0,0.75,0.4,0.55,0.76,0.56,0.52,0.58,0.56,0.56,0.33,0.87,0.35,0.85,0.36,1.0,0.719,0.535,0.585
0.58,0.58,1.0,1.0,0.96,0.96,0.16,0.16,0.31,0.31,0.26,0.46,0.0,0.0,0.75,0.41,0.57,0.77,0.56,0.54,0.6,0.56,0.56,0.34,0.86,0.35,0.84,0.36,1.0,0.718,0.525,0.583
0.58,0.58,1.0,1.0,0.96,0.96,0.16,0.16,0.31,0.31,0.26,0.46,0.0,0.0,0.75,0.41,0.56,0.77,0.56,0.53,0.58,0.56,0.56,0.34,0.86,0.35,0.83,0.36,1.0,0.704,0.513,0.558
0.58,0.58,1.0,1.0,0.96,0.96,0.16,0.16,0.31,0.31,0.26,0.46,0.0,0.0,0.75,0.42,0.55,0.78,0.56,0.52,0.58,0.56,0.56,0.39,0.76,0.4,0.74,0.36,1.0,0.686,0.492,0.52
0.58,0.58,1.0,1.0,0.96,0.96,0.16,0.16,0.31,0.31,0.27,0.46,0.0,0.0,0.75,0.42,0.52,0.78,0.56,0.49,0.55,0.56,0.56,0.4,0.74,0.41,0.73,0.36,1.0,0.679,0.475,0.504
0.58,0.58,1.0,1.0,0.96,0.96,0.16,0.16,0.33,0.33,0.25,0.48,0.0,0.0,0.75,0.43,0.52,0.78,0.56,0.49,0.55,0.56,0.56,0.43,0.69,0.42,0.69,0.35,0.9,0.681,0.46,0.488
0.58,0.58,1.0,1.0,0.96,0.96,0.16,0.16,0.33,0.33,0.21,0.51,0.0,0.0,0.75,0.42,0.51,0.78,0.56,0.48,0.54,0.56,0.56,0.43,0.68,0.43,0.69,0.33,0.87,0.68,0.438,0.475
0.58,0.58,1.0,1.0,0.96,0.96,0.16,0.16,0.33,0.33,0.2,0.53,0.0,0.0,0.75,0.42,0.52,0.78,0.56,0.49,0.55,0.56,0.56,0.41,0.72,0.41,0.72,0.31,0.83,0.685,0.407,0.447
0.58,0.58,1.0,1.0,0.96,0.96,0.16,0.16,0.34,0.34,0.24,0.49,0.0,0.0,0.75,0.44,0.53,0.79,0.56,0.5,0.55,0.56,0.56,0.36,0.82,0.36,0.83,0.31,0.73,0.684,0.392,0.425
0.58,0.58,1.0,1.0,0.96,0.96,0.16,0.16,0.36,0.36,0.25,0.47,0.0,0.0,0.75,0.45,0.53,0.8,0.56,0.5,0.55,0.56,0.56,0.36,0.81,0.36,0.83,0.27,0.7,0.679,0.373,0.42
0.57,0.57,1.0,1.0,0.97,0.97,0.16,0.16,0.38,0.38,0.28,0.44,0.0,0.0,0.75,0.45,0.48,0.8,0.56,0.47,0.5,0.56,0.56,0.53,0.48,0.55,0.45,0.21,1.0,0.679,0.365,0.418
0.57,0.57,1.0,1.0,0.96,0.96,0.46,0.45,0.26,0.26,0.31,0.41,0.16,0.22,0.75,0.46,0.52,0.81,0.55,0.51,0.53,0.55,0.55,0.66,0.4,0.7,0.38,0.19,0.93,0.684,0.363,0.421
0.57,0.57,1.0,1.0,0.97,0.97,0.16,0.16,0.39,0.39,0.31,0.41,0.15,0.18,0.75,0.44,0.56,0.79,0.56,0.55,0.57,0.56,0.56,0.65,0.4,0.67,0.4,0.16,0.95,0.676,0.358,0.415
0.56,0.56,1.0,1.0,0.98,0.98,0.16,0.16,0.42,0.42,0.32,0.4,0.15,0.18,0.75,0.43,0.6,0.78,0.56,0.59,0.62,0.56,0.56,0.65,0.4,0.67,0.4,0.16,0.97,0.659,0.347,0.382
0.56,0.56,1.0,1.0,0.98,0.98,0.16,0.16,0.42,0.42,0.33,0.39,0.18,0.16,0.75,0.37,0.67,0.74,0.53,0.65,0.69,0.53,0.53,0.67,0.4,0.66,0.4,0.1,1.0,0.654,0.335,0.363
0.2,0.2,0.22,0.22,1.0,1.0,0.16,0.16,0.4,0.4,0.34,0.38,0.25,0.2,0.75,0.32,0.79,0.7,0.46,0.77,0.81,0.46,0.46,0.72,0.37,0.68,0.39,0.07,0.79,0.656,0.335,0.375
0.56,0.56,1.0,1.0,0.97,0.97,0.35,0.34,0.31,0.31,0.35,0.38,0.31,0.3,0.75,0.31,0.83,0.7,0.38,0.82,0.84,0.38,0.38,0.76,0.36,0.75,0.36,0.06,0.5,0.641,0.343,0.403
0.56,0.56,1.0,1.0,0.97,0.97,0.16,0.16,0.41,0.41,0.34,0.38,0.33,0.28,0.75,0.27,0.91,0.67,0.34,0.9,0.91,0.34,0.34,0.77,0.35,0.74,0.37,0.04,0.48,0.607,0.36,0.426
0.56,0.56,1.0,1.0,0.98,0.98,0.16,0.16,0.43,0.43,0.34,0.38,0.43,0.36,1.0,0.25,0.94,0.65,0.31,0.93,0.94,0.31,0.31,0.84,0.32,0.79,0.35,0.04,0.49,0.579,0.382,0.449
0.56,0.56,1.0,1.0,0.97,0.97,0.94,0.94,0.38,0.38,0.34,0.38,0.45,0.42,0.75,0.24,0.92,0.65,0.31,0.91,0.92,0.31,0.31,0.85,0.32,0.83,0.33,0.03,0.5,0.565,0.402,0.462
0.56,0.56,1.0,1.0,0.97,0.97,0.85,0.85,0.32,0.32,0.34,0.39,0.36,0.33,0.75,0.24,0.92,0.65,0.3,0.91,0.92,0.3,0.3,0.79,0.34,0.77,0.35,0.03,0.5,0.552,0.417,0.465
0.56,0.56,1.0,1.0,0.98,0.98,0.58,0.58,0.26,0.26,0.34,0.38,0.3,0.27,0.75,0.24,0.92,0.64,0.3,0.92,0.92,0.3,0.3,0.75,0.36,0.73,0.37,0.03,0.49,0.548,0.423,0.478
0.56,0.56,1.0,1.0,0.98,0.98,0.53,0.53,0.28,0.28,0.35,0.37,0.3,0.27,0.75,0.24,0.93,0.64,0.3,0.92,0.93,0.3,0.3,0.75,0.36,0.73,0.37,0.03,0.47,0.551,0.435,0.479
0.27,0.27,0.4,0.4,1.0,1.0,0.89,0.89,0.36,0.36,0.36,0.36,0.3,0.27,0.75,0.24,0.93,0.64,0.3,0.92,0.93,0.3,0.3,0.75,0.36,0.73,0.37,0.03,0.43,0.516,0.432,0.488
0.27,0.27,0.39,0.39,1.0,1.0,0.81,0.81,0.32,0.32,0.38,0.34,0.3,0.28,0.75,0.24,0.92,0.64,0.3,0.92,0.92,0.3,0.3,0.75,0.36,0.74,0.36,0.03,0.41,0.511,0.442,0.495
0.29,0.29,0.43,0.43,1.0,1.0,0.72,0.72,0.26,0.26,0.38,0.34,0.31,0.3,0.75,0.24,0.92,0.65,0.3,0.91,0.92,0.3,0.3,0.76,0.36,0.75,0.36,0.03,0.39,0.496,0.458,0.492
0.56,0.56,1.0,1.0,0.98,0.98,0.94,0.94,0.42,0.42,0.39,0.33,0.27,0.25,0.75,0.24,0.92,0.64,0.28,0.91,0.92,0.28,0.28,0.73,0.37,0.72,0.37,0.03,0.41,0.462,0.47,0.497
0.56,0.56,1.0,1.0,0.98,0.98,0.94,0.94,0.42,0.42,0.4,0.33,0.25,0.25,0.75,0.24,0.92,0.64,0.28,0.91,0.92,0.28,0.28,0.72,0.37,0.72,0.38,0.03,0.43,0.435,0.487,0.491
0.56,0.56,1.0,1.0,0.98,0.98,0.94,0.94,0.42,0.42,0.4,0.32,0.25,0.25,0.75,0.24,0.91,0.64,0.28,0.91,0.91,0.28,0.28,0.72,0.37,0.72,0.38,0.03,0.43,0.399,0.503,0.481
0.56,0.56,1.0,1.0,0.97,0.97,0.94,0.94,0.41,0.41,0.41,0.31,0.25,0.25,0.75,0.25,0.91,0.65,0.29,0.91,0.91,0.29,0.29,0.72,0.37,0.72,0.38,0.03,0.43,0.367,0.522,0.482
0.57,0.57,1.0,1.0,0.97,0.97,0.94,0.94,0.39,0.39,0.42,0.31,0.22,0.24,0.75,0.25,0.91,0.65,0.29,0.9,0.91,0.29,0.29,0.7,0.38,0.71,0.38,0.03,0.43,0.336,0.535,0.487
0.57,0.57,1.0,1.0,0.97,0.97,0.94,0.94,0.39,0.39,0.41,0.31,0.22,0.22,0.75,0.25,0.91,0.65,0.29,0.91,0.91,0.29,0.29,0.7,0.39,0.7,0.38,0.03,0.43,0.318,0.54,0.492
0.57,0.57,1.0,1.0,0.97,0.97,0.9,0.9,0.28,0.28,0.44,0.29,0.18,0.18,0.75,0.26,0.93,0.65,0.29,0.92,0.93,0.29,0.29,0.67,0.4,0.67,0.4,0.03,0.44,0.299,0.545,0.493
0.47,0.47,0.87,0.87,1.0,1.0,0.16,0.16,0.32,0.32,0.44,0.29,0.15,0.1,1.0,0.24,0.97,0.64,0.27,0.97,0.97,0.27,0.27,0.65,0.4,0.62,0.42,0.02,0.46,0.31,0.552,0.493
0.51,0.51,0.96,0.96,1.0,1.0,0.16,0.16,0.29,0.29,0.42,0.31,0.13,0.09,1.0,0.23,0.98,0.63,0.27,0.98,0.98,0.27,0.27,0.64,0.41,0.61,0.42,0.02,0.48,0.354,0.562,0.51
0.61,0.61,1.0,1.0,0.93,0.93,0.52,0.52,0.14,0.14,0.39,0.34,0.13,0.15,0.75,0.4,0.71,0.76,0.52,0.7,0.73,0.52,0.52,0.64,0.41,0.65,0.41,0.16,0.44,0.39,0.582,0.533
0.62,0.62,1.0,1.0,0.93,0.93,0.41,0.41,0.16,0.16,0.38,0.35,0.0,0.0,0.5,0.43,0.46,0.78,0.56,0.46,0.47,0.56,0.56,0.5,0.55,0.5,0.54,0.23,0.38,0.418,0.602,0.54
0.6,0.6,1.0,1.0,0.94,0.94,0.19,0.19,0.22,0.22,0.38,0.35,0.0,0.0,0.5,0.36,0.44,0.73,0.56,0.44,0.44,0.56,0.56,0.37,0.8,0.38,0.79,0.24,0.68,0.473,0.627,0.545
0.62,0.62,1.0,1.0,0.93,0.93,0.16,0.16,0.23,0.23,0.38,0.35,0.0,0.0,0.5,0.34,0.55,0.72,0.56,0.55,0.55,0.56,0.56,0.42,0.69,0.43,0.68,0.38,0.83,0.506,0.638,0.551
0.65,0.65,1.0,1.0,0.9,0.9,0.72,0.72,0.15,0.15,0.38,0.35,0.0,0.0,0.5,0.32,0.6,0.7,0.56,0.59,0.61,0.56,0.56,0.5,0.55,0.51,0.53,0.53,0.5,0.572,0.648,0.564
0.7,0.7,1.0,1.0,0.86,0.86,0.32,0.32,0.21,0.21,0.36,0.37,0.0,0.0,0.5,0.31,0.72,0.69,0.55,0.72,0.73,0.55,0.55,0.5,0.54,0.51,0.53,0.67,0.5,0.626,0.658,0.568
0.71,0.71,1.0,1.0,0.85,0.85,0.2,0.2,0.23,0.23,0.35,0.37,0.0,0.0,0.5,0.3,0.74,0.69,0.56,0.74,0.75,0.56,0.56,0.49,0.57,0.5,0.55,0.69,0.5,0.694,0.662,0.558
0.71,0.71,1.0,1.0,0.86,0.86,0.16,0.16,0.23,0.23,0.35,0.37,0.0,0.0,0.5,0.3,0.71,0.69,0.56,0.71,0.72,0.56,0.56,0.45,0.64,0.48,0.59,0.63,0.5,0.726,0.658,0.556
0.68,0.68,1.0,1.0,0.87,0.87,0.2,0.2,0.2,0.2,0.35,0.38,0.0,0.0,0.5,0.3,0.64,0.69,0.56,0.63,0.64,0.56,0.56,0.47,0.6,0.5,0.55,0.58,0.5,0.761,0.662,0.557
0.66,0.66,1.0,1.0,0.89,0.89,0.24,0.23,0.18,0.18,0.34,0.38,0.0,0.0,0.5,0.3,0.59,0.69,0.56,0.59,0.6,0.56,0.56,0.49,0.56,0.52,0.5,0.57,0.5,0.773,0.675,0.551
0.67,0.67,1.0,1.0,0.89,0.89,0.26,0.26,0.17,0.17,0.34,0.38,0.0,0.09,0.5,0.3,0.57,0.69,0.56,0.56,0.57,0.56,0.56,0.55,0.45,0.61,0.42,0.56,0.5,0.781,0.663,0.545
0.66,0.66,1.0,1.0,0.9,0.9,0.26,0.26,0.21,0.21,0.37,0.36,0.0,0.02,0.5,0.31,0.57,0.69,0.56,0.56,0.57,0.56,0.56,0.53,0.49,0.56,0.45,0.56,0.5,0.79,0.642,0.546
0.63,0.63,1.0,1.0,0.92,0.92,0.16,0.16,0.24,0.24,0.37,0.35,0.0,0.0,0.5,0.31,0.57,0.69,0.56,0.56,0.58,0.56,0.56,0.51,0.53,0.53,0.5,0.56,0.5,0.801,0.625,0.534
0.66,0.66,1.0,1.0,0.9,0.9,0.16,0.16,0.26,0.26,0.37,0.35,0.04,0.09,0.5,0.32,0.56,0.7,0.56,0.55,0.57,0.56,0.56,0.58,0.44,0.61,0.42,0.58,0.5,0.801,0.615,0.527
0.64,0.64,1.0,1.0,0.91,0.91,0.16,0.16,0.25,0.25,0.36,0.36,0.0,0.0,0.5,0.32,0.56,0.71,0.56,0.54,0.57,0.56,0.56,0.48,0.59,0.49,0.56,0.59,0.5,0.829,0.592,0.524
0.63,0.63,1.0,1.0,0.92,0.92,0.16,0.16,0.26,0.26,0.35,0.38,0.0,0.0,0.5,0.34,0.56,0.71,0.56,0.54,0.57,0.56,0.56,0.54,0.47,0.54,0.46,0.64,0.5,0.849,0.568,0.514
0.63,0.63,1.0,1.0,0.92,0.92,0.16,0.16,0.26,0.26,0.33,0.4,0.0,0.0,0.5,0.34,0.55,0.72,0.56,0.53,0.56,0.56,0.56,0.54,0.48,0.54,0.46,0.64,0.5,0.888,0.558,0.497
0.62,0.62,1.0,1.0,0.93,0.93,0.16,0.16,0.26,0.26,0.31,0.42,0.0,0.0,0.5,0.35,0.57,0.72,0.56,0.55,0.59,0.56,0.56,0.5,0.55,0.51,0.54,0.64,0.5,0.904,0.552,0.491
0.62,0.62,1.0,1.0,0.93,0.93,0.16,0.16,0.27,0.27,0.3,0.43,0.0,0.0,0.5,0.35,0.59,0.73,0.56,0.57,0.61,0.56,0.56,0.48,0.59,0.48,0.58,0.64,0.5,0.909,0.55,0.491
0.62,0.62,1.0,1.0,0.92,0.92,0.16,0.16,0.26,0.26,0.28,0.45,0.0,0.0,0.75,0.36,0.59,0.73,0.56,0.57,0.61,0.56,0.56,0.46,0.63,0.46,0.62,0.63,0.5,0.903,0.535,0.494
0.63,0.63,1.0,1.0,0.92,0.92,0.16,0.16,0.25,0.25,0.27,0.45,0.0,0.0,0.75,0.36,0.57,0.73,0.56,0.55,0.6,0.56,0.56,0.44,0.66,0.45,0.65,0.62,0.5,0.901,0.533,0.481
0.62,0.62,1.0,1.0,0.93,0.93,0.16,0.16,0.27,0.27,0.3,0.43,0.0,0.0,0.75,0.36,0.58,0.73,0.56,0.56,0.6,0.56,0.56,0.45,0.64,0.45,0.64,0.61,0.5,0.894,0.543,0.462
0.61,0.61,1.0,1.0,0.93,0.93,0.16,0.16,0.27,0.27,0.34,0.39,0.0,0.0,0.5,0.37,0.57,0.74,0.56,0.55,0.59,0.56,0.56,0.52,0.5,0.53,0.49,0.6,0.5,0.886,0.512,0.465
0.61,0.61,1.0,1.0,0.94,0.94,0.16,0.16,0.3,0.3,0.39,0.34,0.0,0.0,0.5,0.37,0.59,0.74,0.56,0.58,0.61,0.56,0.56,0.5,0.54,0.5,0.54,0.61,0.5,0.885,0.477,0.442
0.61,0.61,1.0,1.0,0.93,0.93,0.16,0.16,0.32,0.32,0.42,0.31,0.0,0.0,0.75,0.37,0.6,0.74,0.56,0.59,0.62,0.56,0.56,0.5,0.55,0.5,0.55,0.61,0.5,0.884,0.452,0.425
0.62,0.62,1.0,1.0,0.93,0.93,0.16,0.16,0.36,0.36,0.43,0.29,0.0,0.0,0.75,0.37,0.6,0.74,0.56,0.59,0.62,0.56,0.56,0.53,0.48,0.53,0.49,0.63,0.5,0.879,0.428,0.407
0.63,0.63,1.0,1.0,0.92,0.92,0.16,0.16,0.44,0.44,0.49,0.24,0.0,0.0,0.75,0.37,0.7,0.74,0.56,0.68,0.72,0.56,0.56,0.5,0.54,0.49,0.57,0.62,0.5,0.877,0.407,0.395
0.61,0.61,1.0,1.0,0.93,0.93,0.16,0.16,0.44,0.44,0.5,0.23,0.0,0.0,0.75,0.38,0.68,0.74,0.56,0.65,0.7,0.56,0.56,0.53,0.48,0.52,0.52,0.6,0.5,0.884,0.387,0.379
0.61,0.61,1.0,1.0,0.94,0.94,0.16,0.16,0.47,0.47,0.54,0.19,0.0,0.0,0.75,0.38,0.68,0.75,0.56,0.65,0.7,0.56,0.56,0.52,0.51,0.5,0.54,0.6,0.5,0.883,0.367,0.375
0.61,0.61,1.0,1.0,0.94,0.94,0.16,0.16,0.46,0.46,0.45,0.27,0.0,0.0,0.75,0.38,0.68,0.75,0.56,0.65,0.7,0.56,0.56,0.51,0.53,0.5,0.56,0.61,0.5,0.869,0.362,0.407
0.59,0.59,1.0,1.0,0.95,0.95,0.16,0.16,0.46,0.46,0.47,0.26,0.0,0.0,0.75,0.38,0.66,0.75,0.56,0.64,0.68,0.56,0.56,0.5,0.55,0.49,0.57,0.59,0.5,0.864,0.347,0.445
0.59,0.59,1.0,1.0,0.95,0.95,0.16,0.16,0.28,0.28,0.46,0.27,0.0,0.0,0.75,0.36,0.61,0.73,0.56,0.6,0.63,0.56,0.56,0.48,0.58,0.48,0.58,0.58,0.5,0.856,0.333,0.492
0.59,0.59,1.0,1.0,0.95,0.95,0.16,0.16,0.28,0.28,0.47,0.25,0.0,0.0,0.5,0.35,0.6,0.72,0.56,0.59,0.62,0.56,0.56,0.47,0.61,0.46,0.62,0.58,0.5,0.841,0.345,0.525
0.6,0.6,1.0,1.0,0.95,0.95,0.16,0.16,0.29,0.29,0.52,0.2,0.0,0.0,0.75,0.34,0.61,0.72,0.56,0.6,0.62,0.56,0.56,0.46,0.63,0.43,0.68,0.58,0.5,0.833,0.352,0.538
0.61,0.61,1.0,1.0,0.93,0.93,0.16,0.16,0.29,0.29,0.59,0.13,0.0,0.0,0.75,0.35,0.66,0.72,0.56,0.65,0.66,0.56,0.56,0.47,0.61,0.44,0.67,0.59,0.5,0.812,0.36,0.554
0.61,0.61,1.0,1.0,0.93,0.93,0.16,0.16,0.29,0.29,0.61,0.12,0.0,0.0,0.75,0.35,0.66,0.72,0.56,0.66,0.67,0.56,0.56,0.44,0.67,0.41,0.73,0.59,0.5,0.795,0.377,0.564
0.6,0.6,1.0,1.0,0.94,0.94,0.16,0.16,0.29,0.29,0.58,0.15,0.0,0.0,0.75,0.34,0.64,0.72,0.56,0.63,0.65,0.56,0.56,0.49,0.56,0.46,0.63,0.59,0.5,0.784,0.393,0.584
0.59,0.59,1.0,1.0,0.95,0.95,0.16,0.16,0.3,0.3,0.48,0.25,0.0,0.0,0.75,0.34,0.59,0.72,0.56,0.58,0.6,0.56,0.56,0.47,0.61,0.46,0.63,0.53,0.5,0.782,0.418,0.593
0.59,0.59,1.0,1.0,0.95,0.95,0.16,0.16,0.3,0.3,0.4,0.33,0.0,0.0,0.5,0.34,0.59,0.72,0.56,0.57,0.61,0.56,0.56,0.52,0.51,0.52,0.5,0.56,0.5,0.768,0.445,0.605
0.59,0.59,1.0,1.0,0.95,0.95,0.16,0.16,0.31,0.31,0.28,0.44,0.0,0.04,0.75,0.34,0.61,0.72,0.56,0.59,0.64,0.56,0.56,0.55,0.46,0.58,0.43,0.58,0.5,0.764,0.465,0.616
0.58,0.58,1.0,1.0,0.96,0.96,0.16,0.16,0.31,0.31,0.19,0.54,0.0,0.0,0.75,0.33,0.69,0.71,0.56,0.66,0.73,0.56,0.56,0.53,0.49,0.54,0.47,0.6,0.5,0.778,0.495,0.633
0.58,0.58,1.0,1.0,0.96,0.96,0.16,0.16,0.32,0.32,0.16,0.57,0.0,0.0,0.75,0.32,0.72,0.7,0.56,0.69,0.75,0.56,0.56,0.5,0.55,0.53,0.5,0.61,0.5,0.777,0.527,0.657
0.58,0.58,1.0,1.0,0.96,0.96,0.16,0.16,0.32,0.32,0.16,0.57,0.0,0.0,0.75,0.31,0.71,0.7,0.56,0.68,0.75,0.56,0.56,0.53,0.49,0.54,0.46,0.61,0.5,0.785,0.55,0.723
0.58,0.58,1.0,1.0,0.96,0.96,0.31,0.31,0.24,0.24,0.2,0.53,0.09,0.13,0.75,0.31,0.68,0.7,0.56,0.65,0.7,0.56,0.56,0.61,0.42,0.64,0.41,0.65,0.5,0.778,0.563,0.751
0.58,0.58,1.0,1.0,0.96,0.96,0.16,0.16,0.32,0.32,0.24,0.48,0.02,0.04,0.75,0.32,0.69,0.7,0.56,0.65,0.72,0.56,0.56,0.56,0.45,0.58,0.44,0.63,0.5,0.765,0.56,0.743
0.58,0.58,1.0,1.0,0.96,0.96,0.16,0.16,0.32,0.32,0.27,0.46,0.0,0.0,0.75,0.32,0.68,0.7,0.56,0.65,0.7,0.56,0.56,0.54,0.47,0.55,0.46,0.6,0.5,0.764,0.553,0.691
0.58,0.58,1.0,1.0,0.96,0.96,0.16,0.16,0.32,0.32,0.28,0.44,0.02,0.03,0.75,0.32,0.65,0.7,0.56,0.62,0.68,0.56,0.56,0.56,0.45,0.57,0.44,0.59,0.5,0.754,0.537,0.616
0.58,0.58,1.0,1.0,0.96,0.96,0.16,0.16,0.32,0.32,0.31,0.41,0.06,0.09,0.75,0.32,0.61,0.7,0.56,0.59,0.64,0.56,0.56,0.59,0.43,0.61,0.42,0.57,0.5,0.734,0.493,0.531
0.58,0.58,1.0,1.0,0.96,0.96,0.16,0.16,0.31,0.31,0.35,0.37,0.1,0.12,0.75,0.32,0.59,0.7,0.56,0.56,0.62,0.56,0.56,0.62,0.42,0.63,0.41,0.55,0.5,0.718,0.448,0.419
0.58,0.58,1.0,1.0,0.96,0.96,0.16,0.16,0.31,0.31,0.36,0.36,0.07,0.1,0.75,0.32,0.57,0.7,0.56,0.55,0.6,0.56,0.56,0.6,0.43,0.62,0.42,0.55,0.5,0.706,0.41,0.372
0.58,0.58,1.0,1.0,0.96,0.96,0.16,0.16,0.32,0.32,0.36,0.37,0.07,0.1,0.75,0.32,0.57,0.7,0.56,0.55,0.6,0.56,0.56,0.6,0.43,0.62,0.42,0.54,0.5,0.694,0.39,0.365
0.59,0.59,1.0,1.0,0.95,0.95,0.65,0.65,0.26,0.26,0.35,0.38,0.1,0.16,0.5,0.34,0.46,0.72,0.56,0.44,0.48,0.56,0.56,0.62,0.42,0.66,0.4,0.55,0.5,0.692,0.375,0.372
0.6,0.6,1.0,1.0,0.94,0.94,0.97,0.97,0.29,0.29,0.35,0.38,0.1,0.18,0.5,0.37,0.42,0.74,0.56,0.4,0.43,0.56,0.56,0.62,0.42,0.67,0.39,0.53,0.5,0.696,0.365,0.406
0.58,0.58,1.0,1.0,0.96,0.96,0.31,0.31,0.25,0.25,0.36,0.36,0.09,0.15,0.75,0.37,0.56,0.74,0.56,0.54,0.57,0.56,0.56,0.61,0.42,0.65,0.41,0.54,0.5,0.694,0.358,0.442
0.58,0.58,1.0,1.0,0.96,0.96,0.16,0.16,0.35,0.35,0.37,0.35,0.03,0.04,0.75,0.35,0.58,0.73,0.56,0.56,0.6,0.56,0.56,0.57,0.44,0.58,0.44,0.54,0.5,0.703,0.347,0.46
0.57,0.57,1.0,1.0,0.97,0.97,0.16,0.16,0.34,0.34,0.38,0.35,0.0,0.02,0.75,0.35,0.58,0.72,0.56,0.56,0.6,0.56,0.56,0.55,0.46,0.56,0.45,0.54,0.5,0.708,0.343,0.477
0.6,0.6,1.0,1.0,0.95,0.95,0.96,0.96,0.3,0.3,0.37,0.36,0.1,0.18,0.5,0.36,0.44,0.73,0.56,0.42,0.45,0.56,0.56,0.62,0.42,0.67,0.4,0.54,0.5,0.711,0.332,0.515
0.6,0.6,1.0,1.0,0.94,0.94,0.96,0.96,0.3,0.3,0.37,0.35,0.1,0.2,0.5,0.37,0.43,0.74,0.56,0.41,0.44,0.56,0.56,0.62,0.42,0.68,0.39,0.52,0.5,0.721,0.32,0.538
0.58,0.58,1.0,1.0,0.96,0.96,0.48,0.47,0.22,0.22,0.38,0.34,0.1,0.13,0.75,0.37,0.51,0.74,0.56,0.48,0.53,0.56,0.56,0.62,0.42,0.64,0.41,0.53,0.5,0.716,0.32,0.54
0.57,0.57,1.0,1.0,0.97,0.97,0.16,0.16,0.33,0.33,0.4,0.32,0.0,0.02,0.75,0.36,0.57,0.74,0.56,0.55,0.59,0.56,0.56,0.55,0.45,0.56,0.44,0.54,0.5,0.712,0.317,0.542
0.57,0.57,1.0,1.0,0.97,0.97,0.16,0.16,0.34,0.34,0.4,0.32,0.0,0.0,0.75,0.36,0.55,0.74,0.56,0.52,0.58,0.56,0.56,0.54,0.48,0.54,0.46,0.53,0.5,0.703,0.32,0.548
0.57,0.57,1.0,1.0,0.97,0.97,0.16,0.16,0.35,0.35,0.41,0.32,0.0,0.0,0.75,0.36,0.55,0.73,0.56,0.52,0.57,0.56,0.56,0.53,0.48,0.54,0.47,0.52,0.5,0.697,0.325,0.549
0.57,0.57,1.0,1.0,0.97,0.97,0.16,0.16,0.38,0.38,0.41,0.31,0.0,0.0,0.75,0.37,0.55,0.74,0.56,0.52,0.57,0.56,0.56,0.5,0.54,0.51,0.53,0.51,0.5,0.689,0.33,0.555
0.57,0.57,1.0,1.0,0.97,0.97,0.16,0.16,0.39,0.39,0.4,0.32,0.0,0.0,0.75,0.38,0.56,0.74,0.56,0.54,0.58,0.56,0.56,0.49,0.57,0.49,0.56,0.35,1.0,0.684,0.35,0.56
0.56,0.56,1.0,1.0,0.97,0.97,0.16,0.16,0.38,0.38,0.4,0.32,0.22,0.21,0.75,0.35,0.64,0.73,0.56,0.63,0.65,0.56,0.56,0.7,0.38,0.69,0.39,0.16,0.33,0.696,0.362,0.559
0.56,0.56,1.0,1.0,0.97,0.97,0.16,0.16,0.38,0.38,0.4,0.32,0.22,0.2,0.75,0.34,0.68,0.72,0.56,0.67,0.69,0.56,0.56,0.7,0.38,0.68,0.39,0.12,0.39,0.696,0.377,0.561
0.56,0.56,1.0,1.0,0.97,0.97,0.49,0.48,0.22,0.22,0.4,0.33,0.28,0.27,0.75,0.34,0.69,0.72,0.51,0.69,0.7,0.51,0.51,0.74,0.37,0.73,0.37,0.1,0.42,0.692,0.395,0.565
0.56,0.56,1.0,1.0,0.97,0.97,0.16,0.16,0.33,0.33,0.4,0.32,0.25,0.22,0.75,0.32,0.8,0.7,0.47,0.79,0.81,0.47,0.47,0.72,0.37,0.7,0.38,0.08,0.41,0.691,0.403,0.57
0.55,0.55,1.0,1.0,0.98,0.98,0.16,0.16,0.36,0.36,0.4,0.32,0.22,0.21,1.0,0.27,0.91,0.66,0.35,0.9,0.91,0.35,0.35,0.7,0.38,0.69,0.39,0.04,0.44,0.694,0.428,0.574
0.32,0.32,0.52,0.52,1.0,1.0,0.16,0.16,0.36,0.36,0.39,0.33,0.27,0.25,1.0,0.26,0.92,0.66,0.32,0.92,0.92,0.32,0.32,0.73,0.37,0.72,0.37,0.03,0.47,0.699,0.453,0.575
0.33,0.33,0.53,0.53,1.0,1.0,0.16,0.16,0.37,0.37,0.38,0.34,0.27,0.25,1.0,0.25,0.93,0.65,0.3,0.93,0.93,0.3,0.3,0.73,0.37,0.72,0.37,0.03,0.49,0.7,0.473,0.574
0.32,0.32,0.51,0.51,1.0,1.0,0.16,0.16,0.39,0.39,0.37,0.35,0.31,0.25,1.0,0.25,0.93,0.65,0.32,0.93,0.93,0.32,0.32,0.76,0.36,0.72,0.37,0.03,0.51,0.693,0.492,0.573
0.56,0.56,1.0,1.0,0.98,0.98,0.91,0.9,0.35,0.35,0.35,0.37,0.31,0.28,0.75,0.25,0.93,0.65,0.31,0.93,0.93,0.31,0.31,0.76,0.36,0.74,0.37,0.03,0.5,0.689,0.503,0.571
0.56,0.56,1.0,1.0,0.97,0.97,0.95,0.95,0.41,0.41,0.36,0.37,0.33,0.33,0.75,0.25,0.91,0.65,0.3,0.91,0.91,0.3,0.3,0.77,0.35,0.77,0.35,0.03,0.5,0.682,0.503,0.577
0.56,0.56,1.0,1.0,0.97,0.97,0.94,0.94,0.42,0.42,0.36,0.36,0.28,0.3,0.75,0.25,0.91,0.65,0.3,0.91,0.91,0.3,0.3,0.74,0.36,0.75,0.36,0.03,0.49,0.672,0.507,0.56
0.56,0.56,1.0,1.0,0.97,0.97,0.94,0.94,0.42,0.42,0.37,0.36,0.28,0.28,0.75,0.24,0.91,0.65,0.29,0.91,0.91,0.29,0.29,0.74,0.37,0.74,0.36,0.03,0.48,0.674,0.5,0.551
0.56,0.56,1.0,1.0,0.97,0.97,0.93,0.93,0.42,0.42,0.37,0.36,0.27,0.28,0.75,0.24,0.91,0.64,0.29,0.91,0.91,0.29,0.29,0.73,0.37,0.74,0.37,0.03,0.48,0.664,0.495,0.554
0.56,0.56,1.0,1.0,0.97,0.97,0.93,0.93,0.41,0.41,0.37,0.35,0.3,0.3,0.75,0.24,0.91,0.64,0.29,0.9,0.91,0.29,0.29,0.75,0.36,0.75,0.36,0.03,0.48,0.654,0.49,0.55
0.56,0.56,1.0,1.0,0.97,0.97,0.93,0.93,0.41,0.41,0.37,0.35,0.31,0.31,0.75,0.24,0.91,0.64,0.29,0.9,0.91,0.29,0.29,0.76,0.36,0.76,0.36,0.03,0.47,0.641,0.495,0.53
0.56,0.56,1.0,1.0,0.97,0.97,0.94,0.94,0.41,0.41,0.38,0.35,0.33,0.33,0.75,0.26,0.82,0.66,0.35,0.82,0.83,0.35,0.35,0.77,0.35,0.77,0.35,0.03,0.43,0.616,0.493,0.523
0.56,0.56,1.0,1.0,0.97,0.97,0.94,0.94,0.41,0.41,0.38,0.34,0.33,0.33,0.75,0.28,0.81,0.67,0.37,0.8,0.81,0.37,0.37,0.77,0.35,0.77,0.35,0.04,0.39,0.583,0.49,0.518
0.56,0.56,1.0,1.0,0.97,0.97,0.68,0.68,0.26,0.26,0.38,0.34,0.21,0.2,0.75,0.36,0.65,0.74,0.49,0.65,0.65,0.49,0.49,0.69,0.39,0.68,0.39,0.06,0.35,0.516,0.487,0.516
0.56,0.56,1.0,1.0,0.98,0.98,0.47,0.47,0.29,0.29,0.4,0.32,0.0,0.0,0.75,0.43,0.43,0.78,0.56,0.42,0.43,0.56,0.56,0.46,0.62,0.47,0.6,0.16,0.33,0.461,0.488,0.517
0.59,0.59,1.0,1.0,0.95,0.95,0.96,0.96,0.31,0.31,0.39,0.34,0.0,0.0,0.5,0.44,0.36,0.8,0.56,0.36,0.36,0.56,0.56,0.42,0.69,0.46,0.63,0.3,0.51,0.421,0.495,0.523
0.6,0.6,1.0,1.0,0.95,0.95,0.96,0.96,0.32,0.32,0.39,0.34,0.0,0.0,0.5,0.44,0.42,0.79,0.56,0.42,0.42,0.56,0.56,0.47,0.6,0.51,0.53,0.46,0.5,0.392,0.502,0.523
0.61,0.61,1.0,1.0,0.94,0.94,0.96,0.96,0.27,0.27,0.38,0.34,0.0,0.06,0.5,0.37,0.5,0.74,0.56,0.49,0.51,0.56,0.56,0.55,0.45,0.59,0.43,0.64,0.5,0.394,0.507,0.523
0.61,0.61,1.0,1.0,0.94,0.94,0.42,0.42,0.17,0.17,0.38,0.35,0.15,0.15,0.5,0.35,0.6,0.73,0.56,0.59,0.62,0.56,0.56,0.65,0.41,0.65,0.4,0.73,0.5,0.41,0.512,0.523
0.62,0.62,1.0,1.0,0.93,0.93,0.16,0.16,0.22,0.22,0.37,0.35,0.21,0.21,0.5,0.31,0.65,0.69,0.56,0.64,0.66,0.56,0.56,0.69,0.39,0.69,0.39,0.82,0.5,0.421,0.517,0.525
0.64,0.64,1.0,1.0,0.91,0.91,0.16,0.16,0.22,0.22,0.37,0.36,0.2,0.2,0.5,0.3,0.68,0.69,0.56,0.67,0.69,0.56,0.56,0.68,0.39,0.68,0.39,0.86,0.5,0.446,0.527,0.535
0.63,0.63,1.0,1.0,0.92,0.92,0.16,0.16,0.23,0.23,0.37,0.36,0.1,0.12,0.5,0.3,0.68,0.68,0.56,0.67,0.69,0.56,0.56,0.62,0.42,0.63,0.42,0.84,0.5,0.475,0.537,0.543
0.64,0.64,1.0,1.0,0.91,0.91,0.16,0.16,0.21,0.21,0.37,0.35,0.1,0.1,0.5,0.3,0.66,0.69,0.56,0.65,0.66,0.56,0.56,0.62,0.42,0.62,0.42,0.82,0.5,0.508,0.558,0.539
0.63,0.63,1.0,1.0,0.92,0.92,0.16,0.16,0.21,0.21,0.37,0.36,0.09,0.09,0.5,0.31,0.64,0.69,0.56,0.63,0.65,0.56,0.56,0.61,0.42,0.61,0.42,0.81,0.5,0.577,0.575,0.55
0.63,0.63,1.0,1.0,0.92,0.92,0.19,0.19,0.21,0.21,0.36,0.37,0.0,0.0,0.5,0.32,0.62,0.7,0.56,0.62,0.63,0.56,0.56,0.55,0.45,0.55,0.45,0.79,0.5,0.628,0.598,0.56
0.62,0.62,1.0,1.0,0.93,0.93,0.16,0.16,0.25,0.25,0.41,0.31,0.0,0.0,0.5,0.32,0.6,0.71,0.56,0.59,0.62,0.56,0.56,0.54,0.47,0.55,0.46,0.76,0.5,0.67,0.617,0.565
0.61,0.61,1.0,1.0,0.94,0.94,0.16,0.16,0.27,0.27,0.42,0.3,0.0,0.0,0.5,0.34,0.56,0.72,0.56,0.55,0.56,0.56,0.56,0.54,0.46,0.55,0.45,0.73,0.5,0.719,0.633,0.569
0.61,0.61,1.0,1.0,0.94,0.94,0.16,0.16,0.29,0.29,0.44,0.28,0.0,0.0,0.5,0.35,0.55,0.72,0.56,0.54,0.56,0.56,0.56,0.53,0.49,0.53,0.48,0.73,0.5,0.764,0.635,0.571
0.61,0.61,1.0,1.0,0.94,0.94,0.16,0.16,0.32,0.32,0.44,0.28,0.0,0.0,0.5,0.36,0.58,0.73,0.56,0.56,0.59,0.56,0.56,0.51,0.52,0.51,0.52,0.72,0.5,0.801,0.638,0.564
0.6,0.6,1.0,1.0,0.94,0.94,0.16,0.16,0.32,0.32,0.42,0.31,0.0,0.0,0.5,0.37,0.58,0.74,0.56,0.57,0.6,0.56,0.56,0.48,0.59,0.48,0.58,0.69,0.5,0.807,0.64,0.553
0.6,0.6,1.0,1.0,0.94,0.94,0.16,0.16,0.32,0.32,0.4,0.32,0.0,0.0,0.5,0.38,0.58,0.75,0.56,0.57,0.6,0.56,0.56,0.46,0.62,0.47,0.6,0.67,0.5,0.807,0.63,0.54
0.6,0.6,1.0,1.0,0.95,0.95,0.16,0.16,0.37,0.37,0.42,0.3,0.0,0.0,0.75,0.39,0.6,0.76,0.56,0.58,0.63,0.56,0.56,0.45,0.64,0.45,0.64,0.66,0.5,0.837,0.627,0.535
0.59,0.59,1.0,1.0,0.95,0.95,0.16,0.16,0.38,0.38,0.4,0.33,0.0,0.0,0.75,0.38,0.67,0.75,0.56,0.64,0.69,0.56,0.56,0.48,0.58,0.49,0.57,0.67,0.5,0.846,0.617,0.53
0.59,0.59,1.0,1.0,0.95,0.95,0.16,0.16,0.4,0.39,0.38,0.34,0.0,0.0,0.75,0.37,0.75,0.74,0.56,0.73,0.77,0.56,0.56,0.46,0.62,0.46,0.63,0.68,0.5,0.848,0.608,0.528
0.59,0.59,1.0,1.0,0.95,0.95,0.16,0.16,0.4,0.4,0.37,0.36,0.0,0.0,0.75,0.37,0.77,0.74,0.56,0.74,0.79,0.56,0.56,0.47,0.6,0.48,0.6,0.68,0.5,0.854,0.59,0.53
0.59,0.59,1.0,1.0,0.95,0.95,0.16,0.16,0.42,0.42,0.36,0.36,0.0,0.0,0.75,0.37,0.84,0.74,0.52,0.83,0.86,0.52,0.52,0.44,0.65,0.44,0.66,0.65,0.5,0.846,0.573,0.53
0.6,0.6,1.0,1.0,0.94,0.94,0.16,0.16,0.43,0.43,0.38,0.35,0.0,0.0,0.75,0.37,0.86,0.74,0.5,0.85,0.87,0.5,0.5,0.46,0.62,0.46,0.63,0.65,0.5,0.848,0.55,0.519
0.61,0.61,1.0,1.0,0.93,0.93,0.16,0.16,0.43,0.43,0.36,0.36,0.0,0.0,0.75,0.37,0.86,0.74,0.5,0.85,0.88,0.5,0.5,0.46,0.62,0.46,0.63,0.64,0.5,0.84,0.525,0.514
0.64,0.64,1.0,1.0,0.91,0.91,0.16,0.16,0.36,0.36,0.03,0.7,0.0,0.0,0.75,0.37,0.86,0.74,0.51,0.85,0.87,0.51,0.51,0.46,0.63,0.46,0.63,0.63,0.5,0.831,0.497,0.506
0.64,0.64,1.0,1.0,0.91,0.91,0.16,0.16,0.38,0.38,0.0,0.82,0.0,0.0,0.75,0.37,0.86,0.74,0.52,0.85,0.87,0.52,0.52,0.46,0.63,0.46,0.62,0.62,0.5,0.831,0.48,0.511
0.64,0.64,1.0,1.0,0.91,0.91,0.16,0.16,0.4,0.4,0.0,0.85,0.0,0.0,0.75,0.37,0.85,0.74,0.54,0.85,0.86,0.54,0.54,0.43,0.68,0.44,0.66,0.61,0.5,0.821,0.458,0.511
0.63,0.63,1.0,1.0,0.91,0.91,0.16,0.16,0.41,0.41,0.0,0.84,0.0,0.0,0.75,0.37,0.83,0.74,0.55,0.83,0.84,0.55,0.55,0.46,0.63,0.47,0.6,0.6,0.5,0.809,0.425,0.501
0.62,0.62,1.0,1.0,0.93,0.93,0.16,0.16,0.42,0.42,0.0,0.83,0.0,0.0,0.75,0.37,0.83,0.74,0.56,0.82,0.84,0.56,0.56,0.45,0.65,0.46,0.63,0.6,0.5,0.8,0.413,0.474
0.63,0.63,1.0,1.0,0.92,0.92,0.16,0.16,0.35,0.35,0.15,0.58,0.0,0.0,0.75,0.36,0.81,0.74,0.56,0.8,0.82,0.56,0.56,0.48,0.59,0.49,0.56,0.63,0.5,0.796,0.41,0.466
0.62,0.62,1.0,1.0,0.93,0.93,0.16,0.16,0.29,0.29,0.34,0.39,0.0,0.0,0.75,0.36,0.8,0.73,0.55,0.79,0.81,0.55,0.55,0.53,0.49,0.53,0.48,0.64,0.5,0.786,0.403,0.464
0.61,0.61,1.0,1.0,0.93,0.93,0.16,0.16,0.29,0.29,0.34,0.39,0.0,0.0,0.75,0.36,0.76,0.73,0.56,0.74,0.78,0.56,0.56,0.52,0.51,0.53,0.49,0.64,0.5,0.784,0.405,0.462
0.61,0.61,1.0,1.0,0.93,0.93,0.16,0.16,0.29,0.29,0.34,0.38,0.0,0.0,0.75,0.36,0.73,0.74,0.56,0.71,0.75,0.56,0.56,0.53,0.48,0.54,0.47,0.64,0.5,0.779,0.403,0.465
0.61,0.61,1.0,1.0,0.94,0.94,0.16,0.16,0.29,0.29,0.34,0.39,0.07,0.09,0.75,0.36,0.68,0.73,0.56,0.65,0.7,0.56,0.56,0.6,0.43,0.61,0.43,0.65,0.5,0.78,0.41,0.468
0.6,0.6,1.0,1.0,0.94,0.94,0.16,0.16,0.28,0.28,0.27,0.45,0.09,0.1,0.75,0.34,0.68,0.72,0.56,0.65,0.71,0.56,0.56,0.61,0.42,0.62,0.42,0.67,0.5,0.789,0.42,0.467
0.59,0.59,1.0,1.0,0.95,0.95,0.16,0.16,0.29,0.29,0.19,0.53,0.0,0.02,0.75,0.33,0.69,0.71,0.56,0.65,0.72,0.56,0.56,0.55,0.45,0.56,0.45,0.67,0.5,0.781,0.42,0.482
0.59,0.59,1.0,1.0,0.95,0.95,0.16,0.16,0.29,0.29,0.22,0.51,0.04,0.06,0.75,0.33,0.68,0.71,0.56,0.64,0.71,0.56,0.56,0.58,0.44,0.59,0.43,0.68,0.5,0.775,0.428,0.497
0.6,0.6,1.0,1.0,0.94,0.94,0.74,0.71,0.19,0.19,0.21,0.52,0.0,0.02,0.75,0.33,0.65,0.71,0.56,0.61,0.69,0.56,0.56,0.55,0.45,0.56,0.44,0.68,0.5,0.781,0.43,0.508
0.61,0.61,1.0,1.0,0.94,0.94,0.25,0.25,0.25,0.25,0.08,0.66,0.02,0.04,0.75,0.32,0.71,0.7,0.56,0.67,0.75,0.56,0.56,0.56,0.45,0.58,0.44,0.69,0.5,0.767,0.448,0.505
0.59,0.59,1.0,1.0,0.95,0.95,0.16,0.16,0.3,0.3,0.02,0.71,0.06,0.06,0.75,0.3,0.7,0.69,0.56,0.66,0.74,0.56,0.56,0.59,0.43,0.59,0.43,0.69,0.5,0.766,0.457,0.498
0.59,0.59,1.0,1.0,0.95,0.95,0.16,0.16,0.31,0.31,0.04,0.69,0.1,0.12,0.75,0.3,0.71,0.69,0.56,0.67,0.75,0.56,0.56,0.62,0.42,0.63,0.41,0.7,0.5,0.771,0.46,0.495
0.59,0.59,1.0,1.0,0.95,0.95,0.16,0.16,0.3,0.3,0.09,0.64,0.04,0.04,0.75,0.3,0.7,0.68,0.56,0.67,0.74,0.56,0.56,0.58,0.44,0.58,0.43,0.7,0.5,0.77,0.453,0.496
0.58,0.58,1.0,1.0,0.96,0.96,0.16,0.16,0.3,0.3,0.19,0.54,0.1,0.13,0.75,0.3,0.65,0.69,0.56,0.61,0.68,0.56,0.56,0.62,0.42,0.64,0.41,0.67,0.5,0.769,0.45,0.494
0.58,0.58,1.0,1.0,0.96,0.96,0.16,0.16,0.29,0.29,0.3,0.42,0.06,0.1,0.5,0.32,0.59,0.7,0.56,0.57,0.61,0.56,0.56,0.59,0.43,0.62,0.42,0.64,0.5,0.776,0.443,0.485
0.58,0.58,1.0,1.0,0.96,0.96,0.16,0.16,0.28,0.28,0.36,0.37,0.09,0.13,0.5,0.33,0.52,0.71,0.56,0.5,0.54,0.56,0.56,0.61,0.42,0.64,0.41,0.61,0.5,0.772,0.463,0.412
0.59,0.59,1.0,1.0,0.95,0.95,0.16,0.16,0.29,0.29,0.39,0.34,0.09,0.12,0.5,0.34,0.52,0.72,0.56,0.49,0.54,0.56,0.56,0.61,0.42,0.63,0.41,0.59,0.5,0.761,0.46,0.385
0.59,0.59,1.0,1.0,0.95,0.95,0.16,0.16,0.29,0.29,0.39,0.33,0.1,0.12,0.5,0.34,0.51,0.72,0.56,0.49,0.53,0.56,0.56,0.62,0.42,0.63,0.41,0.57,0.5,0.754,0.463,0.387
0.59,0.59,1.0,1.0,0.95,0.95,0.16,0.16,0.3,0.3,0.37,0.35,0.03,0.07,0.5,0.34,0.5,0.72,0.56,0.47,0.53,0.56,0.56,0.57,0.44,0.6,0.43,0.49,0.5,0.741,0.497,0.354
0.58,0.58,1.0,1.0,0.96,0.96,0.16,0.16,0.31,0.31,0.28,0.44,0.02,0.12,0.5,0.35,0.47,0.72,0.56,0.44,0.51,0.56,0.56,0.56,0.44,0.63,0.41,0.47,0.5,0.737,0.532,0.271
0.58,0.58,1.0,1.0,0.96,0.96,0.16,0.16,0.32,0.32,0.21,0.52,0.0,0.0,0.75,0.35,0.51,0.72,0.56,0.46,0.56,0.56,0.56,0.52,0.51,0.55,0.45,0.42,1.0,0.737,0.552,0.255
0.58,0.58,1.0,1.0,0.96,0.96,0.16,0.16,0.32,0.32,0.2,0.52,0.0,0.06,0.75,0.35,0.49,0.73,0.56,0.46,0.52,0.56,0.56,0.55,0.45,0.59,0.43,0.38,1.0,0.739,0.547,0.285
0.58,0.58,1.0,1.0,0.96,0.96,0.16,0.16,0.33,0.33,0.23,0.5,0.0,0.0,0.5,0.36,0.48,0.74,0.56,0.46,0.51,0.56,0.56,0.49,0.57,0.51,0.53,0.21,1.0,0.742,0.538,0.312
0.58,0.58,1.0,1.0,0.96,0.96,0.16,0.16,0.33,0.33,0.27,0.46,0.0,0.0,0.5,0.37,0.49,0.74,0.56,0.47,0.51,0.56,0.56,0.4,0.73,0.41,0.71,0.15,1.0,0.746,0.505,0.389
0.58,0.58,1.0,1.0,0.96,0.96,0.16,0.16,0.32,0.32,0.3,0.43,0.0,0.0,0.5,0.39,0.47,0.76,0.56,0.46,0.48,0.56,0.56,0.41,0.72,0.41,0.73,0.14,0.89,0.75,0.477,0.463
0.58,0.58,1.0,1.0,0.96,0.96,0.16,0.16,0.32,0.32,0.3,0.42,0.0,0.0,0.5,0.4,0.51,0.76,0.56,0.5,0.52,0.56,0.56,0.4,0.73,0.41,0.73,0.11,0.7,0.762,0.45,0.516
0.57,0.57,1.0,1.0,0.96,0.96,0.16,0.16,0.32,0.32,0.3,0.42,0.0,0.0,0.5,0.4,0.54,0.76,0.56,0.52,0.55,0.56,0.56,0.34,0.87,0.34,0.87,0.1,0.72,0.761,0.448,0.535
0.57,0.57,1.0,1.0,0.96,0.96,0.16,0.16,0.32,0.32,0.31,0.42,0.0,0.0,0.5,0.4,0.5,0.76,0.56,0.48,0.52,0.56,0.56,0.37,0.79,0.37,0.79,0.09,0.72,0.756,0.452,0.536
0.57,0.57,1.0,1.0,0.96,0.96,0.16,0.16,0.31,0.31,0.31,0.41,0.0,0.0,0.5,0.33,0.52,0.71,0.56,0.51,0.53,0.56,0.56,0.44,0.67,0.45,0.64,0.1,1.0,0.74,0.463,0.506
0.57,0.57,1.0,1.0,0.96,0.96,0.16,0.16,0.3,0.3,0.32,0.41,0.0,0.0,0.5,0.32,0.51,0.7,0.56,0.49,0.52,0.56,0.56,0.39,0.76,0.4,0.73,0.09,1.0,0.714,0.493,0.414
0.58,0.58,1.0,1.0,0.96,0.96,0.16,0.16,0.29,0.29,0.32,0.41,0.0,0.0,0.5,0.32,0.51,0.7,0.56,0.49,0.52,0.56,0.56,0.39,0.76,0.4,0.73,0.09,1.0,0.713,0.51,0.377
0.58,0.58,1.0,1.0,0.96,0.96,0.43,0.43,0.2,0.2,0.33,0.39,0.2,0.24,0.5,0.32,0.62,0.7,0.56,0.61,0.63,0.56,0.56,0.68,0.39,0.71,0.38,0.09,1.0,0.704,0.535,0.381
0.58,0.58,1.0,1.0,0.96,0.96,0.27,0.27,0.24,0.24,0.31,0.41,0.33,0.36,0.5,0.31,0.84,0.7,0.53,0.84,0.84,0.53,0.53,0.77,0.35,0.79,0.34,0.07,0.64,0.696,0.538,0.4
0.58,0.58,1.0,1.0,0.96,0.96,0.16,0.16,0.3,0.3,0.29,0.44,0.45,0.46,0.75,0.26,0.95,0.66,0.33,0.95,0.95,0.33,0.33,0.85,0.31,0.86,0.31,0.05,0.54,0.696,0.513,0.441
0.57,0.57,1.0,1.0,0.97,0.97,0.16,0.16,0.29,0.29,0.29,0.43,0.6,0.6,0.75,0.25,0.95,0.65,0.32,0.95,0.95,0.32,0.32,0.95,0.27,0.95,0.27,0.05,0.56,0.711,0.492,0.465
0.57,0.57,1.0,1.0,0.97,0.97,0.72,0.7,0.14,0.14,0.32,0.41,0.55,0.55,0.75,0.25,0.95,0.65,0.32,0.95,0.95,0.32,0.32,0.92,0.28,0.92,0.28,0.04,0.6,0.713,0.49,0.475
0.57,0.57,1.0,1.0,0.97,0.97,0.23,0.22,0.23,0.23,0.33,0.4,0.52,0.51,0.75,0.25,0.95,0.65,0.3,0.95,0.95,0.3,0.3,0.9,0.29,0.89,0.3,0.04,0.6,0.709,0.49,0.475
0.56,0.56,1.0,1.0,0.97,0.97,0.16,0.16,0.27,0.27,0.33,0.4,0.4,0.39,1.0,0.24,0.96,0.64,0.29,0.96,0.96,0.29,0.29,0.82,0.33,0.81,0.34,0.03,0.59,0.721,0.483,0.48
0.56,0.56,1.0,1.0,0.98,0.98,0.67,0.65,0.19,0.19,0.34,0.39,0.39,0.4,1.0,0.23,0.96,0.64,0.3,0.96,0.96,0.3,0.3,0.81,0.33,0.82,0.33,0.03,0.59,0.738,0.487,0.468
0.56,0.56,1.0,1.0,0.98,0.98,0.92,0.92,0.32,0.32,0.33,0.4,0.45,0.46,0.75,0.23,0.93,0.64,0.3,0.93,0.93,0.3,0.3,0.85,0.32,0.86,0.31,0.03,0.59,0.747,0.487,0.465
0.56,0.56,1.0,1.0,0.97,0.97,0.89,0.89,0.36,0.36,0.33,0.39,0.39,0.38,0.75,0.23,0.93,0.64,0.29,0.93,0.93,0.29,0.29,0.81,0.33,0.8,0.34,0.02,0.53,0.762,0.482,0.462
0.56,0.56,1.0,1.0,0.98,0.98,0.85,0.85,0.31,0.31,0.33,0.4,0.38,0.36,0.75,0.23,0.91,0.64,0.3,0.91,0.91,0.3,0.3,0.8,0.34,0.79,0.34,0.03,0.51,0.761,0.483,0.47
0.56,0.56,1.0,1.0,0.98,0.98,0.68,0.66,0.27,0.27,0.32,0.4,0.38,0.34,0.75,0.24,0.92,0.64,0.3,0.91,0.92,0.3,0.3,0.8,0.34,0.78,0.35,0.03,0.48,0.739,0.5,0.463
0.56,0.56,1.0,1.0,0.98,0.98,0.95,0.95,0.4,0.4,0.35,0.37,0.33,0.31,0.75,0.24,0.91,0.64,0.28,0.9,0.91,0.28,0.28,0.77,0.35,0.76,0.36,0.03,0.47,0.734,0.513,0.448
0.57,0.57,1.0,1.0,0.97,0.97,0.94,0.94,0.4,0.4,0.36,0.37,0.33,0.3,0.75,0.24,0.91,0.64,0.28,0.9,0.91,0.28,0.28,0.77,0.35,0.75,0.36,0.03,0.45,0.729,0.52,0.451
0.57,0.57,1.0,1.0,0.97,0.97,0.94,0.94,0.39,0.39,0.35,0.38,0.38,0.36,0.75,0.24,0.9,0.64,0.3,0.89,0.9,0.3,0.3,0.8,0.34,0.79,0.35,0.03,0.46,0.735,0.535,0.45
0.56,0.56,1.0,1.0,0.97,0.97,0.94,0.94,0.4,0.4,0.35,0.37,0.31,0.28,0.75,0.24,0.9,0.64,0.28,0.89,0.9,0.28,0.28,0.76,0.36,0.74,0.37,0.03,0.48,0.73,0.537,0.443
0.56,0.56,1.0,1.0,0.97,0.97,0.93,0.93,0.38,0.38,0.35,0.38,0.36,0.33,0.75,0.24,0.9,0.64,0.29,0.9,0.9,0.29,0.29,0.79,0.34,0.77,0.35,0.03,0.48,0.675,0.525,0.428
0.56,0.56,1.0,1.0,0.97,0.97,0.93,0.93,0.39,0.39,0.33,0.39,0.27,0.24,0.75,0.24,0.91,0.64,0.3,0.9,0.91,0.3,0.3,0.73,0.37,0.71,0.38,0.03,0.5,0.611,0.522,0.405
0.26,0.26,0.37,0.37,1.0,1.0,0.16,0.16,0.41,0.41,0.32,0.4,0.33,0.28,1.0,0.24,0.94,0.64,0.31,0.93,0.94,0.31,0.31,0.77,0.35,0.74,0.37,0.03,0.49,0.516,0.52,0.397
0.56,0.56,1.0,1.0,0.98,0.98,0.82,0.82,0.31,0.31,0.35,0.37,0.18,0.2,0.75,0.24,0.91,0.64,0.3,0.91,0.91,0.3,0.3,0.67,0.4,0.68,0.39,0.03,0.5,0.448,0.5,0.412
0.59,0.59,1.0,1.0,0.95,0.95,0.96,0.96,0.33,0.33,0.36,0.36,0.21,0.22,0.75,0.27,0.9,0.67,0.31,0.89,0.9,0.31,0.31,0.69,0.39,0.7,0.38,0.03,0.58,0.314,0.502,0.415
0.6,0.6,1.0,1.0,0.95,0.95,0.95,0.95,0.23,0.23,0.36,0.37,0.15,0.13,0.75,0.3,0.89,0.69,0.31,0.88,0.9,0.31,0.31,0.65,0.41,0.64,0.41,0.03,0.59,0.279,0.507,0.428
0.6,0.6,1.0,1.0,0.95,0.95,0.26,0.26,0.17,0.17,0.36,0.36,0.13,0.12,0.75,0.33,0.89,0.71,0.33,0.88,0.9,0.33,0.33,0.64,0.41,0.63,0.41,0.04,0.59,0.293,0.505,0.448
0.59,0.59,1.0,1.0,0.95,0.95,0.21,0.21,0.17,0.17,0.36,0.37,0.12,0.12,0.75,0.36,0.77,0.73,0.38,0.76,0.78,0.38,0.38,0.63,0.41,0.63,0.41,0.07,0.57,0.362,0.487,0.468
0.59,0.59,1.0,1.0,0.95,0.95,0.2,0.2,0.18,0.18,0.36,0.37,0.09,0.12,0.5,0.44,0.53,0.79,0.56,0.52,0.54,0.56,0.56,0.61,0.42,0.63,0.41,0.2,0.61,0.366,0.485,0.452
0.6,0.6,1.0,1.0,0.94,0.94,0.16,0.16,0.2,0.2,0.35,0.38,0.0,0.0,0.5,0.42,0.43,0.77,0.56,0.42,0.43,0.56,0.56,0.51,0.53,0.53,0.48,0.33,0.77,0.364,0.487,0.455
0.6,0.6,1.0,1.0,0.94,0.94,0.16,0.16,0.2,0.2,0.35,0.37,0.0,0.0,0.5,0.4,0.43,0.77,0.56,0.43,0.44,0.56,0.56,0.46,0.63,0.49,0.58,0.43,1.0,0.378,0.477,0.445
0.6,0.6,1.0,1.0,0.94,0.94,0.16,0.16,0.21,0.21,0.36,0.36,0.0,0.0,0.5,0.39,0.45,0.75,0.56,0.44,0.46,0.56,0.56,0.51,0.54,0.53,0.48,0.51,0.5,0.381,0.463,0.448
0.6,0.6,1.0,1.0,0.94,0.94,0.16,0.16,0.28,0.28,0.4,0.33,0.0,0.0,0.5,0.38,0.5,0.75,0.56,0.49,0.51,0.56,0.56,0.49,0.57,0.5,0.54,0.57,0.5,0.495,0.48,0.458
0.6,0.6,1.0,1.0,0.94,0.94,0.16,0.16,0.27,0.27,0.39,0.33,0.0,0.0,0.5,0.38,0.49,0.75,0.56,0.48,0.5,0.56,0.56,0.51,0.52,0.53,0.48,0.58,0.5,0.589,0.49,0.464
0.61,0.61,1.0,1.0,0.94,0.94,0.16,0.16,0.26,0.26,0.39,0.34,0.0,0.0,0.5,0.38,0.5,0.75,0.56,0.49,0.51,0.56,0.56,0.53,0.49,0.55,0.45,0.6,0.5,0.678,0.515,0.458
0.61,0.61,1.0,1.0,0.94,0.94,0.16,0.16,0.26,0.26,0.39,0.34,0.0,0.0,0.5,0.38,0.51,0.75,0.56,0.49,0.52,0.56,0.56,0.5,0.54,0.52,0.51,0.61,0.5,0.746,0.543,0.476
0.61,0.61,1.0,1.0,0.94,0.94,0.16,0.16,0.26,0.26,0.39,0.33,0.0,0.0,0.5,0.38,0.5,0.75,0.56,0.49,0.51,0.56,0.56,0.5,0.54,0.52,0.52,0.59,0.5,0.826,0.565,0.478
0.61,0.61,1.0,1.0,0.94,0.94,0.16,0.16,0.26,0.26,0.38,0.34,0.0,0.0,0.5,0.39,0.52,0.75,0.56,0.5,0.54,0.56,0.56,0.5,0.54,0.51,0.52,0.6,0.5,0.874,0.565,0.471
0.6,0.6,1.0,1.0,0.94,0.94,0.16,0.16,0.26,0.26,0.37,0.35,0.0,0.0,0.5,0.39,0.48,0.75,0.56,0.47,0.49,0.56,0.56,0.5,0.56,0.51,0.52,0.57,0.5,0.91,0.563,0.47
0.59,0.59,1.0,1.0,0.95,0.95,0.16,0.16,0.28,0.28,0.36,0.37,0.0,0.0,0.5,0.39,0.47,0.75,0.56,0.46,0.49,0.56,0.56,0.44,0.67,0.45,0.63,0.54,0.5,0.892,0.582,0.465
0.59,0.59,1.0,1.0,0.95,0.95,0.16,0.16,0.3,0.3,0.07,0.66,0.0,0.0,0.5,0.38,0.48,0.75,0.56,0.47,0.5,0.56,0.56,0.42,0.7,0.44,0.66,0.52,0.5,0.922,0.58,0.468
0.59,0.59,1.0,1.0,0.95,0.95,0.16,0.16,0.35,0.35,0.0,0.89,0.0,0.0,0.5,0.38,0.52,0.75,0.56,0.51,0.52,0.56,0.56,0.43,0.68,0.45,0.65,0.44,1.0,0.927,0.578,0.475
0.59,0.59,1.0,1.0,0.95,0.95,0.16,0.16,0.38,0.38,0.0,0.87,0.0,0.0,0.5,0.37,0.5,0.74,0.56,0.51,0.49,0.56,0.56,0.41,0.73,0.42,0.7,0.37,1.0,0.945,0.58,0.486
0.62,0.62,1.0,1.0,0.93,0.93,0.16,0.16,0.4,0.4,0.0,0.84,0.0,0.0,0.75,0.37,0.55,0.74,0.56,0.56,0.54,0.56,0.56,0.4,0.75,0.41,0.72,0.41,0.99,0.948,0.59,0.486
0.6,0.6,1.0,1.0,0.94,0.94,0.16,0.16,0.23,0.23,0.38,0.34,0.0,0.0,0.5,0.36,0.48,0.74,0.56,0.48,0.49,0.56,0.56,0.36,0.81,0.37,0.81,0.39,1.0,0.954,0.603,0.484
0.61,0.61,1.0,1.0,0.94,0.94,0.16,0.16,0.23,0.23,0.36,0.37,0.0,0.0,0.5,0.37,0.48,0.74,0.56,0.46,0.5,0.56,0.56,0.4,0.74,0.41,0.73,0.42,1.0,0.956,0.6,0.484
0.6,0.6,1.0,1.0,0.94,0.94,0.16,0.16,0.24,0.24,0.35,0.38,0.0,0.0,0.5,0.37,0.49,0.74,0.56,0.47,0.52,0.56,0.56,0.41,0.73,0.41,0.71,0.42,1.0,0.957,0.598,0.485
0.61,0.61,1.0,1.0,0.94,0.94,0.63,0.63,0.12,0.12,0.35,0.38,0.0,0.0,0.5,0.39,0.45,0.75,0.56,0.43,0.48,0.56,0.56,0.47,0.61,0.48,0.58,0.47,0.5,0.954,0.592,0.481
0.6,0.6,1.0,1.0,0.94,0.94,0.21,0.21,0.22,0.22,0.32,0.41,0.0,0.0,0.5,0.38,0.45,0.75,0.56,0.43,0.48,0.56,0.56,0.39,0.75,0.4,0.74,0.47,0.5,0.937,0.573,0.47
0.6,0.6,1.0,1.0,0.95,0.95,0.16,0.16,0.23,0.23,0.29,0.43,0.0,0.0,0.5,0.38,0.49,0.74,0.56,0.47,0.51,0.56,0.56,0.38,0.79,0.38,0.78,0.45,0.5,0.929,0.555,0.453
0.59,0.59,1.0,1.0,0.95,0.95,0.16,0.16,0.25,0.25,0.14,0.59,0.0,0.0,0.5,0.38,0.46,0.74,0.56,0.43,0.49,0.56,0.56,0.35,0.85,0.35,0.83,0.42,1.0,0.915,0.518,0.441
0.6,0.6,1.0,1.0,0.94,0.94,0.16,0.16,0.31,0.31,0.0,0.77,0.0,0.0,0.5,0.38,0.44,0.75,0.56,0.43,0.46,0.56,0.56,0.4,0.75,0.41,0.73,0.38,1.0,0.906,0.487,0.443
0.6,0.6,1.0,1.0,0.94,0.94,0.16,0.16,0.3,0.3,0.0,0.74,0.0,0.0,0.5,0.4,0.41,0.76,0.56,0.4,0.42,0.56,0.56,0.39,0.77,0.4,0.75,0.35,1.0,0.881,0.455,0.475
0.6,0.6,1.0,1.0,0.94,0.94,0.16,0.16,0.32,0.32,0.02,0.71,0.0,0.0,0.5,0.41,0.43,0.77,0.56,0.43,0.44,0.56,0.56,0.39,0.76,0.39,0.76,0.32,0.64,0.869,0.462,0.496
0.6,0.6,1.0,1.0,0.94,0.94,0.16,0.16,0.32,0.32,0.05,0.69,0.0,0.0,0.5,0.41,0.45,0.77,0.56,0.45,0.46,0.56,0.56,0.38,0.79,0.38,0.78,0.33,0.71,0.864,0.48,0.498
0.6,0.6,1.0,1.0,0.95,0.95,0.16,0.16,0.3,0.3,0.1,0.63,0.0,0.0,0.5,0.42,0.44,0.78,0.56,0.43,0.46,0.56,0.56,0.37,0.79,0.39,0.77,0.38,1.0,0.866,0.487,0.475
0.6,0.6,1.0,1.0,0.95,0.95,0.16,0.16,0.26,0.26,0.26,0.46,0.0,0.0,0.5,0.41,0.47,0.77,0.56,0.44,0.5,0.56,0.56,0.4,0.75,0.42,0.7,0.42,1.0,0.865,0.5,0.447
0.6,0.6,1.0,1.0,0.95,0.95,0.16,0.16,0.25,0.25,0.31,0.41,0.0,0.0,0.5,0.41,0.48,0.77,0.56,0.46,0.51,0.56,0.56,0.47,0.61,0.49,0.56,0.42,1.0,0.855,0.508,0.437
0.6,0.6,1.0,1.0,0.95,0.95,0.16,0.16,0.25,0.25,0.37,0.36,0.0,0.0,0.5,0.39,0.49,0.75,0.56,0.48,0.51,0.56,0.56,0.42,0.7,0.44,0.66,0.4,1.0,0.851,0.51,0.428
0.59,0.59,1.0,1.0,0.95,0.95,0.16,0.16,0.25,0.25,0.4,0.33,0.0,0.0,0.5,0.38,0.51,0.75,0.56,0.49,0.52,0.56,0.56,0.36,0.81,0.38,0.78,0.39,1.0,0.847,0.52,0.405
0.59,0.59,1.0,1.0,0.95,0.95,0.16,0.16,0.25,0.25,0.42,0.31,0.0,0.0,0.5,0.38,0.51,0.75,0.56,0.5,0.52,0.56,0.56,0.34,0.85,0.35,0.83,0.37,1.0,0.858,0.532,0.364
0.6,0.6,1.0,1.0,0.95,0.95,0.16,0.16,0.25,0.25,0.42,0.3,0.0,0.0,0.5,0.39,0.52,0.75,0.56,0.51,0.53,0.56,0.56,0.41,0.72,0.42,0.7,0.41,1.0,0.859,0.528,0.353
0.6,0.6,1.0,1.0,0.94,0.94,0.16,0.16,0.25,0.25,0.42,0.3,0.0,0.0,0.5,0.4,0.51,0.76,0.56,0.5,0.52,0.56,0.56,0.45,0.65,0.44,0.66,0.45,0.5,0.846,0.513,0.375
0.6,0.6,1.0,1.0,0.94,0.94,0.16,0.16,0.25,0.25,0.42,0.31,0.0,0.0,0.5,0.4,0.49,0.76,0.56,0.48,0.5,0.56,0.56,0.42,0.7,0.41,0.72,0.44,0.7,0.84,0.51,0.386
0.59,0.59,1.0,1.0,0.95,0.95,0.16,0.16,0.29,0.29,0.39,0.33,0.0,0.0,0.5,0.41,0.43,0.77,0.56,0.42,0.43,0.56,0.56,0.36,0.82,0.34,0.86,0.32,0.18,0.835,0.515,0.395
0.58,0.58,1.0,1.0,0.96,0.96,0.16,0.16,0.33,0.32,0.33,0.39,0.0,0.0,0.5,0.42,0.39,0.77,0.56,0.38,0.39,0.56,0.56,0.36,0.83,0.35,0.83,0.27,0.16,0.824,0.505,0.382
0.57,0.57,1.0,1.0,0.97,0.97,0.16,0.16,0.35,0.35,0.27,0.45,0.0,0.0,0.75,0.45,0.46,0.8,0.56,0.45,0.47,0.56,0.56,0.34,0.87,0.34,0.87,0.27,0.25,0.822,0.497,0.348
0.57,0.57,1.0,1.0,0.97,0.97,0.16,0.16,0.38,0.38,0.28,0.44,0.0,0.0,0.75,0.47,0.47,0.81,0.56,0.46,0.49,0.56,0.56,0.31,0.92,0.31,0.92,0.27,0.25,0.815,0.483,0.348
0.57,0.57,1.0,1.0,0.97,0.97,0.16,0.16,0.4,0.4,0.32,0.4,0.0,0.0,0.75,0.52,0.46,0.85,0.56,0.45,0.47,0.56,0.56,0.32,0.89,0.31,0.91,0.29,0.21,0.814,0.453,0.38
0.56,0.56,1.0,1.0,0.97,0.97,0.16,0.16,0.4,0.4,0.38,0.34,0.0,0.0,0.75,0.52,0.38,0.85,0.56,0.37,0.39,0.56,0.56,0.33,0.88,0.33,0.88,0.28,0.42,0.823,0.437,0.429
0.56,0.56,1.0,1.0,0.97,0.97,0.16,0.16,0.4,0.4,0.41,0.31,0.0,0.0,0.5,0.5,0.37,0.83,0.56,0.36,0.38,0.56,0.56,0.36,0.83,0.36,0.83,0.27,0.81,0.834,0.428,0.465
0.56,0.56,1.0,1.0,0.97,0.97,0.16,0.16,0.39,0.39,0.42,0.3,0.0,0.0,0.5,0.47,0.36,0.82,0.56,0.35,0.38,0.56,0.56,0.39,0.76,0.39,0.76,0.27,0.78,0.84,0.423,0.482
0.57,0.57,1.0,1.0,0.97,0.97,0.4,0.39,0.25,0.25,0.42,0.3,0.0,0.0,0.5,0.48,0.4,0.82,0.56,0.39,0.4,0.56,0.56,0.45,0.64,0.46,0.62,0.29,0.71,0.844,0.43,0.486
0.57,0.57,1.0,1.0,0.97,0.97,0.16,0.16,0.33,0.33,0.41,0.31,0.0,0.0,0.5,0.44,0.42,0.79,0.56,0.4,0.43,0.56,0.56,0.51,0.52,0.53,0.48,0.23,1.0,0.84,0.447,0.486
0.57,0.57,1.0,1.0,0.97,0.97,0.16,0.16,0.35,0.35,0.4,0.32,0.0,0.0,0.5,0.4,0.42,0.76,0.56,0.39,0.44,0.56,0.56,0.53,0.49,0.54,0.46,0.18,1.0,0.816,0.475,0.49
0.56,0.56,1.0,1.0,0.97,0.97,0.16,0.16,0.49,0.49,0.52,0.2,0.0,0.0,0.5,0.4,0.47,0.76,0.56,0.45,0.49,0.56,0.56,0.45,0.64,0.47,0.6,0.15,1.0,0.777,0.502,0.483
0.56,0.56,1.0,1.0,0.97,0.97,0.16,0.16,0.51,0.51,0.5,0.23,0.0,0.0,0.75,0.42,0.53,0.78,0.56,0.51,0.55,0.56,0.56,0.44,0.66,0.45,0.64,0.14,1.0,0.69,0.548,0.463
0.56,0.56,1.0,1.0,0.97,0.97,0.16,0.16,0.52,0.52,0.47,0.26,0.0,0.0,0.75,0.48,0.59,0.82,0.56,0.58,0.61,0.56,0.56,0.52,0.52,0.51,0.52,0.12,0.85,0.666,0.585,0.398
0.56,0.56,1.0,1.0,0.97,0.97,0.16,0.16,0.52,0.52,0.44,0.29,0.0,0.0,0.75,0.47,0.67,0.81,0.56,0.65,0.68,0.56,0.56,0.55,0.46,0.54,0.46,0.11,0.58,0.632,0.613,0.387
0.56,0.56,1.0,1.0,0.97,0.97,0.16,0.16,0.52,0.52,0.44,0.28,0.13,0.12,0.75,0.45,0.74,0.8,0.55,0.73,0.75,0.55,0.55,0.64,0.41,0.63,0.42,0.09,0.41,0.603,0.625,0.409
0.56,0.56,1.0,1.0,0.97,0.97,0.16,0.16,0.5,0.5,0.42,0.31,0.18,0.18,1.0,0.34,0.92,0.72,0.36,0.91,0.92,0.36,0.36,0.67,0.4,0.67,0.4,0.05,0.44,0.599,0.62,0.447
0.56,0.56,1.0,1.0,0.97,0.97,0.45,0.44,0.21,0.21,0.33,0.4,0.21,0.24,1.0,0.3,0.93,0.69,0.33,0.93,0.93,0.33,0.33,0.69,0.39,0.71,0.38,0.04,0.48,0.596,0.612,0.473
0.57,0.57,1.0,1.0,0.97,0.97,0.2,0.2,0.27,0.27,0.32,0.41,0.27,0.28,1.0,0.27,0.93,0.67,0.32,0.93,0.93,0.32,0.32,0.73,0.37,0.74,0.36,0.04,0.51,0.608,0.593,0.494
0.56,0.56,1.0,1.0,0.98,0.98,0.16,0.16,0.31,0.31,0.32,0.4,0.12,0.12,1.0,0.24,0.97,0.64,0.28,0.97,0.97,0.28,0.28,0.63,0.41,0.63,0.41,0.03,0.53,0.625,0.578,0.501
0.57,0.57,1.0,1.0,0.97,0.97,0.16,0.16,0.36,0.36,0.33,0.39,0.0,0.0,1.0,0.31,0.98,0.7,0.36,0.98,0.98,0.36,0.36,0.48,0.59,0.49,0.57,0.38,0.6,0.643,0.552,0.495
0.58,0.58,1.0,1.0,0.96,0.96,0.16,0.16,0.36,0.36,0.33,0.39,0.0,0.0,1.0,0.33,0.98,0.71,0.44,0.98,0.98,0.44,0.44,0.49,0.56,0.5,0.55,0.41,0.66,0.646,0.533,0.479
0.57,0.57,1.0,1.0,0.96,0.96,0.16,0.16,0.36,0.36,0.35,0.37,0.0,0.0,1.0,0.36,0.97,0.73,0.45,0.97,0.97,0.45,0.45,0.55,0.45,0.55,0.45,0.35,0.89,0.646,0.525,0.474
0.57,0.57,1.0,1.0,0.97,0.97,0.16,0.16,0.37,0.37,0.35,0.37,0.12,0.09,1.0,0.35,0.96,0.72,0.47,0.96,0.96,0.47,0.47,0.63,0.41,0.61,0.42,0.31,0.92,0.646,0.515,0.461
0.56,0.56,1.0,1.0,0.97,0.97,0.16,0.16,0.45,0.45,0.39,0.33,0.22,0.18,1.0,0.32,0.95,0.7,0.5,0.95,0.96,0.5,0.5,0.7,0.38,0.67,0.4,0.19,0.84,0.65,0.512,0.437
0.56,0.56,1.0,1.0,0.98,0.98,0.16,0.16,0.71,0.71,0.44,0.29,0.25,0.18,1.0,0.3,0.95,0.69,0.42,0.95,0.96,0.42,0.42,0.72,0.38,0.67,0.39,0.12,0.95,0.666,0.502,0.42
0.56,0.56,1.0,1.0,0.98,0.98,0.16,0.16,0.72,0.72,0.43,0.3,0.28,0.22,1.0,0.27,0.97,0.66,0.33,0.97,0.97,0.33,0.33,0.74,0.37,0.7,0.38,0.07,0.75,0.668,0.488,0.42
0.56,0.56,1.0,1.0,0.98,0.98,0.16,0.16,0.76,0.76,0.44,0.29,0.12,0.07,1.0,0.25,0.98,0.65,0.32,0.98,0.98,0.32,0.32,0.63,0.41,0.6,0.43,0.13,1.0,0.652,0.483,0.412
0.56,0.56,1.0,1.0,0.97,0.97,0.81,0.81,0.25,0.25,0.37,0.35,0.43,0.45,1.0,0.24,0.97,0.64,0.3,0.97,0.97,0.3,0.3,0.84,0.32,0.85,0.32,0.11,0.58,0.651,0.477,0.4
0.56,0.56,1.0,1.0,0.97,0.97,0.2,0.2,0.34,0.34,0.38,0.35,0.58,0.55,1.0,0.24,0.96,0.64,0.31,0.96,0.97,0.31,0.31,0.94,0.28,0.92,0.28,0.07,0.6,0.649,0.478,0.402
0.56,0.56,1.0,1.0,0.97,0.97,0.16,0.16,0.37,0.37,0.36,0.36,0.45,0.42,1.0,0.24,0.96,0.64,0.31,0.96,0.97,0.31,0.31,0.85,0.31,0.83,0.33,0.05,0.59,0.639,0.477,0.41
0.56,0.56,1.0,1.0,0.97,0.97,0.7,0.68,0.24,0.24,0.35,0.37,0.28,0.28,1.0,0.24,0.96,0.64,0.31,0.96,0.96,0.31,0.31,0.74,0.36,0.74,0.37,0.04,0.57,0.634,0.485,0.425
0.56,0.56,1.0,1.0,0.97,0.97,0.24,0.23,0.34,0.34,0.35,0.37,0.27,0.25,1.0,0.24,0.95,0.64,0.31,0.95,0.96,0.31,0.31,0.73,0.37,0.72,0.37,0.04,0.56,0.641,0.49,0.435
0.56,0.56,1.0,1.0,0.98,0.98,0.16,0.16,0.39,0.39,0.35,0.37,0.25,0.22,1.0,0.24,0.95,0.64,0.31,0.95,0.96,0.31,0.31,0.72,0.37,0.7,0.38,0.04,0.54,0.639,0.5,0.439
0.56,0.56,1.0,1.0,0.98,0.98,0.16,0.16,0.37,0.37,0.35,0.37,0.22,0.18,1.0,0.24,0.96,0.64,0.31,0.96,0.96,0.31,0.31,0.7,0.39,0.67,0.39,0.03,0.53,0.624,0.503,0.44
0.59,0.59,1.0,1.0,0.95,0.95,0.96,0.96,0.34,0.34,0.36,0.37,0.15,0.18,0.75,0.26,0.93,0.66,0.32,0.93,0.93,0.32,0.32,0.65,0.4,0.67,0.4,0.03,0.52,0.614,0.505,0.44
0.59,0.59,1.0,1.0,0.95,0.95,0.95,0.95,0.34,0.34,0.36,0.36,0.0,0.0,0.75,0.28,0.93,0.67,0.34,0.93,0.93,0.34,0.34,0.38,0.79,0.39,0.76,0.03,0.53,0.589,0.513,0.452
0.56,0.56,1.0,1.0,0.98,0.98,0.16,0.16,0.3,0.3,0.36,0.36,0.15,0.13,1.0,0.31,0.84,0.69,0.5,0.84,0.85,0.5,0.5,0.65,0.4,0.64,0.41,0.08,0.51,0.59,0.513,0.452
0.58,0.58,1.0,1.0,0.96,0.96,0.16,0.16,0.25,0.25,0.36,0.36,0.1,0.1,0.75,0.4,0.7,0.76,0.56,0.69,0.71,0.56,0.56,0.62,0.42,0.62,0.42,0.34,0.43,0.574,0.53,0.449
0.59,0.59,1.0,1.0,0.95,0.95,0.16,0.16,0.25,0.25,0.36,0.36,0.0,0.0,0.75,0.44,0.68,0.79,0.56,0.68,0.68,0.56,0.56,0.32,0.89,0.32,0.89,0.4,0.38,0.55,0.537,0.445
0.61,0.61,1.0,1.0,0.93,0.93,0.16,0.16,0.23,0.23,0.37,0.36,0.0,0.0,0.5,0.39,0.61,0.76,0.56,0.61,0.61,0.56,0.56,0.31,0.92,0.31,0.92,0.37,0.86,0.543,0.538,0.45
0.61,0.61,1.0,1.0,0.93,0.93,0.16,0.16,0.19,0.19,0.36,0.36,0.0,0.0,0.5,0.39,0.53,0.75,0.56,0.54,0.52,0.56,0.56,0.35,0.84,0.37,0.81,0.44,0.98,0.551,0.542,0.45
0.61,0.61,1.0,1.0,0.93,0.93,0.22,0.21,0.18,0.18,0.36,0.36,0.0,0.0,0.5,0.39,0.47,0.75,0.56,0.48,0.47,0.56,0.56,0.37,0.8,0.39,0.76,0.47,0.5,0.543,0.542,0.441
0.61,0.61,1.0,1.0,0.94,0.94,0.16,0.16,0.26,0.26,0.42,0.3,0.0,0.0,0.5,0.39,0.49,0.75,0.56,0.49,0.49,0.56,0.56,0.37,0.8,0.39,0.77,0.47,0.5,0.511,0.523,0.444
0.6,0.6,1.0,1.0,0.94,0.94,0.16,0.16,0.3,0.3,0.44,0.29,0.0,0.0,0.5,0.39,0.53,0.76,0.56,0.53,0.53,0.56,0.56,0.39,0.76,0.41,0.72,0.49,0.5,0.519,0.523,0.44
0.6,0.6,1.0,1.0,0.95,0.95,0.16,0.16,0.32,0.32,0.44,0.28,0.0,0.0,0.5,0.4,0.58,0.76,0.56,0.57,0.58,0.56,0.56,0.43,0.67,0.45,0.64,0.54,0.5,0.536,0.52,0.438
0.59,0.59,1.0,1.0,0.95,0.95,0.16,0.16,0.34,0.34,0.41,0.32,0.0,0.0,0.5,0.41,0.59,0.77,0.56,0.58,0.61,0.56,0.56,0.37,0.79,0.39,0.76,0.55,0.5,0.541,0.515,0.444
0.59,0.59,1.0,1.0,0.95,0.95,0.16,0.16,0.34,0.34,0.38,0.34,0.0,0.0,0.75,0.42,0.62,0.78,0.56,0.61,0.64,0.56,0.56,0.37,0.79,0.39,0.77,0.59,0.5,0.558,0.527,0.456
0.59,0.59,1.0,1.0,0.95,0.95,0.16,0.16,0.34,0.34,0.38,0.35,0.0,0.0,0.75,0.42,0.66,0.77,0.56,0.64,0.67,0.56,0.56,0.38,0.78,0.39,0.77,0.62,0.5,0.608,0.543,0.455
0.59,0.59,1.0,1.0,0.95,0.95,0.16,0.16,0.33,0.33,0.36,0.36,0.0,0.0,0.75,0.41,0.64,0.77,0.56,0.62,0.66,0.56,0.56,0.39,0.75,0.4,0.74,0.62,0.5,0.669,0.547,0.457
0.59,0.59,1.0,1.0,0.95,0.95,0.16,0.16,0.33,0.33,0.36,0.36,0.0,0.0,0.75,0.41,0.67,0.77,0.56,0.64,0.69,0.56,0.56,0.4,0.74,0.4,0.73,0.65,0.5,0.756,0.568,0.476
0.59,0.59,1.0,1.0,0.95,0.95,0.16,0.16,0.34,0.34,0.34,0.39,0.0,0.0,0.75,0.4,0.67,0.77,0.56,0.64,0.69,0.56,0.56,0.4,0.73,0.41,0.72,0.67,0.5,0.796,0.573,0.495
0.6,0.6,1.0,1.0,0.94,0.94,0.16,0.16,0.34,0.34,0.3,0.42,0.0,0.0,0.75,0.4,0.68,0.76,0.56,0.65,0.7,0.56,0.56,0.4,0.74,0.41,0.72,0.67,0.5,0.843,0.568,0.506
0.6,0.6,1.0,1.0,0.94,0.94,0.16,0.16,0.34,0.34,0.29,0.43,0.0,0.0,0.75,0.4,0.68,0.76,0.56,0.65,0.7,0.56,0.56,0.4,0.74,0.41,0.72,0.67,0.5,0.881,0.577,0.508
0.6,0.6,1.0,1.0,0.94,0.94,0.16,0.16,0.33,0.33,0.3,0.42,0.0,0.0,0.75,0.4,0.65,0.77,0.56,0.62,0.67,0.56,0.56,0.4,0.74,0.42,0.71,0.67,0.5,0.893,0.58,0.514
0.6,0.6,1.0,1.0,0.94,0.94,0.16,0.16,0.31,0.31,0.32,0.41,0.0,0.0,0.75,0.4,0.65,0.76,0.56,0.62,0.68,0.56,0.56,0.41,0.73,0.42,0.7,0.67,0.5,0.89,0.578,0.516
0.6,0.6,1.0,1.0,0.94,0.94,0.16,0.16,0.3,0.3,0.32,0.4,0.0,0.0,0.75,0.4,0.61,0.76,0.56,0.58,0.64,0.56,0.56,0.42,0.7,0.44,0.67,0.67,0.5,0.883,0.567,0.5
0.6,0.6,1.0,1.0,0.94,0.94,0.16,0.16,0.27,0.27,0.32,0.4,0.0,0.0,0.75,0.4,0.58,0.76,0.56,0.55,0.61,0.56,0.56,0.46,0.62,0.47,0.6,0.67,0.5,0.876,0.538,0.485
0.61,0.61,1.0,1.0,0.94,0.94,0.16,0.16,0.26,0.26,0.34,0.39,0.0,0.0,0.75,0.4,0.55,0.76,0.56,0.51,0.59,0.56,0.56,0.52,0.5,0.52,0.5,0.67,0.5,0.869,0.495,0.471
0.61,0.61,1.0,1.0,0.94,0.94,0.16,0.16,0.25,0.25,0.34,0.39,0.0,0.0,0.5,0.39,0.54,0.76,0.56,0.5,0.58,0.56,0.56,0.55,0.46,0.54,0.47,0.67,0.5,0.861,0.463,0.458
0.63,0.63,1.0,1.0,0.92,0.92,0.16,0.16,0.27,0.27,0.35,0.38,0.13,0.13,0.5,0.37,0.59,0.74,0.56,0.58,0.6,0.56,0.56,0.64,0.41,0.64,0.41,0.7,0.5,0.847,0.427,0.449
0.7,0.7,1.0,1.0,0.86,0.86,0.22,0.22,0.19,0.19,0.38,0.35,0.18,0.18,0.5,0.36,0.57,0.73,0.54,0.56,0.58,0.54,0.54,0.67,0.4,0.67,0.4,0.71,0.5,0.849,0.405,0.445
0.78,0.78,1.0,1.0,0.8,0.8,0.22,0.22,0.16,0.16,0.36,0.36,0.22,0.2,0.5,0.36,0.59,0.73,0.52,0.58,0.6,0.52,0.52,0.7,0.38,0.68,0.39,0.76,0.5,0.844,0.368,0.431
0.78,0.78,1.0,1.0,0.8,0.8,0.2,0.2,0.16,0.16,0.36,0.37,0.24,0.21,0.5,0.36,0.59,0.73,0.53,0.58,0.6,0.53,0.53,0.71,0.38,0.69,0.39,0.78,0.5,0.839,0.345,0.415
0.78,0.78,1.0,1.0,0.8,0.8,0.16,0.16,0.18,0.18,0.37,0.36,0.27,0.24,0.5,0.36,0.6,0.73,0.53,0.59,0.61,0.53,0.53,0.73,0.37,0.71,0.38,0.79,0.5,0.839,0.318,0.391
0.76,0.76,1.0,1.0,0.81,0.81,0.18,0.18,0.13,0.13,0.36,0.37,0.28,0.24,0.5,0.36,0.61,0.73,0.53,0.6,0.62,0.53,0.53,0.74,0.37,0.71,0.38,0.82,0.5,0.834,0.305,0.374
0.73,0.73,1.0,1.0,0.84,0.84,0.48,0.47,0.08,0.08,0.38,0.35,0.27,0.22,0.5,0.35,0.61,0.72,0.54,0.6,0.62,0.54,0.54,0.73,0.37,0.7,0.38,0.82,0.5,0.832,0.282,0.359
0.75,0.75,1.0,1.0,0.83,0.83,0.32,0.32,0.11,0.11,0.42,0.3,0.21,0.15,0.5,0.34,0.65,0.72,0.54,0.65,0.65,0.54,0.54,0.69,0.39,0.65,0.4,0.82,0.5,0.827,0.275,0.362
0.73,0.73,1.0,1.0,0.84,0.84,0.34,0.33,0.11,0.11,0.46,0.27,0.2,0.15,0.5,0.34,0.66,0.72,0.54,0.66,0.67,0.54,0.54,0.68,0.39,0.65,0.41,0.82,0.5,0.837,0.283,0.364
0.72,0.72,1.0,1.0,0.85,0.85,0.3,0.29,0.14,0.14,0.48,0.24,0.16,0.12,0.5,0.34,0.7,0.72,0.54,0.7,0.7,0.54,0.54,0.66,0.4,0.63,0.42,0.82,0.5,0.858,0.288,0.365
0.72,0.72,1.0,1.0,0.85,0.85,0.29,0.29,0.15,0.15,0.51,0.22,0.15,0.09,0.5,0.34,0.72,0.72,0.54,0.72,0.73,0.54,0.54,0.65,0.4,0.61,0.43,0.82,0.5,0.884,0.302,0.368
0.7,0.7,1.0,1.0,0.86,0.86,0.24,0.24,0.16,0.16,0.52,0.21,0.15,0.09,0.5,0.35,0.72,0.72,0.55,0.72,0.73,0.55,0.55,0.65,0.4,0.61,0.42,0.81,0.5,0.905,0.313,0.373
0.69,0.69,1.0,1.0,0.87,0.87,0.23,0.23,0.17,0.17,0.52,0.21,0.13,0.07,0.5,0.35,0.75,0.72,0.55,0.75,0.75,0.55,0.55,0.64,0.41,0.6,0.43,0.81,0.5,0.949,0.34,0.392
0.66,0.66,1.0,1.0,0.9,0.9,0.22,0.22,0.19,0.19,0.52,0.21,0.0,0.0,0.75,0.35,0.78,0.72,0.55,0.77,0.78,0.55,0.55,0.55,0.45,0.52,0.5,0.81,0.5,0.989,0.373,0.415
0.62,0.62,1.0,1.0,0.93,0.93,0.2,0.19,0.22,0.22,0.51,0.22,0.0,0.0,0.75,0.35,0.73,0.72,0.56,0.73,0.74,0.56,0.56,0.54,0.48,0.51,0.52,0.78,0.5,0.993,0.4,0.432
0.61,0.61,1.0,1.0,0.94,0.94,0.16,0.16,0.24,0.24,0.52,0.2,0.0,0.0,0.75,0.34,0.77,0.72,0.56,0.76,0.77,0.56,0.56,0.53,0.49,0.51,0.52,0.77,0.5,0.993,0.432,0.443
0.6,0.6,1.0,1.0,0.94,0.94,0.16,0.16,0.25,0.25,0.55,0.18,0.0,0.0,0.75,0.33,0.78,0.71,0.56,0.78,0.78,0.56,0.56,0.5,0.54,0.49,0.56,0.74,0.5,0.993,0.462,0.46
0.58,0.58,1.0,1.0,0.96,0.96,0.16,0.16,0.26,0.26,0.55,0.18,0.0,0.0,0.75,0.33,0.77,0.71,0.56,0.75,0.78,0.56,0.56,0.52,0.5,0.51,0.53,0.69,0.5,0.993,0.482,0.485
0.58,0.58,1.0,1.0,0.96,0.96,0.16,0.16,0.29,0.29,0.51,0.22,0.0,0.0,0.75,0.33,0.76,0.71,0.56,0.74,0.77,0.56,0.56,0.51,0.52,0.5,0.54,0.66,0.5,0.961,0.535,0.547
0.58,0.58,1.0,1.0,0.96,0.96,0.16,0.16,0.31,0.31,0.48,0.25,0.0,0.0,0.75,0.34,0.74,0.72,0.56,0.72,0.77,0.56,0.56,0.51,0.53,0.5,0.55,0.63,0.5,0.938,0.58,0.603
0.57,0.57,1.0,1.0,0.96,0.96,0.16,0.16,0.32,0.32,0.46,0.27,0.0,0.0,0.75,0.36,0.71,0.73,0.56,0.69,0.74,0.56,0.56,0.5,0.54,0.5,0.54,0.54,0.5,0.914,0.623,0.649
0.57,0.57,1.0,1.0,0.97,0.97,0.16,0.16,0.35,0.35,0.43,0.29,0.0,0.0,0.75,0.39,0.66,0.76,0.56,0.64,0.68,0.56,0.56,0.45,0.64,0.45,0.64,0.41,0.99,0.894,0.658,0.675
0.57,0.57,1.0,1.0,0.97,0.97,0.16,0.16,0.37,0.37,0.4,0.32,0.0,0.0,0.75,0.43,0.67,0.78,0.56,0.65,0.68,0.56,0.56,0.31,0.92,0.31,0.92,0.29,0.89,0.869,0.68,0.704
0.57,0.57,1.0,1.0,0.97,0.97,0.16,0.16,0.38,0.38,0.37,0.35,0.0,0.0,0.75,0.44,0.69,0.79,0.56,0.68,0.71,0.56,0.56,0.31,0.92,0.31,0.92,0.22,0.94,0.839,0.69,0.712
0.57,0.57,1.0,1.0,0.97,0.97,0.28,0.28,0.29,0.29,0.32,0.4,0.0,0.0,0.75,0.44,0.68,0.8,0.56,0.67,0.7,0.56,0.56,0.31,0.92,0.31,0.92,0.14,0.84,0.83,0.687,0.707
0.57,0.57,1.0,1.0,0.97,0.97,0.16,0.16,0.34,0.34,0.28,0.44,0.0,0.0,0.75,0.39,0.76,0.76,0.5,0.75,0.77,0.5,0.5,0.48,0.59,0.48,0.59,0.07,0.62,0.817,0.665,0.698
0.57,0.57,1.0,1.0,0.97,0.97,0.16,0.16,0.31,0.31,0.29,0.44,0.12,0.12,1.0,0.33,0.83,0.71,0.4,0.83,0.84,0.4,0.4,0.63,0.42,0.63,0.41,0.05,0.57,0.766,0.653,0.669
0.57,0.57,1.0,1.0,0.97,0.97,0.67,0.63,0.18,0.18,0.31,0.42,0.12,0.16,1.0,0.33,0.86,0.71,0.37,0.86,0.87,0.37,0.37,0.63,0.41,0.66,0.4,0.05,0.58,0.749,0.645,0.665
0.56,0.56,1.0,1.0,0.98,0.98,0.16,0.16,0.3,0.3,0.26,0.46,0.09,0.12,1.0,0.27,0.93,0.67,0.32,0.92,0.93,0.32,0.32,0.61,0.42,0.63,0.41,0.03,0.59,0.716,0.64,0.675
0.43,0.43,0.78,0.78,1.0,1.0,0.16,0.16,0.34,0.34,0.25,0.47,0.06,0.09,1.0,0.25,0.95,0.65,0.3,0.95,0.95,0.3,0.3,0.59,0.43,0.61,0.42,0.02,0.6,0.699,0.63,0.68
0.44,0.44,0.79,0.79,1.0,1.0,0.16,0.16,0.35,0.35,0.25,0.48,0.04,0.07,1.0,0.25,0.95,0.65,0.29,0.95,0.95,0.29,0.29,0.58,0.43,0.6,0.43,0.02,0.62,0.686,0.612,0.661
0.44,0.44,0.78,0.78,1.0,1.0,0.16,0.16,0.34,0.34,0.25,0.47,0.07,0.07,1.0,0.25,0.95,0.65,0.29,0.95,0.95,0.29,0.29,0.6,0.43,0.6,0.43,0.02,0.62,0.668,0.593,0.635
0.36,0.36,0.61,0.61,1.0,1.0,0.16,0.16,0.35,0.35,0.26,0.46,0.07,0.09,1.0,0.26,0.93,0.65,0.3,0.93,0.93,0.3,0.3,0.6,0.43,0.61,0.42,0.02,0.61,0.652,0.573,0.607
0.56,0.56,1.0,1.0,0.98,0.98,0.16,0.16,0.35,0.35,0.27,0.46,0.0,0.0,1.0,0.26,0.95,0.65,0.3,0.95,0.95,0.3,0.3,0.55,0.46,0.54,0.46,0.02,0.62,0.646,0.548,0.59
0.56,0.56,1.0,1.0,0.97,0.97,0.16,0.16,0.34,0.34,0.28,0.45,0.0,0.03,0.75,0.38,0.65,0.75,0.52,0.64,0.65,0.52,0.52,0.55,0.45,0.57,0.44,0.04,0.59,0.626,0.513,0.555
0.57,0.57,1.0,1.0,0.97,0.97,0.16,0.16,0.33,0.33,0.28,0.45,0.0,0.0,0.75,0.4,0.52,0.76,0.56,0.51,0.53,0.56,0.56,0.37,0.8,0.38,0.79,0.07,0.78,0.615,0.49,0.531
0.59,0.59,1.0,1.0,0.95,0.95,0.16,0.16,0.29,0.29,0.28,0.44,0.0,0.0,0.75,0.39,0.55,0.76,0.56,0.53,0.57,0.56,0.56,0.43,0.68,0.45,0.65,0.36,1.0,0.612,0.458,0.502
0.61,0.61,1.0,1.0,0.93,0.93,0.16,0.16,0.25,0.25,0.29,0.43,0.04,0.07,0.75,0.36,0.63,0.73,0.56,0.61,0.65,0.56,0.56,0.58,0.44,0.6,0.43,0.62,0.5,0.616,0.427,0.466
0.62,0.62,1.0,1.0,0.93,0.93,0.16,0.16,0.22,0.22,0.29,0.44,0.13,0.18,0.5,0.3,0.62,0.69,0.56,0.6,0.65,0.56,0.56,0.64,0.41,0.67,0.39,0.74,0.5,0.634,0.393,0.424
0.62,0.62,1.0,1.0,0.93,0.93,0.16,0.16,0.21,0.21,0.29,0.44,0.21,0.25,0.5,0.29,0.62,0.68,0.56,0.59,0.65,0.56,0.56,0.69,0.39,0.72,0.38,0.8,0.5,0.653,0.377,0.41
0.62,0.62,1.0,1.0,0.93,0.93,0.16,0.16,0.2,0.2,0.3,0.43,0.22,0.27,0.5,0.29,0.6,0.68,0.56,0.58,0.63,0.56,0.56,0.7,0.38,0.73,0.37,0.8,0.5,0.656,0.365,0.414
0.62,0.62,1.0,1.0,0.93,0.93,0.18,0.18,0.21,0.21,0.29,0.43,0.22,0.25,0.5,0.29,0.59,0.68,0.56,0.56,0.62,0.56,0.56,0.7,0.38,0.72,0.38,0.8,0.5,0.646,0.373,0.394
0.61,0.61,1.0,1.0,0.93,0.93,0.16,0.16,0.22,0.22,0.29,0.43,0.24,0.27,0.5,0.3,0.59,0.68,0.56,0.57,0.62,0.56,0.56,0.71,0.38,0.73,0.37,0.8,0.5,0.614,0.36,0.39
0.62,0.62,1.0,1.0,0.93,0.93,0.16,0.16,0.21,0.21,0.3,0.43,0.27,0.28,0.5,0.3,0.58,0.69,0.56,0.56,0.61,0.56,0.56,0.73,0.37,0.74,0.36,0.81,0.5,0.592,0.367,0.383
0.61,0.61,1.0,1.0,0.93,0.93,0.16,0.16,0.2,0.2,0.3,0.43,0.3,0.33,0.5,0.3,0.55,0.69,0.56,0.52,0.58,0.56,0.56,0.75,0.36,0.77,0.35,0.81,0.5,0.574,0.377,0.381
0.61,0.61,1.0,1.0,0.93,0.93,0.16,0.16,0.19,0.19,0.31,0.41,0.31,0.33,0.25,0.3,0.53,0.69,0.56,0.51,0.55,0.56,0.56,0.76,0.36,0.77,0.35,0.81,0.5,0.555,0.387,0.39
0.62,0.62,1.0,1.0,0.93,0.93,0.18,0.16,0.19,0.19,0.32,0.4,0.25,0.28,0.25,0.31,0.53,0.69,0.56,0.51,0.55,0.56,0.56,0.72,0.37,0.74,0.37,0.8,0.5,0.561,0.39,0.399
0.61,0.61,1.0,1.0,0.94,0.94,0.16,0.16,0.22,0.22,0.24,0.48,0.31,0.33,0.25,0.31,0.51,0.69,0.56,0.49,0.53,0.56,0.56,0.76,0.36,0.77,0.35,0.8,0.5,0.585,0.393,0.406
0.6,0.6,1.0,1.0,0.95,0.95,0.16,0.16,0.32,0.32,0.0,0.84,0.31,0.34,0.5,0.31,0.53,0.69,0.56,0.52,0.53,0.56,0.56,0.76,0.36,0.78,0.35,0.76,0.5,0.608,0.388,0.406
0.6,0.6,1.0,1.0,0.94,0.94,0.16,0.16,0.35,0.35,0.0,0.79,0.22,0.24,0.5,0.33,0.55,0.71,0.56,0.56,0.54,0.56,0.56,0.7,0.38,0.71,0.38,0.75,0.5,0.646,0.378,0.408
0.61,0.61,1.0,1.0,0.93,0.93,0.16,0.16,0.36,0.36,0.0,0.8,0.18,0.2,0.5,0.33,0.58,0.71,0.56,0.58,0.58,0.56,0.56,0.67,0.4,0.68,0.39,0.72,0.5,0.716,0.368,0.405
0.6,0.6,1.0,1.0,0.94,0.94,0.16,0.16,0.29,0.29,0.12,0.61,0.12,0.13,0.5,0.33,0.53,0.71,0.56,0.53,0.52,0.56,0.56,0.63,0.42,0.64,0.41,0.73,0.5,0.752,0.363,0.404
0.61,0.61,1.0,1.0,0.94,0.94,0.35,0.35,0.17,0.17,0.4,0.33,0.25,0.25,0.25,0.33,0.48,0.71,0.56,0.48,0.49,0.56,0.56,0.72,0.37,0.72,0.37,0.77,0.5,0.781,0.35,0.401
0.61,0.61,1.0,1.0,0.94,0.94,0.24,0.24,0.17,0.17,0.4,0.32,0.15,0.15,0.25,0.33,0.49,0.71,0.56,0.48,0.5,0.56,0.56,0.65,0.41,0.65,0.41,0.72,0.5,0.795,0.338,0.4
0.61,0.61,1.0,1.0,0.94,0.94,0.23,0.23,0.19,0.19,0.43,0.3,0.12,0.12,0.5,0.33,0.52,0.71,0.56,0.51,0.52,0.56,0.56,0.63,0.41,0.63,0.42,0.72,0.5,0.806,0.34,0.396
0.61,0.61,1.0,1.0,0.94,0.94,0.67,0.67,0.11,0.11,0.45,0.28,0.12,0.1,0.25,0.36,0.49,0.73,0.56,0.49,0.5,0.56,0.56,0.63,0.41,0.62,0.42,0.7,0.5,0.811,0.35,0.404
0.6,0.6,1.0,1.0,0.94,0.94,0.3,0.29,0.19,0.19,0.45,0.27,0.07,0.03,0.5,0.37,0.48,0.74,0.56,0.47,0.49,0.56,0.56,0.6,0.43,0.57,0.44,0.64,0.5,0.829,0.362,0.406
0.59,0.59,1.0,1.0,0.95,0.95,0.22,0.22,0.2,0.2,0.44,0.28,0.12,0.09,0.5,0.37,0.49,0.74,0.56,0.48,0.5,0.56,0.56,0.63,0.42,0.61,0.42,0.63,0.5,0.843,0.377,0.405
0.6,0.6,1.0,1.0,0.95,0.95,0.19,0.19,0.21,0.21,0.42,0.31,0.2,0.16,0.5,0.35,0.46,0.73,0.56,0.46,0.47,0.56,0.56,0.68,0.39,0.66,0.4,0.63,0.5,0.853,0.395,0.415
0.59,0.59,1.0,1.0,0.95,0.95,0.16,0.16,0.37,0.37,0.54,0.19,0.13,0.1,0.5,0.35,0.5,0.72,0.56,0.48,0.52,0.56,0.56,0.64,0.41,0.62,0.42,0.67,0.5,0.859,0.408,0.426
0.59,0.59,1.0,1.0,0.95,0.95,0.16,0.16,0.45,0.45,0.6,0.13,0.06,0.02,0.75,0.37,0.56,0.74,0.56,0.54,0.58,0.56,0.56,0.59,0.43,0.56,0.44,0.67,0.5,0.866,0.428,0.437
0.59,0.59,1.0,1.0,0.95,0.95,0.16,0.16,0.47,0.47,0.58,0.15,0.12,0.09,0.75,0.37,0.58,0.74,0.56,0.57,0.6,0.56,0.56,0.63,0.42,0.61,0.42,0.69,0.5,0.866,0.453,0.454
0.59,0.59,1.0,1.0,0.95,0.95,0.16,0.16,0.48,0.48,0.55,0.18,0.18,0.16,0.75,0.36,0.6,0.73,0.56,0.58,0.62,0.56,0.56,0.67,0.4,0.66,0.4,0.7,0.5,0.875,0.467,0.485
0.59,0.59,1.0,1.0,0.96,0.96,0.4,0.39,0.23,0.23,0.36,0.37,0.28,0.27,0.5,0.32,0.54,0.71,0.56,0.51,0.56,0.56,0.56,0.74,0.36,0.73,0.37,0.73,0.5,0.859,0.51,0.527
0.59,0.59,1.0,1.0,0.95,0.95,0.23,0.23,0.27,0.27,0.32,0.4,0.25,0.24,0.5,0.32,0.55,0.7,0.56,0.53,0.57,0.56,0.56,0.72,0.38,0.71,0.38,0.72,0.5,0.849,0.538,0.533
0.58,0.58,1.0,1.0,0.96,0.96,0.16,0.16,0.31,0.31,0.31,0.41,0.2,0.2,0.75,0.31,0.58,0.69,0.56,0.56,0.61,0.56,0.56,0.68,0.39,0.68,0.39,0.68,0.5,0.829,0.577,0.54
0.58,0.58,1.0,1.0,0.96,0.96,0.16,0.16,0.34,0.34,0.3,0.42,0.18,0.16,0.75,0.3,0.61,0.69,0.56,0.59,0.64,0.56,0.56,0.67,0.4,0.66,0.4,0.68,0.5,0.83,0.607,0.551
0.58,0.58,1.0,1.0,0.96,0.96,0.16,0.16,0.36,0.36,0.3,0.42,0.07,0.06,0.75,0.31,0.63,0.69,0.56,0.61,0.65,0.56,0.56,0.6,0.43,0.59,0.43,0.67,0.5,0.819,0.632,0.57
0.58,0.58,1.0,1.0,0.96,0.96,0.16,0.16,0.37,0.37,0.3,0.42,0.07,0.04,0.75,0.31,0.63,0.7,0.56,0.61,0.65,0.56,0.56,0.6,0.43,0.58,0.44,0.67,0.5,0.804,0.662,0.591
0.57,0.57,1.0,1.0,0.96,0.96,0.16,0.16,0.37,0.37,0.31,0.41,0.15,0.13,0.75,0.31,0.63,0.7,0.56,0.61,0.65,0.56,0.56,0.65,0.41,0.64,0.41,0.66,0.5,0.789,0.685,0.615
0.57,0.57,1.0,1.0,0.96,0.96,0.16,0.16,0.38,0.38,0.3,0.42,0.12,0.1,0.75,0.32,0.64,0.7,0.56,0.62,0.66,0.56,0.56,0.63,0.41,0.62,0.42,0.66,0.5,0.775,0.715,0.618
0.57,0.57,1.0,1.0,0.97,0.97,0.16,0.16,0.39,0.39,0.31,0.41,0.02,0.02,0.75,0.34,0.62,0.72,0.56,0.61,0.64,0.56,0.56,0.56,0.44,0.56,0.44,0.64,0.5,0.775,0.717,0.605
0.57,0.57,1.0,1.0,0.97,0.97,0.16,0.16,0.38,0.38,0.31,0.41,0.09,0.07,0.75,0.36,0.59,0.73,0.56,0.57,0.61,0.56,0.56,0.61,0.42,0.6,0.43,0.62,0.5,0.773,0.698,0.577
0.57,0.57,1.0,1.0,0.97,0.97,0.16,0.16,0.38,0.38,0.34,0.38,0.03,0.04,0.75,0.4,0.5,0.76,0.56,0.48,0.52,0.56,0.56,0.57,0.44,0.58,0.44,0.47,0.5,0.76,0.67,0.557
0.57,0.57,1.0,1.0,0.97,0.97,0.16,0.16,0.37,0.37,0.36,0.36,0.21,0.18,0.75,0.38,0.52,0.75,0.56,0.51,0.53,0.56,0.56,0.69,0.39,0.67,0.4,0.17,0.43,0.74,0.647,0.531
0.56,0.56,1.0,1.0,0.97,0.97,0.16,0.16,0.32,0.32,0.38,0.34,0.28,0.24,0.75,0.33,0.68,0.71,0.54,0.67,0.69,0.54,0.54,0.74,0.37,0.71,0.38,0.08,0.33,0.727,0.623,0.522
0.56,0.56,1.0,1.0,0.97,0.97,0.69,0.68,0.17,0.17,0.38,0.35,0.25,0.22,0.75,0.31,0.82,0.7,0.4,0.82,0.83,0.4,0.4,0.72,0.37,0.7,0.38,0.05,0.37,0.714,0.58,0.499
0.56,0.56,1.0,1.0,0.98,0.98,0.18,0.18,0.28,0.28,0.39,0.33,0.2,0.18,1.0,0.26,0.94,0.65,0.3,0.94,0.94,0.3,0.3,0.68,0.39,0.67,0.4,0.03,0.4,0.718,0.553,0.491
0.44,0.44,0.78,0.78,1.0,1.0,0.42,0.41,0.22,0.22,0.38,0.34,0.13,0.12,1.0,0.24,0.95,0.64,0.29,0.95,0.95,0.29,0.29,0.64,0.41,0.63,0.42,0.02,0.43,0.701,0.512,0.462
0.45,0.45,0.81,0.81,1.0,1.0,0.16,0.16,0.27,0.27,0.38,0.34,0.12,0.1,1.0,0.23,0.97,0.64,0.26,0.97,0.97,0.26,0.26,0.63,0.42,0.62,0.42,0.02,0.48,0.673,0.483,0.448
0.5,0.5,0.93,0.93,1.0,1.0,0.16,0.16,0.27,0.27,0.38,0.35,0.06,0.04,1.0,0.22,0.98,0.63,0.25,0.98,0.98,0.25,0.25,0.59,0.43,0.58,0.44,0.01,0.53,0.65,0.465,0.439
0.51,0.51,0.96,0.96,1.0,1.0,0.16,0.16,0.27,0.27,0.37,0.35,0.06,0.06,1.0,0.22,0.99,0.63,0.25,0.99,0.99,0.25,0.25,0.59,0.43,0.59,0.43,0.01,0.56,0.643,0.457,0.435
0.51,0.51,0.96,0.96,1.0,1.0,0.16,0.16,0.27,0.27,0.37,0.36,0.07,0.07,1.0,0.22,0.99,0.63,0.25,0.99,0.99,0.25,0.25,0.6,0.43,0.6,0.43,0.01,0.57,0.634,0.458,0.435
0.51,0.51,0.96,0.96,1.0,1.0,0.16,0.16,0.27,0.27,0.36,0.36,0.07,0.07,1.0,0.22,0.99,0.63,0.25,0.99,0.99,0.25,0.25,0.6,0.43,0.6,0.43,0.01,0.58,0.632,0.463,0.438
0.51,0.51,0.95,0.95,1.0,1.0,0.16,0.16,0.28,0.28,0.36,0.36,0.07,0.07,1.0,0.22,0.99,0.62,0.25,0.99,0.99,0.25,0.25,0.6,0.43,0.6,0.43,0.01,0.59,0.613,0.47,0.434
0.51,0.51,0.94,0.94,1.0,1.0,0.16,0.16,0.29,0.29,0.36,0.37,0.09,0.07,1.0,0.22,0.99,0.63,0.26,0.99,0.99,0.26,0.26,0.61,0.42,0.6,0.43,0.01,0.57,0.602,0.48,0.436
0.5,0.5,0.93,0.93,1.0,1.0,0.16,0.16,0.26,0.26,0.35,0.37,0.09,0.09,1.0,0.22,0.98,0.63,0.27,0.98,0.98,0.27,0.27,0.61,0.42,0.61,0.42,0.01,0.55,0.611,0.487,0.425
0.49,0.49,0.91,0.91,1.0,1.0,0.18,0.18,0.26,0.26,0.35,0.37,0.09,0.1,1.0,0.23,0.96,0.63,0.29,0.96,0.96,0.29,0.29,0.61,0.42,0.62,0.42,0.01,0.54,0.605,0.515,0.425
0.56,0.56,1.0,1.0,0.98,0.98,0.19,0.19,0.27,0.27,0.35,0.37,0.07,0.09,1.0,0.33,0.81,0.71,0.48,0.8,0.81,0.48,0.48,0.6,0.43,0.61,0.42,0.03,0.52,0.606,0.527,0.427
0.57,0.57,1.0,1.0,0.97,0.97,0.66,0.66,0.17,0.17,0.34,0.38,0.0,0.0,0.75,0.42,0.51,0.78,0.56,0.49,0.52,0.56,0.56,0.46,0.62,0.47,0.6,0.09,0.63,0.613,0.542,0.428
0.64,0.64,1.0,1.0,0.91,0.91,0.23,0.23,0.3,0.3,0.34,0.38,0.0,0.0,0.75,0.46,0.5,0.81,0.56,0.48,0.52,0.56,0.56,0.31,0.92,0.31,0.92,0.25,0.72,0.637,0.563,0.43
0.72,0.72,1.0,1.0,0.84,0.84,0.16,0.16,0.32,0.32,0.35,0.37,0.0,0.0,0.75,0.4,0.64,0.77,0.56,0.62,0.66,0.56,0.56,0.31,0.92,0.31,0.92,0.42,1.0,0.646,0.588,0.431
0.72,0.72,1.0,1.0,0.85,0.85,0.16,0.16,0.31,0.31,0.35,0.38,0.0,0.0,0.75,0.36,0.69,0.73,0.56,0.67,0.71,0.56,0.56,0.31,0.92,0.31,0.92,0.54,0.5,0.664,0.583,0.439
0.72,0.72,1.0,1.0,0.85,0.85,0.16,0.16,0.26,0.26,0.36,0.37,0.0,0.0,0.75,0.33,0.69,0.71,0.56,0.67,0.71,0.56,0.56,0.45,0.65,0.45,0.64,0.66,0.5,0.671,0.585,0.449
0.7,0.7,1.0,1.0,0.86,0.86,0.16,0.16,0.24,0.24,0.35,0.37,0.0,0.0,0.5,0.32,0.65,0.7,0.56,0.63,0.67,0.56,0.56,0.53,0.49,0.53,0.49,0.7,0.5,0.685,0.583,0.448
0.67,0.67,1.0,1.0,0.89,0.89,0.16,0.16,0.23,0.23,0.35,0.38,0.0,0.0,0.5,0.32,0.62,0.7,0.56,0.6,0.64,0.56,0.56,0.55,0.46,0.55,0.45,0.71,0.5,0.696,0.563,0.447
0.66,0.66,1.0,1.0,0.9,0.9,0.16,0.16,0.23,0.23,0.37,0.36,0.0,0.0,0.5,0.32,0.6,0.7,0.56,0.58,0.62,0.56,0.56,0.51,0.53,0.51,0.53,0.71,0.5,0.701,0.558,0.443
0.63,0.63,1.0,1.0,0.92,0.92,0.16,0.16,0.39,0.39,0.45,0.28,0.0,0.0,0.75,0.35,0.66,0.72,0.56,0.63,0.68,0.56,0.56,0.47,0.6,0.47,0.6,0.73,0.5,0.698,0.55,0.439
0.63,0.63,1.0,1.0,0.91,0.91,0.16,0.16,0.39,0.39,0.48,0.25,0.0,0.0,0.75,0.36,0.64,0.73,0.56,0.62,0.65,0.56,0.56,0.47,0.6,0.48,0.59,0.73,0.5,0.69,0.542,0.437
0.64,0.64,1.0,1.0,0.91,0.91,0.16,0.16,0.4,0.4,0.51,0.21,0.0,0.0,0.75,0.36,0.65,0.74,0.56,0.63,0.66,0.56,0.56,0.47,0.6,0.47,0.6,0.72,0.5,0.676,0.537,0.435
0.64,0.64,1.0,1.0,0.91,0.91,0.16,0.16,0.4,0.4,0.52,0.21,0.0,0.0,0.75,0.37,0.64,0.74,0.56,0.62,0.66,0.56,0.56,0.43,0.67,0.43,0.67,0.72,0.5,0.665,0.533,0.43
0.63,0.63,1.0,1.0,0.92,0.92,0.16,0.16,0.38,0.38,0.33,0.39,0.0,0.0,0.75,0.37,0.65,0.74,0.56,0.63,0.66,0.56,0.56,0.49,0.56,0.49,0.57,0.72,0.5,0.66,0.53,0.431
0.63,0.63,1.0,1.0,0.92,0.92,0.16,0.16,0.5,0.5,0.05,0.69,0.0,0.0,0.75,0.36,0.66,0.73,0.56,0.66,0.66,0.56,0.56,0.49,0.57,0.5,0.56,0.71,0.5,0.651,0.533,0.427
0.65,0.65,1.0,1.0,0.9,0.9,0.16,0.16,0.53,0.53,0.05,0.69,0.0,0.0,0.75,0.37,0.68,0.74,0.56,0.69,0.68,0.56,0.56,0.5,0.54,0.5,0.54,0.7,0.5,0.649,0.532,0.427
0.65,0.65,1.0,1.0,0.9,0.9,0.16,0.16,0.56,0.56,0.02,0.72,0.0,0.0,0.75,0.37,0.71,0.74,0.56,0.72,0.71,0.56,0.56,0.47,0.61,0.47,0.6,0.7,0.5,0.648,0.542,0.429
0.65,0.65,1.0,1.0,0.9,0.9,0.16,0.16,0.6,0.6,0.04,0.7,0.0,0.0,0.75,0.37,0.72,0.74,0.56,0.73,0.72,0.56,0.56,0.48,0.58,0.48,0.58,0.7,0.5,0.652,0.568,0.433
0.61,0.61,1.0,1.0,0.94,0.94,0.22,0.21,0.26,0.26,0.35,0.37,0.0,0.0,0.5,0.34,0.61,0.72,0.56,0.61,0.62,0.56,0.56,0.53,0.49,0.52,0.5,0.71,0.5,0.686,0.592,0.437
0.62,0.62,1.0,1.0,0.93,0.93,0.16,0.16,0.23,0.23,0.34,0.39,0.0,0.0,0.5,0.33,0.58,0.71,0.56,0.57,0.59,0.56,0.56,0.5,0.55,0.5,0.56,0.7,0.5,0.721,0.593,0.45
0.61,0.61,1.0,1.0,0.93,0.93,0.16,0.16,0.24,0.24,0.31,0.41,0.02,0.02,0.5,0.33,0.59,0.71,0.56,0.58,0.61,0.56,0.56,0.56,0.45,0.56,0.45,0.71,0.5,0.76,0.59,0.463
0.61,0.61,1.0,1.0,0.93,0.93,0.16,0.16,0.24,0.24,0.28,0.44,0.04,0.03,0.5,0.32,0.62,0.7,0.56,0.6,0.64,0.56,0.56,0.58,0.44,0.57,0.44,0.72,0.5,0.785,0.592,0.464
0.61,0.61,1.0,1.0,0.93,0.93,0.16,0.16,0.25,0.25,0.27,0.45,0.0,0.0,0.75,0.31,0.63,0.7,0.56,0.61,0.65,0.56,0.56,0.54,0.47,0.54,0.46,0.71,0.5,0.809,0.59,0.468
0.61,0.61,1.0,1.0,0.93,0.93,0.16,0.16,0.25,0.25,0.27,0.45,0.0,0.0,0.75,0.31,0.63,0.7,0.56,0.61,0.65,0.56,0.56,0.54,0.47,0.54,0.47,0.7,0.5,0.817,0.59,0.475
0.61,0.61,1.0,1.0,0.93,0.93,0.16,0.16,0.25,0.25,0.27,0.46,0.0,0.0,0.75,0.31,0.62,0.69,0.56,0.6,0.65,0.56,0.56,0.53,0.49,0.54,0.47,0.69,0.5,0.826,0.588,0.472
0.61,0.61,1.0,1.0,0.93,0.93,0.39,0.39,0.18,0.18,0.29,0.44,0.1,0.13,0.5,0.31,0.57,0.7,0.56,0.54,0.59,0.56,0.56,0.62,0.42,0.64,0.41,0.71,0.5,0.829,0.59,0.475
0.61,0.61,1.0,1.0,0.94,0.94,0.16,0.16,0.25,0.25,0.28,0.44,0.12,0.13,0.5,0.31,0.59,0.7,0.56,0.57,0.62,0.56,0.56,0.63,0.42,0.64,0.41,0.71,0.5,0.829,0.593,0.475
0.6,0.6,1.0,1.0,0.94,0.94,0.16,0.16,0.26,0.26,0.29,0.44,0.16,0.16,0.75,0.3,0.64,0.69,0.56,0.62,0.66,0.56,0.56,0.66,0.4,0.66,0.4,0.72,0.5,0.824,0.6,0.483
0.6,0.6,1.0,1.0,0.94,0.94,0.16,0.16,0.28,0.28,0.29,0.44,0.16,0.16,0.75,0.29,0.67,0.68,0.56,0.65,0.68,0.56,0.56,0.66,0.4,0.66,0.4,0.73,0.5,0.818,0.64,0.509
0.6,0.6,1.0,1.0,0.94,0.94,0.16,0.16,0.29,0.29,0.3,0.42,0.16,0.16,0.75,0.29,0.67,0.68,0.56,0.66,0.69,0.56,0.56,0.66,0.4,0.66,0.4,0.72,0.5,0.814,0.662,0.545
0.6,0.6,1.0,1.0,0.94,0.94,0.16,0.16,0.3,0.3,0.31,0.41,0.16,0.15,0.75,0.29,0.67,0.68,0.56,0.66,0.69,0.56,0.56,0.66,0.4,0.65,0.4,0.68,0.5,0.806,0.687,0.583
0.59,0.59,1.0,1.0,0.96,0.96,0.16,0.16,0.3,0.3,0.33,0.39,0.43,0.48,0.75,0.28,0.65,0.67,0.56,0.65,0.64,0.56,0.56,0.84,0.32,0.87,0.31,0.64,0.5,0.798,0.697,0.599
0.59,0.59,1.0,1.0,0.95,0.95,0.82,0.81,0.16,0.16,0.36,0.37,0.55,0.61,0.5,0.28,0.58,0.67,0.56,0.58,0.57,0.56,0.56,0.92,0.28,0.96,0.27,0.66,0.5,0.784,0.71,0.604
0.59,0.59,1.0,1.0,0.95,0.95,0.22,0.22,0.23,0.23,0.35,0.37,0.52,0.6,0.5,0.28,0.6,0.67,0.56,0.61,0.59,0.56,0.56,0.9,0.3,0.95,0.27,0.69,0.5,0.776,0.735,0.572
0.6,0.6,1.0,1.0,0.95,0.95,0.16,0.16,0.24,0.23,0.35,0.37,0.46,0.54,0.5,0.28,0.6,0.67,0.56,0.61,0.6,0.56,0.56,0.86,0.31,0.91,0.29,0.69,0.5,0.762,0.75,0.506
0.6,0.6,1.0,1.0,0.94,0.94,0.16,0.16,0.23,0.23,0.36,0.37,0.49,0.54,0.5,0.28,0.58,0.67,0.56,0.58,0.57,0.56,0.56,0.88,0.3,0.91,0.29,0.65,0.5,0.768,0.757,0.479
0.59,0.59,1.0,1.0,0.95,0.95,0.38,0.37,0.2,0.2,0.27,0.45,0.4,0.43,0.5,0.28,0.57,0.67,0.56,0.57,0.56,0.56,0.56,0.82,0.33,0.84,0.32,0.47,0.5,0.778,0.755,0.451
0.58,0.58,1.0,1.0,0.96,0.96,0.16,0.16,0.47,0.47,0.0,0.78,0.4,0.43,0.75,0.28,0.56,0.67,0.56,0.57,0.55,0.56,0.56,0.82,0.33,0.84,0.32,0.29,0.33,0.776,0.728,0.439
0.58,0.58,1.0,1.0,0.96,0.96,0.16,0.16,0.52,0.52,0.0,0.78,0.39,0.43,0.5,0.29,0.58,0.68,0.56,0.59,0.56,0.56,0.56,0.81,0.33,0.84,0.32,0.17,0.36,0.778,0.702,0.435
0.58,0.58,1.0,1.0,0.96,0.96,0.16,0.16,0.54,0.54,0.0,0.84,0.6,0.6,0.75,0.29,0.78,0.68,0.56,0.78,0.78,0.56,0.56,0.95,0.27,0.95,0.27,0.15,0.21,0.779,0.682,0.426
0.57,0.57,1.0,1.0,0.96,0.96,0.16,0.16,0.54,0.54,0.0,0.78,0.6,0.6,0.75,0.28,0.92,0.68,0.35,0.92,0.92,0.35,0.35,0.95,0.27,0.95,0.27,0.05,0.43,0.767,0.667,0.419
0.57,0.57,1.0,1.0,0.97,0.97,0.49,0.49,0.19,0.19,0.39,0.34,0.49,0.51,0.75,0.26,0.95,0.66,0.34,0.95,0.95,0.34,0.34,0.88,0.3,0.89,0.3,0.04,0.48,0.751,0.653,0.407
0.57,0.57,1.0,1.0,0.97,0.97,0.24,0.24,0.24,0.24,0.4,0.32,0.48,0.45,0.75,0.25,0.95,0.65,0.31,0.95,0.95,0.31,0.31,0.87,0.31,0.85,0.32,0.04,0.49,0.738,0.642,0.407
0.56,0.56,1.0,1.0,0.97,0.97,0.16,0.16,0.29,0.29,0.37,0.35,0.38,0.34,1.0,0.24,0.95,0.64,0.29,0.95,0.95,0.29,0.29,0.8,0.34,0.78,0.35,0.03,0.49,0.714,0.642,0.405
0.56,0.56,1.0,1.0,0.98,0.98,0.16,0.16,0.31,0.31,0.37,0.36,0.34,0.3,1.0,0.24,0.95,0.64,0.28,0.95,0.96,0.28,0.28,0.78,0.35,0.75,0.36,0.03,0.51,0.699,0.645,0.408
0.56,0.56,1.0,1.0,0.98,0.98,0.47,0.47,0.22,0.22,0.35,0.37,0.3,0.27,1.0,0.24,0.94,0.64,0.3,0.94,0.95,0.3,0.3,0.75,0.36,0.73,0.37,0.02,0.53,0.688,0.643,0.419
0.57,0.57,1.0,1.0,0.97,0.97,0.21,0.21,0.28,0.28,0.35,0.37,0.27,0.24,1.0,0.25,0.93,0.65,0.31,0.92,0.93,0.31,0.31,0.73,0.37,0.71,0.38,0.03,0.53,0.686,0.633,0.437
0.56,0.56,1.0,1.0,0.98,0.98,0.16,0.16,0.31,0.31,0.35,0.37,0.24,0.24,1.0,0.25,0.92,0.65,0.33,0.92,0.92,0.33,0.33,0.71,0.38,0.71,0.38,0.02,0.53,0.714,0.612,0.453
0.56,0.56,1.0,1.0,0.98,0.98,0.16,0.16,0.31,0.31,0.35,0.37,0.2,0.18,0.75,0.33,0.7,0.71,0.53,0.69,0.71,0.53,0.53,0.68,0.39,0.67,0.4,0.06,0.53,0.726,0.587,0.445
0.57,0.57,1.0,1.0,0.97,0.97,0.16,0.16,0.3,0.3,0.35,0.37,0.13,0.13,0.75,0.35,0.64,0.72,0.56,0.63,0.64,0.56,0.56,0.64,0.41,0.64,0.41,0.08,0.51,0.734,0.562,0.446
0.59,0.59,1.0,1.0,0.95,0.95,0.59,0.58,0.15,0.15,0.34,0.39,0.13,0.18,0.75,0.39,0.58,0.75,0.56,0.57,0.58,0.56,0.56,0.64,0.41,0.67,0.4,0.11,0.5,0.738,0.537,0.454
0.59,0.59,1.0,1.0,0.95,0.95,0.2,0.2,0.23,0.23,0.32,0.4,0.04,0.04,0.5,0.38,0.43,0.75,0.56,0.41,0.44,0.56,0.56,0.58,0.44,0.58,0.44,0.16,0.69,0.728,0.528,0.48
0.59,0.59,1.0,1.0,0.95,0.95,0.16,0.16,0.22,0.22,0.32,0.4,0.0,0.0,0.5,0.4,0.44,0.76,0.56,0.42,0.45,0.56,0.56,0.47,0.6,0.49,0.58,0.27,0.78,0.717,0.49,0.507
0.6,0.6,1.0,1.0,0.95,0.95,0.16,0.16,0.21,0.21,0.32,0.41,0.0,0.0,0.5,0.41,0.44,0.77,0.56,0.42,0.45,0.56,0.56,0.51,0.53,0.51,0.52,0.38,0.89,0.716,0.452,0.559
0.6,0.6,1.0,1.0,0.94,0.94,0.2,0.2,0.19,0.19,0.31,0.41,0.0,0.0,0.5,0.39,0.45,0.76,0.56,0.42,0.47,0.56,0.56,0.52,0.5,0.53,0.49,0.47,0.5,0.704,0.425,0.575
0.6,0.6,1.0,1.0,0.94,0.94,0.2,0.2,0.19,0.19,0.31,0.42,0.0,0.02,0.5,0.39,0.43,0.75,0.56,0.4,0.45,0.56,0.56,0.55,0.46,0.56,0.45,0.52,0.5,0.694,0.4,0.58
0.61,0.61,1.0,1.0,0.94,0.94,0.21,0.21,0.18,0.18,0.31,0.42,0.02,0.04,0.5,0.38,0.42,0.75,0.56,0.39,0.44,0.56,0.56,0.56,0.44,0.58,0.44,0.55,0.5,0.691,0.377,0.549
0.61,0.61,1.0,1.0,0.94,0.94,0.23,0.23,0.18,0.18,0.31,0.41,0.02,0.02,0.5,0.37,0.43,0.74,0.56,0.4,0.45,0.56,0.56,0.56,0.45,0.56,0.45,0.58,0.5,0.664,0.353,0.508
0.61,0.61,1.0,1.0,0.93,0.93,0.23,0.23,0.17,0.17,0.31,0.41,0.02,0.06,0.5,0.36,0.43,0.73,0.56,0.4,0.45,0.56,0.56,0.56,0.44,0.59,0.43,0.6,0.5,0.63,0.313,0.485
0.61,0.61,1.0,1.0,0.93,0.93,0.25,0.25,0.17,0.17,0.31,0.41,0.1,0.13,0.5,0.36,0.43,0.73,0.56,0.4,0.45,0.56,0.56,0.62,0.42,0.64,0.41,0.63,0.5,0.623,0.312,0.485
0.6,0.6,1.0,1.0,0.95,0.95,0.16,0.16,0.27,0.27,0.35,0.38,0.04,0.09,0.5,0.36,0.46,0.73,0.56,0.44,0.48,0.56,0.56,0.58,0.44,0.61,0.42,0.65,0.5,0.616,0.313,0.473
0.59,0.59,1.0,1.0,0.95,0.95,0.16,0.16,0.38,0.38,0.41,0.31,0.04,0.07,0.5,0.36,0.53,0.73,0.56,0.51,0.54,0.56,0.56,0.58,0.44,0.6,0.43,0.64,0.5,0.614,0.322,0.473
0.59,0.59,1.0,1.0,0.95,0.95,0.16,0.16,0.39,0.39,0.42,0.31,0.0,0.02,0.5,0.37,0.54,0.74,0.56,0.52,0.55,0.56,0.56,0.54,0.46,0.56,0.45,0.63,0.5,0.626,0.333,0.473
0.59,0.59,1.0,1.0,0.95,0.95,0.16,0.16,0.35,0.35,0.42,0.3,0.0,0.0,0.5,0.39,0.51,0.76,0.56,0.49,0.53,0.56,0.56,0.49,0.57,0.51,0.52,0.63,0.5,0.639,0.34,0.469
0.6,0.6,1.0,1.0,0.94,0.94,0.16,0.16,0.4,0.4,0.46,0.27,0.0,0.0,0.5,0.4,0.58,0.76,0.56,0.56,0.59,0.56,0.56,0.52,0.5,0.53,0.48,0.62,0.5,0.664,0.353,0.462
0.6,0.6,1.0,1.0,0.94,0.94,0.16,0.16,0.42,0.42,0.48,0.25,0.0,0.0,0.75,0.4,0.58,0.76,0.56,0.56,0.59,0.56,0.56,0.44,0.66,0.45,0.64,0.62,0.5,0.689,0.358,0.453
0.59,0.59,1.0,1.0,0.95,0.95,0.16,0.16,0.39,0.39,0.49,0.24,0.0,0.0,0.5,0.41,0.54,0.77,0.56,0.53,0.55,0.56,0.56,0.49,0.57,0.49,0.56,0.64,0.5,0.719,0.355,0.436
0.59,0.59,1.0,1.0,0.95,0.95,0.16,0.16,0.39,0.39,0.51,0.21,0.0,0.0,0.5,0.41,0.54,0.77,0.56,0.53,0.55,0.56,0.56,0.52,0.52,0.51,0.52,0.65,0.5,0.749,0.347,0.429
0.59,0.59,1.0,1.0,0.95,0.95,0.16,0.16,0.42,0.42,0.56,0.17,0.0,0.0,0.75,0.42,0.62,0.77,0.56,0.61,0.63,0.56,0.56,0.43,0.68,0.43,0.68,0.64,0.5,0.779,0.34,0.419
0.6,0.6,1.0,1.0,0.95,0.95,0.16,0.16,0.42,0.42,0.58,0.15,0.0,0.0,0.75,0.42,0.61,0.78,0.56,0.59,0.63,0.56,0.56,0.45,0.64,0.45,0.65,0.63,0.5,0.796,0.332,0.415
0.6,0.6,1.0,1.0,0.95,0.95,0.16,0.16,0.41,0.41,0.56,0.17,0.0,0.0,0.75,0.42,0.59,0.78,0.56,0.57,0.61,0.56,0.56,0.49,0.56,0.49,0.57,0.64,0.5,0.816,0.33,0.41
0.64,0.64,1.0,1.0,0.91,0.91,0.16,0.16,0.41,0.41,0.56,0.17,0.0,0.0,0.75,0.38,0.66,0.75,0.56,0.64,0.68,0.56,0.56,0.5,0.55,0.48,0.58,0.71,0.5,0.833,0.342,0.408
0.69,0.69,1.0,1.0,0.87,0.87,0.16,0.16,0.45,0.45,0.56,0.17,0.0,0.0,0.75,0.38,0.72,0.75,0.56,0.71,0.73,0.56,0.56,0.49,0.56,0.47,0.61,0.72,0.5,0.842,0.347,0.416
0.68,0.68,1.0,1.0,0.88,0.88,0.16,0.16,0.57,0.57,0.58,0.16,0.0,0.0,0.75,0.38,0.77,0.75,0.56,0.76,0.78,0.56,0.56,0.38,0.77,0.36,0.82,0.68,0.5,0.846,0.353,0.422
0.64,0.64,1.0,1.0,0.91,0.91,0.16,0.16,0.66,0.66,0.58,0.16,0.0,0.0,0.75,0.43,0.76,0.79,0.56,0.74,0.77,0.56,0.56,0.34,0.86,0.31,0.91,0.6,0.5,0.856,0.365,0.423
0.66,0.66,1.0,1.0,0.89,0.89,0.16,0.16,0.7,0.7,0.54,0.19,0.0,0.0,1.0,0.44,0.77,0.79,0.56,0.76,0.78,0.56,0.56,0.35,0.85,0.32,0.89,0.61,0.5,0.858,0.382,0.435
0.65,0.65,1.0,1.0,0.91,0.91,0.16,0.16,0.7,0.7,0.56,0.18,0.0,0.0,1.0,0.44,0.74,0.8,0.56,0.73,0.75,0.56,0.56,0.34,0.86,0.32,0.9,0.54,0.5,0.847,0.402,0.441
0.65,0.65,1.0,1.0,0.91,0.91,0.16,0.16,0.71,0.71,0.56,0.17,0.0,0.0,1.0,0.45,0.68,0.8,0.56,0.67,0.7,0.56,0.56,0.4,0.74,0.38,0.79,0.47,0.5,0.835,0.42,0.442
0.64,0.64,1.0,1.0,0.91,0.91,0.16,0.16,0.73,0.73,0.55,0.19,0.0,0.0,0.75,0.46,0.68,0.81,0.56,0.68,0.69,0.56,0.56,0.34,0.86,0.32,0.89,0.43,1.0,0.83,0.44,0.452
0.63,0.63,1.0,1.0,0.92,0.92,0.16,0.16,0.73,0.73,0.55,0.19,0.0,0.0,0.75,0.47,0.67,0.82,0.56,0.67,0.68,0.56,0.56,0.31,0.91,0.31,0.92,0.41,1.0,0.831,0.468,0.468
0.62,0.62,1.0,1.0,0.93,0.93,0.16,0.16,0.73,0.73,0.53,0.2,0.0,0.0,0.75,0.46,0.72,0.81,0.56,0.72,0.73,0.56,0.56,0.32,0.9,0.31,0.92,0.45,0.5,0.804,0.513,0.481
0.62,0.62,1.0,1.0,0.92,0.92,0.16,0.16,0.73,0.73,0.53,0.2,0.0,0.0,1.0,0.45,0.74,0.8,0.56,0.74,0.74,0.56,0.56,0.32,0.89,0.31,0.92,0.47,0.5,0.783,0.548,0.51
0.62,0.62,1.0,1.0,0.92,0.92,0.16,0.16,0.73,0.73,0.54,0.19,0.0,0.0,1.0,0.45,0.72,0.8,0.56,0.72,0.72,0.56,0.56,0.33,0.88,0.31,0.91,0.45,0.5,0.776,0.587,0.531
0.62,0.62,1.0,1.0,0.93,0.93,0.16,0.16,0.73,0.73,0.54,0.2,0.0,0.0,0.75,0.45,0.72,0.8,0.56,0.72,0.72,0.56,0.56,0.36,0.82,0.35,0.84,0.43,0.99,0.756,0.598,0.535
0.61,0.61,1.0,1.0,0.94,0.94,0.16,0.16,0.72,0.72,0.54,0.2,0.0,0.0,0.75,0.48,0.64,0.82,0.56,0.63,0.64,0.56,0.56,0.34,0.86,0.33,0.88,0.39,1.0,0.736,0.605,0.54
0.61,0.61,1.0,1.0,0.94,0.94,0.16,0.16,0.72,0.72,0.54,0.2,0.0,0.0,0.75,0.47,0.71,0.82,0.56,0.71,0.72,0.56,0.56,0.42,0.7,0.41,0.72,0.46,0.5,0.723,0.61,0.541
0.61,0.61,1.0,1.0,0.94,0.94,0.16,0.16,0.39,0.39,0.43,0.29,0.0,0.0,0.75,0.44,0.55,0.79,0.56,0.53,0.56,0.56,0.56,0.34,0.85,0.33,0.87,0.37,0.88,0.714,0.613,0.545
0.6,0.6,1.0,1.0,0.94,0.94,0.16,0.16,0.42,0.42,0.42,0.31,0.0,0.0,0.75,0.39,0.57,0.76,0.56,0.56,0.58,0.56,0.56,0.43,0.69,0.42,0.7,0.43,0.78,0.698,0.603,0.546
0.59,0.59,1.0,1.0,0.95,0.95,0.16,0.16,0.42,0.42,0.42,0.31,0.0,0.0,0.75,0.39,0.54,0.76,0.56,0.52,0.55,0.56,0.56,0.41,0.72,0.41,0.73,0.39,0.87,0.64,0.605,0.536
0.58,0.58,1.0,1.0,0.96,0.96,0.16,0.16,0.42,0.42,0.42,0.3,0.0,0.0,0.75,0.39,0.53,0.76,0.56,0.51,0.54,0.56,0.56,0.44,0.66,0.43,0.68,0.38,0.88,0.613,0.598,0.533
0.58,0.58,1.0,1.0,0.96,0.96,0.32,0.32,0.28,0.28,0.44,0.28,0.0,0.0,0.75,0.4,0.44,0.76,0.56,0.43,0.45,0.56,0.56,0.54,0.47,0.53,0.48,0.38,0.41,0.6,0.595,0.545
0.58,0.58,1.0,1.0,0.96,0.96,0.16,0.16,0.36,0.36,0.47,0.25,0.0,0.0,0.75,0.4,0.48,0.76,0.56,0.47,0.49,0.56,0.56,0.51,0.53,0.49,0.57,0.42,0.24,0.596,0.593,0.54
0.57,0.57,1.0,1.0,0.96,0.96,0.16,0.16,0.36,0.36,0.48,0.25,0.0,0.0,0.75,0.4,0.46,0.76,0.56,0.45,0.47,0.56,0.56,0.5,0.55,0.48,0.6,0.42,0.22,0.593,0.598,0.54
0.57,0.57,1.0,1.0,0.97,0.97,0.16,0.16,0.35,0.35,0.49,0.23,0.0,0.0,0.75,0.4,0.49,0.76,0.56,0.49,0.5,0.56,0.56,0.51,0.52,0.49,0.57,0.43,0.22,0.579,0.595,0.537
0.57,0.57,1.0,1.0,0.97,0.97,0.16,0.16,0.34,0.34,0.5,0.22,0.0,0.0,0.75,0.39,0.49,0.76,0.56,0.49,0.5,0.56,0.56,0.52,0.51,0.49,0.57,0.44,0.18,0.536,0.59,0.533
0.57,0.57,1.0,1.0,0.97,0.97,0.16,0.16,0.33,0.33,0.51,0.21,0.0,0.0,0.75,0.39,0.49,0.75,0.56,0.49,0.5,0.56,0.56,0.52,0.5,0.49,0.56,0.44,0.15,0.516,0.592,0.54
0.57,0.57,1.0,1.0,0.97,0.97,0.16,0.16,0.32,0.32,0.52,0.2,0.0,0.0,0.75,0.38,0.54,0.75,0.56,0.53,0.54,0.56,0.56,0.55,0.46,0.52,0.51,0.46,0.5,0.537,0.598,0.539
0.57,0.57,1.0,1.0,0.97,0.97,0.16,0.16,0.31,0.31,0.53,0.19,0.02,0.0,0.75,0.38,0.53,0.75,0.56,0.52,0.53,0.56,0.56,0.56,0.45,0.53,0.5,0.46,0.5,0.521,0.603,0.54
0.58,0.58,1.0,1.0,0.96,0.96,0.36,0.36,0.2,0.2,0.55,0.18,0.06,0.0,0.75,0.39,0.54,0.75,0.56,0.53,0.55,0.56,0.56,0.59,0.43,0.55,0.45,0.49,0.5,0.491,0.608,0.538
0.58,0.58,1.0,1.0,0.96,0.96,0.16,0.16,0.29,0.29,0.59,0.14,0.0,0.0,0.75,0.39,0.6,0.75,0.56,0.6,0.6,0.56,0.56,0.55,0.45,0.52,0.5,0.5,0.5,0.481,0.605,0.54
0.58,0.58,1.0,1.0,0.96,0.96,0.16,0.16,0.3,0.3,0.62,0.11,0.06,0.0,0.75,0.37,0.6,0.74,0.56,0.6,0.61,0.56,0.56,0.59,0.43,0.55,0.45,0.51,0.5,0.491,0.603,0.545
0.58,0.58,1.0,1.0,0.96,0.96,0.16,0.16,0.29,0.29,0.62,0.11,0.0,0.0,0.75,0.36,0.6,0.73,0.56,0.6,0.61,0.56,0.56,0.55,0.45,0.52,0.51,0.5,0.5,0.51,0.602,0.548
0.57,0.57,1.0,1.0,0.96,0.96,0.16,0.16,0.28,0.28,0.6,0.13,0.06,0.02,0.75,0.36,0.61,0.73,0.56,0.61,0.61,0.56,0.56,0.59,0.43,0.56,0.44,0.5,0.5,0.531,0.595,0.548
0.57,0.57,1.0,1.0,0.96,0.96,0.16,0.16,0.28,0.28,0.54,0.19,0.0,0.0,0.75,0.38,0.6,0.74,0.56,0.6,0.61,0.56,0.56,0.54,0.48,0.51,0.52,0.47,0.5,0.542,0.595,0.547
0.58,0.58,1.0,1.0,0.96,0.96,0.16,0.16,0.27,0.27,0.46,0.26,0.0,0.0,0.75,0.38,0.52,0.75,0.56,0.51,0.53,0.56,0.56,0.53,0.5,0.51,0.52,0.42,0.45,0.552,0.598,0.551
0.58,0.58,1.0,1.0,0.96,0.96,0.16,0.16,0.27,0.27,0.36,0.36,0.04,0.04,0.75,0.38,0.55,0.74,0.56,0.51,0.59,0.56,0.56,0.58,0.44,0.58,0.44,0.49,0.5,0.566,0.608,0.568
0.58,0.58,1.0,1.0,0.96,0.96,0.16,0.16,0.27,0.27,0.28,0.45,0.0,0.0,0.75,0.36,0.58,0.73,0.56,0.55,0.62,0.56,0.56,0.55,0.46,0.55,0.45,0.5,0.5,0.587,0.625,0.602
0.58,0.58,1.0,1.0,0.96,0.96,0.16,0.16,0.27,0.27,0.23,0.49,0.1,0.12,0.75,0.35,0.58,0.72,0.56,0.54,0.63,0.56,0.56,0.62,0.42,0.63,0.41,0.52,0.5,0.594,0.638,0.613
0.59,0.59,1.0,1.0,0.95,0.95,0.16,0.16,0.27,0.27,0.21,0.51,0.1,0.1,0.75,0.34,0.6,0.72,0.56,0.55,0.66,0.56,0.56,0.62,0.42,0.62,0.42,0.54,0.5,0.604,0.652,0.625
0.59,0.59,1.0,1.0,0.95,0.95,0.16,0.16,0.27,0.27,0.2,0.53,0.09,0.09,0.75,0.34,0.62,0.72,0.56,0.56,0.68,0.56,0.56,0.61,0.42,0.61,0.42,0.54,0.5,0.604,0.662,0.638
0.59,0.59,1.0,1.0,0.95,0.95,0.16,0.16,0.27,0.27,0.17,0.55,0.03,0.02,0.75,0.34,0.62,0.71,0.56,0.56,0.68,0.56,0.56,0.57,0.44,0.56,0.44,0.53,0.5,0.608,0.675,0.652
0.59,0.59,1.0,1.0,0.95,0.95,0.16,0.16,0.27,0.27,0.18,0.55,0.06,0.06,0.75,0.34,0.61,0.72,0.56,0.55,0.68,0.56,0.56,0.59,0.43,0.59,0.43,0.55,0.5,0.609,0.683,0.657
0.59,0.59,1.0,1.0,0.95,0.95,0.16,0.16,0.27,0.27,0.2,0.53,0.04,0.06,0.75,0.34,0.59,0.72,0.56,0.53,0.65,0.56,0.56,0.58,0.43,0.59,0.43,0.56,0.5,0.621,0.69,0.661
0.59,0.59,1.0,1.0,0.95,0.95,0.16,0.16,0.27,0.27,0.18,0.55,0.03,0.04,0.75,0.34,0.62,0.72,0.56,0.57,0.67,0.56,0.56,0.57,0.44,0.58,0.44,0.56,0.5,0.634,0.695,0.679
0.58,0.58,1.0,1.0,0.96,0.96,0.16,0.16,0.26,0.26,0.16,0.57,0.0,0.0,0.75,0.34,0.63,0.72,0.56,0.58,0.68,0.56,0.56,0.55,0.45,0.55,0.45,0.56,0.5,0.64,0.71,0.707
0.59,0.59,1.0,1.0,0.96,0.96,0.16,0.16,0.26,0.26,0.13,0.59,0.0,0.0,0.75,0.34,0.62,0.72,0.56,0.57,0.68,0.56,0.56,0.55,0.45,0.55,0.45,0.56,0.5,0.626,0.735,0.728
0.59,0.59,1.0,1.0,0.95,0.95,0.16,0.16,0.26,0.26,0.13,0.6,0.04,0.02,0.75,0.34,0.64,0.72,0.56,0.58,0.69,0.56,0.56,0.58,0.44,0.56,0.45,0.57,0.5,0.615,0.738,0.735
0.59,0.59,1.0,1.0,0.95,0.95,0.16,0.16,0.25,0.25,0.13,0.6,0.04,0.02,0.75,0.35,0.62,0.72,0.56,0.57,0.67,0.56,0.56,0.58,0.44,0.56,0.44,0.58,0.5,0.624,0.735,0.725
0.59,0.59,1.0,1.0,0.95,0.95,0.16,0.16,0.24,0.24,0.12,0.61,0.04,0.02,0.75,0.36,0.61,0.73,0.56,0.57,0.66,0.56,0.56,0.58,0.44,0.56,0.44,0.56,0.5,0.634,0.727,0.708
0.59,0.59,1.0,1.0,0.96,0.96,0.16,0.16,0.23,0.23,0.11,0.62,0.03,0.02,0.75,0.37,0.6,0.74,0.56,0.56,0.64,0.56,0.56,0.57,0.44,0.56,0.44,0.52,0.5,0.657,0.705,0.665
0.58,0.58,1.0,1.0,0.96,0.96,0.16,0.16,0.23,0.23,0.11,0.62,0.04,0.03,0.75,0.38,0.59,0.75,0.56,0.55,0.64,0.56,0.56,0.58,0.44,0.57,0.44,0.52,0.5,0.67,0.677,0.575
0.58,0.58,1.0,1.0,0.96,0.96,0.16,0.16,0.22,0.22,0.17,0.56,0.0,0.0,0.75,0.4,0.57,0.76,0.56,0.53,0.61,0.56,0.56,0.55,0.46,0.55,0.46,0.53,0.5,0.669,0.642,0.501
0.6,0.6,1.0,1.0,0.94,0.94,0.38,0.37,0.17,0.17,0.27,0.46,0.06,0.06,0.75,0.42,0.55,0.78,0.56,0.52,0.58,0.56,0.56,0.59,0.43,0.59,0.43,0.53,0.5,0.67,0.59,0.434
0.6,0.6,1.0,1.0,0.95,0.95,0.2,0.2,0.22,0.22,0.31,0.42,0.06,0.06,0.75,0.41,0.56,0.77,0.56,0.54,0.58,0.56,0.56,0.59,0.43,0.59,0.43,0.45,0.5,0.669,0.55,0.397
0.6,0.6,1.0,1.0,0.95,0.95,0.16,0.16,0.23,0.23,0.32,0.41,0.06,0.07,0.5,0.44,0.53,0.79,0.56,0.51,0.54,0.56,0.56,0.59,0.43,0.6,0.43,0.34,0.51,0.662,0.513,0.375
0.6,0.6,1.0,1.0,0.95,0.95,0.16,0.16,0.24,0.24,0.33,0.39,0.06,0.07,0.5,0.46,0.49,0.8,0.56,0.48,0.5,0.56,0.56,0.59,0.43,0.6,0.43,0.3,0.53,0.661,0.483,0.362
0.59,0.59,1.0,1.0,0.95,0.95,0.16,0.16,0.25,0.25,0.35,0.38,0.06,0.07,0.5,0.46,0.5,0.81,0.56,0.49,0.51,0.56,0.56,0.59,0.43,0.6,0.43,0.24,0.52,0.654,0.453,0.361
0.59,0.59,1.0,1.0,0.95,0.95,0.16,0.16,0.25,0.25,0.36,0.37,0.06,0.07,0.5,0.44,0.49,0.79,0.56,0.48,0.51,0.56,0.56,0.59,0.43,0.6,0.43,0.16,0.5,0.657,0.427,0.363
0.58,0.58,1.0,1.0,0.96,0.96,0.16,0.16,0.24,0.24,0.36,0.37,0.1,0.09,0.5,0.41,0.58,0.77,0.56,0.56,0.59,0.56,0.56,0.62,0.42,0.61,0.42,0.11,0.49,0.669,0.42,0.357
0.58,0.58,1.0,1.0,0.96,0.96,0.16,0.16,0.24,0.24,0.36,0.36,0.13,0.1,0.75,0.39,0.61,0.75,0.54,0.6,0.63,0.54,0.54,0.64,0.41,0.62,0.42,0.1,0.47,0.669,0.41,0.34
0.58,0.58,1.0,1.0,0.96,0.96,0.57,0.55,0.14,0.14,0.37,0.36,0.13,0.13,0.75,0.41,0.63,0.77,0.48,0.62,0.64,0.48,0.48,0.64,0.41,0.64,0.41,0.09,0.46,0.672,0.397,0.318
0.57,0.57,1.0,1.0,0.96,0.96,0.19,0.19,0.24,0.24,0.39,0.34,0.15,0.15,0.75,0.38,0.7,0.75,0.49,0.69,0.71,0.49,0.49,0.65,0.4,0.65,0.41,0.08,0.45,0.674,0.388,0.305
0.56,0.56,1.0,1.0,0.98,0.98,0.16,0.16,0.29,0.29,0.42,0.3,0.2,0.15,1.0,0.29,0.88,0.68,0.36,0.87,0.89,0.36,0.36,0.68,0.39,0.65,0.41,0.04,0.47,0.678,0.375,0.297
0.33,0.33,0.54,0.54,1.0,1.0,0.16,0.16,0.29,0.29,0.44,0.29,0.21,0.13,1.0,0.24,0.96,0.64,0.28,0.96,0.96,0.28,0.28,0.69,0.39,0.64,0.41,0.02,0.49,0.676,0.362,0.3
0.37,0.37,0.62,0.62,1.0,1.0,0.16,0.16,0.3,0.3,0.45,0.28,0.27,0.16,1.0,0.23,0.97,0.64,0.27,0.97,0.97,0.27,0.27,0.73,0.37,0.66,0.4,0.02,0.5,0.689,0.343,0.285
0.39,0.39,0.68,0.68,1.0,1.0,0.16,0.16,0.32,0.32,0.45,0.28,0.27,0.18,1.0,0.23,0.97,0.63,0.27,0.97,0.97,0.27,0.27,0.73,0.37,0.67,0.4,0.01,0.5,0.701,0.332,0.27
0.38,0.38,0.66,0.66,1.0,1.0,0.16,0.16,0.35,0.35,0.44,0.29,0.27,0.2,1.0,0.22,0.97,0.63,0.27,0.97,0.98,0.27,0.27,0.73,0.37,0.68,0.39,0.01,0.5,0.709,0.328,0.279
0.37,0.37,0.63,0.63,1.0,1.0,0.16,0.16,0.37,0.37,0.43,0.3,0.28,0.21,1.0,0.22,0.97,0.63,0.27,0.97,0.98,0.27,0.27,0.74,0.37,0.69,0.39,0.01,0.51,0.72,0.342,0.326
0.33,0.33,0.54,0.54,1.0,1.0,0.16,0.16,0.39,0.39,0.42,0.3,0.28,0.22,1.0,0.22,0.97,0.63,0.27,0.97,0.98,0.27,0.27,0.74,0.37,0.7,0.39,0.01,0.53,0.728,0.375,0.393
0.33,0.33,0.52,0.52,1.0,1.0,0.16,0.16,0.4,0.4,0.42,0.3,0.28,0.22,1.0,0.22,0.97,0.63,0.27,0.97,0.98,0.27,0.27,0.74,0.37,0.7,0.38,0.01,0.52,0.721,0.397,0.425
0.39,0.39,0.68,0.68,1.0,1.0,0.16,0.16,0.37,0.37,0.42,0.3,0.22,0.2,1.0,0.22,0.97,0.63,0.27,0.97,0.98,0.27,0.27,0.7,0.38,0.68,0.39,0.01,0.52,0.694,0.407,0.45
0.56,0.56,1.0,1.0,0.97,0.97,0.27,0.27,0.28,0.28,0.41,0.31,0.15,0.16,1.0,0.39,0.77,0.76,0.52,0.76,0.77,0.52,0.52,0.65,0.41,0.66,0.4,0.07,0.41,0.694,0.427,0.455
0.56,0.56,1.0,1.0,0.97,0.97,0.16,0.16,0.38,0.38,0.39,0.33,0.0,0.0,1.0,0.45,0.64,0.8,0.56,0.63,0.65,0.56,0.56,0.44,0.67,0.43,0.68,0.24,0.45,0.686,0.45,0.472
0.57,0.57,1.0,1.0,0.97,0.97,0.16,0.16,0.38,0.38,0.39,0.33,0.0,0.0,1.0,0.46,0.74,0.81,0.56,0.73,0.75,0.56,0.56,0.4,0.74,0.4,0.75,0.45,0.5,0.677,0.458,0.488
0.57,0.57,1.0,1.0,0.97,0.97,0.16,0.16,0.37,0.37,0.4,0.32,0.0,0.0,1.0,0.42,0.75,0.78,0.56,0.74,0.76,0.56,0.56,0.41,0.72,0.41,0.73,0.53,0.5,0.686,0.473,0.484
0.57,0.57,1.0,1.0,0.97,0.97,0.16,0.16,0.36,0.36,0.4,0.32,0.0,0.0,0.75,0.38,0.73,0.75,0.56,0.72,0.74,0.56,0.56,0.47,0.6,0.47,0.6,0.58,0.5,0.681,0.492,0.478
0.57,0.57,1.0,1.0,0.97,0.97,0.16,0.16,0.33,0.33,0.4,0.32,0.0,0.0,0.75,0.37,0.73,0.74,0.56,0.72,0.74,0.56,0.56,0.48,0.58,0.48,0.58,0.61,0.5,0.671,0.515,0.482
0.57,0.57,1.0,1.0,0.96,0.96,0.16,0.16,0.32,0.32,0.4,0.32,0.0,0.0,0.75,0.34,0.73,0.72,0.56,0.72,0.74,0.56,0.56,0.49,0.56,0.49,0.56,0.63,0.5,0.654,0.543,0.499
0.58,0.58,1.0,1.0,0.96,0.96,0.16,0.16,0.3,0.3,0.4,0.32,0.0,0.0,0.75,0.34,0.73,0.72,0.56,0.72,0.74,0.56,0.56,0.51,0.53,0.51,0.53,0.64,0.5,0.629,0.578,0.525
0.58,0.58,1.0,1.0,0.96,0.96,0.16,0.16,0.29,0.29,0.4,0.32,0.0,0.0,0.75,0.33,0.72,0.71,0.56,0.71,0.73,0.56,0.56,0.48,0.59,0.49,0.57,0.64,0.5,0.623,0.593,0.535
0.59,0.59,1.0,1.0,0.95,0.95,0.16,0.16,0.28,0.28,0.41,0.32,0.0,0.0,0.75,0.34,0.69,0.71,0.56,0.68,0.71,0.56,0.56,0.48,0.59,0.48,0.59,0.62,0.5,0.611,0.598,0.538
0.58,0.58,1.0,1.0,0.96,0.96,0.16,0.16,0.37,0.37,0.16,0.57,0.0,0.0,0.75,0.34,0.72,0.72,0.56,0.71,0.73,0.56,0.56,0.46,0.62,0.47,0.6,0.62,0.5,0.595,0.597,0.538
0.6,0.6,1.0,1.0,0.95,0.95,0.16,0.16,0.6,0.6,0.0,0.77,0.0,0.0,0.75,0.36,0.79,0.73,0.56,0.78,0.79,0.56,0.56,0.43,0.68,0.44,0.66,0.62,0.5,0.553,0.592,0.525
0.61,0.61,1.0,1.0,0.94,0.94,0.16,0.16,0.59,0.59,0.0,0.8,0.0,0.0,1.0,0.36,0.79,0.73,0.56,0.78,0.79,0.56,0.56,0.45,0.65,0.46,0.63,0.64,0.5,0.516,0.595,0.511
0.63,0.63,1.0,1.0,0.92,0.92,0.16,0.16,0.59,0.59,0.0,0.77,0.0,0.0,1.0,0.36,0.81,0.73,0.56,0.8,0.81,0.56,0.56,0.49,0.57,0.5,0.55,0.67,0.5,0.484,0.588,0.505
0.61,0.61,1.0,1.0,0.93,0.93,0.16,0.16,0.38,0.38,0.2,0.53,0.0,0.0,0.75,0.36,0.74,0.73,0.56,0.74,0.75,0.56,0.56,0.52,0.51,0.52,0.52,0.68,0.5,0.481,0.583,0.507
0.61,0.61,1.0,1.0,0.93,0.93,0.24,0.24,0.22,0.22,0.41,0.31,0.02,0.02,0.75,0.33,0.7,0.71,0.56,0.69,0.72,0.56,0.56,0.56,0.44,0.56,0.45,0.73,0.5,0.509,0.588,0.503
0.62,0.62,1.0,1.0,0.93,0.93,0.16,0.16,0.23,0.23,0.35,0.37,0.0,0.0,0.75,0.33,0.76,0.71,0.56,0.74,0.77,0.56,0.56,0.48,0.58,0.47,0.61,0.78,0.5,0.522,0.577,0.503
0.62,0.62,1.0,1.0,0.93,0.93,0.29,0.29,0.2,0.2,0.34,0.38,0.0,0.0,0.5,0.33,0.7,0.71,0.56,0.69,0.72,0.56,0.56,0.53,0.49,0.53,0.5,0.79,0.5,0.549,0.595,0.493
0.63,0.63,1.0,1.0,0.92,0.92,0.37,0.37,0.15,0.15,0.39,0.34,0.0,0.0,0.5,0.34,0.66,0.71,0.56,0.65,0.67,0.56,0.56,0.55,0.45,0.55,0.46,0.8,0.5,0.57,0.617,0.495
0.65,0.65,1.0,1.0,0.91,0.91,0.24,0.24,0.18,0.18,0.4,0.33,0.0,0.0,0.5,0.34,0.66,0.71,0.56,0.66,0.67,0.56,0.56,0.53,0.48,0.52,0.5,0.78,0.5,0.585,0.623,0.505
0.66,0.66,1.0,1.0,0.9,0.9,0.23,0.22,0.18,0.18,0.4,0.33,0.0,0.0,0.5,0.34,0.66,0.72,0.56,0.66,0.67,0.56,0.56,0.52,0.52,0.51,0.52,0.76,0.5,0.604,0.618,0.512
0.64,0.64,1.0,1.0,0.91,0.91,0.22,0.22,0.19,0.19,0.38,0.35,0.0,0.0,0.5,0.34,0.67,0.72,0.56,0.66,0.68,0.56,0.56,0.5,0.55,0.5,0.55,0.75,0.5,0.633,0.615,0.515
0.62,0.62,1.0,1.0,0.93,0.93,0.22,0.22,0.2,0.2,0.36,0.36,0.0,0.0,0.5,0.35,0.66,0.72,0.56,0.65,0.67,0.56,0.56,0.49,0.56,0.49,0.56,0.75,0.5,0.644,0.617,0.519
0.62,0.62,1.0,1.0,0.93,0.93,0.21,0.21,0.2,0.2,0.33,0.4,0.0,0.0,0.5,0.35,0.66,0.72,0.56,0.65,0.67,0.56,0.56,0.47,0.6,0.48,0.6,0.74,0.5,0.664,0.62,0.526
0.62,0.62,1.0,1.0,0.93,0.93,0.21,0.21,0.2,0.2,0.31,0.42,0.0,0.0,0.5,0.35,0.65,0.72,0.56,0.63,0.66,0.56,0.56,0.52,0.5,0.53,0.5,0.76,0.5,0.675,0.615,0.531
0.62,0.62,1.0,1.0,0.93,0.93,0.22,0.22,0.19,0.19,0.3,0.43,0.0,0.0,0.5,0.35,0.57,0.72,0.56,0.54,0.6,0.56,0.56,0.53,0.5,0.54,0.48,0.76,0.5,0.684,0.615,0.536
0.62,0.62,1.0,1.0,0.93,0.93,0.22,0.21,0.21,0.21,0.31,0.42,0.0,0.0,0.5,0.35,0.59,0.72,0.56,0.56,0.62,0.56,0.56,0.52,0.51,0.52,0.51,0.74,0.5,0.689,0.62,0.546
0.61,0.61,1.0,1.0,0.94,0.94,0.16,0.16,0.28,0.28,0.47,0.25,0.0,0.0,0.75,0.35,0.64,0.73,0.56,0.61,0.66,0.56,0.56,0.51,0.52,0.52,0.51,0.75,0.5,0.697,0.615,0.559
0.61,0.61,1.0,1.0,0.94,0.94,0.16,0.16,0.29,0.29,0.46,0.27,0.0,0.0,0.75,0.36,0.63,0.73,0.56,0.6,0.66,0.56,0.56,0.49,0.57,0.49,0.56,0.73,0.5,0.696,0.615,0.561
0.61,0.61,1.0,1.0,0.94,0.94,0.16,0.16,0.29,0.29,0.44,0.28,0.0,0.0,0.75,0.36,0.63,0.73,0.56,0.6,0.66,0.56,0.56,0.49,0.57,0.49,0.56,0.72,0.5,0.701,0.6,0.561
0.61,0.61,1.0,1.0,0.94,0.94,0.16,0.16,0.3,0.3,0.44,0.29,0.0,0.0,0.75,0.37,0.63,0.74,0.56,0.6,0.66,0.56,0.56,0.45,0.65,0.46,0.63,0.69,0.5,0.691,0.6,0.551
0.6,0.6,1.0,1.0,0.94,0.94,0.16,0.16,0.28,0.28,0.43,0.3,0.0,0.0,0.5,0.37,0.6,0.74,0.56,0.58,0.62,0.56,0.56,0.51,0.53,0.52,0.51,0.7,0.5,0.723,0.605,0.555
0.61,0.61,1.0,1.0,0.93,0.93,0.52,0.51,0.14,0.14,0.32,0.41,0.0,0.0,0.5,0.38,0.6,0.74,0.56,0.58,0.63,0.56,0.56,0.51,0.53,0.52,0.51,0.7,0.5,0.722,0.62,0.526
0.62,0.62,1.0,1.0,0.93,0.93,0.26,0.26,0.19,0.19,0.33,0.4,0.0,0.0,0.5,0.38,0.61,0.75,0.56,0.59,0.64,0.56,0.56,0.5,0.56,0.5,0.54,0.69,0.5,0.744,0.672,0.482
0.61,0.61,1.0,1.0,0.94,0.94,0.18,0.18,0.23,0.23,0.41,0.32,0.0,0.0,0.75,0.38,0.61,0.75,0.56,0.6,0.63,0.56,0.56,0.5,0.56,0.5,0.54,0.65,0.5,0.771,0.693,0.517
0.6,0.6,1.0,1.0,0.94,0.94,0.16,0.16,0.25,0.25,0.47,0.25,0.0,0.0,0.75,0.38,0.65,0.75,0.56,0.64,0.65,0.56,0.56,0.47,0.6,0.47,0.61,0.66,0.5,0.801,0.683,0.555
0.62,0.62,1.0,1.0,0.93,0.93,0.16,0.16,0.24,0.24,0.5,0.22,0.0,0.0,0.75,0.38,0.7,0.74,0.56,0.7,0.7,0.56,0.56,0.48,0.59,0.47,0.6,0.65,0.5,0.812,0.672,0.555
0.63,0.63,1.0,1.0,0.92,0.92,0.16,0.16,0.24,0.24,0.55,0.17,0.0,0.0,0.75,0.37,0.7,0.74,0.56,0.7,0.71,0.56,0.56,0.51,0.54,0.49,0.57,0.65,0.5,0.809,0.653,0.545
0.63,0.63,1.0,1.0,0.92,0.92,0.16,0.16,0.25,0.25,0.61,0.12,0.0,0.0,0.75,0.37,0.7,0.74,0.56,0.7,0.71,0.56,0.56,0.55,0.46,0.53,0.5,0.67,0.5,0.801,0.635,0.524
0.62,0.62,1.0,1.0,0.93,0.93,0.16,0.16,0.25,0.25,0.62,0.1,0.0,0.0,0.75,0.37,0.72,0.74,0.56,0.73,0.72,0.56,0.56,0.52,0.51,0.5,0.55,0.67,0.5,0.789,0.58,0.492
0.6,0.6,1.0,1.0,0.94,0.94,0.16,0.16,0.25,0.25,0.48,0.24,0.03,0.0,0.75,0.37,0.65,0.74,0.56,0.63,0.66,0.56,0.56,0.57,0.44,0.55,0.45,0.61,0.5,0.791,0.518,0.461
0.59,0.59,1.0,1.0,0.95,0.95,0.16,0.16,0.27,0.27,0.35,0.38,0.0,0.0,0.75,0.36,0.65,0.74,0.56,0.62,0.67,0.56,0.56,0.54,0.47,0.54,0.46,0.64,0.5,0.806,0.475,0.425
0.59,0.59,1.0,1.0,0.95,0.95,0.16,0.16,0.26,0.26,0.26,0.46,0.0,0.0,0.75,0.36,0.68,0.73,0.56,0.66,0.71,0.56,0.56,0.5,0.54,0.5,0.54,0.65,0.5,0.803,0.435,0.411
0.59,0.59,1.0,1.0,0.95,0.95,0.16,0.16,0.27,0.27,0.21,0.52,0.0,0.0,0.75,0.35,0.69,0.73,0.56,0.67,0.72,0.56,0.56,0.55,0.45,0.55,0.45,0.65,0.5,0.796,0.4,0.395
0.59,0.59,1.0,1.0,0.95,0.95,0.16,0.16,0.26,0.26,0.14,0.59,0.0,0.0,0.75,0.34,0.68,0.72,0.56,0.64,0.71,0.56,0.56,0.54,0.46,0.55,0.45,0.63,0.5,0.803,0.387,0.38
0.59,0.59,1.0,1.0,0.95,0.95,0.16,0.16,0.26,0.26,0.13,0.6,0.0,0.02,0.75,0.34,0.67,0.71,0.56,0.63,0.7,0.56,0.56,0.55,0.45,0.56,0.45,0.63,0.5,0.805,0.372,0.368
0.59,0.59,1.0,1.0,0.95,0.95,0.16,0.16,0.28,0.28,0.25,0.47,0.0,0.0,0.75,0.34,0.67,0.72,0.56,0.64,0.69,0.56,0.56,0.52,0.5,0.53,0.49,0.62,0.5,0.802,0.367,0.364
0.59,0.59,1.0,1.0,0.95,0.95,0.16,0.16,0.26,0.26,0.34,0.38,0.03,0.02,0.75,0.36,0.6,0.73,0.56,0.58,0.63,0.56,0.56,0.57,0.44,0.56,0.44,0.59,0.5,0.805,0.378,0.363
0.59,0.59,1.0,1.0,0.95,0.95,0.16,0.16,0.24,0.24,0.41,0.31,0.04,0.03,0.75,0.38,0.6,0.74,0.56,0.58,0.62,0.56,0.56,0.58,0.44,0.57,0.44,0.54,0.5,0.808,0.402,0.371
0.58,0.58,1.0,1.0,0.96,0.96,0.16,0.16,0.24,0.24,0.44,0.28,0.0,0.0,0.75,0.41,0.62,0.77,0.56,0.62,0.63,0.56,0.56,0.51,0.53,0.51,0.52,0.52,0.5,0.803,0.418,0.381
0.58,0.58,1.0,1.0,0.96,0.96,0.16,0.16,0.23,0.23,0.45,0.28,0.0,0.0,0.75,0.42,0.63,0.78,0.56,0.62,0.64,0.56,0.56,0.51,0.53,0.51,0.53,0.52,0.5,0.792,0.43,0.413
0.58,0.58,1.0,1.0,0.96,0.96,0.16,0.16,0.33,0.33,0.62,0.11,0.09,0.06,0.75,0.43,0.57,0.78,0.56,0.55,0.59,0.56,0.56,0.61,0.42,0.59,0.43,0.51,0.5,0.786,0.46,0.499
0.58,0.58,1.0,1.0,0.96,0.96,0.16,0.16,0.38,0.38,0.57,0.16,0.0,0.0,0.75,0.45,0.6,0.8,0.56,0.58,0.62,0.56,0.56,0.5,0.55,0.51,0.53,0.51,0.5,0.779,0.502,0.545
0.58,0.58,1.0,1.0,0.96,0.96,0.16,0.16,0.38,0.38,0.54,0.19,0.0,0.0,0.75,0.45,0.59,0.8,0.56,0.57,0.62,0.56,0.56,0.52,0.52,0.53,0.5,0.51,0.5,0.772,0.548,0.598
0.58,0.58,1.0,1.0,0.96,0.96,0.16,0.16,0.36,0.36,0.47,0.26,0.0,0.0,0.75,0.45,0.61,0.8,0.56,0.58,0.65,0.56,0.56,0.53,0.48,0.54,0.46,0.56,0.5,0.753,0.593,0.648
0.58,0.58,1.0,1.0,0.96,0.96,0.16,0.16,0.45,0.45,0.49,0.24,0.04,0.03,0.75,0.44,0.7,0.8,0.55,0.67,0.73,0.55,0.55,0.58,0.44,0.57,0.44,0.5,0.5,0.728,0.645,0.697
0.59,0.59,1.0,1.0,0.95,0.95,0.16,0.16,0.47,0.47,0.5,0.23,0.16,0.15,1.0,0.4,0.88,0.76,0.4,0.86,0.89,0.4,0.4,0.66,0.4,0.65,0.41,0.24,0.67,0.707,0.665,0.691
0.61,0.61,1.0,1.0,0.94,0.94,0.62,0.62,0.15,0.15,0.29,0.43,0.25,0.15,0.75,0.32,0.91,0.71,0.36,0.89,0.92,0.36,0.36,0.72,0.37,0.65,0.4,0.12,0.66,0.711,0.693,0.56
0.6,0.6,1.0,1.0,0.94,0.94,0.21,0.21,0.2,0.2,0.31,0.42,0.22,0.16,0.75,0.28,0.95,0.67,0.33,0.95,0.96,0.33,0.33,0.7,0.38,0.66,0.4,0.08,0.67,0.709,0.687,0.465
0.59,0.59,1.0,1.0,0.95,0.95,0.16,0.16,0.21,0.21,0.33,0.4,0.22,0.2,0.75,0.27,0.95,0.66,0.3,0.95,0.96,0.3,0.3,0.7,0.38,0.68,0.39,0.05,0.68,0.719,0.68,0.384
0.57,0.57,1.0,1.0,0.96,0.96,0.16,0.16,0.23,0.23,0.34,0.39,0.21,0.2,1.0,0.25,0.96,0.65,0.28,0.96,0.96,0.28,0.28,0.69,0.39,0.68,0.39,0.04,0.68,0.729,0.672,0.345
0.57,0.57,1.0,1.0,0.97,0.97,0.16,0.16,0.24,0.24,0.34,0.38,0.13,0.12,1.0,0.24,0.97,0.64,0.28,0.97,0.97,0.28,0.28,0.64,0.41,0.63,0.41,0.03,0.67,0.739,0.677,0.305
0.56,0.56,1.0,1.0,0.97,0.97,0.16,0.16,0.26,0.26,0.35,0.38,0.06,0.04,1.0,0.24,0.97,0.64,0.27,0.97,0.97,0.27,0.27,0.59,0.43,0.58,0.44,0.03,0.66,0.741,0.683,0.305
0.56,0.56,1.0,1.0,0.98,0.98,0.16,0.16,0.29,0.29,0.35,0.37,0.0,0.0,1.0,0.24,0.97,0.64,0.27,0.97,0.98,0.27,0.27,0.5,0.54,0.5,0.54,0.03,0.62,0.709,0.698,0.383
0.56,0.56,1.0,1.0,0.98,0.98,0.78,0.77,0.2,0.2,0.34,0.39,0.0,0.0,1.0,0.23,0.97,0.64,0.26,0.97,0.97,0.26,0.26,0.55,0.45,0.55,0.45,0.03,0.61,0.701,0.703,0.464
0.43,0.43,0.77,0.77,1.0,1.0,0.16,0.16,0.31,0.31,0.35,0.37,0.06,0.06,1.0,0.23,0.97,0.64,0.27,0.97,0.97,0.27,0.27,0.59,0.43,0.59,0.43,0.02,0.57,0.711,0.718,0.547
0.56,0.56,1.0,1.0,0.98,0.98,0.16,0.16,0.36,0.36,0.34,0.38,0.1,0.09,1.0,0.37,0.74,0.74,0.54,0.73,0.75,0.54,0.54,0.62,0.42,0.61,0.42,0.15,0.53,0.709,0.753,0.574
0.84,0.84,1.0,1.0,0.75,0.75,0.16,0.16,0.36,0.36,0.33,0.39,0.0,0.0,1.0,0.4,0.85,0.76,0.56,0.84,0.87,0.56,0.56,0.52,0.51,0.51,0.53,0.38,1.0,0.721,0.763,0.59
0.92,0.92,1.0,1.0,0.68,0.68,0.16,0.16,0.34,0.34,0.33,0.39,0.0,0.0,1.0,0.41,0.91,0.77,0.56,0.9,0.91,0.56,0.56,0.43,0.68,0.44,0.66,0.59,0.5,0.724,0.678,0.545
0.92,0.92,1.0,1.0,0.68,0.68,0.16,0.16,0.32,0.32,0.33,0.39,0.0,0.0,1.0,0.39,0.93,0.76,0.56,0.92,0.93,0.56,0.56,0.42,0.7,0.43,0.68,0.67,0.5,0.736,0.563,0.481
0.92,0.92,1.0,1.0,0.68,0.68,0.16,0.16,0.29,0.29,0.33,0.39,0.0,0.0,1.0,0.37,0.93,0.74,0.56,0.93,0.93,0.56,0.56,0.4,0.73,0.43,0.69,0.71,0.5,0.746,0.463,0.446
0.92,0.92,1.0,1.0,0.68,0.68,0.16,0.16,0.27,0.27,0.33,0.4,0.0,0.0,1.0,0.35,0.94,0.72,0.56,0.93,0.94,0.56,0.56,0.4,0.73,0.43,0.69,0.75,0.5,0.749,0.38,0.415
0.92,0.92,1.0,1.0,0.68,0.68,0.16,0.16,0.25,0.25,0.33,0.4,0.0,0.0,1.0,0.34,0.94,0.72,0.56,0.94,0.94,0.56,0.56,0.41,0.73,0.43,0.68,0.76,0.5,0.749,0.325,0.388
0.92,0.92,1.0,1.0,0.68,0.68,0.16,0.16,0.3,0.3,0.39,0.33,0.0,0.0,1.0,0.33,0.94,0.71,0.56,0.93,0.94,0.56,0.56,0.42,0.7,0.44,0.66,0.78,0.5,0.759,0.287,0.369
0.92,0.92,1.0,1.0,0.68,0.68,0.16,0.16,0.42,0.42,0.56,0.17,0.0,0.0,1.0,0.34,0.94,0.72,0.56,0.93,0.94,0.56,0.56,0.42,0.7,0.44,0.67,0.78,0.5,0.745,0.285,0.361
0.92,0.92,1.0,1.0,0.68,0.68,0.16,0.16,0.49,0.49,0.58,0.15,0.0,0.0,1.0,0.35,0.94,0.73,0.56,0.93,0.94,0.56,0.56,0.42,0.71,0.43,0.69,0.79,0.5,0.727,0.273,0.37
0.92,0.92,1.0,1.0,0.68,0.68,0.16,0.16,0.51,0.51,0.59,0.14,0.0,0.0,1.0,0.37,0.94,0.74,0.56,0.93,0.94,0.56,0.56,0.4,0.74,0.41,0.73,0.79,0.5,0.723,0.277,0.388
0.92,0.92,1.0,1.0,0.68,0.68,0.16,0.16,0.5,0.5,0.6,0.14,0.0,0.0,1.0,0.38,0.94,0.74,0.56,0.94,0.94,0.56,0.56,0.39,0.76,0.4,0.75,0.8,0.5,0.713,0.288,0.406
0.92,0.92,1.0,1.0,0.68,0.68,0.16,0.16,0.5,0.5,0.58,0.16,0.0,0.0,1.0,0.38,0.94,0.75,0.56,0.94,0.94,0.56,0.56,0.39,0.76,0.4,0.75,0.8,0.5,0.703,0.302,0.417
0.92,0.92,1.0,1.0,0.68,0.68,0.16,0.16,0.51,0.51,0.58,0.15,0.0,0.0,1.0,0.38,0.94,0.75,0.56,0.93,0.94,0.56,0.56,0.39,0.76,0.4,0.75,0.79,0.5,0.686,0.32,0.427
0.92,0.92,1.0,1.0,0.68,0.68,0.16,0.16,0.51,0.51,0.57,0.16,0.0,0.0,1.0,0.38,0.94,0.75,0.56,0.93,0.94,0.56,0.56,0.4,0.75,0.4,0.74,0.79,0.5,0.652,0.335,0.44
0.92,0.92,1.0,1.0,0.68,0.68,0.16,0.16,0.51,0.51,0.57,0.16,0.0,0.0,1.0,0.38,0.94,0.75,0.56,0.93,0.94,0.56,0.56,0.4,0.74,0.4,0.74,0.77,0.5,0.626,0.347,0.435
0.92,0.92,1.0,1.0,0.68,0.68,0.16,0.16,0.51,0.51,0.56,0.17,0.0,0.0,1.0,0.38,0.93,0.75,0.56,0.92,0.93,0.56,0.56,0.4,0.74,0.4,0.74,0.77,0.5,0.606,0.365,0.44
0.88,0.88,1.0,1.0,0.71,0.71,0.16,0.16,0.37,0.37,0.44,0.29,0.0,0.0,1.0,0.37,0.92,0.74,0.56,0.91,0.92,0.56,0.56,0.42,0.71,0.42,0.7,0.75,0.5,0.579,0.385,0.445
0.88,0.88,1.0,1.0,0.71,0.71,0.16,0.16,0.25,0.25,0.36,0.37,0.0,0.0,1.0,0.34,0.86,0.72,0.56,0.85,0.87,0.56,0.56,0.48,0.59,0.48,0.58,0.74,0.5,0.557,0.393,0.444
0.82,0.82,1.0,1.0,0.76,0.76,0.16,0.16,0.26,0.26,0.36,0.37,0.13,0.15,0.75,0.32,0.79,0.71,0.56,0.77,0.8,0.56,0.56,0.64,0.41,0.65,0.4,0.7,0.5,0.582,0.39,0.454
0.77,0.77,1.0,1.0,0.81,0.81,0.16,0.16,0.26,0.26,0.35,0.38,0.27,0.27,0.75,0.31,0.69,0.69,0.56,0.67,0.71,0.56,0.56,0.73,0.37,0.73,0.37,0.7,0.5,0.599,0.385,0.465
0.76,0.76,1.0,1.0,0.81,0.81,0.16,0.16,0.25,0.25,0.35,0.38,0.27,0.27,0.75,0.3,0.68,0.69,0.56,0.65,0.7,0.56,0.56,0.73,0.37,0.73,0.37,0.71,0.5,0.619,0.378,0.464
0.76,0.76,1.0,1.0,0.82,0.82,0.16,0.16,0.38,0.38,0.46,0.26,0.27,0.25,0.75,0.31,0.66,0.7,0.56,0.63,0.68,0.56,0.56,0.73,0.37,0.72,0.37,0.73,0.5,0.639,0.373,0.46
0.74,0.74,1.0,1.0,0.83,0.83,0.16,0.16,0.44,0.44,0.49,0.23,0.25,0.21,0.75,0.34,0.66,0.72,0.56,0.63,0.69,0.56,0.56,0.72,0.38,0.69,0.39,0.73,0.5,0.655,0.373,0.461
0.74,0.74,1.0,1.0,0.83,0.83,0.16,0.16,0.44,0.44,0.52,0.21,0.25,0.22,0.75,0.35,0.66,0.72,0.56,0.63,0.69,0.56,0.56,0.72,0.37,0.7,0.38,0.74,0.5,0.673,0.373,0.459
0.74,0.74,1.0,1.0,0.83,0.83,0.16,0.16,0.44,0.44,0.52,0.21,0.3,0.24,0.75,0.35,0.62,0.73,0.56,0.58,0.66,0.56,0.56,0.75,0.36,0.71,0.38,0.75,0.5,0.698,0.378,0.453
0.74,0.74,1.0,1.0,0.83,0.83,0.16,0.16,0.45,0.45,0.52,0.2,0.36,0.33,0.75,0.35,0.61,0.73,0.56,0.57,0.65,0.56,0.56,0.79,0.34,0.77,0.35,0.75,0.5,0.711,0.378,0.455
0.74,0.74,1.0,1.0,0.83,0.83,0.16,0.16,0.46,0.46,0.52,0.21,0.45,0.43,0.75,0.35,0.59,0.73,0.56,0.56,0.62,0.56,0.56,0.85,0.32,0.84,0.32,0.75,0.5,0.726,0.38,0.458
0.74,0.74,1.0,1.0,0.83,0.83,0.16,0.16,0.47,0.47,0.51,0.22,0.72,0.72,0.75,0.34,0.52,0.72,0.56,0.49,0.54,0.56,0.56,1.0,0.23,1.0,0.24,0.74,0.5,0.731,0.378,0.459
0.75,0.75,1.0,1.0,0.82,0.82,0.16,0.16,0.48,0.48,0.5,0.23,0.81,0.81,0.75,0.3,0.47,0.69,0.56,0.45,0.49,0.56,0.56,1.0,0.21,1.0,0.21,0.72,0.5,0.734,0.377,0.46
0.76,0.76,1.0,1.0,0.81,0.81,0.16,0.16,0.5,0.5,0.52,0.21,0.81,0.81,0.75,0.29,0.46,0.68,0.56,0.44,0.49,0.56,0.56,1.0,0.21,1.0,0.21,0.7,0.5,0.734,0.377,0.459
0.76,0.76,1.0,1.0,0.81,0.81,0.16,0.16,0.5,0.5,0.52,0.21,0.81,0.81,0.75,0.29,0.46,0.68,0.56,0.44,0.49,0.56,0.56,1.0,0.21,1.0,0.21,0.7,0.5,0.739,0.377,0.457
0.77,0.77,1.0,1.0,0.81,0.81,0.16,0.16,0.5,0.5,0.52,0.21,0.81,0.81,0.75,0.29,0.46,0.68,0.56,0.44,0.49,0.56,0.56,1.0,0.21,1.0,0.21,0.7,0.5,0.735,0.377,0.456
0.76,0.76,1.0,1.0,0.81,0.81,0.16,0.16,0.51,0.51,0.52,0.21,0.81,0.81,0.75,0.29,0.47,0.68,0.56,0.45,0.5,0.56,0.56,1.0,0.21,1.0,0.21,0.71,0.5,0.726,0.375,0.455
0.77,0.77,1.0,1.0,0.81,0.81,0.16,0.16,0.49,0.49,0.46,0.27,0.81,0.81,0.75,0.28,0.45,0.67,0.56,0.42,0.47,0.56,0.56,1.0,0.21,1.0,0.21,0.71,0.5,0.719,0.382,0.461
0.77,0.77,1.0,1.0,0.81,0.81,0.16,0.16,0.47,0.47,0.44,0.29,0.81,0.81,0.75,0.28,0.42,0.67,0.56,0.4,0.44,0.56,0.56,1.0,0.21,1.0,0.21,0.71,0.5,0.706,0.387,0.466
0.74,0.74,1.0,1.0,0.83,0.83,0.16,0.16,0.47,0.47,0.44,0.28,0.81,0.81,0.75,0.28,0.42,0.67,0.56,0.4,0.44,0.56,0.56,1.0,0.21,1.0,0.21,0.69,0.5,0.706,0.392,0.469
0.72,0.72,1.0,1.0,0.85,0.85,0.23,0.23,0.29,0.29,0.38,0.34,0.81,0.8,0.75,0.29,0.45,0.68,0.56,0.43,0.47,0.56,0.56,1.0,0.21,1.0,0.21,0.58,0.5,0.705,0.397,0.467
0.64,0.64,1.0,1.0,0.91,0.91,0.16,0.16,0.38,0.38,0.4,0.32,0.63,0.61,0.75,0.29,0.52,0.68,0.56,0.51,0.53,0.56,0.56,0.97,0.26,0.96,0.27,0.48,0.5,0.71,0.398,0.468
0.65,0.65,1.0,1.0,0.91,0.91,0.16,0.16,0.39,0.39,0.42,0.31,0.51,0.49,0.75,0.31,0.53,0.7,0.56,0.52,0.54,0.56,0.56,0.89,0.3,0.88,0.3,0.35,0.34,0.713,0.4,0.468
0.64,0.64,1.0,1.0,0.91,0.91,0.16,0.16,0.41,0.41,0.42,0.3,0.43,0.42,0.75,0.32,0.54,0.7,0.56,0.53,0.54,0.56,0.56,0.84,0.32,0.83,0.33,0.24,0.3,0.71,0.393,0.461
0.64,0.64,1.0,1.0,0.91,0.91,0.16,0.16,0.4,0.4,0.43,0.3,0.43,0.4,0.75,0.32,0.64,0.7,0.56,0.63,0.65,0.56,0.56,0.84,0.32,0.82,0.33,0.19,0.3,0.716,0.39,0.46
0.64,0.64,1.0,1.0,0.91,0.91,0.16,0.16,0.32,0.32,0.4,0.33,0.48,0.46,0.75,0.32,0.73,0.7,0.56,0.73,0.74,0.56,0.56,0.87,0.31,0.86,0.31,0.17,0.31,0.719,0.392,0.457
0.64,0.64,1.0,1.0,0.91,0.91,0.16,0.16,0.38,0.38,0.41,0.31,0.42,0.39,0.75,0.34,0.81,0.72,0.5,0.81,0.82,0.5,0.5,0.83,0.32,0.81,0.33,0.16,0.5,0.714,0.398,0.457
0.66,0.66,1.0,1.0,0.9,0.9,0.16,0.16,0.4,0.4,0.44,0.28,0.39,0.36,0.75,0.36,0.84,0.73,0.48,0.84,0.85,0.48,0.48,0.81,0.33,0.79,0.34,0.14,0.61,0.708,0.403,0.457
0.71,0.71,1.0,1.0,0.86,0.86,0.16,0.16,0.48,0.48,0.0,0.75,0.39,0.33,0.75,0.34,0.91,0.72,0.41,0.9,0.91,0.41,0.41,0.81,0.34,0.77,0.35,0.09,0.52,0.704,0.412,0.455
0.7,0.7,1.0,1.0,0.86,0.86,0.16,0.16,0.56,0.56,0.0,0.91,0.38,0.33,0.75,0.33,0.94,0.71,0.36,0.93,0.94,0.36,0.36,0.8,0.34,0.77,0.35,0.07,0.5,0.712,0.42,0.461
0.7,0.7,1.0,1.0,0.86,0.86,0.16,0.16,0.57,0.57,0.0,0.88,0.28,0.25,0.75,0.32,0.94,0.71,0.35,0.94,0.94,0.35,0.35,0.74,0.36,0.72,0.37,0.06,0.51,0.709,0.425,0.461
0.7,0.7,1.0,1.0,0.86,0.86,0.16,0.16,0.57,0.57,0.0,0.86,0.22,0.18,0.75,0.31,0.95,0.7,0.33,0.95,0.95,0.33,0.33,0.7,0.38,0.67,0.4,0.06,0.52,0.711,0.428,0.459
0.65,0.65,1.0,1.0,0.91,0.91,0.35,0.35,0.17,0.17,0.39,0.34,0.18,0.13,0.75,0.31,0.94,0.7,0.33,0.94,0.95,0.33,0.33,0.67,0.4,0.64,0.41,0.06,0.52,0.71,0.432,0.46
0.59,0.59,1.0,1.0,0.95,0.95,0.19,0.18,0.22,0.22,0.39,0.34,0.18,0.1,1.0,0.25,0.96,0.65,0.28,0.96,0.96,0.28,0.28,0.67,0.4,0.62,0.42,0.03,0.52,0.71,0.43,0.461
0.57,0.57,1.0,1.0,0.96,0.96,0.16,0.16,0.25,0.25,0.39,0.34,0.16,0.06,1.0,0.24,0.96,0.64,0.28,0.96,0.97,0.28,0.28,0.66,0.4,0.59,0.43,0.03,0.52,0.71,0.43,0.459
0.56,0.56,1.0,1.0,0.97,0.97,0.16,0.16,0.27,0.27,0.4,0.33,0.15,0.06,1.0,0.24,0.96,0.64,0.28,0.96,0.97,0.28,0.28,0.65,0.41,0.59,0.43,0.02,0.5,0.714,0.432,0.462
0.56,0.56,1.0,1.0,0.97,0.97,0.16,0.16,0.29,0.29,0.4,0.32,0.13,0.07,1.0,0.29,0.86,0.68,0.37,0.86,0.87,0.37,0.37,0.64,0.41,0.6,0.43,0.03,0.47,0.716,0.437,0.46
0.57,0.57,1.0,1.0,0.97,0.97,0.16,0.16,0.32,0.32,0.39,0.33,0.09,0.06,1.0,0.43,0.73,0.78,0.53,0.72,0.75,0.53,0.53,0.61,0.42,0.59,0.43,0.14,0.43,0.722,0.442,0.464
0.58,0.58,1.0,1.0,0.96,0.96,0.83,0.82,0.17,0.17,0.38,0.35,0.12,0.12,1.0,0.48,0.68,0.82,0.53,0.67,0.7,0.53,0.53,0.63,0.41,0.63,0.41,0.19,0.41,0.719,0.455,0.465
0.58,0.58,1.0,1.0,0.96,0.96,0.21,0.21,0.31,0.31,0.39,0.33,0.1,0.1,0.75,0.49,0.61,0.83,0.56,0.6,0.63,0.56,0.56,0.62,0.42,0.62,0.42,0.18,0.39,0.719,0.463,0.46
0.57,0.57,1.0,1.0,0.97,0.97,0.16,0.16,0.36,0.36,0.39,0.33,0.07,0.06,0.75,0.52,0.62,0.85,0.56,0.61,0.64,0.56,0.56,0.6,0.43,0.59,0.43,0.28,0.38,0.725,0.483,0.466
0.57,0.57,1.0,1.0,0.97,0.97,0.16,0.16,0.38,0.38,0.39,0.33,0.0,0.0,0.75,0.54,0.66,0.86,0.56,0.66,0.67,0.56,0.56,0.49,0.56,0.49,0.57,0.53,0.5,0.729,0.497,0.465
0.57,0.57,1.0,1.0,0.97,0.97,0.16,0.16,0.38,0.38,0.39,0.33,0.0,0.0,0.75,0.48,0.66,0.82,0.56,0.65,0.67,0.56,0.56,0.47,0.61,0.46,0.62,0.59,0.5,0.716,0.5,0.463
0.58,0.58,1.0,1.0,0.96,0.96,0.16,0.16,0.39,0.39,0.38,0.34,0.0,0.0,0.75,0.38,0.78,0.75,0.56,0.77,0.78,0.56,0.56,0.48,0.59,0.47,0.6,0.7,0.5,0.711,0.515,0.465
0.58,0.58,1.0,1.0,0.96,0.96,0.16,0.16,0.38,0.38,0.37,0.35,0.0,0.0,0.75,0.37,0.77,0.74,0.56,0.76,0.78,0.56,0.56,0.49,0.58,0.48,0.59,0.74,0.5,0.705,0.535,0.465
0.59,0.59,1.0,1.0,0.95,0.95,0.16,0.16,0.36,0.36,0.37,0.35,0.0,0.0,0.75,0.36,0.76,0.73,0.56,0.74,0.77,0.56,0.56,0.49,0.56,0.48,0.58,0.76,0.5,0.706,0.54,0.475
0.6,0.6,1.0,1.0,0.95,0.95,0.16,0.16,0.32,0.32,0.38,0.35,0.0,0.0,0.75,0.34,0.73,0.71,0.56,0.72,0.74,0.56,0.56,0.51,0.52,0.51,0.53,0.78,0.5,0.704,0.548,0.512
0.59,0.59,1.0,1.0,0.95,0.95,0.16,0.16,0.37,0.37,0.47,0.26,0.0,0.0,0.75,0.33,0.71,0.71,0.56,0.69,0.73,0.56,0.56,0.54,0.47,0.52,0.51,0.79,0.5,0.697,0.548,0.555
0.61,0.61,1.0,1.0,0.93,0.93,0.16,0.16,0.46,0.46,0.53,0.19,0.0,0.0,0.75,0.33,0.76,0.71,0.56,0.74,0.77,0.56,0.56,0.54,0.47,0.52,0.51,0.8,0.5,0.704,0.555,0.561
0.63,0.63,1.0,1.0,0.92,0.92,0.16,0.16,0.46,0.46,0.53,0.2,0.0,0.0,0.75,0.34,0.76,0.72,0.56,0.74,0.78,0.56,0.56,0.54,0.47,0.51,0.52,0.8,0.5,0.691,0.553,0.55
0.64,0.64,1.0,1.0,0.91,0.91,0.16,0.16,0.46,0.46,0.53,0.2,0.0,0.0,0.75,0.34,0.76,0.72,0.56,0.74,0.78,0.56,0.56,0.53,0.48,0.51,0.52,0.8,0.5,0.665,0.553,0.527
0.65,0.65,1.0,1.0,0.91,0.91,0.16,0.16,0.44,0.44,0.52,0.21,0.0,0.0,0.75,0.35,0.76,0.72,0.56,0.73,0.78,0.56,0.56,0.53,0.49,0.51,0.53,0.79,0.5,0.644,0.56,0.511
0.64,0.64,1.0,1.0,0.91,0.91,0.16,0.16,0.46,0.46,0.39,0.34,0.0,0.0,0.75,0.35,0.76,0.72,0.56,0.73,0.78,0.56,0.56,0.52,0.51,0.5,0.54,0.79,0.5,0.614,0.582,0.513
0.66,0.66,1.0,1.0,0.9,0.9,0.16,0.16,0.58,0.58,0.01,0.74,0.0,0.0,1.0,0.35,0.77,0.72,0.56,0.74,0.79,0.56,0.56,0.5,0.55,0.5,0.55,0.78,0.5,0.596,0.592,0.517
0.68,0.68,1.0,1.0,0.88,0.88,0.16,0.16,0.58,0.58,0.02,0.72,0.0,0.0,1.0,0.35,0.78,0.72,0.56,0.76,0.79,0.56,0.56,0.49,0.57,0.49,0.57,0.78,0.5,0.561,0.605,0.51
0.72,0.72,1.0,1.0,0.85,0.85,0.16,0.16,0.59,0.59,0.04,0.7,0.0,0.0,1.0,0.35,0.79,0.72,0.56,0.77,0.8,0.56,0.56,0.49,0.57,0.49,0.56,0.78,0.5,0.536,0.618,0.501
0.65,0.65,1.0,1.0,0.9,0.9,0.4,0.4,0.19,0.19,0.39,0.34,0.02,0.02,0.75,0.35,0.71,0.72,0.56,0.69,0.73,0.56,0.56,0.56,0.44,0.56,0.45,0.78,0.5,0.51,0.635,0.491
0.65,0.65,1.0,1.0,0.9,0.9,0.26,0.26,0.22,0.22,0.39,0.34,0.02,0.02,0.75,0.34,0.7,0.72,0.56,0.68,0.72,0.56,0.56,0.56,0.44,0.56,0.45,0.79,0.5,0.496,0.642,0.49
0.64,0.64,1.0,1.0,0.91,0.91,0.16,0.16,0.25,0.25,0.39,0.34,0.02,0.0,0.75,0.33,0.7,0.71,0.56,0.68,0.73,0.56,0.56,0.56,0.44,0.55,0.45,0.77,0.5,0.488,0.643,0.491
0.62,0.62,1.0,1.0,0.92,0.92,0.16,0.16,0.27,0.27,0.39,0.33,0.07,0.04,0.75,0.31,0.7,0.69,0.56,0.68,0.72,0.56,0.56,0.6,0.43,0.58,0.44,0.76,0.5,0.496,0.652,0.492
0.61,0.61,1.0,1.0,0.93,0.93,0.16,0.16,0.29,0.29,0.38,0.34,0.13,0.12,0.75,0.3,0.69,0.69,0.56,0.68,0.7,0.56,0.56,0.64,0.41,0.63,0.41,0.75,0.5,0.5,0.652,0.484
0.61,0.61,1.0,1.0,0.93,0.93,0.16,0.16,0.31,0.31,0.34,0.38,0.0,0.0,0.75,0.3,0.73,0.69,0.56,0.72,0.74,0.56,0.56,0.55,0.45,0.54,0.48,0.75,0.5,0.514,0.645,0.485
0.61,0.61,1.0,1.0,0.93,0.93,0.16,0.16,0.33,0.33,0.31,0.41,0.0,0.0,0.75,0.3,0.75,0.69,0.56,0.74,0.76,0.56,0.56,0.54,0.46,0.54,0.46,0.74,0.5,0.551,0.65,0.493
0.62,0.62,1.0,1.0,0.93,0.93,0.16,0.16,0.35,0.35,0.31,0.41,0.0,0.0,0.75,0.3,0.75,0.69,0.56,0.74,0.76,0.56,0.56,0.53,0.49,0.53,0.49,0.73,0.5,0.587,0.648,0.498
0.61,0.61,1.0,1.0,0.94,0.94,0.16,0.16,0.36,0.36,0.31,0.41,0.0,0.0,0.75,0.3,0.76,0.69,0.56,0.74,0.77,0.56,0.56,0.53,0.48,0.53,0.49,0.72,0.5,0.615,0.653,0.503
0.61,0.61,1.0,1.0,0.94,0.94,0.16,0.16,0.35,0.35,0.31,0.41,0.0,0.0,0.75,0.3,0.77,0.69,0.56,0.75,0.78,0.56,0.56,0.55,0.45,0.55,0.46,0.72,0.5,0.644,0.655,0.499
0.61,0.61,1.0,1.0,0.94,0.94,0.16,0.16,0.36,0.36,0.32,0.4,0.02,0.0,0.75,0.3,0.78,0.68,0.56,0.76,0.79,0.56,0.56,0.56,0.45,0.55,0.45,0.73,0.5,0.662,0.647,0.494
0.59,0.59,1.0,1.0,0.95,0.95,0.16,0.16,0.35,0.35,0.38,0.35,0.0,0.0,0.75,0.3,0.73,0.69,0.56,0.72,0.75,0.56,0.56,0.55,0.46,0.55,0.45,0.71,0.5,0.667,0.648,0.487
0.6,0.6,1.0,1.0,0.94,0.94,0.16,0.16,0.31,0.31,0.44,0.29,0.03,0.02,0.75,0.3,0.73,0.69,0.56,0.7,0.76,0.56,0.56,0.57,0.44,0.56,0.45,0.69,0.5,0.671,0.65,0.487
0.6,0.6,1.0,1.0,0.94,0.94,0.16,0.16,0.3,0.3,0.48,0.25,0.06,0.02,0.75,0.3,0.73,0.69,0.56,0.7,0.76,0.56,0.56,0.59,0.43,0.56,0.44,0.69,0.5,0.675,0.655,0.489
0.6,0.6,1.0,1.0,0.95,0.95,0.16,0.16,0.29,0.29,0.5,0.23,0.02,0.0,0.75,0.3,0.73,0.69,0.56,0.71,0.75,0.56,0.56,0.56,0.45,0.54,0.47,0.69,0.5,0.68,0.677,0.504
0.6,0.6,1.0,1.0,0.95,0.95,0.16,0.16,0.28,0.28,0.5,0.22,0.36,0.38,0.75,0.29,0.7,0.68,0.56,0.71,0.7,0.56,0.56,0.79,0.34,0.8,0.34,0.7,0.5,0.682,0.692,0.523
0.59,0.59,1.0,1.0,0.95,0.95,0.16,0.16,0.24,0.24,0.47,0.26,0.55,0.63,0.5,0.28,0.66,0.67,0.56,0.68,0.63,0.56,0.56,0.92,0.29,0.97,0.26,0.66,0.5,0.681,0.697,0.529
0.59,0.59,1.0,1.0,0.95,0.95,0.16,0.16,0.24,0.24,0.45,0.27,0.6,0.67,0.5,0.27,0.65,0.66,0.56,0.67,0.62,0.56,0.56,0.95,0.27,1.0,0.25,0.65,0.5,0.677,0.692,0.528
0.59,0.59,1.0,1.0,0.95,0.95,0.16,0.16,0.23,0.23,0.44,0.28,0.67,0.73,0.5,0.26,0.66,0.66,0.56,0.68,0.64,0.56,0.56,1.0,0.25,1.0,0.23,0.68,0.5,0.669,0.692,0.526
0.61,0.61,1.0,1.0,0.94,0.94,0.16,0.16,0.22,0.22,0.43,0.3,0.7,0.75,0.5,0.26,0.67,0.66,0.56,0.68,0.65,0.56,0.56,1.0,0.24,1.0,0.23,0.69,0.5,0.663,0.687,0.513
0.62,0.62,1.0,1.0,0.93,0.93,0.16,0.16,0.21,0.21,0.42,0.3,0.8,0.81,0.5,0.25,0.68,0.65,0.56,0.69,0.67,0.56,0.56,1.0,0.21,1.0,0.21,0.7,0.5,0.654,0.693,0.508
0.62,0.62,1.0,1.0,0.92,0.92,0.16,0.16,0.2,0.2,0.41,0.31,0.81,0.81,0.5,0.25,0.66,0.65,0.56,0.66,0.66,0.56,0.56,1.0,0.21,1.0,0.21,0.7,0.5,0.636,0.692,0.51
0.6,0.6,1.0,1.0,0.94,0.94,0.16,0.16,0.38,0.38,0.49,0.23,0.81,0.81,0.75,0.25,0.65,0.65,0.56,0.65,0.65,0.56,0.56,1.0,0.21,1.0,0.21,0.77,0.5,0.614,0.697,0.495
0.63,0.63,1.0,1.0,0.92,0.92,0.16,0.16,0.42,0.42,0.53,0.2,0.81,0.81,0.75,0.25,0.67,0.65,0.56,0.68,0.67,0.56,0.56,1.0,0.21,1.0,0.21,0.82,0.5,0.6,0.707,0.471
0.64,0.64,1.0,1.0,0.91,0.91,0.16,0.16,0.41,0.41,0.51,0.22,0.81,0.81,0.75,0.25,0.66,0.65,0.56,0.67,0.66,0.56,0.56,1.0,0.21,1.0,0.21,0.86,0.5,0.59,0.7,0.447
0.65,0.65,1.0,1.0,0.9,0.9,0.16,0.16,0.41,0.41,0.51,0.22,0.81,0.81,0.5,0.26,0.64,0.66,0.56,0.65,0.63,0.56,0.56,1.0,0.21,1.0,0.21,0.88,0.5,0.581,0.68,0.439
0.65,0.65,1.0,1.0,0.9,0.9,0.16,0.16,0.41,0.41,0.51,0.22,0.81,0.81,0.5,0.26,0.64,0.66,0.56,0.64,0.63,0.56,0.56,1.0,0.21,1.0,0.21,0.89,0.5,0.576,0.637,0.438
0.66,0.66,1.0,1.0,0.9,0.9,0.16,0.16,0.41,0.41,0.51,0.22,0.81,0.81,0.5,0.27,0.65,0.66,0.56,0.65,0.64,0.56,0.56,1.0,0.21,1.0,0.21,0.92,0.5,0.569,0.598,0.438
0.63,0.63,1.0,1.0,0.92,0.92,0.16,0.16,0.43,0.43,0.5,0.23,0.81,0.81,0.5,0.28,0.58,0.67,0.56,0.58,0.58,0.56,0.56,1.0,0.21,1.0,0.21,0.94,0.5,0.545,0.557,0.45
0.68,0.68,1.0,1.0,0.88,0.88,0.16,0.16,0.51,0.51,0.54,0.19,0.64,0.61,0.75,0.28,0.74,0.68,0.56,0.74,0.74,0.56,0.56,0.98,0.26,0.96,0.27,0.94,0.5,0.562,0.487,0.488
0.74,0.74,1.0,1.0,0.83,0.83,0.16,0.16,0.57,0.57,0.55,0.18,0.21,0.15,0.75,0.29,0.85,0.68,0.56,0.85,0.86,0.56,0.56,0.69,0.39,0.65,0.4,0.93,0.5,0.599,0.423,0.534
0.74,0.74,1.0,1.0,0.83,0.83,0.16,0.16,0.56,0.56,0.56,0.17,0.0,0.0,1.0,0.31,0.86,0.69,0.56,0.86,0.87,0.56,0.56,0.52,0.52,0.49,0.56,0.94,0.5,0.63,0.37,0.569
0.68,0.68,1.0,1.0,0.88,0.88,0.16,0.16,0.52,0.52,0.56,0.17,0.0,0.0,1.0,0.33,0.84,0.71,0.56,0.83,0.85,0.56,0.56,0.44,0.66,0.41,0.71,0.94,0.5,0.649,0.318,0.6
0.68,0.68,1.0,1.0,0.88,0.88,0.16,0.16,0.53,0.53,0.56,0.17,0.0,0.0,1.0,0.35,0.82,0.72,0.56,0.81,0.83,0.56,0.56,0.46,0.62,0.43,0.68,0.94,0.5,0.657,0.307,0.605
0.68,0.68,1.0,1.0,0.88,0.88,0.16,0.16,0.54,0.54,0.6,0.14,0.0,0.0,1.0,0.36,0.82,0.73,0.56,0.81,0.83,0.56,0.56,0.48,0.58,0.45,0.65,0.93,0.5,0.671,0.308,0.575
0.66,0.66,1.0,1.0,0.89,0.89,0.16,0.16,0.56,0.56,0.63,0.11,0.03,0.0,1.0,0.36,0.82,0.74,0.56,0.81,0.84,0.56,0.56,0.57,0.44,0.55,0.46,0.82,0.5,0.682,0.302,0.555
0.66,0.66,1.0,1.0,0.89,0.89,0.16,0.16,0.56,0.56,0.63,0.1,0.02,0.0,1.0,0.38,0.84,0.75,0.55,0.83,0.86,0.55,0.55,0.56,0.45,0.54,0.48,0.84,0.5,0.695,0.293,0.539
0.66,0.66,1.0,1.0,0.9,0.9,0.16,0.16,0.52,0.52,0.59,0.14,0.0,0.0,1.0,0.38,0.85,0.74,0.56,0.84,0.86,0.56,0.56,0.48,0.58,0.46,0.63,0.88,0.5,0.705,0.293,0.533
0.7,0.7,1.0,1.0,0.86,0.86,0.16,0.16,0.53,0.53,0.6,0.14,0.0,0.0,1.0,0.38,0.87,0.75,0.56,0.86,0.88,0.56,0.56,0.45,0.65,0.42,0.71,0.91,0.5,0.719,0.292,0.526
0.68,0.68,1.0,1.0,0.88,0.88,0.16,0.16,0.49,0.49,0.54,0.19,0.0,0.0,1.0,0.38,0.87,0.75,0.56,0.86,0.88,0.56,0.56,0.44,0.66,0.41,0.72,0.92,0.5,0.736,0.288,0.523
0.67,0.67,1.0,1.0,0.89,0.89,0.16,0.16,0.51,0.51,0.56,0.17,0.0,0.0,1.0,0.39,0.87,0.75,0.56,0.86,0.88,0.56,0.56,0.41,0.72,0.38,0.79,0.94,0.5,0.749,0.297,0.523
0.67,0.67,1.0,1.0,0.89,0.89,0.16,0.16,0.53,0.53,0.55,0.18,0.0,0.0,1.0,0.43,0.9,0.79,0.56,0.89,0.9,0.56,0.56,0.37,0.79,0.34,0.85,0.95,0.5,0.763,0.305,0.515
0.67,0.67,1.0,1.0,0.89,0.89,0.16,0.16,0.54,0.54,0.55,0.18,0.0,0.0,1.0,0.51,0.92,0.85,0.56,0.91,0.92,0.56,0.56,0.35,0.84,0.32,0.9,0.96,0.5,0.774,0.32,0.499
0.67,0.67,1.0,1.0,0.89,0.89,0.16,0.16,0.57,0.57,0.57,0.16,0.0,0.0,1.0,0.55,0.93,0.88,0.56,0.92,0.93,0.56,0.56,0.34,0.86,0.31,0.92,0.96,0.5,0.782,0.332,0.5
0.68,0.68,1.0,1.0,0.88,0.88,0.16,0.16,0.59,0.59,0.38,0.35,0.0,0.0,1.0,0.56,0.93,0.88,0.56,0.93,0.93,0.56,0.56,0.34,0.86,0.31,0.91,0.97,0.5,0.776,0.375,0.499
0.72,0.72,1.0,1.0,0.84,0.84,0.16,0.16,0.66,0.66,0.0,0.77,0.0,0.0,1.0,0.5,0.94,0.84,0.56,0.93,0.94,0.56,0.56,0.34,0.85,0.32,0.89,0.97,0.5,0.76,0.417,0.501
0.73,0.73,1.0,1.0,0.84,0.84,0.16,0.16,0.7,0.7,0.0,0.75,0.0,0.0,1.0,0.5,0.94,0.84,0.56,0.94,0.95,0.56,0.56,0.35,0.84,0.34,0.87,0.96,0.5,0.744,0.457,0.502
0.73,0.73,1.0,1.0,0.84,0.84,0.16,0.16,0.71,0.71,0.0,0.77,0.0,0.0,1.0,0.49,0.95,0.83,0.56,0.95,0.95,0.56,0.56,0.35,0.83,0.34,0.86,0.96,0.5,0.719,0.487,0.514
0.71,0.71,1.0,1.0,0.86,0.86,0.16,0.16,0.65,0.65,0.05,0.69,0.0,0.0,1.0,0.51,0.95,0.84,0.55,0.95,0.95,0.55,0.55,0.35,0.84,0.34,0.85,0.96,0.5,0.702,0.5,0.505
0.66,0.66,1.0,1.0,0.89,0.89,0.16,0.16,0.57,0.57,0.2,0.53,0.0,0.0,1.0,0.5,0.95,0.83,0.54,0.95,0.95,0.54,0.54,0.4,0.75,0.39,0.77,0.96,0.5,0.692,0.507,0.502
0.7,0.7,1.0,1.0,0.87,0.87,0.16,0.16,0.64,0.64,0.22,0.51,0.0,0.0,1.0,0.51,0.95,0.84,0.54,0.95,0.95,0.54,0.54,0.37,0.8,0.36,0.83,0.95,0.5,0.69,0.512,0.509
0.65,0.65,1.0,1.0,0.91,0.91,0.16,0.16,0.46,0.46,0.6,0.12,0.0,0.0,1.0,0.48,0.94,0.83,0.54,0.94,0.94,0.54,0.54,0.4,0.74,0.39,0.76,0.95,0.5,0.695,0.513,0.511
0.66,0.66,1.0,1.0,0.89,0.89,0.16,0.16,0.53,0.53,0.65,0.08,0.0,0.0,1.0,0.56,0.94,0.88,0.54,0.94,0.94,0.54,0.54,0.37,0.8,0.35,0.85,0.95,0.5,0.684,0.52,0.506
0.66,0.66,1.0,1.0,0.89,0.89,0.16,0.16,0.54,0.54,0.64,0.09,0.0,0.0,1.0,0.57,0.94,0.89,0.54,0.94,0.94,0.54,0.54,0.37,0.81,0.34,0.85,0.95,0.5,0.676,0.532,0.514
0.66,0.66,1.0,1.0,0.89,0.89,0.16,0.16,0.54,0.54,0.62,0.11,0.0,0.0,1.0,0.68,0.95,0.97,0.52,0.95,0.95,0.52,0.52,0.35,0.7,0.35,0.7,0.96,0.5,0.671,0.528,0.519
0.66,0.66,1.0,1.0,0.9,0.9,0.16,0.16,0.54,0.54,0.64,0.09,0.0,0.0,1.0,0.77,0.96,1.0,0.48,0.96,0.96,0.48,0.48,0.32,0.7,0.32,0.7,0.95,0.5,0.67,0.533,0.532
0.64,0.64,1.0,1.0,0.91,0.91,0.16,0.16,0.51,0.51,0.38,0.34,0.0,0.0,1.0,0.78,0.96,1.0,0.48,0.96,0.96,0.48,0.48,0.31,0.7,0.31,0.7,0.94,0.5,0.67,0.54,0.537
0.72,0.72,1.0,1.0,0.85,0.85,0.16,0.16,0.75,0.75,0.19,0.55,0.0,0.0,1.0,0.85,0.97,1.0,0.46,0.97,0.97,0.46,0.46,0.28,0.7,0.28,0.7,0.94,0.5,0.659,0.543,0.537
0.72,0.72,1.0,1.0,0.84,0.84,0.16,0.16,0.74,0.74,0.2,0.53,0.0,0.0,1.0,0.85,0.97,1.0,0.46,0.97,0.97,0.46,0.46,0.28,0.7,0.28,0.7,0.94,0.5,0.657,0.552,0.545
0.73,0.73,1.0,1.0,0.84,0.84,0.16,0.16,0.75,0.75,0.21,0.53,0.0,0.0,1.0,0.85,0.98,1.0,0.47,0.98,0.98,0.47,0.47,0.28,0.7,0.28,0.7,0.92,0.5,0.654,0.545,0.553
0.66,0.66,1.0,1.0,0.89,0.89,0.82,0.82,0.25,0.25,0.44,0.28,0.0,0.0,1.0,0.85,0.97,1.0,0.48,0.97,0.97,0.48,0.48,0.28,0.7,0.28,0.7,0.87,0.5,0.651,0.548,0.554
0.74,0.74,1.0,1.0,0.83,0.83,0.93,0.93,0.3,0.3,0.43,0.29,0.0,0.0,0.75,0.85,0.95,1.0,0.48,0.95,0.95,0.48,0.48,0.28,0.7,0.28,0.7,0.86,0.5,0.649,0.555,0.557
0.67,0.67,1.0,1.0,0.89,0.89,0.16,0.16,0.34,0.34,0.45,0.27,0.0,0.0,1.0,0.85,0.96,1.0,0.46,0.96,0.96,0.46,0.46,0.28,0.7,0.28,0.7,0.88,0.5,0.646,0.563,0.558
0.73,0.73,1.0,1.0,0.84,0.84,0.93,0.93,0.3,0.3,0.43,0.3,0.0,0.0,1.0,0.85,0.96,1.0,0.49,0.96,0.96,0.49,0.49,0.28,0.7,0.28,0.7,0.87,0.5,0.654,0.567,0.551
0.69,0.69,1.0,1.0,0.87,0.87,0.16,0.16,0.32,0.32,0.42,0.3,0.0,0.0,1.0,0.85,0.96,1.0,0.48,0.96,0.96,0.48,0.48,0.28,0.7,0.28,0.7,0.87,0.5,0.653,0.572,0.571
0.69,0.69,1.0,1.0,0.87,0.87,0.16,0.16,0.35,0.35,0.42,0.3,0.0,0.0,1.0,0.85,0.96,1.0,0.47,0.96,0.96,0.47,0.47,0.28,0.7,0.28,0.7,0.88,0.5,0.643,0.59,0.586
0.69,0.69,1.0,1.0,0.87,0.87,0.16,0.16,0.35,0.35,0.42,0.3,0.0,0.0,1.0,0.85,0.96,1.0,0.47,0.96,0.96,0.47,0.47,0.28,0.7,0.28,0.7,0.88,0.5,0.643,0.62,0.594
0.72,0.72,1.0,1.0,0.85,0.85,0.88,0.88,0.28,0.28,0.41,0.32,0.0,0.0,1.0,0.85,0.95,1.0,0.48,0.95,0.96,0.48,0.48,0.28,0.7,0.28,0.7,0.84,0.5,0.638,0.633,0.595
0.74,0.74,1.0,1.0,0.83,0.83,0.7,0.67,0.22,0.22,0.39,0.33,0.0,0.0,1.0,0.85,0.94,1.0,0.49,0.94,0.94,0.49,0.49,0.28,0.7,0.28,0.7,0.83,0.5,0.638,0.643,0.591
0.89,0.89,1.0,1.0,0.71,0.71,0.16,0.16,0.37,0.37,0.4,0.32,0.0,0.0,1.0,0.85,0.97,1.0,0.49,0.97,0.97,0.49,0.49,0.28,0.7,0.28,0.7,0.88,0.5,0.64,0.652,0.588
0.92,0.92,1.0,1.0,0.68,0.68,0.16,0.16,0.35,0.35,0.4,0.32,0.0,0.0,1.0,0.85,0.98,1.0,0.52,0.98,0.98,0.52,0.52,0.28,0.7,0.28,0.7,0.93,0.5,0.636,0.663,0.593
0.92,0.92,1.0,1.0,0.68,0.68,0.16,0.16,0.32,0.32,0.4,0.33,0.0,0.0,1.0,0.85,0.98,1.0,0.54,0.98,0.98,0.54,0.54,0.28,0.7,0.28,0.7,0.95,0.5,0.634,0.67,0.585
0.92,0.92,1.0,1.0,0.68,0.68,0.16,0.16,0.32,0.32,0.39,0.33,0.0,0.0,1.0,0.85,0.98,1.0,0.56,0.98,0.99,0.56,0.56,0.28,0.7,0.28,0.7,0.96,0.5,0.63,0.675,0.585
0.92,0.92,1.0,1.0,0.68,0.68,0.16,0.16,0.31,0.31,0.4,0.33,0.0,0.0,1.0,0.85,0.99,1.0,0.56,0.99,0.99,0.56,0.56,0.28,0.7,0.28,0.7,0.96,0.5,0.624,0.678,0.587
0.92,0.92,1.0,1.0,0.68,0.68,0.16,0.16,0.32,0.32,0.41,0.31,0.0,0.0,1.0,0.85,0.99,1.0,0.56,0.99,0.99,0.56,0.56,0.28,0.7,0.28,0.7,0.96,0.5,0.612,0.695,0.585
0.92,0.92,1.0,1.0,0.68,0.68,0.16,0.16,0.54,0.54,0.76,0.0,0.0,0.0,1.0,0.85,0.99,1.0,0.56,0.99,0.99,0.56,0.56,0.28,0.7,0.28,0.7,0.96,0.5,0.613,0.705,0.592
0.92,0.92,1.0,1.0,0.68,0.68,0.16,0.16,0.52,0.52,0.73,0.0,0.0,0.0,1.0,0.85,0.99,1.0,0.55,0.99,0.99,0.55,0.55,0.28,0.7,0.28,0.7,0.96,0.5,0.614,0.718,0.612
0.92,0.92,1.0,1.0,0.68,0.68,0.16,0.16,0.53,0.53,0.71,0.03,0.0,0.0,1.0,0.55,0.99,0.88,0.42,0.99,0.99,0.42,0.42,0.4,0.74,0.42,0.71,0.67,0.5,0.614,0.72,0.616
0.86,0.86,1.0,1.0,0.73,0.73,0.3,0.3,0.38,0.38,0.57,0.16,0.0,0.0,1.0,0.3,0.99,0.68,0.37,0.99,0.99,0.37,0.37,0.44,0.66,0.46,0.62,0.53,0.5,0.612,0.715,0.616
0.8,0.8,1.0,1.0,0.78,0.78,0.16,0.16,0.55,0.55,0.66,0.08,0.0,0.0,1.0,0.34,0.99,0.71,0.38,0.99,0.99,0.38,0.38,0.41,0.72,0.42,0.71,0.53,0.5,0.614,0.7,0.618
0.77,0.77,1.0,1.0,0.81,0.81,0.16,0.16,0.54,0.54,0.66,0.08,0.0,0.0,1.0,0.38,0.99,0.75,0.37,0.99,0.99,0.37,0.37,0.38,0.79,0.38,0.78,0.51,0.5,0.614,0.687,0.614
0.74,0.74,1.0,1.0,0.83,0.83,0.16,0.16,0.51,0.51,0.63,0.11,0.0,0.0,1.0,0.39,0.99,0.75,0.36,0.99,0.99,0.36,0.36,0.31,0.91,0.33,0.89,0.44,0.79,0.605,0.678,0.605
0.7,0.7,1.0,1.0,0.86,0.86,0.16,0.16,0.49,0.49,0.62,0.11,0.0,0.0,1.0,0.39,0.99,0.76,0.37,0.99,0.99,0.37,0.37,0.38,0.77,0.38,0.78,0.27,0.79,0.596,0.655,0.598
0.66,0.66,1.0,1.0,0.89,0.89,0.16,0.16,0.43,0.43,0.05,0.69,0.0,0.0,1.0,0.39,0.97,0.76,0.37,0.97,0.98,0.37,0.37,0.54,0.46,0.54,0.46,0.15,0.65,0.595,0.652,0.589
0.67,0.67,1.0,1.0,0.88,0.88,0.16,0.16,0.52,0.52,-0.0,0.74,0.1,0.09,1.0,0.36,0.97,0.73,0.34,0.97,0.98,0.34,0.34,0.62,0.42,0.61,0.42,0.12,0.64,0.589,0.642,0.578
0.67,0.67,1.0,1.0,0.88,0.88,0.16,0.16,0.51,0.51,-0.0,0.74,0.2,0.15,1.0,0.33,0.97,0.71,0.32,0.97,0.98,0.32,0.32,0.68,0.39,0.65,0.41,0.09,0.63,0.584,0.635,0.576
0.59,0.59,1.0,1.0,0.95,0.95,0.16,0.16,0.27,0.27,0.38,0.34,0.21,0.15,1.0,0.26,0.97,0.65,0.29,0.97,0.98,0.29,0.29,0.69,0.39,0.65,0.41,0.04,0.62,0.581,0.622,0.573
0.58,0.58,1.0,1.0,0.96,0.96,0.16,0.16,0.3,0.3,0.37,0.35,0.22,0.16,1.0,0.25,0.97,0.65,0.28,0.97,0.98,0.28,0.28,0.7,0.38,0.66,0.4,0.03,0.6,0.581,0.618,0.557
0.56,0.56,1.0,1.0,0.98,0.98,0.16,0.16,0.31,0.31,0.37,0.35,0.2,0.13,1.0,0.23,0.98,0.64,0.27,0.98,0.98,0.27,0.27,0.68,0.39,0.64,0.41,0.03,0.6,0.558,0.618,0.552
0.51,0.51,0.95,0.95,1.0,1.0,0.16,0.16,0.32,0.32,0.37,0.35,0.16,0.12,1.0,0.23,0.98,0.63,0.27,0.98,0.98,0.27,0.27,0.66,0.4,0.63,0.41,0.02,0.6,0.551,0.603,0.551
0.51,0.51,0.95,0.95,1.0,1.0,0.16,0.16,0.33,0.33,0.36,0.36,0.13,0.07,1.0,0.23,0.98,0.63,0.26,0.98,0.98,0.26,0.26,0.64,0.41,0.6,0.43,0.02,0.6,0.553,0.592,0.551
0.51,0.51,0.96,0.96,1.0,1.0,0.16,0.16,0.32,0.32,0.36,0.37,0.07,0.07,1.0,0.22,0.99,0.63,0.25,0.99,0.99,0.25,0.25,0.6,0.43,0.6,0.43,0.01,0.62,0.555,0.588,0.552
0.52,0.52,0.97,0.97,1.0,1.0,0.16,0.16,0.33,0.33,0.35,0.37,0.07,0.07,1.0,0.22,0.99,0.63,0.25,0.99,0.99,0.25,0.25,0.6,0.43,0.6,0.43,0.01,0.62,0.56,0.587,0.551
0.51,0.51,0.96,0.96,1.0,1.0,0.16,0.16,0.34,0.34,0.35,0.37,0.07,0.07,1.0,0.22,0.99,0.63,0.25,0.99,0.99,0.25,0.25,0.6,0.43,0.6,0.43,0.01,0.61,0.561,0.588,0.548
