0.48,0.48,0.89,0.89,1.0,1.0,0.16,0.16,0.38,0.38,0.36,0.37,0.03,0.03,1.0,0.23,0.98,0.63,0.26,0.98,0.98,0.26,0.26,0.57,0.44,0.57,0.44,0.02,0.55,0.626,0.548,0.58
0.48,0.48,0.88,0.88,1.0,1.0,0.16,0.16,0.39,0.39,0.36,0.36,0.02,0.02,1.0,0.23,0.98,0.64,0.26,0.98,0.98,0.26,0.26,0.56,0.45,0.56,0.45,0.02,0.55,0.631,0.555,0.571
0.47,0.47,0.86,0.86,1.0,1.0,0.16,0.16,0.39,0.39,0.36,0.36,0.02,0.02,1.0,0.23,0.98,0.64,0.26,0.98,0.98,0.26,0.26,0.56,0.45,0.56,0.45,0.02,0.55,0.654,0.545,0.516
0.48,0.48,0.88,0.88,1.0,1.0,0.16,0.16,0.38,0.38,0.36,0.36,0.02,0.03,1.0,0.23,0.98,0.64,0.26,0.98,0.98,0.26,0.26,0.56,0.44,0.57,0.44,0.02,0.55,0.686,0.557,0.501
0.49,0.49,0.9,0.9,1.0,1.0,0.16,0.16,0.36,0.36,0.36,0.36,0.03,0.04,1.0,0.23,0.98,0.63,0.26,0.98,0.98,0.26,0.26,0.57,0.44,0.58,0.44,0.02,0.54,0.675,0.548,0.5
0.49,0.49,0.91,0.91,1.0,1.0,0.16,0.16,0.37,0.37,0.36,0.37,0.03,0.04,1.0,0.23,0.98,0.63,0.26,0.98,0.98,0.26,0.26,0.57,0.44,0.58,0.44,0.02,0.54,0.677,0.543,0.496
0.5,0.5,0.92,0.92,1.0,1.0,0.16,0.16,0.37,0.37,0.36,0.37,0.03,0.04,1.0,0.23,0.98,0.63,0.26,0.98,0.98,0.26,0.26,0.57,0.44,0.58,0.44,0.02,0.54,0.68,0.537,0.498
0.5,0.5,0.92,0.92,1.0,1.0,0.16,0.16,0.37,0.37,0.36,0.37,0.03,0.04,1.0,0.23,0.98,0.63,0.26,0.98,0.98,0.26,0.26,0.57,0.44,0.58,0.44,0.02,0.54,0.677,0.537,0.498
0.5,0.5,0.93,0.93,1.0,1.0,0.16,0.16,0.35,0.35,0.36,0.37,0.03,0.04,1.0,0.23,0.98,0.63,0.26,0.98,0.98,0.26,0.26,0.57,0.44,0.58,0.44,0.02,0.55,0.674,0.538,0.496
0.56,0.56,1.0,1.0,0.98,0.98,0.24,0.24,0.26,0.26,0.35,0.37,0.04,0.07,1.0,0.26,0.96,0.66,0.28,0.96,0.97,0.28,0.28,0.58,0.44,0.6,0.43,0.02,0.54,0.684,0.535,0.498
0.51,0.51,0.96,0.96,1.0,1.0,0.16,0.16,0.33,0.33,0.35,0.37,0.04,0.04,1.0,0.24,0.98,0.64,0.26,0.98,0.98,0.26,0.26,0.58,0.44,0.58,0.44,0.02,0.55,0.694,0.533,0.502
0.52,0.52,0.97,0.97,1.0,1.0,0.16,0.16,0.32,0.32,0.34,0.38,0.04,0.04,1.0,0.23,0.98,0.63,0.26,0.98,0.98,0.26,0.26,0.58,0.44,0.58,0.44,0.02,0.56,0.702,0.53,0.514
0.51,0.51,0.96,0.96,1.0,1.0,0.16,0.16,0.32,0.32,0.34,0.38,0.03,0.04,1.0,0.23,0.98,0.63,0.26,0.98,0.98,0.26,0.26,0.57,0.44,0.58,0.44,0.02,0.57,0.711,0.532,0.508
0.49,0.49,0.91,0.91,1.0,1.0,0.16,0.16,0.36,0.36,0.52,0.2,0.03,0.04,1.0,0.22,0.98,0.63,0.25,0.98,0.98,0.25,0.25,0.57,0.44,0.58,0.44,0.02,0.58,0.706,0.532,0.502
0.49,0.49,0.91,0.91,1.0,1.0,0.16,0.16,0.36,0.36,0.62,0.11,0.03,0.03,1.0,0.23,0.98,0.63,0.26,0.98,0.98,0.26,0.26,0.57,0.44,0.57,0.44,0.02,0.58,0.696,0.538,0.498
0.47,0.47,0.87,0.87,1.0,1.0,0.16,0.16,0.52,0.52,0.91,0.0,0.02,0.0,1.0,0.25,0.97,0.65,0.27,0.97,0.97,0.27,0.27,0.56,0.45,0.55,0.45,0.02,0.59,0.705,0.552,0.496
0.5,0.5,0.93,0.93,1.0,1.0,0.16,0.16,0.48,0.48,0.83,0.0,0.0,0.0,1.0,0.27,0.97,0.66,0.27,0.97,0.97,0.27,0.27,0.55,0.45,0.55,0.46,0.03,0.61,0.731,0.545,0.49
0.5,0.5,0.93,0.93,1.0,1.0,0.16,0.16,0.45,0.45,0.75,0.0,0.0,0.0,1.0,0.25,0.97,0.65,0.27,0.97,0.98,0.27,0.27,0.55,0.45,0.55,0.46,0.03,0.62,0.753,0.547,0.468
0.5,0.5,0.93,0.93,1.0,1.0,0.16,0.16,0.44,0.44,0.71,0.02,0.0,0.0,1.0,0.25,0.97,0.65,0.27,0.97,0.98,0.27,0.27,0.55,0.45,0.55,0.45,0.03,0.62,0.782,0.553,0.463
0.5,0.5,0.94,0.94,1.0,1.0,0.16,0.16,0.44,0.44,0.71,0.02,0.02,0.0,1.0,0.26,0.97,0.65,0.27,0.97,0.98,0.27,0.27,0.56,0.45,0.55,0.45,0.03,0.62,0.786,0.532,0.466
0.56,0.56,1.0,1.0,0.98,0.98,0.16,0.16,0.39,0.39,0.64,0.1,0.61,0.58,0.75,0.27,0.88,0.66,0.46,0.87,0.89,0.46,0.46,0.96,0.27,0.94,0.27,0.07,0.55,0.801,0.523,0.477
0.56,0.56,1.0,1.0,0.98,0.98,0.16,0.16,0.35,0.35,0.61,0.12,0.81,0.81,0.75,0.27,0.71,0.66,0.56,0.69,0.73,0.56,0.56,1.0,0.21,1.0,0.21,0.24,0.49,0.814,0.523,0.484
0.56,0.56,1.0,1.0,0.98,0.98,0.16,0.16,0.37,0.37,0.62,0.11,0.81,0.81,0.75,0.26,0.67,0.66,0.56,0.66,0.68,0.56,0.56,1.0,0.21,1.0,0.21,0.31,0.47,0.821,0.513,0.493
0.56,0.56,1.0,1.0,0.97,0.97,0.16,0.16,0.38,0.38,0.53,0.2,0.81,0.81,0.75,0.25,0.61,0.65,0.56,0.6,0.63,0.56,0.56,1.0,0.21,1.0,0.21,0.41,0.63,0.833,0.515,0.498
0.56,0.56,1.0,1.0,0.97,0.97,0.16,0.16,0.39,0.39,0.51,0.22,0.81,0.81,0.75,0.25,0.54,0.65,0.56,0.52,0.55,0.56,0.56,1.0,0.21,1.0,0.21,0.47,0.5,0.835,0.507,0.5
0.59,0.59,1.0,1.0,0.95,0.95,0.38,0.38,0.24,0.24,0.46,0.27,0.81,0.81,0.75,0.24,0.46,0.65,0.56,0.43,0.49,0.56,0.56,1.0,0.21,1.0,0.21,0.56,0.5,0.851,0.475,0.505
0.58,0.58,1.0,1.0,0.96,0.96,0.16,0.16,0.38,0.38,0.51,0.21,0.81,0.81,0.75,0.24,0.43,0.64,0.56,0.41,0.46,0.56,0.56,1.0,0.21,1.0,0.21,0.66,0.5,0.896,0.457,0.511
0.58,0.58,1.0,1.0,0.96,0.96,0.16,0.16,0.36,0.36,0.51,0.22,0.81,0.81,0.5,0.24,0.41,0.64,0.56,0.39,0.42,0.56,0.56,1.0,0.21,1.0,0.21,0.75,0.5,0.949,0.458,0.51
0.58,0.58,1.0,1.0,0.96,0.96,0.16,0.16,0.29,0.29,0.46,0.27,0.81,0.81,0.5,0.24,0.34,0.65,0.56,0.33,0.35,0.56,0.56,1.0,0.21,1.0,0.21,0.84,0.5,0.97,0.48,0.474
0.58,0.58,1.0,1.0,0.96,0.96,0.16,0.16,0.27,0.27,0.45,0.28,0.81,0.81,0.25,0.25,0.33,0.65,0.56,0.33,0.33,0.56,0.56,1.0,0.21,1.0,0.21,0.87,0.5,0.993,0.512,0.439
0.58,0.58,1.0,1.0,0.96,0.96,0.16,0.16,0.33,0.33,0.47,0.25,0.81,0.81,0.5,0.25,0.43,0.65,0.56,0.41,0.45,0.56,0.56,1.0,0.21,1.0,0.21,0.87,0.5,0.993,0.547,0.429
0.58,0.58,1.0,1.0,0.96,0.96,0.16,0.16,0.33,0.33,0.46,0.26,0.81,0.81,0.5,0.25,0.42,0.65,0.56,0.4,0.43,0.56,0.56,1.0,0.21,1.0,0.21,0.81,0.5,0.993,0.528,0.417
0.59,0.59,1.0,1.0,0.95,0.95,0.25,0.25,0.27,0.27,0.39,0.34,0.81,0.81,0.5,0.25,0.36,0.65,0.56,0.34,0.38,0.56,0.56,1.0,0.21,1.0,0.21,0.8,0.5,0.993,0.52,0.412
0.58,0.58,1.0,1.0,0.96,0.96,0.16,0.16,0.37,0.37,0.43,0.3,0.81,0.81,0.75,0.25,0.4,0.65,0.56,0.38,0.42,0.56,0.56,1.0,0.21,1.0,0.21,0.7,0.5,0.993,0.498,0.425
0.58,0.58,1.0,1.0,0.96,0.96,0.16,0.16,0.38,0.38,0.39,0.34,0.81,0.81,0.75,0.24,0.48,0.65,0.56,0.46,0.5,0.56,0.56,1.0,0.21,1.0,0.21,0.7,0.5,0.985,0.475,0.424
0.58,0.58,1.0,1.0,0.96,0.96,0.24,0.24,0.23,0.23,0.32,0.4,0.81,0.81,0.75,0.24,0.4,0.65,0.56,0.38,0.42,0.56,0.56,1.0,0.21,1.0,0.21,0.64,0.5,0.926,0.493,0.452
0.58,0.58,1.0,1.0,0.96,0.96,0.27,0.27,0.23,0.23,0.34,0.39,0.81,0.81,0.75,0.24,0.41,0.65,0.56,0.4,0.42,0.56,0.56,1.0,0.21,1.0,0.21,0.55,0.5,0.901,0.532,0.444
0.58,0.58,1.0,1.0,0.96,0.96,0.26,0.26,0.25,0.25,0.35,0.38,0.81,0.81,0.75,0.24,0.39,0.65,0.56,0.39,0.39,0.56,0.56,1.0,0.21,1.0,0.21,0.41,0.13,0.885,0.555,0.458
0.57,0.57,1.0,1.0,0.97,0.97,0.26,0.26,0.29,0.29,0.35,0.37,0.81,0.81,0.75,0.25,0.35,0.65,0.56,0.36,0.35,0.56,0.56,1.0,0.21,1.0,0.21,0.26,0.13,0.855,0.593,0.461
0.56,0.56,1.0,1.0,0.98,0.98,0.25,0.25,0.31,0.31,0.36,0.36,0.81,0.81,0.75,0.24,0.33,0.64,0.56,0.34,0.32,0.56,0.56,1.0,0.21,1.0,0.21,0.16,0.18,0.81,0.608,0.451
0.56,0.56,1.0,1.0,0.98,0.98,0.24,0.24,0.32,0.32,0.37,0.35,0.81,0.81,0.75,0.24,0.33,0.64,0.56,0.35,0.32,0.56,0.56,1.0,0.21,1.0,0.21,0.13,0.24,0.747,0.618,0.445
0.56,0.56,1.0,1.0,0.98,0.98,0.25,0.25,0.31,0.31,0.37,0.35,0.81,0.81,0.75,0.24,0.36,0.64,0.56,0.37,0.35,0.56,0.56,1.0,0.21,1.0,0.21,0.11,0.26,0.719,0.623,0.438
0.56,0.56,1.0,1.0,0.98,0.98,0.24,0.24,0.34,0.34,0.59,0.14,0.81,0.81,0.75,0.25,0.59,0.65,0.56,0.58,0.59,0.56,0.56,1.0,0.21,1.0,0.21,0.1,0.29,0.703,0.635,0.425
0.3,0.3,0.47,0.47,1.0,1.0,0.16,0.16,0.51,0.51,0.61,0.12,0.81,0.81,0.75,0.27,0.73,0.67,0.52,0.72,0.74,0.52,0.52,1.0,0.21,1.0,0.21,0.09,0.36,0.717,0.623,0.418
0.56,0.56,1.0,1.0,0.98,0.98,0.16,0.16,0.49,0.49,0.6,0.13,0.8,0.77,0.75,0.28,0.71,0.67,0.53,0.7,0.73,0.53,0.53,1.0,0.21,1.0,0.22,0.09,0.37,0.749,0.613,0.416
0.57,0.57,1.0,1.0,0.97,0.97,0.16,0.16,0.54,0.54,0.62,0.11,0.36,0.3,0.75,0.28,0.95,0.68,0.34,0.95,0.96,0.34,0.34,0.79,0.34,0.75,0.36,0.08,0.45,0.783,0.6,0.398
0.58,0.58,1.0,1.0,0.96,0.96,0.16,0.16,0.48,0.48,0.58,0.15,0.28,0.25,0.75,0.3,0.94,0.68,0.39,0.93,0.95,0.39,0.39,0.74,0.37,0.72,0.37,0.07,0.51,0.824,0.577,0.385
0.57,0.57,1.0,1.0,0.96,0.96,0.16,0.16,0.4,0.4,0.51,0.22,0.7,0.7,0.75,0.33,0.66,0.71,0.56,0.64,0.67,0.56,0.56,1.0,0.24,1.0,0.24,0.35,0.53,0.854,0.543,0.386
0.57,0.57,1.0,1.0,0.97,0.97,0.16,0.16,0.35,0.35,0.45,0.27,0.81,0.81,0.5,0.27,0.49,0.67,0.56,0.47,0.51,0.56,0.56,1.0,0.21,1.0,0.21,0.7,0.5,0.892,0.523,0.39
0.58,0.58,1.0,1.0,0.96,0.96,0.16,0.16,0.31,0.31,0.43,0.3,0.81,0.81,0.5,0.26,0.42,0.66,0.56,0.4,0.43,0.56,0.56,1.0,0.21,1.0,0.21,0.79,0.5,0.929,0.517,0.393
0.65,0.65,1.0,1.0,0.91,0.91,0.16,0.16,0.27,0.27,0.42,0.31,0.81,0.81,0.5,0.26,0.4,0.66,0.56,0.39,0.41,0.56,0.56,1.0,0.21,1.0,0.21,0.84,0.5,0.969,0.507,0.394
0.69,0.69,1.0,1.0,0.87,0.87,0.27,0.27,0.18,0.18,0.39,0.34,0.81,0.81,0.25,0.26,0.29,0.65,0.56,0.28,0.3,0.56,0.56,1.0,0.21,1.0,0.21,0.85,0.5,0.993,0.507,0.394
0.67,0.67,1.0,1.0,0.89,0.89,0.26,0.26,0.19,0.19,0.38,0.35,0.81,0.81,0.25,0.26,0.25,0.65,0.56,0.25,0.25,0.56,0.56,1.0,0.21,1.0,0.21,0.88,0.5,0.993,0.505,0.393
0.69,0.69,1.0,1.0,0.87,0.87,0.25,0.25,0.19,0.19,0.36,0.37,0.81,0.81,0.25,0.25,0.25,0.65,0.56,0.25,0.25,0.56,0.56,1.0,0.21,1.0,0.21,0.89,0.5,0.993,0.505,0.386
0.69,0.69,1.0,1.0,0.87,0.87,0.31,0.31,0.17,0.17,0.33,0.4,0.81,0.81,0.25,0.26,0.26,0.65,0.56,0.25,0.27,0.56,0.56,1.0,0.21,1.0,0.21,0.86,0.5,0.993,0.513,0.378
0.69,0.69,1.0,1.0,0.87,0.87,0.27,0.27,0.19,0.19,0.32,0.41,0.81,0.81,0.25,0.26,0.32,0.65,0.56,0.3,0.33,0.56,0.56,1.0,0.21,1.0,0.21,0.85,0.5,0.993,0.523,0.364
0.69,0.69,1.0,1.0,0.87,0.87,0.4,0.4,0.12,0.12,0.31,0.41,0.81,0.81,0.25,0.26,0.28,0.65,0.56,0.27,0.29,0.56,0.56,1.0,0.21,1.0,0.21,0.86,0.5,0.993,0.523,0.332
0.63,0.63,1.0,1.0,0.92,0.92,0.43,0.43,0.13,0.13,0.37,0.36,0.81,0.81,0.25,0.26,0.28,0.65,0.56,0.27,0.29,0.56,0.56,1.0,0.21,1.0,0.21,0.83,0.5,0.993,0.523,0.319
0.62,0.62,1.0,1.0,0.92,0.92,0.37,0.37,0.14,0.14,0.41,0.32,0.81,0.81,0.25,0.25,0.3,0.65,0.56,0.3,0.31,0.56,0.56,1.0,0.21,1.0,0.21,0.8,0.5,0.993,0.508,0.341
0.62,0.62,1.0,1.0,0.92,0.92,0.36,0.36,0.15,0.15,0.42,0.3,0.81,0.81,0.5,0.25,0.34,0.65,0.56,0.34,0.34,0.56,0.56,1.0,0.21,1.0,0.21,0.8,0.5,0.993,0.468,0.397
0.61,0.61,1.0,1.0,0.93,0.93,0.32,0.32,0.17,0.17,0.45,0.27,0.81,0.81,0.5,0.25,0.38,0.65,0.56,0.39,0.37,0.56,0.56,1.0,0.21,1.0,0.21,0.81,0.5,0.993,0.42,0.44
0.6,0.6,1.0,1.0,0.94,0.94,0.29,0.29,0.19,0.19,0.46,0.27,0.81,0.81,0.5,0.25,0.43,0.65,0.56,0.44,0.43,0.56,0.56,1.0,0.21,1.0,0.21,0.81,0.5,0.993,0.387,0.46
0.6,0.6,1.0,1.0,0.94,0.94,0.29,0.29,0.2,0.2,0.43,0.3,0.81,0.81,0.5,0.25,0.43,0.65,0.56,0.42,0.43,0.56,0.56,1.0,0.21,1.0,0.21,0.8,0.5,0.975,0.365,0.494
0.6,0.6,1.0,1.0,0.94,0.94,0.28,0.28,0.2,0.2,0.39,0.33,0.81,0.81,0.5,0.25,0.45,0.65,0.56,0.44,0.47,0.56,0.56,1.0,0.21,1.0,0.21,0.75,0.5,0.95,0.365,0.505
0.61,0.61,1.0,1.0,0.94,0.94,0.28,0.28,0.21,0.21,0.36,0.36,0.81,0.81,0.5,0.25,0.51,0.65,0.56,0.5,0.52,0.56,0.56,1.0,0.21,1.0,0.21,0.78,0.5,0.875,0.388,0.491
0.6,0.6,1.0,1.0,0.94,0.94,0.27,0.27,0.22,0.22,0.37,0.35,0.81,0.81,0.5,0.25,0.47,0.65,0.56,0.47,0.47,0.56,0.56,1.0,0.21,1.0,0.21,0.78,0.5,0.813,0.422,0.495
0.6,0.6,1.0,1.0,0.94,0.94,0.25,0.25,0.23,0.23,0.38,0.34,0.81,0.81,0.5,0.25,0.49,0.65,0.56,0.49,0.49,0.56,0.56,1.0,0.21,1.0,0.21,0.78,0.5,0.764,0.44,0.523
0.59,0.59,1.0,1.0,0.95,0.95,0.26,0.25,0.24,0.24,0.44,0.29,0.81,0.81,0.75,0.24,0.49,0.65,0.56,0.49,0.49,0.56,0.56,1.0,0.21,1.0,0.21,0.74,0.5,0.757,0.46,0.55
0.56,0.56,1.0,1.0,0.97,0.97,0.16,0.16,0.5,0.5,0.75,0.0,0.81,0.81,0.75,0.24,0.56,0.65,0.56,0.56,0.55,0.56,0.56,1.0,0.21,1.0,0.21,0.66,0.5,0.749,0.453,0.561
0.56,0.56,1.0,1.0,0.98,0.98,0.16,0.16,0.53,0.53,0.78,0.0,0.81,0.81,0.75,0.24,0.6,0.65,0.56,0.6,0.61,0.56,0.56,1.0,0.21,1.0,0.21,0.54,0.5,0.734,0.442,0.583
0.56,0.56,1.0,1.0,0.97,0.97,0.16,0.16,0.51,0.51,0.77,0.0,0.81,0.81,0.75,0.25,0.59,0.65,0.56,0.58,0.61,0.56,0.56,1.0,0.21,1.0,0.21,0.38,0.25,0.701,0.44,0.594
0.56,0.56,1.0,1.0,0.97,0.97,0.16,0.16,0.54,0.54,0.77,0.0,0.78,0.7,0.75,0.26,0.83,0.66,0.53,0.81,0.85,0.53,0.53,1.0,0.22,1.0,0.24,0.15,0.33,0.681,0.447,0.585
0.57,0.57,1.0,1.0,0.97,0.97,0.16,0.16,0.54,0.54,0.76,0.0,0.67,0.63,0.75,0.27,0.9,0.67,0.46,0.89,0.91,0.46,0.46,1.0,0.25,0.97,0.26,0.1,0.39,0.706,0.457,0.565
0.57,0.57,1.0,1.0,0.97,0.97,0.16,0.16,0.54,0.54,0.74,-0.0,0.67,0.63,0.75,0.27,0.94,0.66,0.36,0.93,0.94,0.36,0.36,1.0,0.25,0.97,0.26,0.06,0.45,0.711,0.452,0.548
0.57,0.57,1.0,1.0,0.97,0.97,0.16,0.16,0.52,0.52,0.73,0.01,0.67,0.63,0.75,0.26,0.94,0.66,0.33,0.94,0.95,0.33,0.33,1.0,0.25,0.97,0.26,0.06,0.48,0.722,0.442,0.531
0.57,0.57,1.0,1.0,0.97,0.97,0.16,0.16,0.26,0.26,0.37,0.35,0.7,0.67,0.75,0.26,0.94,0.66,0.34,0.94,0.95,0.34,0.34,1.0,0.24,1.0,0.25,0.05,0.48,0.738,0.445,0.523
0.57,0.57,1.0,1.0,0.97,0.97,0.2,0.2,0.25,0.25,0.37,0.35,0.73,0.67,0.75,0.25,0.94,0.65,0.32,0.94,0.95,0.32,0.32,1.0,0.23,1.0,0.25,0.04,0.5,0.744,0.447,0.514
0.57,0.57,1.0,1.0,0.97,0.97,0.18,0.16,0.26,0.26,0.38,0.35,0.7,0.61,0.75,0.24,0.94,0.64,0.31,0.94,0.95,0.31,0.31,1.0,0.24,0.96,0.27,0.04,0.53,0.739,0.448,0.515
0.58,0.58,1.0,1.0,0.96,0.96,0.89,0.89,0.25,0.25,0.38,0.35,0.69,0.64,0.75,0.24,0.94,0.64,0.32,0.93,0.94,0.32,0.32,1.0,0.24,0.98,0.26,0.04,0.54,0.734,0.47,0.515
0.58,0.58,1.0,1.0,0.96,0.96,0.5,0.5,0.17,0.17,0.38,0.35,0.81,0.81,0.75,0.25,0.83,0.65,0.46,0.82,0.84,0.46,0.46,1.0,0.21,1.0,0.21,0.06,0.53,0.719,0.482,0.521
0.57,0.57,1.0,1.0,0.97,0.97,0.6,0.6,0.16,0.16,0.37,0.36,0.81,0.81,0.75,0.26,0.72,0.65,0.53,0.71,0.73,0.53,0.53,1.0,0.21,1.0,0.21,0.07,0.44,0.708,0.498,0.519
0.57,0.57,1.0,1.0,0.97,0.97,0.43,0.43,0.19,0.19,0.38,0.34,0.81,0.81,0.75,0.26,0.69,0.66,0.56,0.68,0.7,0.56,0.56,1.0,0.21,1.0,0.21,0.08,0.42,0.717,0.503,0.532
0.57,0.57,1.0,1.0,0.97,0.97,0.23,0.23,0.27,0.27,0.37,0.35,0.81,0.81,0.75,0.26,0.7,0.66,0.56,0.69,0.71,0.56,0.56,1.0,0.21,1.0,0.21,0.08,0.4,0.703,0.513,0.514
0.58,0.58,1.0,1.0,0.96,0.96,0.96,0.96,0.25,0.25,0.37,0.36,0.81,0.81,0.75,0.26,0.59,0.66,0.52,0.58,0.59,0.52,0.52,1.0,0.21,1.0,0.21,0.08,0.39,0.693,0.512,0.517
0.58,0.58,1.0,1.0,0.96,0.96,0.77,0.76,0.14,0.14,0.36,0.37,0.81,0.81,0.75,0.26,0.65,0.66,0.53,0.64,0.66,0.53,0.53,1.0,0.21,1.0,0.21,0.08,0.39,0.691,0.523,0.508
0.57,0.57,1.0,1.0,0.97,0.97,0.31,0.31,0.22,0.22,0.36,0.36,0.81,0.81,0.75,0.26,0.67,0.66,0.55,0.66,0.69,0.55,0.55,1.0,0.21,1.0,0.21,0.09,0.39,0.69,0.533,0.499
0.57,0.57,1.0,1.0,0.97,0.97,0.26,0.26,0.24,0.24,0.37,0.36,0.81,0.81,0.75,0.26,0.69,0.66,0.56,0.68,0.7,0.56,0.56,1.0,0.21,1.0,0.21,0.08,0.38,0.696,0.535,0.505
0.57,0.57,1.0,1.0,0.97,0.97,0.24,0.24,0.25,0.25,0.37,0.36,0.81,0.81,0.75,0.26,0.69,0.66,0.56,0.68,0.7,0.56,0.56,1.0,0.21,1.0,0.21,0.09,0.37,0.701,0.542,0.493
0.57,0.57,1.0,1.0,0.97,0.97,0.24,0.24,0.25,0.25,0.36,0.36,0.81,0.81,0.75,0.27,0.67,0.66,0.56,0.65,0.68,0.56,0.56,1.0,0.21,1.0,0.21,0.15,0.39,0.7,0.543,0.487
0.57,0.57,1.0,1.0,0.97,0.97,0.23,0.23,0.25,0.25,0.36,0.37,0.81,0.81,0.75,0.27,0.65,0.66,0.56,0.63,0.66,0.56,0.56,1.0,0.21,1.0,0.21,0.16,0.4,0.705,0.547,0.489
0.57,0.57,1.0,1.0,0.96,0.96,0.9,0.89,0.17,0.17,0.35,0.38,0.81,0.81,0.75,0.27,0.65,0.67,0.53,0.64,0.65,0.53,0.53,1.0,0.21,1.0,0.21,0.11,0.42,0.71,0.547,0.485
0.57,0.57,1.0,1.0,0.97,0.97,0.33,0.32,0.22,0.22,0.35,0.38,0.81,0.81,0.75,0.26,0.94,0.66,0.35,0.93,0.94,0.35,0.35,1.0,0.21,1.0,0.21,0.06,0.45,0.713,0.545,0.482
0.57,0.57,1.0,1.0,0.97,0.97,0.25,0.25,0.26,0.26,0.34,0.38,0.63,0.61,0.75,0.25,0.97,0.65,0.31,0.97,0.97,0.31,0.31,0.97,0.26,0.96,0.27,0.06,0.5,0.716,0.547,0.478
0.57,0.57,1.0,1.0,0.97,0.97,0.22,0.22,0.26,0.26,0.34,0.38,0.46,0.43,0.75,0.24,0.96,0.64,0.29,0.96,0.97,0.29,0.29,0.86,0.31,0.84,0.32,0.05,0.54,0.716,0.553,0.485
0.57,0.57,1.0,1.0,0.97,0.97,0.21,0.21,0.25,0.25,0.34,0.38,0.46,0.43,0.75,0.24,0.96,0.64,0.28,0.96,0.96,0.28,0.28,0.86,0.31,0.84,0.32,0.05,0.55,0.702,0.553,0.465
0.57,0.57,1.0,1.0,0.97,0.97,0.21,0.21,0.24,0.24,0.34,0.38,0.46,0.43,0.75,0.23,0.96,0.64,0.28,0.96,0.96,0.28,0.28,0.86,0.31,0.84,0.32,0.05,0.56,0.705,0.552,0.463
0.57,0.57,1.0,1.0,0.97,0.97,0.21,0.21,0.24,0.24,0.34,0.38,0.46,0.42,0.75,0.23,0.96,0.64,0.29,0.96,0.96,0.29,0.29,0.86,0.31,0.83,0.33,0.04,0.56,0.719,0.557,0.466
0.57,0.57,1.0,1.0,0.97,0.97,0.2,0.2,0.23,0.23,0.35,0.38,0.36,0.3,0.75,0.23,0.96,0.64,0.29,0.96,0.96,0.29,0.29,0.79,0.34,0.75,0.36,0.04,0.58,0.726,0.56,0.466
0.57,0.57,1.0,1.0,0.97,0.97,0.16,0.16,0.24,0.24,0.35,0.37,0.24,0.18,1.0,0.23,0.96,0.64,0.27,0.96,0.97,0.27,0.27,0.71,0.38,0.67,0.4,0.03,0.59,0.736,0.565,0.464
0.56,0.56,1.0,1.0,0.98,0.98,0.16,0.16,0.24,0.24,0.35,0.37,0.16,0.12,1.0,0.23,0.97,0.63,0.26,0.97,0.98,0.26,0.26,0.66,0.4,0.63,0.41,0.02,0.6,0.738,0.568,0.465
0.47,0.47,0.87,0.87,1.0,1.0,0.16,0.16,0.25,0.25,0.36,0.36,0.13,0.12,1.0,0.22,0.98,0.63,0.26,0.98,0.98,0.26,0.26,0.64,0.41,0.63,0.41,0.02,0.61,0.738,0.573,0.467
0.48,0.48,0.88,0.88,1.0,1.0,0.16,0.16,0.26,0.26,0.36,0.36,0.13,0.12,1.0,0.22,0.98,0.63,0.26,0.98,0.98,0.26,0.26,0.64,0.41,0.63,0.42,0.01,0.62,0.736,0.587,0.473
0.48,0.48,0.89,0.89,1.0,1.0,0.16,0.16,0.27,0.27,0.37,0.35,0.13,0.1,1.0,0.22,0.98,0.63,0.26,0.98,0.98,0.26,0.26,0.64,0.41,0.62,0.42,0.01,0.62,0.724,0.592,0.475
0.48,0.48,0.88,0.88,1.0,1.0,0.16,0.16,0.28,0.28,0.38,0.34,0.15,0.1,1.0,0.22,0.98,0.63,0.26,0.98,0.98,0.26,0.26,0.65,0.41,0.62,0.42,0.01,0.59,0.716,0.59,0.479
0.48,0.48,0.88,0.88,1.0,1.0,0.16,0.16,0.29,0.29,0.38,0.34,0.15,0.1,1.0,0.22,0.98,0.63,0.26,0.98,0.98,0.26,0.26,0.65,0.41,0.62,0.42,0.01,0.59,0.711,0.592,0.48
0.56,0.56,1.0,1.0,0.98,0.98,0.16,0.16,0.27,0.27,0.37,0.35,0.81,0.81,0.75,0.22,0.95,0.63,0.32,0.95,0.96,0.32,0.32,1.0,0.21,1.0,0.21,0.03,0.58,0.696,0.595,0.485
0.56,0.56,1.0,1.0,0.98,0.98,0.21,0.21,0.25,0.25,0.36,0.36,0.81,0.81,0.75,0.23,0.74,0.63,0.53,0.74,0.75,0.53,0.53,1.0,0.21,1.0,0.21,0.03,0.46,0.682,0.598,0.491
0.56,0.56,1.0,1.0,0.98,0.98,0.23,0.23,0.23,0.23,0.36,0.36,0.81,0.81,0.75,0.23,0.66,0.63,0.54,0.66,0.67,0.54,0.54,1.0,0.21,1.0,0.21,0.03,0.41,0.677,0.595,0.487
0.29,0.29,0.44,0.44,1.0,1.0,0.16,0.16,0.44,0.44,0.66,0.07,0.81,0.81,0.75,0.23,0.69,0.63,0.55,0.68,0.7,0.55,0.55,1.0,0.21,1.0,0.21,0.03,0.39,0.674,0.598,0.473
0.29,0.29,0.45,0.45,1.0,1.0,0.16,0.16,0.45,0.45,0.68,0.05,0.81,0.81,0.75,0.23,0.66,0.64,0.56,0.65,0.67,0.56,0.56,1.0,0.21,1.0,0.21,0.03,0.38,0.682,0.593,0.47
0.3,0.3,0.46,0.46,1.0,1.0,0.16,0.16,0.45,0.45,0.69,0.05,0.81,0.81,0.75,0.23,0.58,0.64,0.56,0.57,0.6,0.56,0.56,1.0,0.21,1.0,0.21,0.05,0.37,0.699,0.592,0.472
0.3,0.3,0.47,0.47,1.0,1.0,0.16,0.16,0.45,0.45,0.68,0.06,0.81,0.81,0.75,0.24,0.56,0.64,0.56,0.54,0.57,0.56,0.56,1.0,0.21,1.0,0.21,0.11,0.35,0.713,0.58,0.477
0.34,0.34,0.56,0.56,1.0,1.0,0.16,0.16,0.44,0.44,0.67,0.06,0.81,0.81,0.75,0.24,0.55,0.64,0.56,0.53,0.56,0.56,0.56,1.0,0.21,1.0,0.21,0.31,0.3,0.726,0.578,0.475
0.57,0.57,1.0,1.0,0.97,0.97,0.16,0.16,0.45,0.45,0.65,0.09,0.81,0.81,0.75,0.24,0.58,0.64,0.56,0.57,0.6,0.56,0.56,1.0,0.21,1.0,0.21,0.55,0.5,0.732,0.575,0.475
0.58,0.58,1.0,1.0,0.96,0.96,0.16,0.16,0.47,0.47,0.62,0.11,0.81,0.81,0.75,0.24,0.59,0.64,0.56,0.58,0.61,0.56,0.56,1.0,0.21,1.0,0.21,0.66,0.5,0.73,0.578,0.469
0.58,0.58,1.0,1.0,0.96,0.96,0.16,0.16,0.45,0.45,0.6,0.13,0.81,0.81,0.75,0.24,0.59,0.65,0.56,0.58,0.6,0.56,0.56,1.0,0.21,1.0,0.21,0.79,0.5,0.734,0.583,0.463
0.58,0.58,1.0,1.0,0.96,0.96,0.16,0.16,0.44,0.44,0.55,0.18,0.81,0.81,0.75,0.25,0.57,0.65,0.56,0.56,0.58,0.56,0.56,1.0,0.21,1.0,0.21,0.84,0.5,0.742,0.582,0.459
0.58,0.58,1.0,1.0,0.96,0.96,0.16,0.16,0.41,0.41,0.52,0.21,0.81,0.81,0.5,0.25,0.51,0.65,0.56,0.5,0.52,0.56,0.56,1.0,0.21,1.0,0.21,0.86,0.5,0.751,0.583,0.457
0.58,0.58,1.0,1.0,0.96,0.96,0.16,0.16,0.39,0.39,0.53,0.2,0.81,0.81,0.5,0.25,0.46,0.65,0.56,0.45,0.48,0.56,0.56,1.0,0.21,1.0,0.21,0.87,0.5,0.768,0.58,0.456
0.62,0.62,1.0,1.0,0.92,0.92,0.22,0.22,0.26,0.26,0.47,0.25,0.81,0.81,0.5,0.25,0.4,0.65,0.56,0.39,0.41,0.56,0.56,1.0,0.21,1.0,0.21,0.87,0.5,0.794,0.58,0.45
0.62,0.62,1.0,1.0,0.93,0.93,0.16,0.16,0.34,0.34,0.53,0.2,0.81,0.81,0.5,0.25,0.44,0.65,0.56,0.42,0.45,0.56,0.56,1.0,0.21,1.0,0.21,0.86,0.5,0.812,0.575,0.453
0.62,0.62,1.0,1.0,0.93,0.93,0.16,0.16,0.35,0.35,0.54,0.19,0.81,0.81,0.5,0.25,0.43,0.65,0.56,0.41,0.44,0.56,0.56,1.0,0.21,1.0,0.21,0.86,0.5,0.835,0.568,0.454
0.61,0.61,1.0,1.0,0.93,0.93,0.16,0.16,0.35,0.35,0.54,0.19,0.81,0.81,0.5,0.25,0.39,0.65,0.56,0.37,0.4,0.56,0.56,1.0,0.21,1.0,0.21,0.86,0.5,0.865,0.568,0.457
0.67,0.67,1.0,1.0,0.88,0.88,0.16,0.16,0.3,0.3,0.49,0.24,0.81,0.81,0.5,0.25,0.38,0.65,0.56,0.36,0.39,0.56,0.56,1.0,0.21,1.0,0.21,0.86,0.5,0.894,0.563,0.455
0.74,0.74,1.0,1.0,0.83,0.83,0.16,0.16,0.25,0.25,0.44,0.28,0.81,0.81,0.5,0.26,0.36,0.65,0.56,0.35,0.38,0.56,0.56,1.0,0.21,1.0,0.21,0.87,0.5,0.906,0.562,0.454
0.74,0.74,1.0,1.0,0.83,0.83,0.16,0.16,0.24,0.24,0.44,0.29,0.81,0.81,0.5,0.26,0.34,0.66,0.56,0.33,0.36,0.56,0.56,1.0,0.21,1.0,0.21,0.87,0.5,0.919,0.56,0.451
0.73,0.73,1.0,1.0,0.83,0.83,0.16,0.16,0.25,0.25,0.44,0.28,0.81,0.81,0.5,0.26,0.34,0.66,0.56,0.33,0.36,0.56,0.56,1.0,0.21,1.0,0.21,0.86,0.5,0.94,0.558,0.444
0.75,0.75,1.0,1.0,0.83,0.83,0.2,0.2,0.22,0.22,0.42,0.3,0.81,0.81,0.5,0.26,0.35,0.66,0.56,0.33,0.37,0.56,0.56,1.0,0.21,1.0,0.21,0.86,0.5,0.965,0.557,0.443
0.72,0.72,1.0,1.0,0.85,0.85,0.25,0.25,0.21,0.21,0.42,0.31,0.81,0.81,0.25,0.26,0.32,0.66,0.56,0.3,0.33,0.56,0.56,1.0,0.21,1.0,0.21,0.85,0.5,0.984,0.563,0.443
0.72,0.72,1.0,1.0,0.84,0.84,0.3,0.3,0.19,0.19,0.41,0.32,0.81,0.81,0.25,0.26,0.29,0.66,0.56,0.28,0.3,0.56,0.56,1.0,0.21,1.0,0.21,0.83,0.5,0.981,0.568,0.436
0.71,0.71,1.0,1.0,0.86,0.86,0.28,0.28,0.2,0.2,0.42,0.3,0.81,0.81,0.5,0.26,0.29,0.66,0.56,0.27,0.3,0.56,0.56,1.0,0.21,1.0,0.21,0.81,0.5,0.975,0.582,0.438
0.74,0.74,1.0,1.0,0.83,0.83,0.22,0.22,0.22,0.22,0.44,0.29,0.81,0.81,0.5,0.26,0.32,0.66,0.56,0.3,0.33,0.56,0.56,1.0,0.21,1.0,0.21,0.77,0.5,0.977,0.597,0.438
0.69,0.69,1.0,1.0,0.87,0.87,0.2,0.2,0.26,0.26,0.49,0.24,0.81,0.81,0.5,0.26,0.32,0.66,0.56,0.3,0.33,0.56,0.56,1.0,0.21,1.0,0.21,0.73,0.5,0.986,0.607,0.429
0.66,0.66,1.0,1.0,0.89,0.89,0.16,0.16,0.29,0.29,0.5,0.22,0.81,0.81,0.5,0.26,0.32,0.66,0.56,0.3,0.33,0.56,0.56,1.0,0.21,1.0,0.21,0.72,0.5,0.993,0.613,0.433
0.66,0.66,1.0,1.0,0.89,0.89,0.16,0.16,0.33,0.33,0.53,0.2,0.81,0.81,0.5,0.26,0.34,0.66,0.56,0.33,0.36,0.56,0.56,1.0,0.21,1.0,0.21,0.7,0.5,0.993,0.593,0.433
0.64,0.64,1.0,1.0,0.91,0.91,0.16,0.16,0.36,0.36,0.56,0.17,0.81,0.81,0.5,0.26,0.36,0.66,0.56,0.34,0.38,0.56,0.56,1.0,0.21,1.0,0.21,0.69,0.5,0.985,0.583,0.439
0.6,0.6,1.0,1.0,0.95,0.95,0.16,0.16,0.34,0.34,0.55,0.18,0.81,0.81,0.5,0.26,0.35,0.66,0.56,0.34,0.36,0.56,0.56,1.0,0.21,1.0,0.21,0.67,0.5,0.969,0.532,0.447
0.59,0.59,1.0,1.0,0.95,0.95,0.25,0.25,0.18,0.18,0.39,0.33,0.81,0.81,0.5,0.26,0.35,0.66,0.56,0.34,0.37,0.56,0.56,1.0,0.21,1.0,0.21,0.66,0.5,0.973,0.482,0.446
0.61,0.61,1.0,1.0,0.94,0.94,0.38,0.37,0.13,0.13,0.39,0.33,0.81,0.81,0.5,0.26,0.34,0.66,0.56,0.33,0.35,0.56,0.56,1.0,0.21,1.0,0.21,0.66,0.5,0.98,0.437,0.437
0.62,0.62,1.0,1.0,0.93,0.93,0.36,0.36,0.14,0.14,0.38,0.34,0.81,0.81,0.5,0.26,0.37,0.66,0.56,0.37,0.37,0.56,0.56,1.0,0.21,1.0,0.21,0.66,0.5,0.977,0.425,0.434
0.62,0.62,1.0,1.0,0.93,0.93,0.53,0.53,0.13,0.13,0.38,0.35,0.81,0.81,0.5,0.26,0.38,0.66,0.56,0.37,0.39,0.56,0.56,1.0,0.21,1.0,0.21,0.66,0.5,0.962,0.42,0.444
0.59,0.59,1.0,1.0,0.95,0.95,0.21,0.21,0.3,0.3,0.55,0.18,0.81,0.81,0.5,0.26,0.42,0.66,0.56,0.39,0.44,0.56,0.56,1.0,0.21,1.0,0.21,0.66,0.5,0.936,0.442,0.472
0.58,0.58,1.0,1.0,0.96,0.96,0.16,0.16,0.33,0.33,0.49,0.24,0.81,0.81,0.75,0.26,0.45,0.66,0.56,0.42,0.48,0.56,0.56,1.0,0.21,1.0,0.21,0.65,0.5,0.911,0.498,0.501
0.58,0.58,1.0,1.0,0.96,0.96,0.16,0.16,0.35,0.35,0.43,0.3,0.81,0.81,0.75,0.26,0.48,0.66,0.56,0.45,0.52,0.56,0.56,1.0,0.21,1.0,0.21,0.65,0.5,0.902,0.563,0.504
0.58,0.58,1.0,1.0,0.96,0.96,0.16,0.16,0.35,0.35,0.4,0.32,0.81,0.81,0.75,0.26,0.49,0.66,0.56,0.45,0.53,0.56,0.56,1.0,0.21,1.0,0.21,0.67,0.5,0.886,0.635,0.497
0.57,0.57,1.0,1.0,0.97,0.97,0.16,0.16,0.35,0.35,0.4,0.33,0.81,0.81,0.75,0.26,0.48,0.66,0.56,0.44,0.52,0.56,0.56,1.0,0.21,1.0,0.21,0.67,0.5,0.892,0.695,0.476
0.57,0.57,1.0,1.0,0.96,0.96,0.25,0.25,0.21,0.21,0.22,0.5,0.81,0.81,0.75,0.26,0.42,0.66,0.56,0.38,0.45,0.56,0.56,1.0,0.21,1.0,0.21,0.66,0.5,0.895,0.738,0.428
0.6,0.6,1.0,1.0,0.94,0.94,0.86,0.86,0.15,0.15,0.27,0.46,0.81,0.81,0.75,0.26,0.36,0.66,0.56,0.32,0.4,0.56,0.56,1.0,0.21,1.0,0.21,0.64,0.5,0.897,0.76,0.387
0.6,0.6,1.0,1.0,0.94,0.94,0.31,0.31,0.2,0.2,0.24,0.49,0.81,0.81,0.75,0.26,0.43,0.66,0.56,0.39,0.47,0.56,0.56,1.0,0.21,1.0,0.21,0.63,0.5,0.907,0.767,0.35
0.59,0.59,1.0,1.0,0.95,0.95,0.26,0.26,0.22,0.22,0.23,0.49,0.81,0.81,0.75,0.26,0.46,0.66,0.56,0.41,0.51,0.56,0.56,1.0,0.21,1.0,0.21,0.63,0.5,0.896,0.74,0.347
0.6,0.6,1.0,1.0,0.94,0.94,0.31,0.31,0.27,0.27,0.34,0.39,0.81,0.81,0.75,0.26,0.49,0.66,0.56,0.44,0.54,0.56,0.56,1.0,0.21,1.0,0.21,0.61,0.5,0.876,0.71,0.344
0.57,0.57,1.0,1.0,0.96,0.96,0.16,0.16,0.41,0.41,0.25,0.47,0.81,0.81,0.75,0.26,0.52,0.66,0.56,0.45,0.58,0.56,0.56,1.0,0.21,1.0,0.21,0.62,0.5,0.857,0.683,0.359
0.58,0.58,1.0,1.0,0.96,0.96,0.16,0.16,0.42,0.42,0.17,0.56,0.81,0.81,0.75,0.26,0.55,0.66,0.56,0.49,0.62,0.56,0.56,1.0,0.21,1.0,0.21,0.65,0.5,0.845,0.642,0.364
0.58,0.58,1.0,1.0,0.96,0.96,0.16,0.16,0.44,0.44,0.15,0.58,0.81,0.81,0.75,0.26,0.56,0.66,0.56,0.5,0.63,0.56,0.56,1.0,0.21,1.0,0.21,0.49,0.5,0.827,0.615,0.351
0.58,0.58,1.0,1.0,0.96,0.96,0.16,0.16,0.39,0.39,0.2,0.53,0.81,0.73,0.75,0.27,0.75,0.66,0.56,0.71,0.79,0.56,0.56,1.0,0.21,1.0,0.23,0.12,0.56,0.812,0.602,0.325
0.58,0.58,1.0,1.0,0.96,0.96,0.16,0.16,0.26,0.26,0.15,0.57,0.69,0.63,0.75,0.26,0.97,0.66,0.33,0.97,0.97,0.33,0.33,1.0,0.24,0.97,0.26,0.06,0.55,0.824,0.605,0.238
0.57,0.57,1.0,1.0,0.96,0.96,0.16,0.16,0.28,0.28,0.22,0.5,0.73,0.69,0.75,0.25,0.96,0.65,0.33,0.96,0.97,0.33,0.33,1.0,0.23,1.0,0.24,0.05,0.58,0.839,0.61,0.172
0.57,0.57,1.0,1.0,0.96,0.96,0.16,0.16,0.29,0.29,0.27,0.45,0.66,0.58,0.75,0.25,0.96,0.65,0.35,0.96,0.97,0.35,0.35,0.99,0.26,0.94,0.28,0.06,0.6,0.852,0.612,0.142
0.58,0.58,1.0,1.0,0.96,0.96,0.16,0.16,0.3,0.3,0.3,0.42,0.43,0.34,0.75,0.27,0.95,0.67,0.37,0.95,0.96,0.37,0.37,0.84,0.32,0.78,0.35,0.09,0.61,0.831,0.608,0.152
0.58,0.58,1.0,1.0,0.96,0.96,0.36,0.35,0.24,0.24,0.33,0.39,0.36,0.24,0.75,0.29,0.94,0.68,0.36,0.94,0.95,0.36,0.36,0.79,0.34,0.71,0.38,0.1,0.64,0.78,0.59,0.207
0.58,0.58,1.0,1.0,0.96,0.96,0.43,0.42,0.2,0.2,0.32,0.4,0.45,0.42,0.75,0.3,0.85,0.69,0.44,0.84,0.86,0.44,0.44,0.85,0.32,0.83,0.33,0.11,0.57,0.757,0.58,0.291
0.58,0.58,1.0,1.0,0.96,0.96,0.24,0.24,0.27,0.27,0.29,0.43,0.52,0.48,0.75,0.31,0.8,0.7,0.47,0.78,0.81,0.47,0.47,0.9,0.3,0.87,0.31,0.14,0.52,0.746,0.573,0.339
0.58,0.58,1.0,1.0,0.96,0.96,0.5,0.5,0.21,0.21,0.29,0.43,0.57,0.52,0.75,0.31,0.77,0.7,0.49,0.75,0.78,0.49,0.49,0.93,0.28,0.9,0.29,0.14,0.51,0.742,0.57,0.368
0.58,0.58,1.0,1.0,0.96,0.96,0.29,0.29,0.25,0.25,0.28,0.45,0.57,0.54,1.0,0.31,0.72,0.69,0.51,0.71,0.74,0.51,0.51,0.93,0.28,0.91,0.29,0.13,0.49,0.74,0.585,0.376
0.57,0.57,1.0,1.0,0.97,0.97,0.16,0.16,0.38,0.38,0.4,0.32,0.57,0.48,1.0,0.31,0.74,0.69,0.52,0.72,0.77,0.52,0.52,0.93,0.28,0.87,0.31,0.12,0.45,0.74,0.63,0.381
0.56,0.56,1.0,1.0,0.97,0.97,0.16,0.16,0.49,0.49,0.59,0.14,0.55,0.48,1.0,0.31,0.79,0.69,0.52,0.77,0.81,0.52,0.52,0.92,0.29,0.87,0.31,0.13,0.45,0.728,0.687,0.356
0.56,0.56,1.0,1.0,0.97,0.97,0.16,0.16,0.49,0.49,0.67,0.06,0.51,0.46,1.0,0.31,0.8,0.7,0.52,0.78,0.82,0.52,0.52,0.89,0.3,0.86,0.31,0.13,0.45,0.729,0.77,0.324
0.57,0.57,1.0,1.0,0.97,0.97,0.39,0.39,0.22,0.22,0.43,0.3,0.51,0.4,0.75,0.32,0.73,0.7,0.52,0.7,0.77,0.52,0.52,0.89,0.3,0.82,0.33,0.14,0.46,0.726,0.823,0.301
0.58,0.58,1.0,1.0,0.96,0.96,0.31,0.31,0.21,0.21,0.39,0.33,0.49,0.42,0.75,0.32,0.74,0.71,0.49,0.73,0.76,0.49,0.49,0.88,0.3,0.83,0.32,0.11,0.47,0.741,0.83,0.309
0.58,0.58,1.0,1.0,0.96,0.96,0.25,0.25,0.23,0.23,0.42,0.31,0.43,0.4,0.75,0.33,0.8,0.71,0.45,0.79,0.8,0.45,0.45,0.84,0.32,0.82,0.33,0.09,0.4,0.757,0.815,0.327
0.58,0.58,1.0,1.0,0.96,0.96,0.22,0.22,0.23,0.23,0.42,0.3,0.45,0.4,0.75,0.32,0.81,0.7,0.44,0.8,0.81,0.44,0.44,0.85,0.32,0.82,0.33,0.08,0.37,0.771,0.755,0.341
0.58,0.58,1.0,1.0,0.96,0.96,0.21,0.21,0.23,0.23,0.43,0.29,0.43,0.39,0.75,0.32,0.81,0.7,0.45,0.8,0.82,0.45,0.45,0.84,0.32,0.81,0.33,0.08,0.36,0.772,0.7,0.375
0.58,0.58,1.0,1.0,0.96,0.96,0.2,0.2,0.24,0.24,0.44,0.28,0.42,0.36,0.75,0.31,0.81,0.7,0.46,0.8,0.82,0.46,0.46,0.83,0.33,0.79,0.34,0.08,0.35,0.778,0.623,0.445
0.58,0.58,1.0,1.0,0.96,0.96,0.2,0.19,0.24,0.24,0.45,0.27,0.42,0.36,0.75,0.31,0.8,0.7,0.47,0.79,0.81,0.47,0.47,0.83,0.33,0.79,0.34,0.08,0.35,0.769,0.558,0.49
0.58,0.58,1.0,1.0,0.96,0.96,0.19,0.19,0.24,0.24,0.45,0.27,0.4,0.36,0.75,0.31,0.8,0.7,0.48,0.79,0.81,0.48,0.48,0.82,0.33,0.79,0.34,0.08,0.34,0.771,0.497,0.511
0.58,0.58,1.0,1.0,0.96,0.96,0.19,0.19,0.23,0.23,0.45,0.28,0.4,0.36,0.75,0.32,0.77,0.7,0.5,0.76,0.78,0.5,0.5,0.82,0.33,0.79,0.34,0.1,0.33,0.77,0.46,0.528
0.58,0.58,1.0,1.0,0.96,0.96,0.2,0.2,0.23,0.23,0.44,0.28,0.38,0.31,0.75,0.33,0.73,0.71,0.54,0.72,0.75,0.54,0.54,0.8,0.34,0.76,0.36,0.17,0.27,0.776,0.432,0.542
0.59,0.59,1.0,1.0,0.95,0.95,0.21,0.21,0.22,0.22,0.44,0.28,0.34,0.3,0.75,0.33,0.73,0.71,0.56,0.72,0.75,0.56,0.56,0.78,0.35,0.75,0.36,0.36,0.21,0.777,0.42,0.547
0.59,0.59,1.0,1.0,0.95,0.95,0.19,0.19,0.22,0.22,0.44,0.28,0.3,0.28,0.75,0.33,0.74,0.71,0.56,0.73,0.75,0.56,0.56,0.75,0.36,0.74,0.36,0.57,0.5,0.775,0.42,0.544
0.62,0.62,1.0,1.0,0.93,0.93,0.59,0.59,0.11,0.11,0.43,0.3,0.39,0.39,0.75,0.31,0.73,0.7,0.56,0.72,0.74,0.56,0.56,0.81,0.34,0.81,0.33,0.68,0.5,0.776,0.432,0.54
0.63,0.63,1.0,1.0,0.92,0.92,0.39,0.39,0.15,0.15,0.42,0.3,0.43,0.45,0.75,0.31,0.69,0.69,0.56,0.68,0.7,0.56,0.56,0.84,0.32,0.85,0.32,0.71,0.5,0.781,0.453,0.535
0.62,0.62,1.0,1.0,0.93,0.93,0.29,0.29,0.19,0.19,0.42,0.3,0.58,0.61,0.5,0.29,0.69,0.68,0.56,0.69,0.69,0.56,0.56,0.94,0.28,0.96,0.27,0.76,0.5,0.789,0.47,0.548
0.62,0.62,1.0,1.0,0.93,0.93,0.27,0.27,0.2,0.2,0.42,0.31,0.64,0.66,0.5,0.28,0.66,0.67,0.56,0.66,0.66,0.56,0.56,0.98,0.26,0.99,0.25,0.78,0.5,0.784,0.493,0.556
0.61,0.61,1.0,1.0,0.94,0.94,0.26,0.26,0.19,0.19,0.41,0.31,0.67,0.69,0.5,0.28,0.65,0.67,0.56,0.65,0.65,0.56,0.56,1.0,0.25,1.0,0.24,0.78,0.5,0.779,0.505,0.568
0.61,0.61,1.0,1.0,0.94,0.94,0.65,0.65,0.12,0.12,0.42,0.3,0.77,0.78,0.5,0.28,0.62,0.67,0.56,0.62,0.63,0.56,0.56,1.0,0.22,1.0,0.22,0.78,0.5,0.777,0.517,0.571
0.59,0.59,1.0,1.0,0.95,0.95,0.2,0.2,0.28,0.28,0.65,0.08,0.75,0.77,0.5,0.28,0.61,0.67,0.56,0.6,0.62,0.56,0.56,1.0,0.23,1.0,0.22,0.77,0.5,0.776,0.523,0.562
0.6,0.6,1.0,1.0,0.94,0.94,0.16,0.16,0.32,0.32,0.62,0.11,0.81,0.81,0.5,0.28,0.61,0.67,0.56,0.61,0.62,0.56,0.56,1.0,0.21,1.0,0.21,0.75,0.5,0.785,0.528,0.556
0.6,0.6,1.0,1.0,0.94,0.94,0.16,0.16,0.33,0.33,0.64,0.09,0.81,0.81,0.5,0.28,0.6,0.67,0.56,0.6,0.61,0.56,0.56,1.0,0.21,1.0,0.21,0.75,0.5,0.789,0.535,0.552
0.61,0.61,1.0,1.0,0.93,0.93,0.16,0.16,0.32,0.32,0.62,0.12,0.81,0.81,0.5,0.28,0.59,0.68,0.56,0.6,0.58,0.56,0.56,1.0,0.21,1.0,0.21,0.74,0.5,0.807,0.547,0.532
0.61,0.61,1.0,1.0,0.93,0.93,0.16,0.16,0.29,0.29,0.61,0.12,0.81,0.81,0.5,0.28,0.58,0.67,0.56,0.58,0.57,0.56,0.56,1.0,0.21,1.0,0.21,0.74,0.5,0.825,0.543,0.532
0.62,0.62,1.0,1.0,0.93,0.93,0.16,0.16,0.28,0.28,0.6,0.13,0.81,0.81,0.5,0.28,0.57,0.67,0.56,0.57,0.57,0.56,0.56,1.0,0.21,1.0,0.21,0.71,0.5,0.846,0.552,0.513
0.61,0.61,1.0,1.0,0.94,0.94,0.35,0.35,0.21,0.21,0.5,0.22,0.81,0.81,0.5,0.27,0.51,0.67,0.56,0.5,0.52,0.56,0.56,1.0,0.21,1.0,0.21,0.64,0.5,0.866,0.547,0.522
0.58,0.58,1.0,1.0,0.96,0.96,0.16,0.16,0.31,0.31,0.55,0.18,0.81,0.81,0.5,0.26,0.43,0.66,0.56,0.43,0.44,0.56,0.56,1.0,0.21,1.0,0.21,0.56,0.5,0.902,0.542,0.525
0.58,0.58,1.0,1.0,0.96,0.96,0.16,0.16,0.31,0.31,0.56,0.16,0.81,0.81,0.5,0.26,0.42,0.66,0.56,0.41,0.42,0.56,0.56,1.0,0.21,1.0,0.21,0.54,0.5,0.914,0.545,0.525
0.59,0.59,1.0,1.0,0.95,0.95,0.54,0.54,0.14,0.14,0.42,0.31,0.81,0.81,0.5,0.26,0.41,0.65,0.56,0.4,0.42,0.56,0.56,1.0,0.21,1.0,0.21,0.52,0.5,0.926,0.543,0.526
0.59,0.59,1.0,1.0,0.95,0.95,0.44,0.44,0.14,0.14,0.38,0.34,0.81,0.81,0.5,0.25,0.43,0.65,0.56,0.41,0.44,0.56,0.56,1.0,0.21,1.0,0.21,0.51,0.5,0.927,0.545,0.521
0.59,0.59,1.0,1.0,0.95,0.95,0.37,0.37,0.16,0.16,0.39,0.34,0.81,0.81,0.5,0.25,0.45,0.65,0.56,0.44,0.45,0.56,0.56,1.0,0.21,1.0,0.21,0.47,0.5,0.914,0.548,0.516
0.59,0.59,1.0,1.0,0.95,0.95,0.34,0.34,0.17,0.17,0.4,0.33,0.81,0.81,0.5,0.25,0.4,0.65,0.56,0.39,0.4,0.56,0.56,1.0,0.21,1.0,0.21,0.39,0.36,0.899,0.545,0.514
0.58,0.58,1.0,1.0,0.96,0.96,0.35,0.35,0.17,0.17,0.39,0.33,0.81,0.81,0.5,0.25,0.41,0.65,0.56,0.4,0.41,0.56,0.56,1.0,0.21,1.0,0.21,0.28,0.34,0.871,0.557,0.515
0.58,0.58,1.0,1.0,0.96,0.96,0.35,0.35,0.17,0.17,0.39,0.33,0.81,0.81,0.75,0.24,0.39,0.65,0.56,0.38,0.39,0.56,0.56,1.0,0.21,1.0,0.21,0.22,0.31,0.864,0.572,0.519
0.57,0.57,1.0,1.0,0.96,0.96,0.38,0.38,0.17,0.17,0.4,0.33,0.81,0.81,0.75,0.24,0.35,0.64,0.56,0.35,0.35,0.56,0.56,1.0,0.21,1.0,0.21,0.19,0.28,0.821,0.587,0.505
0.56,0.56,1.0,1.0,0.97,0.97,0.16,0.16,0.36,0.36,0.67,0.07,0.81,0.81,0.75,0.24,0.33,0.64,0.56,0.33,0.34,0.56,0.56,1.0,0.21,1.0,0.21,0.18,0.26,0.805,0.595,0.512
0.56,0.56,1.0,1.0,0.97,0.97,0.16,0.16,0.36,0.36,0.67,0.06,0.81,0.81,0.75,0.24,0.33,0.64,0.56,0.33,0.34,0.56,0.56,1.0,0.21,1.0,0.21,0.21,0.24,0.795,0.598,0.51
0.57,0.57,1.0,1.0,0.97,0.97,0.16,0.16,0.36,0.36,0.66,0.07,0.81,0.81,0.75,0.24,0.34,0.64,0.56,0.34,0.34,0.56,0.56,1.0,0.21,1.0,0.21,0.23,0.26,0.786,0.598,0.505
0.57,0.57,1.0,1.0,0.97,0.97,0.16,0.16,0.36,0.36,0.65,0.08,0.81,0.81,0.75,0.24,0.34,0.64,0.56,0.34,0.34,0.56,0.56,1.0,0.21,1.0,0.21,0.22,0.26,0.786,0.6,0.504
0.56,0.56,1.0,1.0,0.97,0.97,0.16,0.16,0.38,0.38,0.66,0.08,0.81,0.81,0.75,0.24,0.43,0.65,0.56,0.42,0.43,0.56,0.56,1.0,0.21,1.0,0.21,0.14,0.26,0.797,0.59,0.502
0.56,0.56,1.0,1.0,0.97,0.97,0.16,0.16,0.43,0.43,0.68,0.06,0.81,0.81,0.75,0.25,0.61,0.65,0.56,0.6,0.63,0.56,0.56,1.0,0.21,1.0,0.21,0.11,0.29,0.84,0.573,0.499
0.56,0.56,1.0,1.0,0.97,0.97,0.16,0.16,0.51,0.51,0.69,0.05,0.66,0.66,0.75,0.26,0.97,0.66,0.31,0.97,0.97,0.31,0.31,0.99,0.25,0.99,0.26,0.06,0.47,0.86,0.572,0.494
0.56,0.56,1.0,1.0,0.97,0.97,0.16,0.16,0.5,0.5,0.71,0.03,0.64,0.63,0.75,0.26,0.92,0.66,0.41,0.91,0.92,0.41,0.41,0.98,0.26,0.97,0.26,0.05,0.49,0.847,0.573,0.485
0.56,0.56,1.0,1.0,0.97,0.97,0.16,0.16,0.48,0.48,0.68,0.05,0.69,0.67,0.75,0.28,0.84,0.67,0.5,0.83,0.85,0.5,0.5,1.0,0.25,1.0,0.25,0.09,0.47,0.826,0.58,0.479
0.56,0.56,1.0,1.0,0.97,0.97,0.35,0.35,0.26,0.26,0.54,0.19,0.81,0.81,0.75,0.28,0.74,0.68,0.56,0.72,0.76,0.56,0.56,1.0,0.21,1.0,0.21,0.14,0.46,0.803,0.588,0.48
0.56,0.56,1.0,1.0,0.97,0.97,0.16,0.16,0.37,0.37,0.56,0.17,0.81,0.81,0.75,0.27,0.5,0.66,0.56,0.48,0.52,0.56,0.56,1.0,0.21,1.0,0.21,0.33,0.38,0.779,0.592,0.462
0.57,0.57,1.0,1.0,0.97,0.97,0.16,0.16,0.34,0.34,0.55,0.17,0.81,0.81,0.5,0.26,0.3,0.66,0.56,0.29,0.32,0.56,0.56,1.0,0.21,1.0,0.21,0.56,0.5,0.758,0.6,0.445
0.57,0.57,1.0,1.0,0.96,0.96,0.16,0.16,0.32,0.32,0.53,0.2,0.81,0.81,0.5,0.25,0.28,0.65,0.56,0.26,0.29,0.56,0.56,1.0,0.21,1.0,0.21,0.69,0.5,0.757,0.607,0.445
0.58,0.58,1.0,1.0,0.96,0.96,0.16,0.16,0.32,0.32,0.54,0.19,0.81,0.81,0.5,0.25,0.29,0.65,0.56,0.28,0.3,0.56,0.56,1.0,0.21,1.0,0.21,0.82,0.5,0.761,0.605,0.444
0.64,0.64,1.0,1.0,0.91,0.91,0.16,0.16,0.28,0.28,0.52,0.21,0.81,0.81,0.5,0.25,0.34,0.65,0.56,0.33,0.35,0.56,0.56,1.0,0.21,1.0,0.21,0.88,0.5,0.781,0.605,0.45
0.69,0.69,1.0,1.0,0.87,0.87,0.16,0.16,0.25,0.25,0.51,0.22,0.81,0.81,0.25,0.25,0.36,0.65,0.56,0.35,0.37,0.56,0.56,1.0,0.21,1.0,0.21,0.9,0.5,0.819,0.597,0.449
0.7,0.7,1.0,1.0,0.86,0.86,0.16,0.16,0.25,0.25,0.51,0.21,0.81,0.81,0.25,0.26,0.36,0.65,0.56,0.35,0.37,0.56,0.56,1.0,0.21,1.0,0.21,0.91,0.5,0.851,0.595,0.445
0.66,0.66,1.0,1.0,0.89,0.89,0.16,0.16,0.28,0.28,0.52,0.21,0.81,0.81,0.25,0.26,0.36,0.66,0.56,0.35,0.37,0.56,0.56,1.0,0.21,1.0,0.21,0.92,0.5,0.886,0.588,0.448
0.61,0.61,1.0,1.0,0.93,0.93,0.16,0.16,0.3,0.3,0.52,0.2,0.81,0.81,0.25,0.26,0.37,0.66,0.56,0.36,0.38,0.56,0.56,1.0,0.21,1.0,0.21,0.92,0.5,0.914,0.58,0.456
0.6,0.6,1.0,1.0,0.95,0.95,0.16,0.16,0.33,0.33,0.56,0.17,0.81,0.81,0.5,0.26,0.39,0.66,0.56,0.38,0.4,0.56,0.56,1.0,0.21,1.0,0.21,0.92,0.5,0.936,0.577,0.455
0.58,0.58,1.0,1.0,0.96,0.96,0.16,0.16,0.37,0.37,0.59,0.14,0.81,0.81,0.5,0.26,0.48,0.66,0.56,0.48,0.49,0.56,0.56,1.0,0.21,1.0,0.21,0.92,0.5,0.944,0.578,0.455
0.58,0.58,1.0,1.0,0.96,0.96,0.16,0.16,0.42,0.42,0.59,0.14,0.81,0.81,0.5,0.26,0.56,0.65,0.56,0.55,0.57,0.56,0.56,1.0,0.21,1.0,0.21,0.91,0.5,0.954,0.577,0.459
0.58,0.58,1.0,1.0,0.96,0.96,0.16,0.16,0.43,0.43,0.58,0.15,0.81,0.81,0.75,0.26,0.58,0.65,0.56,0.57,0.59,0.56,0.56,1.0,0.21,1.0,0.21,0.91,0.5,0.951,0.575,0.459
0.58,0.58,1.0,1.0,0.96,0.96,0.16,0.16,0.41,0.41,0.58,0.15,0.81,0.81,0.75,0.26,0.58,0.65,0.56,0.57,0.59,0.56,0.56,1.0,0.21,1.0,0.21,0.91,0.5,0.928,0.57,0.456
0.58,0.58,1.0,1.0,0.96,0.96,0.16,0.16,0.38,0.38,0.6,0.13,0.81,0.81,0.5,0.26,0.54,0.65,0.56,0.53,0.55,0.56,0.56,1.0,0.21,1.0,0.21,0.9,0.5,0.898,0.568,0.46
0.59,0.59,1.0,1.0,0.95,0.95,0.16,0.16,0.37,0.37,0.6,0.13,0.81,0.81,0.5,0.25,0.54,0.65,0.56,0.52,0.55,0.56,0.56,1.0,0.21,1.0,0.21,0.89,0.5,0.844,0.578,0.46
0.6,0.6,1.0,1.0,0.94,0.94,0.16,0.16,0.35,0.35,0.6,0.13,0.81,0.81,0.5,0.25,0.51,0.65,0.56,0.5,0.52,0.56,0.56,1.0,0.21,1.0,0.21,0.88,0.5,0.811,0.587,0.462
0.6,0.6,1.0,1.0,0.95,0.95,0.16,0.16,0.36,0.36,0.61,0.12,0.81,0.81,0.5,0.25,0.47,0.65,0.56,0.46,0.49,0.56,0.56,1.0,0.21,1.0,0.21,0.7,0.5,0.8,0.592,0.455
0.58,0.58,1.0,1.0,0.96,0.96,0.16,0.16,0.38,0.38,0.64,0.09,0.81,0.81,0.5,0.25,0.45,0.65,0.56,0.44,0.47,0.56,0.56,1.0,0.21,1.0,0.21,0.5,0.5,0.803,0.592,0.452
0.57,0.57,1.0,1.0,0.97,0.97,0.3,0.3,0.25,0.25,0.43,0.29,0.81,0.81,0.5,0.25,0.45,0.65,0.56,0.44,0.47,0.56,0.56,1.0,0.21,1.0,0.21,0.42,0.37,0.826,0.587,0.455
0.57,0.57,1.0,1.0,0.97,0.97,0.36,0.36,0.18,0.18,0.37,0.35,0.81,0.81,0.5,0.25,0.47,0.65,0.56,0.46,0.48,0.56,0.56,1.0,0.21,1.0,0.21,0.32,0.34,0.846,0.578,0.455
0.57,0.57,1.0,1.0,0.97,0.97,0.33,0.33,0.19,0.19,0.37,0.35,0.81,0.81,0.75,0.25,0.47,0.65,0.56,0.46,0.48,0.56,0.56,1.0,0.21,1.0,0.21,0.24,0.32,0.87,0.563,0.461
0.57,0.57,1.0,1.0,0.97,0.97,0.32,0.32,0.19,0.19,0.37,0.36,0.81,0.81,0.75,0.25,0.48,0.65,0.56,0.48,0.48,0.56,0.56,1.0,0.21,1.0,0.21,0.19,0.31,0.88,0.558,0.467
0.57,0.57,1.0,1.0,0.97,0.97,0.72,0.71,0.11,0.11,0.36,0.36,0.81,0.81,0.75,0.25,0.46,0.65,0.56,0.46,0.46,0.56,0.56,1.0,0.21,1.0,0.21,0.16,0.29,0.863,0.563,0.462
0.57,0.57,1.0,1.0,0.97,0.97,0.35,0.35,0.19,0.19,0.32,0.41,0.81,0.81,0.75,0.25,0.49,0.65,0.56,0.49,0.5,0.56,0.56,1.0,0.21,1.0,0.21,0.21,0.14,0.836,0.572,0.461
0.57,0.57,1.0,1.0,0.97,0.97,0.28,0.28,0.22,0.22,0.31,0.41,0.81,0.81,0.75,0.25,0.54,0.65,0.56,0.53,0.54,0.56,0.56,1.0,0.21,1.0,0.21,0.23,0.13,0.816,0.588,0.468
0.57,0.57,1.0,1.0,0.97,0.97,0.16,0.16,0.37,0.37,0.6,0.13,0.81,0.81,0.75,0.26,0.6,0.65,0.56,0.59,0.61,0.56,0.56,1.0,0.21,1.0,0.21,0.22,0.16,0.809,0.597,0.475
0.57,0.57,1.0,1.0,0.97,0.97,0.16,0.16,0.38,0.38,0.59,0.14,0.81,0.81,0.75,0.26,0.62,0.66,0.56,0.61,0.63,0.56,0.56,1.0,0.21,1.0,0.21,0.23,0.19,0.794,0.6,0.475
0.56,0.56,1.0,1.0,0.97,0.97,0.16,0.16,0.41,0.41,0.6,0.13,0.81,0.81,0.75,0.26,0.65,0.66,0.56,0.64,0.66,0.56,0.56,1.0,0.21,1.0,0.21,0.22,0.21,0.794,0.617,0.476
0.56,0.56,1.0,1.0,0.97,0.97,0.16,0.16,0.43,0.43,0.64,0.09,0.81,0.81,0.75,0.27,0.71,0.66,0.56,0.7,0.73,0.56,0.56,1.0,0.21,1.0,0.21,0.14,0.32,0.781,0.667,0.465
0.57,0.57,1.0,1.0,0.97,0.97,0.4,0.39,0.19,0.19,0.37,0.36,0.66,0.63,0.75,0.28,0.81,0.68,0.47,0.8,0.82,0.47,0.47,0.99,0.26,0.97,0.27,0.1,0.38,0.771,0.737,0.435
0.58,0.58,1.0,1.0,0.96,0.96,0.26,0.26,0.21,0.21,0.34,0.38,0.58,0.57,0.75,0.29,0.91,0.68,0.35,0.91,0.91,0.35,0.35,0.94,0.28,0.93,0.28,0.05,0.42,0.765,0.787,0.436
0.57,0.57,1.0,1.0,0.96,0.96,0.2,0.2,0.24,0.24,0.34,0.39,0.52,0.49,0.75,0.26,0.94,0.66,0.32,0.94,0.94,0.32,0.32,0.9,0.29,0.88,0.3,0.05,0.47,0.76,0.81,0.441
0.57,0.57,1.0,1.0,0.97,0.97,0.16,0.16,0.25,0.25,0.34,0.39,0.49,0.46,0.75,0.26,0.94,0.66,0.33,0.94,0.94,0.33,0.33,0.88,0.3,0.86,0.31,0.04,0.48,0.766,0.805,0.447
0.57,0.57,1.0,1.0,0.97,0.97,0.16,0.16,0.25,0.25,0.34,0.38,0.48,0.45,0.75,0.25,0.94,0.65,0.33,0.94,0.94,0.33,0.33,0.87,0.31,0.85,0.32,0.04,0.49,0.768,0.768,0.439
0.57,0.57,1.0,1.0,0.97,0.97,0.16,0.16,0.25,0.25,0.34,0.38,0.46,0.43,0.75,0.25,0.94,0.65,0.32,0.94,0.95,0.32,0.32,0.86,0.31,0.84,0.32,0.04,0.53,0.767,0.703,0.43
0.57,0.57,1.0,1.0,0.97,0.97,0.16,0.16,0.43,0.43,0.49,0.23,0.46,0.42,1.0,0.25,0.95,0.65,0.31,0.95,0.95,0.31,0.31,0.86,0.31,0.83,0.32,0.04,0.55,0.774,0.652,0.435
0.57,0.57,1.0,1.0,0.97,0.97,0.16,0.16,0.45,0.45,0.43,0.29,0.45,0.38,1.0,0.25,0.95,0.65,0.31,0.95,0.96,0.31,0.31,0.85,0.32,0.8,0.34,0.04,0.57,0.766,0.592,0.427
0.57,0.57,1.0,1.0,0.97,0.97,0.16,0.16,0.45,0.45,0.39,0.33,0.38,0.28,1.0,0.25,0.96,0.65,0.31,0.96,0.96,0.31,0.31,0.8,0.34,0.74,0.37,0.04,0.61,0.765,0.538,0.421
0.57,0.57,1.0,1.0,0.97,0.97,0.16,0.16,0.57,0.57,0.34,0.39,0.31,0.25,1.0,0.25,0.96,0.65,0.31,0.96,0.97,0.31,0.31,0.76,0.36,0.72,0.37,0.04,0.62,0.756,0.475,0.421
0.59,0.59,1.0,1.0,0.95,0.95,0.16,0.16,0.59,0.59,0.26,0.47,0.22,0.2,1.0,0.25,0.97,0.65,0.3,0.97,0.97,0.3,0.3,0.7,0.38,0.68,0.39,0.06,0.63,0.756,0.433,0.425
0.59,0.59,1.0,1.0,0.95,0.95,0.16,0.16,0.55,0.55,0.21,0.52,0.18,0.13,1.0,0.26,0.97,0.66,0.3,0.97,0.97,0.3,0.3,0.67,0.4,0.64,0.41,0.06,0.64,0.754,0.403,0.43
0.59,0.59,1.0,1.0,0.95,0.95,0.16,0.16,0.55,0.55,0.14,0.59,0.13,0.09,1.0,0.27,0.97,0.67,0.29,0.97,0.97,0.29,0.29,0.64,0.41,0.61,0.42,0.07,0.65,0.753,0.393,0.428
0.58,0.58,1.0,1.0,0.96,0.96,0.16,0.16,0.32,0.32,0.22,0.51,0.07,0.06,1.0,0.27,0.96,0.67,0.28,0.96,0.97,0.28,0.28,0.6,0.43,0.59,0.43,0.06,0.65,0.749,0.395,0.421
0.6,0.6,1.0,1.0,0.94,0.94,0.26,0.25,0.2,0.2,0.33,0.39,0.16,0.15,0.75,0.36,0.83,0.73,0.41,0.82,0.84,0.41,0.41,0.66,0.4,0.65,0.4,0.14,0.58,0.754,0.413,0.41
0.6,0.6,1.0,1.0,0.94,0.94,0.18,0.18,0.23,0.23,0.34,0.38,0.18,0.16,0.75,0.39,0.79,0.75,0.45,0.77,0.8,0.45,0.45,0.67,0.4,0.66,0.4,0.13,0.53,0.752,0.427,0.401
0.6,0.6,1.0,1.0,0.95,0.95,0.47,0.47,0.15,0.15,0.36,0.37,0.16,0.15,0.75,0.33,0.91,0.71,0.36,0.9,0.91,0.36,0.36,0.66,0.4,0.65,0.4,0.05,0.54,0.754,0.437,0.402
0.6,0.6,1.0,1.0,0.94,0.94,0.34,0.34,0.16,0.16,0.37,0.36,0.16,0.15,0.75,0.32,0.92,0.71,0.33,0.91,0.92,0.33,0.33,0.66,0.4,0.65,0.4,0.04,0.58,0.776,0.453,0.415
0.57,0.57,1.0,1.0,0.96,0.96,0.2,0.19,0.22,0.22,0.37,0.36,0.13,0.13,1.0,0.25,0.96,0.65,0.28,0.96,0.96,0.28,0.28,0.64,0.41,0.64,0.41,0.03,0.58,0.794,0.475,0.424
0.56,0.56,1.0,1.0,0.97,0.97,0.16,0.16,0.27,0.27,0.36,0.36,0.13,0.13,1.0,0.24,0.97,0.64,0.27,0.97,0.97,0.27,0.27,0.64,0.41,0.64,0.41,0.02,0.58,0.813,0.493,0.431
0.56,0.56,1.0,1.0,0.98,0.98,0.16,0.16,0.28,0.28,0.36,0.36,0.13,0.13,1.0,0.23,0.97,0.64,0.27,0.97,0.97,0.27,0.27,0.64,0.41,0.64,0.41,0.02,0.58,0.803,0.507,0.428
0.48,0.48,0.89,0.89,1.0,1.0,0.16,0.16,0.29,0.29,0.35,0.37,0.13,0.13,1.0,0.23,0.98,0.64,0.27,0.98,0.98,0.27,0.27,0.64,0.41,0.64,0.41,0.02,0.57,0.784,0.508,0.437
0.56,0.56,1.0,1.0,0.98,0.98,0.33,0.33,0.21,0.21,0.32,0.4,0.12,0.12,1.0,0.25,0.96,0.65,0.29,0.96,0.97,0.29,0.29,0.63,0.41,0.63,0.41,0.02,0.57,0.786,0.517,0.45
0.58,0.58,1.0,1.0,0.96,0.96,0.16,0.16,0.6,0.6,0.0,0.82,0.12,0.12,1.0,0.31,0.96,0.69,0.29,0.96,0.96,0.29,0.29,0.63,0.41,0.63,0.42,0.03,0.59,0.788,0.547,0.465
0.6,0.6,1.0,1.0,0.95,0.95,0.16,0.16,0.59,0.59,0.0,0.78,0.09,0.1,1.0,0.34,0.95,0.72,0.3,0.95,0.96,0.3,0.3,0.61,0.42,0.62,0.42,0.04,0.63,0.771,0.558,0.469
0.6,0.6,1.0,1.0,0.94,0.94,0.16,0.16,0.67,0.67,0.0,0.83,0.07,0.1,1.0,0.34,0.95,0.72,0.31,0.95,0.95,0.31,0.31,0.6,0.43,0.62,0.42,0.05,0.64,0.749,0.562,0.466
0.6,0.6,1.0,1.0,0.94,0.94,0.16,0.16,0.66,0.66,0.0,0.84,0.06,0.1,1.0,0.34,0.95,0.71,0.3,0.95,0.95,0.3,0.3,0.59,0.43,0.62,0.42,0.05,0.66,0.729,0.562,0.464
0.61,0.61,1.0,1.0,0.94,0.94,0.83,0.82,0.18,0.18,0.39,0.34,0.07,0.1,0.75,0.34,0.93,0.72,0.31,0.92,0.93,0.31,0.31,0.6,0.43,0.62,0.42,0.05,0.65,0.72,0.553,0.462
0.63,0.63,1.0,1.0,0.92,0.92,0.94,0.94,0.22,0.22,0.39,0.33,0.1,0.13,0.75,0.35,0.91,0.72,0.31,0.9,0.91,0.31,0.31,0.62,0.42,0.64,0.41,0.05,0.63,0.732,0.553,0.462
0.64,0.64,1.0,1.0,0.91,0.91,0.94,0.94,0.23,0.23,0.4,0.33,0.12,0.15,0.75,0.35,0.9,0.73,0.31,0.89,0.9,0.31,0.31,0.63,0.42,0.65,0.41,0.05,0.62,0.766,0.585,0.475
0.61,0.61,1.0,1.0,0.93,0.93,0.71,0.71,0.15,0.15,0.38,0.34,0.12,0.15,0.75,0.35,0.9,0.73,0.31,0.89,0.9,0.31,0.31,0.63,0.41,0.65,0.41,0.05,0.6,0.806,0.62,0.491
0.57,0.57,1.0,1.0,0.96,0.96,0.16,0.16,0.42,0.42,0.05,0.69,0.09,0.12,1.0,0.31,0.93,0.7,0.3,0.93,0.93,0.3,0.3,0.61,0.42,0.63,0.41,0.05,0.62,0.82,0.645,0.529
0.58,0.58,1.0,1.0,0.96,0.96,0.16,0.16,0.45,0.45,0.06,0.68,0.09,0.12,0.75,0.31,0.94,0.7,0.31,0.94,0.94,0.31,0.31,0.61,0.42,0.63,0.41,0.05,0.63,0.834,0.652,0.544
0.6,0.6,1.0,1.0,0.95,0.95,0.75,0.75,0.12,0.12,0.42,0.31,0.1,0.13,0.75,0.35,0.9,0.73,0.33,0.9,0.9,0.33,0.33,0.62,0.42,0.64,0.41,0.05,0.61,0.843,0.64,0.556
0.6,0.6,1.0,1.0,0.94,0.94,0.16,0.16,0.26,0.26,0.06,0.68,0.12,0.15,0.75,0.36,0.9,0.73,0.32,0.9,0.9,0.32,0.32,0.63,0.42,0.65,0.41,0.05,0.59,0.847,0.632,0.559
0.59,0.59,1.0,1.0,0.95,0.95,0.16,0.16,0.33,0.33,0.05,0.69,0.09,0.13,0.75,0.3,0.94,0.69,0.3,0.94,0.94,0.3,0.3,0.61,0.42,0.64,0.41,0.04,0.6,0.844,0.627,0.555
0.58,0.58,1.0,1.0,0.96,0.96,0.16,0.16,0.33,0.33,0.05,0.69,0.09,0.12,1.0,0.3,0.94,0.69,0.3,0.94,0.94,0.3,0.3,0.61,0.42,0.63,0.41,0.04,0.61,0.842,0.622,0.561
0.58,0.58,1.0,1.0,0.96,0.96,0.16,0.16,0.33,0.33,0.05,0.68,0.09,0.12,1.0,0.29,0.94,0.68,0.3,0.94,0.94,0.3,0.3,0.61,0.42,0.63,0.41,0.04,0.62,0.837,0.635,0.571
0.58,0.58,1.0,1.0,0.96,0.96,0.16,0.16,0.33,0.33,0.04,0.7,0.1,0.12,1.0,0.29,0.94,0.68,0.3,0.94,0.94,0.3,0.3,0.62,0.42,0.63,0.41,0.04,0.62,0.832,0.638,0.586
0.61,0.61,1.0,1.0,0.93,0.93,0.91,0.91,0.21,0.21,0.41,0.32,0.13,0.16,0.75,0.35,0.89,0.73,0.32,0.88,0.9,0.32,0.32,0.64,0.41,0.66,0.4,0.04,0.61,0.817,0.652,0.597
0.63,0.63,1.0,1.0,0.92,0.92,0.96,0.96,0.23,0.23,0.41,0.32,0.15,0.18,0.75,0.36,0.88,0.73,0.33,0.87,0.88,0.33,0.33,0.65,0.4,0.67,0.4,0.05,0.6,0.814,0.645,0.598
0.63,0.63,1.0,1.0,0.92,0.92,0.95,0.95,0.24,0.24,0.41,0.32,0.15,0.18,0.75,0.36,0.88,0.73,0.32,0.87,0.88,0.32,0.32,0.65,0.41,0.67,0.4,0.05,0.59,0.808,0.655,0.604
0.61,0.61,1.0,1.0,0.94,0.94,0.87,0.87,0.15,0.15,0.38,0.35,0.15,0.18,0.75,0.35,0.88,0.73,0.32,0.87,0.88,0.32,0.32,0.65,0.4,0.67,0.4,0.05,0.58,0.806,0.652,0.603
0.58,0.58,1.0,1.0,0.96,0.96,0.16,0.16,0.3,0.3,0.01,0.73,0.12,0.13,1.0,0.29,0.93,0.68,0.31,0.93,0.93,0.31,0.31,0.63,0.41,0.64,0.41,0.04,0.58,0.794,0.652,0.594
0.62,0.62,1.0,1.0,0.93,0.93,0.95,0.95,0.24,0.24,0.4,0.32,0.15,0.16,0.75,0.33,0.89,0.71,0.34,0.88,0.89,0.34,0.34,0.65,0.41,0.66,0.4,0.04,0.57,0.794,0.647,0.585
0.63,0.63,1.0,1.0,0.92,0.92,0.96,0.96,0.24,0.24,0.41,0.32,0.15,0.18,0.75,0.34,0.87,0.72,0.33,0.86,0.88,0.33,0.33,0.65,0.4,0.67,0.4,0.05,0.57,0.781,0.643,0.577
0.63,0.63,1.0,1.0,0.92,0.92,0.95,0.95,0.24,0.24,0.41,0.32,0.15,0.18,0.75,0.35,0.86,0.72,0.33,0.86,0.87,0.33,0.33,0.65,0.4,0.67,0.4,0.05,0.57,0.782,0.635,0.574
0.63,0.63,1.0,1.0,0.92,0.92,0.95,0.95,0.24,0.24,0.41,0.32,0.15,0.18,0.75,0.35,0.86,0.72,0.32,0.86,0.87,0.32,0.32,0.65,0.4,0.67,0.4,0.05,0.57,0.771,0.632,0.57
0.61,0.61,1.0,1.0,0.94,0.94,0.47,0.47,0.13,0.13,0.42,0.31,0.15,0.15,0.75,0.35,0.89,0.72,0.33,0.88,0.89,0.33,0.33,0.65,0.4,0.65,0.41,0.05,0.57,0.773,0.633,0.568
0.59,0.59,1.0,1.0,0.95,0.95,0.16,0.16,0.22,0.22,0.41,0.31,0.15,0.15,1.0,0.29,0.93,0.68,0.33,0.92,0.93,0.33,0.33,0.65,0.41,0.65,0.41,0.05,0.55,0.765,0.633,0.567
0.61,0.61,1.0,1.0,0.93,0.93,0.86,0.86,0.16,0.16,0.41,0.32,0.18,0.2,0.75,0.39,0.76,0.76,0.45,0.74,0.78,0.45,0.45,0.67,0.4,0.68,0.39,0.14,0.58,0.763,0.638,0.567
0.61,0.61,1.0,1.0,0.93,0.93,0.37,0.36,0.14,0.14,0.41,0.31,0.21,0.22,0.75,0.41,0.7,0.77,0.55,0.69,0.72,0.55,0.55,0.69,0.39,0.7,0.38,0.33,0.56,0.766,0.632,0.567
0.62,0.62,1.0,1.0,0.93,0.93,0.49,0.48,0.14,0.14,0.41,0.32,0.25,0.3,0.75,0.37,0.71,0.74,0.56,0.7,0.73,0.56,0.56,0.72,0.37,0.75,0.36,0.58,0.5,0.765,0.627,0.565
0.62,0.62,1.0,1.0,0.92,0.92,0.3,0.3,0.18,0.18,0.4,0.32,0.54,0.55,0.5,0.29,0.69,0.68,0.56,0.68,0.7,0.56,0.56,0.91,0.29,0.92,0.29,0.75,0.5,0.766,0.623,0.567
0.62,0.62,1.0,1.0,0.93,0.93,0.27,0.27,0.18,0.18,0.4,0.32,0.75,0.78,0.5,0.27,0.68,0.67,0.56,0.68,0.68,0.56,0.56,1.0,0.23,1.0,0.22,0.81,0.5,0.761,0.622,0.57
0.59,0.59,1.0,1.0,0.95,0.95,0.16,0.16,0.32,0.32,0.08,0.65,0.81,0.81,0.5,0.26,0.67,0.66,0.56,0.68,0.66,0.56,0.56,1.0,0.21,1.0,0.21,0.83,0.5,0.767,0.622,0.566
0.58,0.58,1.0,1.0,0.96,0.96,0.16,0.16,0.4,0.4,0.11,0.63,0.81,0.81,0.5,0.25,0.67,0.65,0.56,0.69,0.66,0.56,0.56,1.0,0.21,1.0,0.21,0.83,0.5,0.767,0.617,0.564
0.58,0.58,1.0,1.0,0.96,0.96,0.16,0.16,0.38,0.38,0.1,0.63,0.81,0.81,0.5,0.25,0.62,0.65,0.56,0.64,0.61,0.56,0.56,1.0,0.21,1.0,0.21,0.82,0.5,0.772,0.617,0.559
0.59,0.59,1.0,1.0,0.95,0.95,0.4,0.4,0.2,0.2,0.12,0.61,0.81,0.81,0.5,0.25,0.48,0.65,0.56,0.5,0.47,0.56,0.56,1.0,0.21,1.0,0.21,0.82,0.5,0.784,0.62,0.551
0.58,0.58,1.0,1.0,0.96,0.96,0.16,0.16,0.34,0.34,0.08,0.65,0.81,0.81,0.5,0.25,0.53,0.65,0.56,0.54,0.52,0.56,0.56,1.0,0.21,1.0,0.21,0.82,0.5,0.791,0.622,0.55
0.58,0.58,1.0,1.0,0.96,0.96,0.16,0.16,0.35,0.35,0.09,0.65,0.81,0.81,0.5,0.25,0.52,0.65,0.56,0.53,0.51,0.56,0.56,1.0,0.21,1.0,0.21,0.81,0.5,0.804,0.618,0.553
0.61,0.61,1.0,1.0,0.94,0.94,0.16,0.16,0.34,0.34,0.09,0.65,0.81,0.81,0.5,0.25,0.5,0.65,0.56,0.51,0.49,0.56,0.56,1.0,0.21,1.0,0.21,0.81,0.5,0.821,0.612,0.55
0.64,0.64,1.0,1.0,0.91,0.91,0.16,0.16,0.32,0.32,0.09,0.65,0.81,0.81,0.5,0.26,0.49,0.65,0.56,0.5,0.48,0.56,0.56,1.0,0.21,1.0,0.21,0.81,0.5,0.837,0.608,0.544
0.71,0.71,1.0,1.0,0.86,0.86,0.16,0.16,0.29,0.29,0.1,0.63,0.81,0.81,0.5,0.26,0.48,0.66,0.56,0.5,0.47,0.56,0.56,1.0,0.21,1.0,0.21,0.81,0.5,0.846,0.607,0.545
0.75,0.75,1.0,1.0,0.82,0.82,0.16,0.16,0.24,0.24,0.11,0.63,0.81,0.81,0.5,0.26,0.47,0.66,0.56,0.49,0.46,0.56,0.56,1.0,0.21,1.0,0.21,0.81,0.5,0.859,0.597,0.544
0.71,0.71,1.0,1.0,0.85,0.85,0.16,0.16,0.24,0.24,0.11,0.63,0.81,0.81,0.5,0.26,0.45,0.66,0.56,0.46,0.44,0.56,0.56,1.0,0.21,1.0,0.21,0.79,0.5,0.869,0.595,0.542
0.72,0.72,1.0,1.0,0.84,0.84,0.18,0.18,0.22,0.22,0.13,0.6,0.81,0.81,0.5,0.26,0.43,0.66,0.56,0.44,0.43,0.56,0.56,1.0,0.21,1.0,0.21,0.8,0.5,0.881,0.592,0.544
0.71,0.71,1.0,1.0,0.86,0.86,0.19,0.19,0.22,0.22,0.13,0.6,0.81,0.81,0.5,0.27,0.42,0.66,0.56,0.42,0.41,0.56,0.56,1.0,0.21,1.0,0.21,0.79,0.5,0.911,0.583,0.547
0.7,0.7,1.0,1.0,0.86,0.86,0.29,0.29,0.2,0.2,0.16,0.57,0.81,0.81,0.5,0.27,0.45,0.66,0.56,0.45,0.44,0.56,0.56,1.0,0.21,1.0,0.21,0.78,0.5,0.949,0.577,0.549
0.7,0.7,1.0,1.0,0.86,0.86,0.46,0.46,0.12,0.12,0.25,0.48,0.81,0.81,0.25,0.27,0.43,0.67,0.56,0.43,0.43,0.56,0.56,1.0,0.21,1.0,0.21,0.78,0.5,0.977,0.565,0.545
0.68,0.68,1.0,1.0,0.88,0.88,0.25,0.25,0.22,0.22,0.13,0.6,0.81,0.81,0.5,0.27,0.46,0.67,0.56,0.47,0.46,0.56,0.56,1.0,0.21,1.0,0.21,0.78,0.5,0.993,0.555,0.539
0.69,0.69,1.0,1.0,0.87,0.87,0.16,0.16,0.27,0.27,0.11,0.62,0.81,0.81,0.5,0.27,0.49,0.67,0.56,0.5,0.49,0.56,0.56,1.0,0.21,1.0,0.21,0.75,0.5,0.993,0.542,0.535
0.68,0.68,1.0,1.0,0.88,0.88,0.16,0.16,0.27,0.27,0.09,0.64,0.81,0.81,0.5,0.27,0.5,0.67,0.56,0.5,0.5,0.56,0.56,1.0,0.21,1.0,0.21,0.75,0.5,0.993,0.532,0.528
0.66,0.66,1.0,1.0,0.89,0.89,0.16,0.16,0.28,0.28,0.08,0.65,0.81,0.81,0.5,0.27,0.51,0.67,0.56,0.5,0.51,0.56,0.56,1.0,0.21,1.0,0.21,0.72,0.5,0.993,0.533,0.519
0.65,0.65,1.0,1.0,0.9,0.9,0.16,0.16,0.3,0.3,0.09,0.64,0.81,0.81,0.5,0.28,0.49,0.67,0.56,0.49,0.5,0.56,0.56,1.0,0.21,1.0,0.21,0.71,0.5,0.993,0.533,0.512
0.66,0.66,1.0,1.0,0.89,0.89,0.16,0.16,0.31,0.31,0.09,0.65,0.81,0.81,0.5,0.28,0.51,0.67,0.56,0.51,0.51,0.56,0.56,1.0,0.21,1.0,0.21,0.72,0.5,0.993,0.532,0.505
0.69,0.69,1.0,1.0,0.87,0.87,0.37,0.37,0.11,0.11,0.42,0.3,0.81,0.81,0.5,0.28,0.51,0.67,0.56,0.51,0.5,0.56,0.56,1.0,0.21,1.0,0.21,0.74,0.5,0.993,0.533,0.505
0.68,0.68,1.0,1.0,0.88,0.88,0.39,0.39,0.11,0.11,0.49,0.24,0.81,0.81,0.5,0.27,0.47,0.67,0.56,0.48,0.47,0.56,0.56,1.0,0.21,1.0,0.21,0.74,0.5,0.993,0.535,0.501
0.67,0.67,1.0,1.0,0.89,0.89,0.39,0.39,0.11,0.11,0.49,0.23,0.81,0.81,0.5,0.27,0.47,0.67,0.56,0.48,0.47,0.56,0.56,1.0,0.21,1.0,0.21,0.74,0.5,0.993,0.542,0.493
0.67,0.67,1.0,1.0,0.88,0.88,0.36,0.36,0.13,0.13,0.42,0.31,0.81,0.81,0.5,0.27,0.47,0.67,0.56,0.48,0.47,0.56,0.56,1.0,0.21,1.0,0.21,0.7,0.5,0.993,0.532,0.482
0.64,0.64,1.0,1.0,0.91,0.91,0.36,0.36,0.13,0.13,0.33,0.39,0.81,0.81,0.5,0.28,0.51,0.67,0.56,0.5,0.52,0.56,0.56,1.0,0.21,1.0,0.21,0.67,0.5,0.987,0.53,0.479
0.62,0.62,1.0,1.0,0.93,0.93,0.36,0.36,0.14,0.14,0.29,0.43,0.81,0.81,0.5,0.28,0.48,0.67,0.56,0.47,0.49,0.56,0.56,1.0,0.21,1.0,0.21,0.66,0.5,0.984,0.54,0.5
0.61,0.61,1.0,1.0,0.93,0.93,0.36,0.36,0.14,0.14,0.27,0.46,0.81,0.81,0.5,0.29,0.47,0.68,0.56,0.46,0.49,0.56,0.56,1.0,0.21,1.0,0.21,0.65,0.5,0.986,0.562,0.536
0.6,0.6,1.0,1.0,0.94,0.94,0.34,0.34,0.16,0.16,0.24,0.48,0.81,0.81,0.5,0.29,0.52,0.68,0.56,0.49,0.54,0.56,0.56,1.0,0.21,1.0,0.21,0.65,0.5,0.971,0.598,0.586
0.62,0.62,1.0,1.0,0.93,0.93,0.3,0.3,0.17,0.17,0.24,0.49,0.81,0.81,0.5,0.29,0.55,0.68,0.56,0.52,0.58,0.56,0.56,1.0,0.21,1.0,0.21,0.63,0.5,0.961,0.603,0.653
0.61,0.61,1.0,1.0,0.94,0.94,0.71,0.71,0.12,0.12,0.28,0.44,0.81,0.81,0.75,0.29,0.54,0.68,0.56,0.51,0.57,0.56,0.56,1.0,0.21,1.0,0.21,0.54,0.5,0.955,0.612,0.669
0.6,0.6,1.0,1.0,0.94,0.94,0.33,0.33,0.19,0.19,0.28,0.44,0.75,0.75,0.75,0.29,0.57,0.68,0.56,0.55,0.58,0.56,0.56,1.0,0.23,1.0,0.23,0.35,0.48,0.946,0.65,0.604
0.59,0.59,1.0,1.0,0.95,0.95,0.26,0.26,0.22,0.22,0.3,0.42,0.8,0.8,0.75,0.29,0.6,0.68,0.56,0.59,0.61,0.56,0.56,1.0,0.21,1.0,0.22,0.25,0.42,0.944,0.668,0.495
0.59,0.59,1.0,1.0,0.95,0.95,0.26,0.26,0.25,0.25,0.38,0.34,0.75,0.73,0.75,0.29,0.65,0.68,0.56,0.63,0.66,0.56,0.56,1.0,0.23,1.0,0.23,0.2,0.43,0.938,0.677,0.459
0.58,0.58,1.0,1.0,0.96,0.96,0.16,0.16,0.3,0.3,0.49,0.23,0.67,0.61,0.75,0.29,0.8,0.68,0.53,0.78,0.82,0.53,0.53,1.0,0.25,0.96,0.27,0.13,0.43,0.934,0.668,0.428
0.58,0.58,1.0,1.0,0.96,0.96,0.16,0.16,0.3,0.3,0.53,0.19,0.63,0.46,0.75,0.29,0.8,0.68,0.5,0.76,0.85,0.5,0.5,0.97,0.26,0.86,0.31,0.1,0.63,0.922,0.662,0.399
0.58,0.58,1.0,1.0,0.96,0.96,0.25,0.25,0.27,0.27,0.6,0.13,0.57,0.39,0.75,0.29,0.82,0.68,0.45,0.79,0.86,0.45,0.45,0.93,0.28,0.81,0.33,0.08,0.57,0.904,0.647,0.392
0.57,0.57,1.0,1.0,0.97,0.97,0.16,0.16,0.35,0.35,0.69,0.05,0.49,0.3,1.0,0.28,0.91,0.67,0.37,0.89,0.93,0.37,0.37,0.88,0.31,0.75,0.36,0.05,0.52,0.872,0.647,0.404
0.57,0.57,1.0,1.0,0.96,0.96,0.67,0.62,0.18,0.18,0.39,0.34,0.45,0.2,1.0,0.27,0.9,0.67,0.36,0.87,0.93,0.36,0.36,0.85,0.32,0.68,0.39,0.04,0.52,0.837,0.642,0.404
0.58,0.58,1.0,1.0,0.96,0.96,0.22,0.22,0.27,0.27,0.39,0.33,0.4,0.22,1.0,0.26,0.94,0.66,0.32,0.93,0.95,0.32,0.32,0.82,0.33,0.7,0.39,0.04,0.52,0.8,0.63,0.417
0.57,0.57,1.0,1.0,0.96,0.96,0.16,0.16,0.29,0.29,0.38,0.34,0.43,0.28,1.0,0.25,0.95,0.65,0.31,0.94,0.96,0.31,0.31,0.84,0.32,0.74,0.36,0.04,0.53,0.776,0.63,0.427
0.57,0.57,1.0,1.0,0.97,0.97,0.16,0.16,0.29,0.29,0.37,0.35,0.42,0.27,1.0,0.25,0.95,0.65,0.3,0.95,0.96,0.3,0.3,0.83,0.33,0.73,0.37,0.03,0.53,0.748,0.618,0.444
0.57,0.57,1.0,1.0,0.97,0.97,0.16,0.16,0.29,0.29,0.36,0.36,0.39,0.27,1.0,0.24,0.96,0.64,0.3,0.95,0.97,0.3,0.3,0.81,0.33,0.73,0.37,0.03,0.53,0.734,0.62,0.468
0.57,0.57,1.0,1.0,0.97,0.97,0.16,0.16,0.28,0.28,0.36,0.36,0.34,0.24,1.0,0.24,0.96,0.64,0.3,0.96,0.97,0.3,0.3,0.78,0.35,0.71,0.38,0.03,0.53,0.721,0.633,0.485
0.58,0.58,1.0,1.0,0.96,0.96,0.92,0.92,0.25,0.25,0.36,0.36,0.28,0.22,0.75,0.27,0.93,0.67,0.33,0.92,0.93,0.33,0.33,0.74,0.37,0.7,0.38,0.03,0.53,0.706,0.632,0.478
0.58,0.58,1.0,1.0,0.96,0.96,0.26,0.26,0.23,0.23,0.36,0.36,0.25,0.21,1.0,0.28,0.94,0.67,0.32,0.93,0.94,0.32,0.32,0.72,0.37,0.69,0.39,0.03,0.53,0.705,0.623,0.47
0.57,0.57,1.0,1.0,0.97,0.97,0.16,0.16,0.25,0.25,0.35,0.37,0.24,0.21,1.0,0.27,0.94,0.66,0.31,0.94,0.94,0.31,0.31,0.71,0.38,0.69,0.39,0.03,0.53,0.709,0.617,0.476
0.57,0.57,1.0,1.0,0.97,0.97,0.16,0.16,0.25,0.25,0.35,0.37,0.22,0.18,1.0,0.26,0.94,0.66,0.3,0.94,0.95,0.3,0.3,0.7,0.38,0.67,0.39,0.03,0.52,0.711,0.603,0.475
0.57,0.57,1.0,1.0,0.97,0.97,0.16,0.16,0.24,0.24,0.35,0.38,0.22,0.18,1.0,0.26,0.94,0.66,0.31,0.94,0.94,0.31,0.31,0.7,0.38,0.67,0.4,0.03,0.5,0.718,0.583,0.465
0.57,0.57,1.0,1.0,0.97,0.97,0.16,0.16,0.24,0.24,0.34,0.39,0.22,0.18,1.0,0.27,0.94,0.66,0.3,0.94,0.94,0.3,0.3,0.7,0.38,0.67,0.4,0.03,0.49,0.729,0.572,0.464
0.57,0.57,1.0,1.0,0.97,0.97,0.16,0.16,0.43,0.43,0.12,0.61,0.22,0.2,1.0,0.31,0.93,0.69,0.34,0.92,0.93,0.34,0.34,0.7,0.38,0.68,0.39,0.04,0.49,0.741,0.557,0.461
0.57,0.57,1.0,1.0,0.97,0.97,0.16,0.16,0.44,0.44,0.13,0.6,0.2,0.16,1.0,0.29,0.94,0.68,0.29,0.94,0.94,0.29,0.29,0.68,0.39,0.66,0.4,0.04,0.51,0.754,0.55,0.468
0.57,0.57,1.0,1.0,0.97,0.97,0.22,0.22,0.23,0.23,0.28,0.45,0.18,0.15,1.0,0.29,0.94,0.68,0.3,0.94,0.95,0.3,0.3,0.67,0.4,0.65,0.4,0.04,0.51,0.759,0.548,0.47
0.58,0.58,1.0,1.0,0.96,0.96,0.22,0.22,0.21,0.21,0.32,0.4,0.18,0.16,1.0,0.28,0.94,0.68,0.31,0.94,0.94,0.31,0.31,0.67,0.4,0.66,0.4,0.04,0.52,0.761,0.542,0.465
0.58,0.58,1.0,1.0,0.96,0.96,0.16,0.16,0.22,0.22,0.32,0.4,0.16,0.16,1.0,0.28,0.94,0.67,0.31,0.93,0.94,0.31,0.31,0.66,0.4,0.66,0.4,0.04,0.52,0.777,0.538,0.458
0.57,0.57,1.0,1.0,0.97,0.97,0.16,0.16,0.23,0.23,0.33,0.39,0.16,0.15,1.0,0.27,0.95,0.66,0.29,0.95,0.95,0.29,0.29,0.66,0.4,0.65,0.4,0.03,0.54,0.788,0.53,0.454
0.56,0.56,1.0,1.0,0.97,0.97,0.16,0.16,0.24,0.24,0.33,0.39,0.15,0.15,1.0,0.26,0.94,0.66,0.29,0.94,0.95,0.29,0.29,0.65,0.41,0.65,0.41,0.03,0.56,0.803,0.527,0.438
0.57,0.57,1.0,1.0,0.97,0.97,0.16,0.16,0.24,0.24,0.33,0.39,0.15,0.15,1.0,0.27,0.94,0.66,0.31,0.94,0.94,0.31,0.31,0.65,0.41,0.65,0.41,0.03,0.55,0.806,0.518,0.43
0.59,0.59,1.0,1.0,0.95,0.95,0.38,0.38,0.15,0.15,0.34,0.38,0.16,0.16,0.75,0.34,0.91,0.72,0.33,0.9,0.91,0.33,0.33,0.66,0.4,0.66,0.4,0.05,0.55,0.829,0.515,0.423
0.59,0.59,1.0,1.0,0.96,0.96,0.22,0.22,0.22,0.22,0.34,0.38,0.18,0.16,0.75,0.35,0.88,0.73,0.39,0.87,0.88,0.39,0.39,0.67,0.4,0.66,0.4,0.07,0.54,0.818,0.473,0.417
0.59,0.59,1.0,1.0,0.95,0.95,0.2,0.2,0.23,0.23,0.34,0.38,0.24,0.24,0.75,0.41,0.67,0.77,0.56,0.66,0.69,0.56,0.56,0.71,0.38,0.71,0.38,0.17,0.51,0.806,0.438,0.433
0.6,0.6,1.0,1.0,0.94,0.94,0.71,0.71,0.1,0.1,0.34,0.39,0.52,0.55,0.75,0.34,0.66,0.71,0.56,0.65,0.66,0.56,0.56,0.9,0.3,0.92,0.28,0.36,0.59,0.815,0.442,0.442
0.6,0.6,1.0,1.0,0.94,0.94,0.38,0.37,0.15,0.15,0.32,0.41,0.81,0.81,0.5,0.28,0.61,0.67,0.56,0.6,0.62,0.56,0.56,1.0,0.21,1.0,0.21,0.53,0.5,0.817,0.482,0.447
0.59,0.59,1.0,1.0,0.95,0.95,0.3,0.3,0.18,0.18,0.31,0.42,0.81,0.81,0.5,0.27,0.6,0.66,0.56,0.59,0.61,0.56,0.56,1.0,0.21,1.0,0.21,0.59,0.5,0.795,0.513,0.439
0.58,0.58,1.0,1.0,0.96,0.96,0.16,0.16,0.29,0.29,0.16,0.57,0.81,0.81,0.5,0.26,0.61,0.66,0.56,0.6,0.63,0.56,0.56,1.0,0.21,1.0,0.21,0.64,0.5,0.794,0.54,0.438
0.58,0.58,1.0,1.0,0.96,0.96,0.16,0.16,0.3,0.3,0.15,0.58,0.81,0.81,0.5,0.26,0.64,0.66,0.56,0.63,0.64,0.56,0.56,1.0,0.21,1.0,0.21,0.68,0.5,0.799,0.565,0.431
0.58,0.58,1.0,1.0,0.96,0.96,0.16,0.16,0.3,0.3,0.15,0.58,0.81,0.81,0.5,0.26,0.64,0.65,0.56,0.63,0.64,0.56,0.56,1.0,0.21,1.0,0.21,0.76,0.5,0.796,0.573,0.421
0.59,0.59,1.0,1.0,0.95,0.95,0.16,0.16,0.28,0.28,0.14,0.58,0.81,0.81,0.5,0.25,0.61,0.65,0.56,0.61,0.62,0.56,0.56,1.0,0.21,1.0,0.21,0.84,0.5,0.784,0.57,0.417
0.62,0.62,1.0,1.0,0.93,0.93,0.43,0.42,0.15,0.15,0.2,0.53,0.81,0.81,0.5,0.26,0.61,0.65,0.56,0.6,0.62,0.56,0.56,1.0,0.21,1.0,0.21,0.88,0.5,0.786,0.572,0.407
0.65,0.65,1.0,1.0,0.91,0.91,0.16,0.16,0.26,0.26,0.12,0.61,0.81,0.81,0.5,0.26,0.6,0.66,0.56,0.6,0.61,0.56,0.56,1.0,0.21,1.0,0.21,0.88,0.5,0.804,0.588,0.405
0.64,0.64,1.0,1.0,0.91,0.91,0.16,0.16,0.29,0.29,0.16,0.57,0.81,0.81,0.5,0.26,0.61,0.66,0.56,0.61,0.62,0.56,0.56,1.0,0.21,1.0,0.21,0.88,0.5,0.828,0.592,0.404
0.66,0.66,1.0,1.0,0.89,0.89,0.16,0.16,0.3,0.3,0.15,0.58,0.81,0.81,0.5,0.26,0.63,0.66,0.56,0.62,0.64,0.56,0.56,1.0,0.21,1.0,0.21,0.87,0.5,0.844,0.588,0.405
0.66,0.66,1.0,1.0,0.9,0.9,0.16,0.16,0.31,0.31,0.15,0.58,0.81,0.81,0.5,0.26,0.64,0.66,0.56,0.63,0.64,0.56,0.56,1.0,0.21,1.0,0.21,0.85,0.5,0.859,0.583,0.408
0.65,0.65,1.0,1.0,0.9,0.9,0.16,0.16,0.31,0.31,0.14,0.59,0.81,0.81,0.5,0.26,0.65,0.66,0.56,0.64,0.65,0.56,0.56,1.0,0.21,1.0,0.21,0.84,0.5,0.864,0.585,0.411
0.64,0.64,1.0,1.0,0.91,0.91,0.16,0.16,0.31,0.31,0.13,0.6,0.81,0.81,0.5,0.26,0.65,0.66,0.56,0.64,0.65,0.56,0.56,1.0,0.21,1.0,0.21,0.83,0.5,0.871,0.59,0.418
0.64,0.64,1.0,1.0,0.91,0.91,0.16,0.16,0.31,0.31,0.13,0.6,0.81,0.81,0.5,0.26,0.64,0.66,0.56,0.63,0.64,0.56,0.56,1.0,0.21,1.0,0.21,0.84,0.5,0.884,0.59,0.423
0.62,0.62,1.0,1.0,0.93,0.93,0.16,0.16,0.34,0.34,0.12,0.61,0.81,0.81,0.5,0.26,0.64,0.66,0.56,0.63,0.64,0.56,0.56,1.0,0.21,1.0,0.21,0.83,0.5,0.924,0.593,0.434
0.61,0.61,1.0,1.0,0.94,0.94,0.16,0.16,0.34,0.34,0.13,0.6,0.81,0.81,0.5,0.26,0.62,0.66,0.56,0.62,0.63,0.56,0.56,1.0,0.21,1.0,0.21,0.82,0.5,0.936,0.585,0.452
0.6,0.6,1.0,1.0,0.95,0.95,0.16,0.16,0.35,0.35,0.14,0.59,0.81,0.81,0.5,0.27,0.62,0.66,0.56,0.62,0.63,0.56,0.56,1.0,0.21,1.0,0.21,0.8,0.5,0.933,0.6,0.468
0.59,0.59,1.0,1.0,0.95,0.95,0.16,0.16,0.33,0.33,0.13,0.6,0.81,0.81,0.5,0.27,0.62,0.66,0.56,0.62,0.63,0.56,0.56,1.0,0.21,1.0,0.21,0.79,0.5,0.938,0.625,0.476
0.59,0.59,1.0,1.0,0.95,0.95,0.16,0.16,0.35,0.35,0.13,0.6,0.81,0.81,0.5,0.27,0.65,0.66,0.56,0.65,0.65,0.56,0.56,1.0,0.21,1.0,0.21,0.79,0.5,0.941,0.657,0.483
0.59,0.59,1.0,1.0,0.95,0.95,0.16,0.16,0.34,0.34,0.13,0.6,0.81,0.81,0.5,0.27,0.66,0.67,0.56,0.65,0.66,0.56,0.56,1.0,0.21,1.0,0.21,0.78,0.5,0.934,0.687,0.485
0.59,0.59,1.0,1.0,0.95,0.95,0.16,0.16,0.34,0.34,0.13,0.6,0.81,0.81,0.5,0.27,0.66,0.67,0.56,0.65,0.66,0.56,0.56,1.0,0.21,1.0,0.21,0.78,0.5,0.929,0.732,0.481
0.59,0.59,1.0,1.0,0.95,0.95,0.16,0.16,0.33,0.33,0.12,0.61,0.81,0.81,0.5,0.27,0.66,0.67,0.56,0.65,0.67,0.56,0.56,1.0,0.21,1.0,0.21,0.78,0.5,0.922,0.762,0.48
0.59,0.59,1.0,1.0,0.95,0.95,0.16,0.16,0.34,0.34,0.1,0.63,0.81,0.81,0.5,0.27,0.68,0.67,0.56,0.67,0.69,0.56,0.56,1.0,0.21,1.0,0.21,0.78,0.5,0.911,0.785,0.486
0.59,0.59,1.0,1.0,0.95,0.95,0.16,0.16,0.33,0.33,0.1,0.63,0.81,0.81,0.5,0.27,0.68,0.67,0.56,0.67,0.7,0.56,0.56,1.0,0.21,1.0,0.21,0.81,0.5,0.904,0.795,0.498
0.59,0.59,1.0,1.0,0.95,0.95,0.16,0.16,0.32,0.32,0.08,0.65,0.81,0.81,0.5,0.27,0.68,0.67,0.56,0.67,0.69,0.56,0.56,1.0,0.21,1.0,0.21,0.82,0.5,0.899,0.778,0.498
0.59,0.59,1.0,1.0,0.95,0.95,0.16,0.16,0.32,0.32,0.08,0.65,0.81,0.81,0.5,0.27,0.67,0.67,0.56,0.66,0.68,0.56,0.56,1.0,0.21,1.0,0.21,0.82,0.5,0.892,0.753,0.488
0.59,0.59,1.0,1.0,0.95,0.95,0.16,0.16,0.32,0.32,0.08,0.65,0.81,0.81,0.5,0.27,0.68,0.67,0.56,0.67,0.69,0.56,0.56,1.0,0.21,1.0,0.21,0.81,0.5,0.892,0.688,0.483
0.59,0.59,1.0,1.0,0.95,0.95,0.16,0.16,0.33,0.33,0.09,0.64,0.81,0.81,0.5,0.27,0.68,0.67,0.56,0.67,0.69,0.56,0.56,1.0,0.21,1.0,0.21,0.8,0.5,0.88,0.64,0.474
0.59,0.59,1.0,1.0,0.95,0.95,0.16,0.16,0.33,0.33,0.04,0.69,0.81,0.81,0.75,0.28,0.68,0.67,0.56,0.67,0.69,0.56,0.56,1.0,0.21,1.0,0.21,0.8,0.5,0.874,0.587,0.464
0.59,0.59,1.0,1.0,0.95,0.95,0.16,0.16,0.33,0.33,0.05,0.69,0.81,0.81,0.75,0.28,0.68,0.67,0.56,0.67,0.69,0.56,0.56,1.0,0.21,1.0,0.21,0.8,0.5,0.864,0.557,0.449
0.59,0.59,1.0,1.0,0.95,0.95,0.16,0.16,0.34,0.34,0.04,0.69,0.81,0.8,0.75,0.28,0.69,0.67,0.56,0.68,0.7,0.56,0.56,1.0,0.21,1.0,0.21,0.8,0.5,0.871,0.53,0.438
0.59,0.59,1.0,1.0,0.95,0.95,0.19,0.19,0.26,0.26,0.07,0.66,0.78,0.78,0.75,0.28,0.68,0.67,0.56,0.67,0.69,0.56,0.56,1.0,0.22,1.0,0.22,0.8,0.5,0.867,0.515,0.429
0.59,0.59,1.0,1.0,0.95,0.95,0.16,0.16,0.34,0.34,0.05,0.68,0.77,0.77,0.75,0.28,0.68,0.67,0.56,0.67,0.69,0.56,0.56,1.0,0.22,1.0,0.22,0.8,0.5,0.863,0.508,0.417
0.59,0.59,1.0,1.0,0.95,0.95,0.16,0.16,0.39,0.39,0.09,0.65,0.81,0.81,0.75,0.28,0.69,0.67,0.56,0.68,0.7,0.56,0.56,1.0,0.21,1.0,0.21,0.77,0.5,0.856,0.497,0.417
0.6,0.6,1.0,1.0,0.94,0.94,0.16,0.16,0.4,0.4,0.11,0.62,0.81,0.81,0.75,0.28,0.69,0.67,0.56,0.69,0.7,0.56,0.56,1.0,0.21,1.0,0.21,0.77,0.5,0.862,0.508,0.419
0.6,0.6,1.0,1.0,0.94,0.94,0.16,0.16,0.38,0.38,0.14,0.59,0.8,0.8,0.75,0.28,0.68,0.67,0.56,0.68,0.68,0.56,0.56,1.0,0.21,1.0,0.21,0.76,0.5,0.867,0.512,0.425
0.6,0.6,1.0,1.0,0.94,0.94,0.16,0.16,0.37,0.37,0.19,0.54,0.77,0.77,0.5,0.28,0.68,0.67,0.56,0.68,0.68,0.56,0.56,1.0,0.23,1.0,0.22,0.75,0.5,0.866,0.527,0.419
0.6,0.6,1.0,1.0,0.94,0.94,0.16,0.16,0.37,0.37,0.23,0.5,0.72,0.73,0.5,0.29,0.68,0.68,0.56,0.69,0.67,0.56,0.56,1.0,0.24,1.0,0.23,0.73,0.5,0.87,0.535,0.421
0.61,0.61,1.0,1.0,0.93,0.93,0.16,0.16,0.36,0.36,0.3,0.43,0.73,0.73,0.5,0.29,0.69,0.68,0.56,0.7,0.68,0.56,0.56,1.0,0.23,1.0,0.23,0.74,0.5,0.87,0.55,0.422
0.62,0.62,1.0,1.0,0.93,0.93,0.16,0.16,0.37,0.37,0.34,0.39,0.7,0.7,0.5,0.3,0.69,0.68,0.56,0.71,0.68,0.56,0.56,1.0,0.24,1.0,0.24,0.74,0.5,0.866,0.557,0.425
0.61,0.61,1.0,1.0,0.93,0.93,0.16,0.16,0.32,0.32,0.36,0.37,0.69,0.69,0.5,0.3,0.7,0.69,0.56,0.71,0.69,0.56,0.56,1.0,0.24,1.0,0.25,0.74,0.5,0.873,0.562,0.431
0.61,0.61,1.0,1.0,0.94,0.94,0.16,0.16,0.31,0.31,0.34,0.38,0.69,0.7,0.5,0.3,0.69,0.68,0.56,0.7,0.68,0.56,0.56,1.0,0.24,1.0,0.24,0.75,0.5,0.88,0.573,0.452
0.61,0.61,1.0,1.0,0.94,0.94,0.16,0.16,0.36,0.36,0.31,0.41,0.73,0.73,0.5,0.3,0.69,0.69,0.56,0.7,0.68,0.56,0.56,1.0,0.23,1.0,0.23,0.74,0.5,0.882,0.59,0.484
0.61,0.61,1.0,1.0,0.94,0.94,0.16,0.16,0.36,0.36,0.29,0.43,0.73,0.73,0.5,0.3,0.69,0.69,0.56,0.7,0.68,0.56,0.56,1.0,0.23,1.0,0.23,0.72,0.5,0.875,0.603,0.512
0.61,0.61,1.0,1.0,0.93,0.93,0.16,0.16,0.35,0.35,0.29,0.44,0.7,0.7,0.5,0.3,0.69,0.69,0.56,0.7,0.69,0.56,0.56,1.0,0.24,1.0,0.24,0.72,0.5,0.871,0.598,0.55
0.61,0.61,1.0,1.0,0.93,0.93,0.16,0.16,0.35,0.35,0.28,0.45,0.7,0.72,0.5,0.3,0.71,0.69,0.56,0.72,0.7,0.56,0.56,1.0,0.24,1.0,0.24,0.72,0.5,0.868,0.593,0.585
0.61,0.61,1.0,1.0,0.93,0.93,0.16,0.16,0.35,0.35,0.29,0.43,0.67,0.67,0.5,0.3,0.71,0.69,0.56,0.72,0.7,0.56,0.56,1.0,0.25,1.0,0.25,0.71,0.5,0.876,0.588,0.627
0.6,0.6,1.0,1.0,0.94,0.94,0.16,0.16,0.36,0.36,0.23,0.5,0.61,0.63,0.5,0.3,0.7,0.69,0.56,0.71,0.7,0.56,0.56,0.96,0.27,0.97,0.26,0.71,0.5,0.871,0.592,0.641
0.6,0.6,1.0,1.0,0.94,0.94,0.16,0.16,0.37,0.37,0.18,0.55,0.58,0.61,0.5,0.3,0.7,0.69,0.56,0.71,0.7,0.56,0.56,0.94,0.28,0.96,0.27,0.71,0.5,0.861,0.618,0.644
0.6,0.6,1.0,1.0,0.94,0.94,0.16,0.16,0.37,0.37,0.17,0.55,0.6,0.61,0.75,0.3,0.71,0.69,0.56,0.71,0.71,0.56,0.56,0.95,0.27,0.96,0.27,0.71,0.5,0.852,0.683,0.629
0.59,0.59,1.0,1.0,0.95,0.95,0.16,0.16,0.35,0.35,0.14,0.59,0.55,0.57,0.75,0.3,0.7,0.69,0.56,0.7,0.71,0.56,0.56,0.92,0.29,0.93,0.28,0.71,0.5,0.845,0.73,0.625
0.59,0.59,1.0,1.0,0.95,0.95,0.16,0.16,0.34,0.34,0.11,0.62,0.54,0.55,0.75,0.3,0.69,0.69,0.56,0.69,0.7,0.56,0.56,0.91,0.29,0.92,0.28,0.71,0.5,0.846,0.765,0.616
0.59,0.59,1.0,1.0,0.95,0.95,0.16,0.16,0.34,0.34,0.1,0.63,0.55,0.58,0.75,0.3,0.71,0.69,0.56,0.71,0.72,0.56,0.56,0.92,0.28,0.94,0.28,0.71,0.5,0.842,0.778,0.61
0.59,0.59,1.0,1.0,0.95,0.95,0.16,0.16,0.34,0.34,0.11,0.63,0.55,0.57,0.75,0.3,0.71,0.69,0.56,0.7,0.72,0.56,0.56,0.92,0.29,0.93,0.28,0.72,0.5,0.85,0.76,0.604
0.59,0.59,1.0,1.0,0.95,0.95,0.16,0.16,0.2,0.2,0.3,0.43,0.54,0.55,0.5,0.3,0.69,0.69,0.56,0.68,0.71,0.56,0.56,0.91,0.29,0.92,0.29,0.72,0.5,0.876,0.683,0.582
0.6,0.6,1.0,1.0,0.94,0.94,0.25,0.25,0.18,0.18,0.32,0.41,0.54,0.55,0.5,0.3,0.67,0.68,0.56,0.65,0.68,0.56,0.56,0.91,0.29,0.92,0.29,0.73,0.5,0.872,0.6,0.538
0.6,0.6,1.0,1.0,0.94,0.94,0.26,0.26,0.17,0.17,0.32,0.4,0.55,0.55,0.5,0.29,0.66,0.68,0.56,0.65,0.67,0.56,0.56,0.92,0.29,0.92,0.28,0.73,0.5,0.871,0.522,0.512
0.61,0.61,1.0,1.0,0.94,0.94,0.26,0.26,0.17,0.17,0.32,0.4,0.55,0.55,0.5,0.29,0.67,0.68,0.56,0.65,0.68,0.56,0.56,0.92,0.29,0.92,0.28,0.72,0.5,0.869,0.482,0.494
0.6,0.6,1.0,1.0,0.94,0.94,0.26,0.26,0.17,0.17,0.32,0.4,0.51,0.52,0.5,0.29,0.66,0.68,0.56,0.65,0.67,0.56,0.56,0.89,0.3,0.9,0.3,0.72,0.5,0.859,0.453,0.473
0.59,0.59,1.0,1.0,0.95,0.95,0.26,0.26,0.18,0.18,0.32,0.4,0.33,0.34,0.75,0.31,0.66,0.69,0.56,0.65,0.67,0.56,0.56,0.77,0.35,0.78,0.35,0.31,0.54,0.857,0.437,0.459
0.59,0.59,1.0,1.0,0.95,0.95,0.33,0.33,0.16,0.16,0.34,0.39,0.28,0.3,0.75,0.32,0.91,0.7,0.37,0.9,0.91,0.37,0.37,0.74,0.36,0.75,0.36,0.08,0.53,0.851,0.412,0.445
0.59,0.59,1.0,1.0,0.95,0.95,0.34,0.34,0.15,0.15,0.34,0.39,0.25,0.25,0.75,0.29,0.94,0.68,0.32,0.94,0.95,0.32,0.32,0.72,0.37,0.72,0.38,0.06,0.58,0.85,0.4,0.439
0.58,0.58,1.0,1.0,0.96,0.96,0.22,0.22,0.21,0.21,0.33,0.39,0.24,0.24,0.75,0.26,0.95,0.66,0.3,0.95,0.96,0.3,0.3,0.71,0.38,0.71,0.38,0.04,0.59,0.841,0.392,0.436
0.58,0.58,1.0,1.0,0.96,0.96,0.19,0.19,0.22,0.22,0.33,0.39,0.24,0.22,0.75,0.26,0.96,0.66,0.3,0.96,0.96,0.3,0.3,0.71,0.38,0.7,0.38,0.04,0.6,0.851,0.392,0.434
0.59,0.59,1.0,1.0,0.96,0.96,0.61,0.6,0.14,0.14,0.33,0.4,0.28,0.24,0.75,0.27,0.94,0.67,0.32,0.94,0.95,0.32,0.32,0.74,0.37,0.71,0.38,0.04,0.6,0.85,0.387,0.44
0.57,0.57,1.0,1.0,0.97,0.97,0.16,0.16,0.28,0.28,0.32,0.41,0.28,0.25,1.0,0.26,0.95,0.66,0.3,0.95,0.95,0.3,0.3,0.74,0.37,0.72,0.38,0.03,0.59,0.851,0.385,0.44
0.58,0.58,1.0,1.0,0.96,0.96,0.88,0.87,0.2,0.2,0.32,0.4,0.61,0.64,0.75,0.27,0.92,0.66,0.35,0.91,0.92,0.35,0.35,0.96,0.27,0.98,0.26,0.04,0.59,0.849,0.383,0.439
0.58,0.58,1.0,1.0,0.96,0.96,0.28,0.28,0.22,0.22,0.31,0.41,0.81,0.81,0.75,0.27,0.75,0.66,0.56,0.74,0.76,0.56,0.56,1.0,0.21,1.0,0.21,0.07,0.52,0.833,0.378,0.438
0.57,0.57,1.0,1.0,0.96,0.96,0.61,0.61,0.16,0.16,0.33,0.4,0.81,0.81,0.75,0.26,0.67,0.66,0.56,0.66,0.69,0.56,0.56,1.0,0.21,1.0,0.21,0.08,0.48,0.814,0.372,0.44
0.57,0.57,1.0,1.0,0.96,0.96,0.62,0.62,0.12,0.12,0.33,0.39,0.81,0.81,0.75,0.26,0.54,0.65,0.56,0.52,0.55,0.56,0.56,1.0,0.21,1.0,0.21,0.08,0.42,0.797,0.382,0.447
0.57,0.57,1.0,1.0,0.96,0.96,0.35,0.35,0.18,0.18,0.34,0.38,0.81,0.81,0.75,0.25,0.45,0.65,0.56,0.44,0.45,0.56,0.56,1.0,0.21,1.0,0.21,0.08,0.34,0.779,0.388,0.45
0.57,0.57,1.0,1.0,0.97,0.97,0.68,0.68,0.14,0.14,0.35,0.38,0.81,0.81,0.75,0.24,0.4,0.64,0.56,0.39,0.41,0.56,0.56,1.0,0.21,1.0,0.21,0.08,0.32,0.78,0.4,0.451
0.57,0.57,1.0,1.0,0.97,0.97,0.56,0.56,0.13,0.13,0.35,0.38,0.81,0.81,0.75,0.24,0.36,0.64,0.56,0.36,0.37,0.56,0.56,1.0,0.21,1.0,0.21,0.09,0.31,0.776,0.412,0.451
0.57,0.57,1.0,1.0,0.97,0.97,0.35,0.35,0.19,0.19,0.35,0.38,0.81,0.81,0.75,0.24,0.36,0.64,0.56,0.36,0.36,0.56,0.56,1.0,0.21,1.0,0.21,0.09,0.29,0.751,0.415,0.449
0.57,0.57,1.0,1.0,0.97,0.97,0.16,0.16,0.45,0.45,0.09,0.64,0.81,0.81,0.75,0.24,0.4,0.64,0.56,0.4,0.4,0.56,0.56,1.0,0.21,1.0,0.21,0.1,0.26,0.751,0.43,0.453
0.57,0.57,1.0,1.0,0.97,0.97,0.16,0.16,0.47,0.47,0.11,0.63,0.81,0.81,0.75,0.24,0.43,0.64,0.56,0.43,0.42,0.56,0.56,1.0,0.21,1.0,0.21,0.17,0.26,0.747,0.442,0.44
0.57,0.57,1.0,1.0,0.97,0.97,0.16,0.16,0.46,0.46,0.1,0.63,0.81,0.81,0.75,0.24,0.42,0.64,0.56,0.42,0.41,0.56,0.56,1.0,0.21,1.0,0.21,0.22,0.25,0.761,0.448,0.443
0.57,0.57,1.0,1.0,0.97,0.97,0.16,0.16,0.45,0.45,0.11,0.62,0.81,0.81,0.75,0.24,0.42,0.64,0.56,0.42,0.42,0.56,0.56,1.0,0.21,1.0,0.21,0.26,0.25,0.776,0.453,0.453
0.57,0.57,1.0,1.0,0.97,0.97,0.16,0.16,0.43,0.43,0.12,0.61,0.81,0.81,0.75,0.24,0.38,0.64,0.56,0.38,0.38,0.56,0.56,1.0,0.21,1.0,0.21,0.33,0.24,0.796,0.457,0.455
0.57,0.57,1.0,1.0,0.97,0.97,0.16,0.16,0.4,0.4,0.15,0.58,0.81,0.81,0.75,0.24,0.39,0.65,0.56,0.39,0.38,0.56,0.56,1.0,0.21,1.0,0.21,0.3,0.24,0.811,0.463,0.465
0.57,0.57,1.0,1.0,0.97,0.97,0.16,0.16,0.41,0.41,0.14,0.58,0.81,0.81,0.75,0.24,0.41,0.65,0.56,0.41,0.4,0.56,0.56,1.0,0.21,1.0,0.21,0.25,0.24,0.809,0.468,0.479
0.57,0.57,1.0,1.0,0.97,0.97,0.16,0.16,0.4,0.4,0.14,0.58,0.81,0.81,0.75,0.24,0.41,0.64,0.56,0.41,0.4,0.56,0.56,1.0,0.21,1.0,0.21,0.21,0.24,0.797,0.475,0.482
0.57,0.57,1.0,1.0,0.97,0.97,0.16,0.16,0.4,0.4,0.14,0.59,0.81,0.81,0.75,0.24,0.4,0.64,0.56,0.4,0.39,0.56,0.56,1.0,0.21,1.0,0.21,0.17,0.24,0.79,0.488,0.488
0.57,0.57,1.0,1.0,0.97,0.97,0.16,0.16,0.39,0.39,0.15,0.58,0.81,0.81,0.75,0.24,0.43,0.64,0.56,0.44,0.42,0.56,0.56,1.0,0.21,1.0,0.21,0.11,0.24,0.806,0.502,0.497
0.56,0.56,1.0,1.0,0.97,0.97,0.16,0.16,0.4,0.4,0.15,0.58,0.81,0.81,0.75,0.24,0.45,0.64,0.56,0.45,0.44,0.56,0.56,1.0,0.21,1.0,0.21,0.09,0.25,0.825,0.503,0.506
0.56,0.56,1.0,1.0,0.97,0.97,0.16,0.16,0.41,0.41,0.17,0.56,0.81,0.81,0.75,0.24,0.45,0.64,0.56,0.46,0.45,0.56,0.56,1.0,0.21,1.0,0.21,0.09,0.25,0.824,0.498,0.526
0.56,0.56,1.0,1.0,0.97,0.97,0.16,0.16,0.41,0.41,0.18,0.55,0.81,0.81,0.75,0.24,0.45,0.64,0.56,0.46,0.45,0.56,0.56,1.0,0.21,1.0,0.21,0.08,0.26,0.827,0.495,0.531
0.56,0.56,1.0,1.0,0.97,0.97,0.16,0.16,0.41,0.41,0.17,0.56,0.81,0.81,0.75,0.24,0.54,0.64,0.56,0.54,0.54,0.56,0.56,1.0,0.21,1.0,0.21,0.07,0.27,0.83,0.492,0.531
0.58,0.58,1.0,1.0,0.96,0.96,0.16,0.16,0.5,0.5,0.15,0.58,0.31,0.3,0.75,0.28,0.84,0.67,0.42,0.84,0.84,0.42,0.42,0.76,0.36,0.75,0.36,0.07,0.44,0.829,0.487,0.534
0.58,0.58,1.0,1.0,0.96,0.96,0.16,0.16,0.52,0.52,0.15,0.59,0.07,0.09,0.75,0.26,0.97,0.66,0.26,0.97,0.97,0.26,0.26,0.6,0.43,0.61,0.42,0.03,0.53,0.837,0.48,0.529
0.58,0.58,1.0,1.0,0.96,0.96,0.16,0.16,0.52,0.52,0.15,0.59,0.03,0.03,0.75,0.26,0.97,0.66,0.27,0.97,0.97,0.27,0.27,0.57,0.44,0.57,0.44,0.03,0.56,0.835,0.477,0.532
0.58,0.58,1.0,1.0,0.96,0.96,0.16,0.16,0.5,0.5,0.13,0.61,0.04,0.04,0.75,0.26,0.97,0.66,0.27,0.97,0.97,0.27,0.27,0.58,0.44,0.58,0.44,0.03,0.58,0.832,0.473,0.548
0.58,0.58,1.0,1.0,0.96,0.96,0.16,0.16,0.48,0.48,0.14,0.59,0.07,0.07,0.75,0.28,0.97,0.67,0.28,0.97,0.97,0.28,0.28,0.6,0.43,0.6,0.43,0.03,0.59,0.847,0.467,0.565
0.58,0.58,1.0,1.0,0.96,0.96,0.16,0.16,0.49,0.49,0.14,0.6,0.12,0.13,0.75,0.29,0.96,0.68,0.28,0.96,0.96,0.28,0.28,0.63,0.42,0.64,0.41,0.03,0.6,0.858,0.467,0.575
0.57,0.57,1.0,1.0,0.97,0.97,0.16,0.16,0.36,0.36,0.18,0.55,0.81,0.81,0.75,0.24,0.89,0.64,0.36,0.89,0.89,0.36,0.36,1.0,0.21,1.0,0.21,0.03,0.61,0.859,0.468,0.578
0.56,0.56,1.0,1.0,0.97,0.97,0.16,0.16,0.34,0.34,0.17,0.56,0.81,0.81,0.75,0.24,0.69,0.65,0.5,0.69,0.69,0.5,0.5,1.0,0.21,1.0,0.21,0.03,0.52,0.858,0.47,0.582
0.56,0.56,1.0,1.0,0.98,0.98,0.16,0.16,0.34,0.34,0.17,0.56,0.81,0.81,0.75,0.25,0.68,0.65,0.5,0.69,0.68,0.5,0.5,1.0,0.21,1.0,0.21,0.03,0.5,0.859,0.473,0.577
0.56,0.56,1.0,1.0,0.98,0.98,0.16,0.16,0.34,0.34,0.18,0.55,0.81,0.81,0.75,0.25,0.66,0.65,0.52,0.66,0.66,0.52,0.52,1.0,0.21,1.0,0.21,0.03,0.48,0.856,0.475,0.58
0.56,0.56,1.0,1.0,0.98,0.98,0.16,0.16,0.33,0.33,0.19,0.54,0.81,0.81,0.75,0.25,0.66,0.65,0.52,0.66,0.66,0.52,0.52,1.0,0.21,1.0,0.21,0.03,0.46,0.87,0.485,0.579
0.56,0.56,1.0,1.0,0.98,0.98,0.16,0.16,0.33,0.33,0.2,0.53,0.81,0.81,0.75,0.25,0.6,0.65,0.55,0.6,0.6,0.55,0.55,1.0,0.21,1.0,0.21,0.03,0.44,0.883,0.485,0.571
0.56,0.56,1.0,1.0,0.98,0.98,0.23,0.23,0.28,0.28,0.22,0.51,0.81,0.81,0.75,0.25,0.51,0.65,0.56,0.51,0.5,0.56,0.56,1.0,0.21,1.0,0.21,0.04,0.38,0.892,0.488,0.575
0.56,0.56,1.0,1.0,0.98,0.98,0.16,0.16,0.33,0.33,0.22,0.51,0.81,0.81,0.75,0.24,0.45,0.64,0.56,0.45,0.44,0.56,0.56,1.0,0.21,1.0,0.21,0.06,0.35,0.896,0.488,0.577
0.56,0.56,1.0,1.0,0.98,0.98,0.16,0.16,0.32,0.32,0.21,0.52,0.81,0.81,0.75,0.24,0.39,0.64,0.56,0.4,0.38,0.56,0.56,1.0,0.21,1.0,0.21,0.19,0.28,0.895,0.483,0.579
0.57,0.57,1.0,1.0,0.97,0.97,0.16,0.16,0.3,0.3,0.19,0.54,0.81,0.81,0.5,0.24,0.34,0.64,0.56,0.34,0.34,0.56,0.56,1.0,0.21,1.0,0.21,0.51,0.5,0.88,0.475,0.576
0.58,0.58,1.0,1.0,0.96,0.96,0.16,0.16,0.31,0.31,0.18,0.55,0.81,0.81,0.5,0.24,0.28,0.64,0.56,0.28,0.28,0.56,0.56,1.0,0.21,1.0,0.21,0.59,0.5,0.884,0.477,0.575
0.58,0.58,1.0,1.0,0.96,0.96,0.16,0.16,0.3,0.3,0.17,0.56,0.81,0.81,0.5,0.24,0.29,0.65,0.56,0.28,0.29,0.56,0.56,1.0,0.21,1.0,0.21,0.66,0.5,0.886,0.475,0.575
0.6,0.6,1.0,1.0,0.94,0.94,0.16,0.16,0.29,0.29,0.16,0.57,0.81,0.81,0.5,0.25,0.33,0.65,0.56,0.32,0.33,0.56,0.56,1.0,0.21,1.0,0.21,0.75,0.5,0.887,0.478,0.575
0.63,0.63,1.0,1.0,0.92,0.92,0.16,0.16,0.29,0.29,0.17,0.56,0.81,0.81,0.5,0.25,0.37,0.65,0.56,0.37,0.37,0.56,0.56,1.0,0.21,1.0,0.21,0.81,0.5,0.885,0.478,0.577
0.63,0.63,1.0,1.0,0.92,0.92,0.16,0.16,0.27,0.27,0.17,0.56,0.81,0.81,0.5,0.25,0.37,0.65,0.56,0.37,0.37,0.56,0.56,1.0,0.21,1.0,0.21,0.81,0.5,0.887,0.482,0.577
0.64,0.64,1.0,1.0,0.91,0.91,0.16,0.16,0.26,0.26,0.18,0.55,0.81,0.81,0.5,0.25,0.37,0.65,0.56,0.37,0.37,0.56,0.56,1.0,0.21,1.0,0.21,0.81,0.5,0.881,0.487,0.584
0.64,0.64,1.0,1.0,0.91,0.91,0.16,0.16,0.26,0.26,0.2,0.53,0.81,0.81,0.5,0.25,0.37,0.65,0.56,0.37,0.37,0.56,0.56,1.0,0.21,1.0,0.21,0.79,0.5,0.891,0.497,0.584
0.63,0.63,1.0,1.0,0.92,0.92,0.16,0.16,0.3,0.3,0.21,0.52,0.81,0.81,0.5,0.26,0.44,0.65,0.56,0.43,0.45,0.56,0.56,1.0,0.21,1.0,0.21,0.67,0.5,0.89,0.512,0.58
0.63,0.63,1.0,1.0,0.92,0.92,0.16,0.16,0.33,0.33,0.22,0.51,0.38,0.38,0.75,0.33,0.69,0.71,0.52,0.69,0.7,0.52,0.52,0.8,0.34,0.8,0.34,0.38,0.44,0.903,0.523,0.559
0.61,0.61,1.0,1.0,0.94,0.94,0.16,0.16,0.34,0.34,0.18,0.55,0.2,0.2,0.75,0.36,0.71,0.73,0.48,0.71,0.72,0.48,0.48,0.68,0.39,0.68,0.39,0.21,0.47,0.92,0.523,0.547
0.6,0.6,1.0,1.0,0.94,0.94,0.16,0.16,0.36,0.36,0.18,0.55,0.15,0.15,0.75,0.39,0.76,0.75,0.45,0.75,0.76,0.45,0.45,0.65,0.41,0.65,0.41,0.14,0.48,0.937,0.507,0.55
0.59,0.59,1.0,1.0,0.95,0.95,0.16,0.16,0.36,0.36,0.19,0.54,0.15,0.15,0.75,0.39,0.8,0.75,0.4,0.8,0.8,0.4,0.4,0.65,0.4,0.65,0.4,0.09,0.49,0.952,0.495,0.545
0.58,0.58,1.0,1.0,0.96,0.96,0.16,0.16,0.39,0.39,0.21,0.52,0.16,0.16,0.75,0.29,0.94,0.68,0.3,0.94,0.94,0.3,0.3,0.66,0.4,0.66,0.4,0.04,0.58,0.978,0.478,0.542
0.57,0.57,1.0,1.0,0.97,0.97,0.16,0.16,0.4,0.4,0.2,0.53,0.27,0.24,0.75,0.26,0.95,0.66,0.29,0.95,0.96,0.29,0.29,0.73,0.37,0.71,0.38,0.03,0.6,0.982,0.473,0.536
0.57,0.57,1.0,1.0,0.97,0.97,0.22,0.21,0.25,0.25,0.23,0.5,0.27,0.22,0.75,0.26,0.95,0.65,0.29,0.95,0.96,0.29,0.29,0.73,0.37,0.7,0.38,0.03,0.6,0.985,0.473,0.532
0.57,0.57,1.0,1.0,0.97,0.97,0.16,0.16,0.46,0.46,0.18,0.55,0.22,0.21,0.75,0.26,0.95,0.66,0.29,0.95,0.96,0.29,0.29,0.7,0.38,0.69,0.39,0.03,0.61,0.991,0.468,0.531
0.57,0.57,1.0,1.0,0.96,0.96,0.16,0.16,0.48,0.48,0.18,0.54,0.22,0.2,0.75,0.26,0.95,0.66,0.29,0.95,0.96,0.29,0.29,0.7,0.38,0.68,0.39,0.03,0.62,0.989,0.468,0.533
0.58,0.58,1.0,1.0,0.96,0.96,0.16,0.16,0.29,0.29,0.29,0.44,0.21,0.2,0.75,0.26,0.96,0.66,0.29,0.96,0.96,0.29,0.29,0.69,0.39,0.68,0.39,0.03,0.62,0.985,0.477,0.535
0.57,0.57,1.0,1.0,0.96,0.96,0.24,0.24,0.18,0.18,0.35,0.38,0.21,0.2,0.75,0.25,0.96,0.65,0.28,0.96,0.96,0.28,0.28,0.69,0.39,0.68,0.39,0.03,0.61,0.969,0.483,0.55
0.57,0.57,1.0,1.0,0.97,0.97,0.16,0.16,0.22,0.22,0.34,0.38,0.24,0.22,1.0,0.25,0.96,0.65,0.29,0.96,0.96,0.29,0.29,0.71,0.38,0.7,0.38,0.03,0.6,0.966,0.5,0.555
0.57,0.57,1.0,1.0,0.97,0.97,0.16,0.16,0.25,0.25,0.35,0.38,0.25,0.22,1.0,0.25,0.96,0.65,0.29,0.96,0.97,0.29,0.29,0.72,0.37,0.7,0.38,0.03,0.59,0.956,0.522,0.557
0.59,0.59,1.0,1.0,0.96,0.96,0.39,0.39,0.2,0.2,0.35,0.37,0.27,0.22,1.0,0.27,0.95,0.66,0.33,0.95,0.96,0.33,0.33,0.73,0.37,0.7,0.38,0.03,0.57,0.936,0.538,0.559
0.59,0.59,1.0,1.0,0.95,0.95,0.3,0.29,0.21,0.21,0.36,0.37,0.31,0.22,0.75,0.28,0.94,0.67,0.33,0.93,0.95,0.33,0.33,0.76,0.36,0.7,0.39,0.04,0.53,0.91,0.562,0.55
0.58,0.58,1.0,1.0,0.96,0.96,0.16,0.16,0.27,0.27,0.35,0.37,0.31,0.22,1.0,0.26,0.95,0.66,0.31,0.95,0.95,0.31,0.31,0.76,0.36,0.7,0.38,0.04,0.52,0.901,0.577,0.544
0.57,0.57,1.0,1.0,0.97,0.97,0.16,0.16,0.27,0.27,0.35,0.37,0.3,0.22,1.0,0.25,0.95,0.65,0.29,0.95,0.96,0.29,0.29,0.75,0.36,0.7,0.38,0.04,0.52,0.875,0.593,0.527
0.57,0.57,1.0,1.0,0.97,0.97,0.16,0.16,0.27,0.27,0.34,0.38,0.34,0.31,1.0,0.25,0.96,0.65,0.29,0.96,0.96,0.29,0.29,0.78,0.35,0.76,0.36,0.05,0.53,0.869,0.598,0.529
0.58,0.58,1.0,1.0,0.96,0.96,0.22,0.22,0.26,0.26,0.35,0.38,0.81,0.81,0.75,0.26,0.72,0.66,0.56,0.72,0.73,0.56,0.56,1.0,0.21,1.0,0.21,0.14,0.51,0.836,0.61,0.522
0.57,0.57,1.0,1.0,0.96,0.96,0.26,0.26,0.23,0.23,0.35,0.38,0.81,0.81,0.75,0.25,0.54,0.65,0.56,0.54,0.54,0.56,0.56,1.0,0.21,1.0,0.21,0.13,0.42,0.81,0.617,0.509
0.57,0.57,1.0,1.0,0.96,0.96,0.27,0.27,0.23,0.23,0.35,0.38,0.81,0.81,0.75,0.24,0.45,0.65,0.56,0.44,0.45,0.56,0.56,1.0,0.21,1.0,0.21,0.13,0.4,0.79,0.613,0.495
0.57,0.57,1.0,1.0,0.97,0.97,0.28,0.28,0.22,0.22,0.34,0.38,0.81,0.81,0.75,0.24,0.42,0.64,0.56,0.42,0.42,0.56,0.56,1.0,0.21,1.0,0.21,0.14,0.36,0.776,0.613,0.495
0.57,0.57,1.0,1.0,0.97,0.97,0.54,0.54,0.17,0.17,0.35,0.38,0.81,0.81,0.75,0.24,0.41,0.64,0.56,0.4,0.41,0.56,0.56,1.0,0.21,1.0,0.21,0.14,0.34,0.757,0.613,0.492
0.57,0.57,1.0,1.0,0.97,0.97,0.29,0.29,0.25,0.25,0.46,0.27,0.81,0.81,0.75,0.24,0.41,0.64,0.56,0.4,0.42,0.56,0.56,1.0,0.21,1.0,0.21,0.14,0.32,0.744,0.613,0.495
0.57,0.57,1.0,1.0,0.97,0.97,0.18,0.18,0.29,0.29,0.49,0.24,0.81,0.81,0.75,0.24,0.41,0.64,0.56,0.41,0.41,0.56,0.56,1.0,0.21,1.0,0.21,0.14,0.31,0.736,0.605,0.496
0.57,0.57,1.0,1.0,0.97,0.97,0.16,0.16,0.29,0.29,0.48,0.24,0.81,0.81,0.75,0.24,0.4,0.64,0.56,0.39,0.4,0.56,0.56,1.0,0.21,1.0,0.21,0.15,0.31,0.733,0.59,0.491
0.57,0.57,1.0,1.0,0.97,0.97,0.16,0.16,0.29,0.29,0.49,0.24,0.81,0.81,0.75,0.24,0.37,0.64,0.56,0.36,0.38,0.56,0.56,1.0,0.21,1.0,0.21,0.21,0.31,0.736,0.577,0.486
0.57,0.57,1.0,1.0,0.97,0.97,0.35,0.35,0.22,0.22,0.39,0.34,0.81,0.81,0.5,0.24,0.28,0.64,0.56,0.26,0.3,0.56,0.56,1.0,0.21,1.0,0.21,0.42,0.31,0.741,0.562,0.485
0.58,0.58,1.0,1.0,0.96,0.96,0.41,0.41,0.2,0.2,0.27,0.46,0.81,0.81,0.5,0.24,0.25,0.64,0.56,0.25,0.25,0.56,0.56,1.0,0.21,1.0,0.21,0.58,0.5,0.73,0.555,0.483
0.58,0.58,1.0,1.0,0.96,0.96,0.16,0.16,0.32,0.32,0.13,0.6,0.81,0.81,0.5,0.24,0.28,0.64,0.56,0.27,0.29,0.56,0.56,1.0,0.21,1.0,0.21,0.66,0.5,0.736,0.542,0.485
0.58,0.58,1.0,1.0,0.96,0.96,0.16,0.16,0.3,0.3,0.15,0.58,0.81,0.81,0.5,0.24,0.31,0.65,0.56,0.3,0.32,0.56,0.56,1.0,0.21,1.0,0.21,0.77,0.5,0.75,0.537,0.485
0.62,0.62,1.0,1.0,0.93,0.93,0.16,0.16,0.27,0.27,0.14,0.59,0.81,0.81,0.5,0.25,0.35,0.65,0.56,0.35,0.36,0.56,0.56,1.0,0.21,1.0,0.21,0.83,0.5,0.759,0.523,0.487
0.65,0.65,1.0,1.0,0.91,0.91,0.16,0.16,0.24,0.24,0.15,0.58,0.81,0.81,0.5,0.25,0.34,0.65,0.56,0.34,0.35,0.56,0.56,1.0,0.21,1.0,0.21,0.83,0.5,0.769,0.513,0.485
0.66,0.66,1.0,1.0,0.89,0.89,0.18,0.18,0.23,0.23,0.17,0.57,0.81,0.81,0.25,0.25,0.33,0.65,0.56,0.33,0.33,0.56,0.56,1.0,0.21,1.0,0.21,0.83,0.5,0.781,0.498,0.49
0.67,0.67,1.0,1.0,0.89,0.89,0.2,0.2,0.25,0.25,0.19,0.54,0.81,0.81,0.5,0.25,0.3,0.65,0.56,0.3,0.31,0.56,0.56,1.0,0.21,1.0,0.21,0.82,0.5,0.794,0.483,0.485
0.64,0.64,1.0,1.0,0.91,0.91,0.2,0.2,0.25,0.25,0.19,0.54,0.81,0.81,0.5,0.25,0.29,0.65,0.56,0.29,0.3,0.56,0.56,1.0,0.21,1.0,0.21,0.8,0.5,0.804,0.472,0.483
0.62,0.62,1.0,1.0,0.92,0.92,0.16,0.16,0.28,0.28,0.15,0.58,0.81,0.81,0.5,0.25,0.38,0.65,0.56,0.37,0.38,0.56,0.56,1.0,0.21,1.0,0.21,0.8,0.5,0.821,0.457,0.48
0.59,0.59,1.0,1.0,0.95,0.95,0.16,0.16,0.31,0.31,0.14,0.59,0.81,0.81,0.5,0.25,0.38,0.65,0.56,0.37,0.38,0.56,0.56,1.0,0.21,1.0,0.21,0.79,0.5,0.834,0.445,0.481
0.57,0.57,1.0,1.0,0.96,0.96,0.16,0.16,0.35,0.35,0.11,0.62,0.81,0.81,0.5,0.25,0.4,0.65,0.56,0.4,0.4,0.56,0.56,1.0,0.21,1.0,0.21,0.75,0.5,0.875,0.435,0.475
0.57,0.57,1.0,1.0,0.97,0.97,0.16,0.16,0.41,0.41,0.12,0.62,0.81,0.81,0.5,0.25,0.46,0.65,0.56,0.47,0.46,0.56,0.56,1.0,0.21,1.0,0.21,0.74,0.5,0.908,0.413,0.479
0.57,0.57,1.0,1.0,0.97,0.97,0.16,0.16,0.45,0.45,0.12,0.61,0.81,0.81,0.75,0.25,0.52,0.65,0.56,0.51,0.52,0.56,0.56,1.0,0.21,1.0,0.21,0.73,0.5,0.949,0.4,0.485
0.57,0.57,1.0,1.0,0.96,0.96,0.16,0.16,0.45,0.45,0.12,0.61,0.81,0.81,0.75,0.25,0.55,0.65,0.56,0.54,0.55,0.56,0.56,1.0,0.21,1.0,0.21,0.71,0.5,0.979,0.395,0.483
0.57,0.57,1.0,1.0,0.97,0.97,0.16,0.16,0.43,0.43,0.12,0.61,0.81,0.81,0.75,0.25,0.51,0.65,0.56,0.51,0.51,0.56,0.56,1.0,0.21,1.0,0.21,0.7,0.5,0.993,0.387,0.491
0.57,0.57,1.0,1.0,0.96,0.96,0.16,0.16,0.39,0.39,0.1,0.63,0.81,0.81,0.5,0.25,0.46,0.65,0.56,0.46,0.46,0.56,0.56,1.0,0.21,1.0,0.21,0.7,0.5,0.993,0.38,0.492
0.58,0.58,1.0,1.0,0.96,0.96,0.16,0.16,0.35,0.35,0.11,0.62,0.81,0.81,0.5,0.25,0.43,0.65,0.56,0.42,0.43,0.56,0.56,1.0,0.21,1.0,0.21,0.7,0.5,0.993,0.38,0.495
0.59,0.59,1.0,1.0,0.95,0.95,0.16,0.16,0.33,0.33,0.13,0.6,0.81,0.81,0.5,0.25,0.41,0.65,0.56,0.39,0.42,0.56,0.56,1.0,0.21,1.0,0.21,0.68,0.5,0.993,0.383,0.501
0.61,0.61,1.0,1.0,0.94,0.94,0.16,0.16,0.31,0.31,0.13,0.6,0.81,0.81,0.5,0.26,0.4,0.65,0.56,0.39,0.41,0.56,0.56,1.0,0.21,1.0,0.21,0.68,0.5,0.976,0.397,0.509
0.63,0.63,1.0,1.0,0.92,0.92,0.16,0.16,0.27,0.27,0.18,0.55,0.81,0.81,0.5,0.26,0.4,0.66,0.56,0.39,0.4,0.56,0.56,1.0,0.21,1.0,0.21,0.68,0.5,0.933,0.415,0.515
0.64,0.64,1.0,1.0,0.91,0.91,0.37,0.37,0.14,0.14,0.31,0.42,0.81,0.81,0.5,0.26,0.35,0.66,0.56,0.34,0.36,0.56,0.56,1.0,0.21,1.0,0.21,0.68,0.5,0.896,0.43,0.525
0.63,0.63,1.0,1.0,0.92,0.92,0.16,0.16,0.25,0.25,0.21,0.51,0.81,0.81,0.5,0.26,0.42,0.66,0.56,0.41,0.43,0.56,0.56,1.0,0.21,1.0,0.21,0.68,0.5,0.856,0.438,0.529
0.6,0.6,1.0,1.0,0.94,0.94,0.16,0.16,0.29,0.29,0.2,0.52,0.81,0.81,0.5,0.26,0.44,0.66,0.56,0.43,0.45,0.56,0.56,1.0,0.21,1.0,0.21,0.68,0.5,0.82,0.448,0.528
0.59,0.59,1.0,1.0,0.95,0.95,0.16,0.16,0.31,0.31,0.19,0.54,0.81,0.81,0.5,0.26,0.47,0.66,0.56,0.46,0.48,0.56,0.56,1.0,0.21,1.0,0.21,0.66,0.5,0.817,0.453,0.524
0.58,0.58,1.0,1.0,0.96,0.96,0.16,0.16,0.3,0.3,0.22,0.5,0.81,0.81,0.5,0.26,0.47,0.65,0.56,0.46,0.48,0.56,0.56,1.0,0.21,1.0,0.21,0.61,0.5,0.835,0.46,0.524
0.58,0.58,1.0,1.0,0.96,0.96,0.36,0.36,0.15,0.15,0.38,0.34,0.81,0.81,0.5,0.25,0.41,0.65,0.56,0.4,0.42,0.56,0.56,1.0,0.21,1.0,0.21,0.53,0.5,0.869,0.458,0.511
0.58,0.58,1.0,1.0,0.96,0.96,0.36,0.36,0.16,0.16,0.39,0.34,0.81,0.81,0.5,0.25,0.42,0.65,0.56,0.4,0.43,0.56,0.56,1.0,0.21,1.0,0.21,0.51,0.5,0.916,0.458,0.5
0.58,0.58,1.0,1.0,0.96,0.96,0.35,0.35,0.16,0.16,0.38,0.34,0.81,0.81,0.5,0.25,0.36,0.65,0.56,0.35,0.38,0.56,0.56,1.0,0.21,1.0,0.21,0.5,0.5,0.949,0.455,0.496
0.58,0.58,1.0,1.0,0.96,0.96,0.35,0.35,0.16,0.16,0.38,0.34,0.81,0.81,0.5,0.25,0.33,0.65,0.56,0.32,0.35,0.56,0.56,1.0,0.21,1.0,0.21,0.44,0.05,0.97,0.453,0.494
0.58,0.58,1.0,1.0,0.96,0.96,0.66,0.66,0.12,0.12,0.36,0.36,0.81,0.81,0.5,0.25,0.33,0.65,0.56,0.32,0.35,0.56,0.56,1.0,0.21,1.0,0.21,0.42,0.12,0.993,0.453,0.487
0.57,0.57,1.0,1.0,0.97,0.97,0.16,0.16,0.35,0.35,0.16,0.57,0.81,0.81,0.5,0.24,0.36,0.65,0.56,0.36,0.36,0.56,0.56,1.0,0.21,1.0,0.21,0.37,0.19,0.993,0.453,0.482
0.57,0.57,1.0,1.0,0.97,0.97,0.16,0.16,0.33,0.33,0.17,0.55,0.81,0.81,0.5,0.24,0.4,0.65,0.56,0.4,0.4,0.56,0.56,1.0,0.21,1.0,0.21,0.33,0.29,0.993,0.453,0.48
0.57,0.57,1.0,1.0,0.97,0.97,0.16,0.16,0.34,0.34,0.17,0.56,0.81,0.81,0.5,0.25,0.39,0.65,0.56,0.39,0.38,0.56,0.56,1.0,0.21,1.0,0.21,0.31,0.56,0.969,0.453,0.482
0.56,0.56,1.0,1.0,0.97,0.97,0.16,0.16,0.35,0.35,0.16,0.56,0.81,0.81,0.75,0.25,0.41,0.65,0.56,0.41,0.4,0.56,0.56,1.0,0.21,1.0,0.21,0.3,0.43,0.951,0.457,0.493
0.56,0.56,1.0,1.0,0.97,0.97,0.16,0.16,0.38,0.38,0.17,0.56,0.81,0.81,0.75,0.25,0.45,0.65,0.56,0.46,0.45,0.56,0.56,1.0,0.21,1.0,0.21,0.19,0.3,0.917,0.458,0.506
0.56,0.56,1.0,1.0,0.97,0.97,0.16,0.16,0.39,0.39,0.18,0.55,0.81,0.81,0.75,0.25,0.45,0.65,0.56,0.46,0.45,0.56,0.56,1.0,0.21,1.0,0.21,0.14,0.3,0.884,0.458,0.511
0.56,0.56,1.0,1.0,0.97,0.97,0.27,0.27,0.29,0.29,0.21,0.52,0.81,0.81,0.75,0.24,0.44,0.65,0.56,0.44,0.44,0.56,0.56,1.0,0.21,1.0,0.21,0.12,0.29,0.851,0.473,0.516
0.56,0.56,1.0,1.0,0.97,0.97,0.16,0.16,0.44,0.44,0.13,0.6,0.81,0.81,0.75,0.24,0.51,0.65,0.56,0.51,0.5,0.56,0.56,1.0,0.21,1.0,0.21,0.12,0.3,0.835,0.48,0.514
0.57,0.57,1.0,1.0,0.97,0.97,0.16,0.16,0.43,0.43,0.14,0.59,0.81,0.81,0.75,0.25,0.49,0.65,0.56,0.5,0.49,0.56,0.56,1.0,0.21,1.0,0.21,0.12,0.31,0.849,0.49,0.51
0.56,0.56,1.0,1.0,0.97,0.97,0.16,0.16,0.34,0.34,0.17,0.56,0.81,0.81,0.75,0.25,0.46,0.65,0.56,0.47,0.46,0.56,0.56,1.0,0.21,1.0,0.21,0.13,0.31,0.882,0.485,0.513
0.57,0.57,1.0,1.0,0.96,0.96,0.95,0.95,0.16,0.16,0.4,0.33,0.81,0.81,0.5,0.25,0.39,0.65,0.56,0.39,0.39,0.56,0.56,1.0,0.21,1.0,0.21,0.12,0.31,0.901,0.477,0.515
0.58,0.58,1.0,1.0,0.96,0.96,0.7,0.7,0.15,0.15,0.39,0.34,0.81,0.81,0.5,0.25,0.4,0.65,0.56,0.4,0.4,0.56,0.56,1.0,0.21,1.0,0.21,0.12,0.3,0.906,0.473,0.524
0.57,0.57,1.0,1.0,0.97,0.97,0.16,0.16,0.38,0.38,0.18,0.55,0.81,0.81,0.5,0.25,0.64,0.65,0.56,0.65,0.63,0.56,0.56,1.0,0.21,1.0,0.21,0.1,0.32,0.891,0.477,0.53
0.57,0.57,1.0,1.0,0.97,0.97,0.16,0.16,0.45,0.45,0.15,0.58,0.8,0.81,0.75,0.27,0.88,0.67,0.39,0.88,0.88,0.39,0.39,1.0,0.21,1.0,0.21,0.06,0.44,0.869,0.483,0.532
0.57,0.57,1.0,1.0,0.97,0.97,0.16,0.16,0.47,0.47,0.15,0.58,0.67,0.69,0.75,0.27,0.94,0.66,0.31,0.94,0.94,0.31,0.31,1.0,0.25,1.0,0.25,0.05,0.52,0.871,0.495,0.532
0.57,0.57,1.0,1.0,0.97,0.97,0.16,0.16,0.47,0.47,0.15,0.58,0.63,0.64,0.75,0.26,0.94,0.66,0.31,0.94,0.94,0.31,0.31,0.97,0.26,0.98,0.26,0.04,0.55,0.866,0.498,0.531
0.57,0.57,1.0,1.0,0.97,0.97,0.16,0.16,0.48,0.48,0.15,0.58,0.58,0.58,0.75,0.26,0.94,0.65,0.3,0.94,0.95,0.3,0.3,0.94,0.28,0.94,0.28,0.04,0.56,0.86,0.495,0.539
0.57,0.57,1.0,1.0,0.96,0.96,0.16,0.16,0.47,0.47,0.15,0.58,0.57,0.57,0.75,0.26,0.94,0.65,0.3,0.94,0.95,0.3,0.3,0.93,0.28,0.93,0.28,0.04,0.57,0.864,0.49,0.53
0.58,0.58,1.0,1.0,0.96,0.96,0.16,0.16,0.46,0.46,0.16,0.57,0.54,0.54,0.75,0.26,0.94,0.65,0.3,0.94,0.95,0.3,0.3,0.91,0.29,0.91,0.29,0.03,0.57,0.871,0.495,0.533
0.58,0.58,1.0,1.0,0.96,0.96,0.16,0.16,0.47,0.47,0.17,0.56,0.49,0.49,0.75,0.26,0.94,0.65,0.3,0.94,0.95,0.3,0.3,0.88,0.3,0.88,0.31,0.03,0.58,0.872,0.492,0.534
0.57,0.57,1.0,1.0,0.96,0.96,0.23,0.23,0.2,0.2,0.37,0.36,0.42,0.39,0.75,0.25,0.95,0.65,0.3,0.95,0.95,0.3,0.3,0.83,0.33,0.81,0.33,0.03,0.58,0.876,0.49,0.536
0.58,0.58,1.0,1.0,0.96,0.96,0.27,0.27,0.16,0.16,0.39,0.33,0.33,0.3,0.75,0.25,0.95,0.65,0.29,0.95,0.95,0.29,0.29,0.77,0.35,0.75,0.36,0.03,0.57,0.88,0.483,0.534
0.58,0.58,1.0,1.0,0.96,0.96,0.23,0.23,0.17,0.17,0.38,0.34,0.3,0.28,0.75,0.25,0.94,0.65,0.29,0.94,0.95,0.29,0.29,0.75,0.36,0.74,0.37,0.03,0.56,0.869,0.493,0.526
0.58,0.58,1.0,1.0,0.96,0.96,0.21,0.21,0.18,0.18,0.38,0.35,0.31,0.28,0.75,0.25,0.94,0.65,0.3,0.94,0.95,0.3,0.3,0.76,0.36,0.74,0.37,0.03,0.57,0.854,0.493,0.527
0.58,0.58,1.0,1.0,0.96,0.96,0.19,0.18,0.2,0.2,0.38,0.35,0.3,0.27,0.75,0.25,0.94,0.65,0.3,0.94,0.95,0.3,0.3,0.75,0.36,0.73,0.37,0.03,0.56,0.85,0.498,0.528
0.59,0.59,1.0,1.0,0.95,0.95,0.28,0.28,0.19,0.19,0.38,0.34,0.28,0.25,0.75,0.25,0.95,0.65,0.3,0.95,0.95,0.3,0.3,0.74,0.37,0.72,0.37,0.03,0.56,0.849,0.5,0.525
0.6,0.6,1.0,1.0,0.94,0.94,0.35,0.35,0.14,0.14,0.37,0.35,0.25,0.22,0.75,0.29,0.94,0.68,0.32,0.93,0.94,0.32,0.32,0.72,0.37,0.7,0.38,0.04,0.54,0.866,0.512,0.533
0.6,0.6,1.0,1.0,0.94,0.94,0.26,0.26,0.19,0.19,0.36,0.36,0.3,0.28,0.75,0.34,0.82,0.72,0.43,0.82,0.83,0.43,0.43,0.75,0.36,0.74,0.36,0.1,0.49,0.869,0.518,0.528
0.6,0.6,1.0,1.0,0.94,0.94,0.25,0.25,0.19,0.19,0.35,0.37,0.43,0.42,0.75,0.35,0.73,0.73,0.51,0.72,0.74,0.51,0.51,0.84,0.32,0.83,0.33,0.14,0.46,0.879,0.532,0.532
0.6,0.6,1.0,1.0,0.95,0.95,0.25,0.25,0.19,0.19,0.34,0.38,0.55,0.55,0.75,0.34,0.69,0.71,0.55,0.68,0.7,0.55,0.55,0.92,0.28,0.92,0.28,0.14,0.45,0.886,0.54,0.531
0.58,0.58,1.0,1.0,0.96,0.96,0.3,0.3,0.18,0.18,0.34,0.39,0.81,0.81,0.5,0.28,0.63,0.68,0.56,0.62,0.64,0.56,0.56,1.0,0.21,1.0,0.21,0.19,0.45,0.881,0.553,0.523
0.58,0.58,1.0,1.0,0.96,0.96,0.34,0.34,0.16,0.16,0.33,0.4,0.81,0.81,0.5,0.26,0.56,0.66,0.56,0.54,0.57,0.56,0.56,1.0,0.21,1.0,0.21,0.25,0.45,0.863,0.552,0.511
0.58,0.58,1.0,1.0,0.96,0.96,0.75,0.75,0.09,0.09,0.33,0.4,0.81,0.81,0.5,0.26,0.42,0.66,0.56,0.41,0.43,0.56,0.56,1.0,0.21,1.0,0.21,0.4,0.39,0.846,0.557,0.499
0.58,0.58,1.0,1.0,0.96,0.96,0.16,0.16,0.31,0.31,0.15,0.58,0.81,0.81,0.5,0.25,0.36,0.65,0.56,0.35,0.37,0.56,0.56,1.0,0.21,1.0,0.21,0.55,0.5,0.832,0.555,0.492
0.59,0.59,1.0,1.0,0.96,0.96,0.16,0.16,0.31,0.31,0.17,0.55,0.81,0.81,0.5,0.25,0.38,0.65,0.56,0.37,0.38,0.56,0.56,1.0,0.21,1.0,0.21,0.64,0.5,0.817,0.553,0.489
0.62,0.62,1.0,1.0,0.92,0.92,0.16,0.16,0.29,0.29,0.16,0.57,0.81,0.81,0.5,0.25,0.4,0.65,0.56,0.39,0.4,0.56,0.56,1.0,0.21,1.0,0.21,0.72,0.5,0.811,0.55,0.49
0.65,0.65,1.0,1.0,0.9,0.9,0.16,0.16,0.27,0.27,0.16,0.57,0.81,0.81,0.5,0.26,0.4,0.65,0.56,0.39,0.41,0.56,0.56,1.0,0.21,1.0,0.21,0.76,0.5,0.819,0.552,0.496
0.65,0.65,1.0,1.0,0.9,0.9,0.16,0.16,0.26,0.26,0.16,0.58,0.81,0.81,0.5,0.26,0.39,0.65,0.56,0.38,0.39,0.56,0.56,1.0,0.21,1.0,0.21,0.76,0.5,0.814,0.542,0.49
0.65,0.65,1.0,1.0,0.9,0.9,0.16,0.16,0.26,0.26,0.16,0.57,0.81,0.81,0.5,0.26,0.36,0.65,0.56,0.36,0.37,0.56,0.56,1.0,0.21,1.0,0.21,0.77,0.5,0.808,0.522,0.483
0.65,0.65,1.0,1.0,0.9,0.9,0.64,0.63,0.11,0.11,0.3,0.43,0.81,0.81,0.5,0.26,0.34,0.66,0.56,0.34,0.35,0.56,0.56,1.0,0.21,1.0,0.21,0.78,0.5,0.815,0.505,0.48
0.62,0.62,1.0,1.0,0.92,0.92,0.16,0.16,0.28,0.28,0.14,0.59,0.81,0.81,0.5,0.26,0.4,0.66,0.56,0.39,0.41,0.56,0.56,1.0,0.21,1.0,0.21,0.79,0.5,0.823,0.485,0.478
0.61,0.61,1.0,1.0,0.93,0.93,0.16,0.16,0.32,0.32,0.13,0.6,0.81,0.81,0.5,0.26,0.43,0.66,0.56,0.42,0.43,0.56,0.56,1.0,0.21,1.0,0.21,0.79,0.5,0.843,0.465,0.473
0.6,0.6,1.0,1.0,0.94,0.94,0.16,0.16,0.32,0.32,0.13,0.6,0.81,0.81,0.5,0.26,0.44,0.65,0.56,0.44,0.44,0.56,0.56,1.0,0.21,1.0,0.21,0.8,0.5,0.867,0.447,0.468
0.6,0.6,1.0,1.0,0.95,0.95,0.16,0.16,0.34,0.34,0.12,0.62,0.81,0.81,0.5,0.25,0.45,0.65,0.56,0.44,0.45,0.56,0.56,1.0,0.21,1.0,0.21,0.8,0.5,0.9,0.442,0.476
0.6,0.6,1.0,1.0,0.94,0.94,0.16,0.16,0.36,0.36,0.12,0.61,0.81,0.81,0.5,0.26,0.45,0.65,0.56,0.44,0.45,0.56,0.56,1.0,0.21,1.0,0.21,0.79,0.5,0.944,0.427,0.474
0.61,0.61,1.0,1.0,0.94,0.94,0.16,0.16,0.35,0.35,0.11,0.62,0.81,0.81,0.5,0.26,0.45,0.66,0.56,0.44,0.45,0.56,0.56,1.0,0.21,1.0,0.21,0.79,0.5,0.97,0.413,0.483
0.65,0.65,1.0,1.0,0.91,0.91,0.16,0.16,0.33,0.33,0.13,0.6,0.81,0.81,0.5,0.26,0.47,0.66,0.56,0.47,0.48,0.56,0.56,1.0,0.21,1.0,0.21,0.85,0.5,0.993,0.405,0.483
0.66,0.66,1.0,1.0,0.89,0.89,0.16,0.16,0.31,0.31,0.14,0.6,0.81,0.81,0.5,0.26,0.49,0.66,0.56,0.48,0.5,0.56,0.56,1.0,0.21,1.0,0.21,0.88,0.5,0.993,0.403,0.482
0.68,0.68,1.0,1.0,0.88,0.88,0.16,0.16,0.3,0.3,0.17,0.56,0.81,0.81,0.5,0.26,0.49,0.66,0.56,0.48,0.5,0.56,0.56,1.0,0.21,1.0,0.21,0.88,0.5,0.993,0.41,0.483
0.68,0.68,1.0,1.0,0.88,0.88,0.16,0.16,0.3,0.3,0.17,0.56,0.81,0.81,0.5,0.26,0.48,0.66,0.56,0.47,0.49,0.56,0.56,1.0,0.21,1.0,0.21,0.88,0.5,0.993,0.415,0.485
0.66,0.66,1.0,1.0,0.9,0.9,0.16,0.16,0.31,0.31,0.17,0.56,0.81,0.81,0.5,0.26,0.47,0.66,0.56,0.46,0.48,0.56,0.56,1.0,0.21,1.0,0.21,0.85,0.5,0.992,0.425,0.485
0.62,0.62,1.0,1.0,0.93,0.93,0.16,0.16,0.32,0.32,0.14,0.59,0.81,0.81,0.5,0.26,0.48,0.66,0.56,0.48,0.49,0.56,0.56,1.0,0.21,1.0,0.21,0.79,0.5,0.979,0.433,0.49
0.59,0.59,1.0,1.0,0.95,0.95,0.16,0.16,0.35,0.35,0.14,0.59,0.81,0.81,0.5,0.26,0.47,0.66,0.56,0.47,0.48,0.56,0.56,1.0,0.21,1.0,0.21,0.67,0.5,0.959,0.443,0.495
0.58,0.58,1.0,1.0,0.96,0.96,0.16,0.16,0.37,0.37,0.13,0.6,0.81,0.81,0.5,0.25,0.48,0.65,0.56,0.48,0.49,0.56,0.56,1.0,0.21,1.0,0.21,0.62,0.5,0.947,0.452,0.495
0.58,0.58,1.0,1.0,0.96,0.96,0.16,0.16,0.41,0.41,0.14,0.59,0.81,0.81,0.75,0.25,0.49,0.65,0.56,0.49,0.49,0.56,0.56,1.0,0.21,1.0,0.21,0.58,0.5,0.954,0.45,0.494
0.58,0.58,1.0,1.0,0.96,0.96,0.16,0.16,0.46,0.46,0.13,0.6,0.81,0.81,0.75,0.25,0.51,0.65,0.56,0.5,0.52,0.56,0.56,1.0,0.21,1.0,0.21,0.58,0.5,0.957,0.452,0.495
0.58,0.58,1.0,1.0,0.96,0.96,0.16,0.16,0.45,0.45,0.13,0.6,0.81,0.81,0.75,0.25,0.52,0.65,0.56,0.51,0.52,0.56,0.56,1.0,0.21,1.0,0.21,0.58,0.5,0.974,0.455,0.493
0.58,0.58,1.0,1.0,0.96,0.96,0.16,0.16,0.45,0.45,0.13,0.6,0.81,0.81,0.75,0.25,0.52,0.65,0.56,0.51,0.52,0.56,0.56,1.0,0.21,1.0,0.21,0.56,0.5,0.988,0.46,0.481
0.58,0.58,1.0,1.0,0.96,0.96,0.16,0.16,0.42,0.42,0.13,0.6,0.81,0.81,0.75,0.25,0.5,0.65,0.56,0.49,0.51,0.56,0.56,1.0,0.21,1.0,0.21,0.49,0.5,0.993,0.458,0.465
0.58,0.58,1.0,1.0,0.96,0.96,0.16,0.16,0.4,0.4,0.13,0.6,0.81,0.81,0.75,0.25,0.52,0.65,0.56,0.52,0.52,0.56,0.56,1.0,0.21,1.0,0.21,0.39,0.37,0.993,0.457,0.465
0.58,0.58,1.0,1.0,0.96,0.96,0.16,0.16,0.4,0.4,0.14,0.59,0.81,0.81,0.75,0.25,0.54,0.65,0.56,0.54,0.54,0.56,0.56,1.0,0.21,1.0,0.21,0.27,0.36,0.987,0.46,0.467
0.57,0.57,1.0,1.0,0.97,0.97,0.18,0.18,0.26,0.26,0.33,0.39,0.81,0.81,0.75,0.25,0.53,0.65,0.56,0.52,0.53,0.56,0.56,1.0,0.21,1.0,0.21,0.2,0.4,0.972,0.455,0.475
0.57,0.57,1.0,1.0,0.97,0.97,0.34,0.34,0.18,0.18,0.39,0.33,0.81,0.81,0.75,0.25,0.49,0.65,0.56,0.49,0.5,0.56,0.56,1.0,0.21,1.0,0.21,0.15,0.42,0.942,0.46,0.489
0.57,0.57,1.0,1.0,0.97,0.97,0.32,0.32,0.19,0.19,0.39,0.33,0.81,0.81,0.75,0.25,0.52,0.65,0.56,0.51,0.52,0.56,0.56,1.0,0.21,1.0,0.21,0.12,0.41,0.921,0.467,0.498
0.57,0.57,1.0,1.0,0.97,0.97,0.3,0.3,0.2,0.2,0.38,0.35,0.81,0.81,0.75,0.25,0.58,0.65,0.56,0.58,0.58,0.56,0.56,1.0,0.21,1.0,0.21,0.1,0.4,0.894,0.482,0.504
0.57,0.57,1.0,1.0,0.97,0.97,0.29,0.29,0.2,0.2,0.37,0.35,0.81,0.81,0.75,0.25,0.66,0.65,0.56,0.66,0.67,0.56,0.56,1.0,0.21,1.0,0.21,0.1,0.39,0.875,0.49,0.507
0.58,0.58,1.0,1.0,0.96,0.96,0.28,0.28,0.2,0.2,0.38,0.35,0.81,0.81,0.75,0.26,0.69,0.66,0.56,0.68,0.7,0.56,0.56,1.0,0.21,1.0,0.21,0.09,0.4,0.857,0.497,0.503
0.58,0.58,1.0,1.0,0.96,0.96,0.26,0.26,0.19,0.19,0.37,0.35,0.81,0.81,0.75,0.27,0.69,0.66,0.53,0.69,0.7,0.53,0.53,1.0,0.21,1.0,0.21,0.09,0.4,0.869,0.493,0.505
0.58,0.58,1.0,1.0,0.96,0.96,0.25,0.25,0.19,0.19,0.37,0.35,0.7,0.69,0.75,0.28,0.72,0.67,0.5,0.72,0.73,0.5,0.5,1.0,0.24,1.0,0.25,0.09,0.4,0.876,0.49,0.505
0.59,0.59,1.0,1.0,0.96,0.96,0.23,0.23,0.19,0.19,0.37,0.35,0.61,0.6,0.75,0.29,0.77,0.68,0.45,0.76,0.77,0.45,0.45,0.96,0.27,0.95,0.27,0.08,0.41,0.884,0.487,0.506
0.59,0.59,1.0,1.0,0.95,0.95,0.23,0.23,0.19,0.19,0.36,0.36,0.57,0.57,0.75,0.29,0.78,0.68,0.44,0.77,0.78,0.44,0.44,0.93,0.28,0.93,0.28,0.07,0.42,0.883,0.482,0.515
0.6,0.6,1.0,1.0,0.94,0.94,0.81,0.81,0.1,0.1,0.36,0.37,0.51,0.51,0.75,0.3,0.81,0.69,0.41,0.8,0.82,0.41,0.41,0.89,0.3,0.89,0.3,0.07,0.45,0.868,0.478,0.513
0.6,0.6,1.0,1.0,0.95,0.95,0.29,0.29,0.18,0.18,0.36,0.36,0.54,0.51,0.75,0.3,0.84,0.69,0.41,0.84,0.85,0.41,0.41,0.91,0.29,0.89,0.3,0.06,0.45,0.834,0.483,0.506
0.59,0.59,1.0,1.0,0.95,0.95,0.22,0.21,0.2,0.2,0.36,0.36,0.49,0.45,0.75,0.29,0.89,0.68,0.35,0.88,0.89,0.35,0.35,0.88,0.3,0.85,0.32,0.05,0.46,0.817,0.483,0.507
0.59,0.59,1.0,1.0,0.95,0.95,0.16,0.16,0.29,0.29,0.27,0.46,0.39,0.33,0.75,0.28,0.92,0.67,0.33,0.91,0.92,0.33,0.33,0.81,0.33,0.77,0.35,0.04,0.48,0.793,0.49,0.504
0.58,0.58,1.0,1.0,0.96,0.96,0.16,0.16,0.44,0.44,0.26,0.46,0.48,0.4,0.75,0.28,0.91,0.67,0.34,0.9,0.92,0.34,0.34,0.87,0.31,0.82,0.33,0.04,0.51,0.779,0.497,0.497
0.58,0.58,1.0,1.0,0.96,0.96,0.16,0.16,0.45,0.45,0.27,0.46,0.58,0.49,0.75,0.29,0.86,0.68,0.4,0.85,0.88,0.4,0.4,0.94,0.28,0.88,0.3,0.05,0.52,0.791,0.5,0.497
0.58,0.58,1.0,1.0,0.96,0.96,0.16,0.16,0.54,0.54,0.27,0.46,0.67,0.61,0.75,0.3,0.83,0.69,0.42,0.82,0.85,0.42,0.42,1.0,0.25,0.96,0.27,0.06,0.5,0.803,0.5,0.499
0.58,0.58,1.0,1.0,0.96,0.96,0.16,0.16,0.54,0.54,0.27,0.45,0.7,0.64,0.75,0.31,0.81,0.69,0.45,0.79,0.83,0.45,0.45,1.0,0.24,0.98,0.26,0.07,0.48,0.8,0.497,0.497
0.58,0.58,1.0,1.0,0.96,0.96,0.16,0.16,0.36,0.36,0.3,0.42,0.67,0.64,0.75,0.31,0.81,0.69,0.45,0.8,0.83,0.45,0.45,1.0,0.25,0.98,0.26,0.07,0.44,0.803,0.493,0.495
0.58,0.58,1.0,1.0,0.96,0.96,0.16,0.16,0.47,0.47,0.26,0.46,0.66,0.63,0.75,0.31,0.81,0.7,0.45,0.8,0.82,0.45,0.45,0.99,0.26,0.97,0.26,0.07,0.43,0.811,0.505,0.489
0.58,0.58,1.0,1.0,0.96,0.96,0.16,0.16,0.48,0.48,0.22,0.5,0.64,0.63,0.75,0.31,0.81,0.7,0.45,0.8,0.82,0.45,0.45,0.98,0.26,0.97,0.27,0.07,0.44,0.809,0.508,0.487
0.58,0.58,1.0,1.0,0.96,0.96,0.16,0.16,0.48,0.48,0.2,0.53,0.64,0.63,0.75,0.31,0.81,0.7,0.46,0.8,0.82,0.46,0.46,0.98,0.26,0.97,0.27,0.08,0.44,0.804,0.535,0.495
0.58,0.58,1.0,1.0,0.96,0.96,0.16,0.16,0.22,0.22,0.34,0.39,0.64,0.61,0.75,0.31,0.76,0.7,0.49,0.75,0.76,0.49,0.49,0.98,0.26,0.96,0.27,0.08,0.43,0.796,0.548,0.489
0.58,0.58,1.0,1.0,0.96,0.96,0.19,0.19,0.23,0.23,0.33,0.39,0.6,0.58,0.75,0.31,0.78,0.69,0.48,0.77,0.78,0.48,0.48,0.95,0.27,0.94,0.28,0.08,0.41,0.79,0.562,0.489
0.58,0.58,1.0,1.0,0.96,0.96,0.16,0.16,0.23,0.23,0.33,0.39,0.6,0.58,0.75,0.26,0.96,0.65,0.3,0.96,0.96,0.3,0.3,0.95,0.27,0.94,0.28,0.04,0.46,0.791,0.58,0.492
0.58,0.58,1.0,1.0,0.96,0.96,0.16,0.16,0.24,0.24,0.33,0.4,0.57,0.55,0.75,0.25,0.95,0.65,0.31,0.95,0.95,0.31,0.31,0.93,0.28,0.92,0.28,0.04,0.5,0.794,0.612,0.504
0.58,0.58,1.0,1.0,0.96,0.96,0.37,0.37,0.2,0.2,0.33,0.39,0.57,0.54,0.75,0.26,0.92,0.66,0.36,0.92,0.92,0.36,0.36,0.93,0.28,0.91,0.29,0.04,0.49,0.797,0.627,0.51
0.59,0.59,1.0,1.0,0.95,0.95,0.41,0.41,0.17,0.17,0.34,0.39,0.61,0.6,0.75,0.27,0.9,0.67,0.37,0.89,0.9,0.37,0.37,0.96,0.27,0.95,0.27,0.04,0.49,0.801,0.628,0.51
0.58,0.58,1.0,1.0,0.96,0.96,0.24,0.24,0.23,0.23,0.32,0.4,0.63,0.61,0.75,0.27,0.89,0.67,0.38,0.89,0.89,0.38,0.38,0.97,0.26,0.96,0.27,0.04,0.48,0.801,0.628,0.508
0.58,0.58,1.0,1.0,0.96,0.96,0.2,0.2,0.25,0.25,0.33,0.4,0.63,0.6,0.75,0.27,0.89,0.67,0.38,0.88,0.89,0.38,0.38,0.97,0.26,0.95,0.27,0.04,0.48,0.799,0.628,0.504
0.58,0.58,1.0,1.0,0.96,0.96,0.2,0.2,0.25,0.25,0.33,0.39,0.64,0.6,0.75,0.27,0.86,0.67,0.41,0.86,0.87,0.41,0.41,0.98,0.26,0.95,0.27,0.05,0.46,0.798,0.61,0.501
0.58,0.58,1.0,1.0,0.96,0.96,0.2,0.2,0.25,0.25,0.34,0.39,0.64,0.6,0.75,0.28,0.82,0.67,0.44,0.81,0.83,0.44,0.44,0.98,0.26,0.95,0.27,0.06,0.45,0.796,0.592,0.488
0.58,0.58,1.0,1.0,0.96,0.96,0.21,0.2,0.25,0.25,0.34,0.38,0.63,0.58,0.75,0.29,0.73,0.68,0.54,0.72,0.74,0.54,0.54,0.97,0.26,0.94,0.28,0.13,0.45,0.797,0.577,0.477
0.59,0.59,1.0,1.0,0.95,0.95,0.76,0.72,0.15,0.15,0.34,0.39,0.58,0.57,0.75,0.31,0.7,0.69,0.54,0.69,0.72,0.54,0.54,0.94,0.28,0.93,0.28,0.17,0.49,0.794,0.558,0.464
0.6,0.6,1.0,1.0,0.94,0.94,0.34,0.34,0.19,0.19,0.34,0.38,0.57,0.55,0.75,0.32,0.67,0.7,0.56,0.65,0.68,0.56,0.56,0.93,0.28,0.92,0.29,0.19,0.51,0.788,0.535,0.459
0.6,0.6,1.0,1.0,0.95,0.95,0.25,0.25,0.21,0.21,0.34,0.38,0.51,0.49,0.75,0.32,0.61,0.7,0.56,0.6,0.63,0.56,0.56,0.89,0.3,0.88,0.3,0.23,0.47,0.778,0.513,0.455
0.6,0.6,1.0,1.0,0.94,0.94,0.23,0.23,0.21,0.21,0.34,0.38,0.43,0.42,0.75,0.33,0.63,0.71,0.56,0.61,0.65,0.56,0.56,0.84,0.32,0.83,0.33,0.43,0.47,0.769,0.492,0.454
0.6,0.6,1.0,1.0,0.94,0.94,0.21,0.21,0.2,0.2,0.34,0.39,0.43,0.43,0.5,0.32,0.62,0.7,0.56,0.59,0.65,0.56,0.56,0.84,0.32,0.84,0.32,0.63,0.5,0.77,0.478,0.454
0.6,0.6,1.0,1.0,0.94,0.94,0.24,0.23,0.18,0.18,0.33,0.39,0.57,0.57,0.5,0.3,0.61,0.69,0.56,0.58,0.64,0.56,0.56,0.93,0.28,0.93,0.28,0.73,0.5,0.758,0.462,0.445
0.61,0.61,1.0,1.0,0.94,0.94,0.3,0.3,0.16,0.16,0.33,0.4,0.81,0.81,0.5,0.27,0.6,0.67,0.56,0.59,0.62,0.56,0.56,1.0,0.21,1.0,0.21,0.78,0.5,0.748,0.452,0.439
0.61,0.61,1.0,1.0,0.93,0.93,0.67,0.67,0.09,0.09,0.34,0.39,0.81,0.81,0.5,0.26,0.55,0.66,0.56,0.54,0.56,0.56,0.56,1.0,0.21,1.0,0.21,0.78,0.5,0.751,0.453,0.435
0.59,0.59,1.0,1.0,0.95,0.95,0.22,0.22,0.26,0.26,0.18,0.54,0.81,0.81,0.5,0.25,0.48,0.65,0.56,0.47,0.49,0.56,0.56,1.0,0.21,1.0,0.21,0.75,0.5,0.752,0.457,0.438
0.59,0.59,1.0,1.0,0.95,0.95,0.16,0.16,0.3,0.3,0.21,0.52,0.81,0.81,0.5,0.25,0.47,0.65,0.56,0.47,0.48,0.56,0.56,1.0,0.21,1.0,0.21,0.73,0.5,0.757,0.453,0.444
0.59,0.59,1.0,1.0,0.95,0.95,0.16,0.16,0.34,0.34,0.17,0.56,0.81,0.81,0.5,0.25,0.46,0.65,0.56,0.45,0.47,0.56,0.56,1.0,0.21,1.0,0.21,0.69,0.5,0.759,0.452,0.442
0.61,0.61,1.0,1.0,0.94,0.94,0.16,0.16,0.31,0.31,0.18,0.55,0.81,0.81,0.5,0.25,0.43,0.65,0.56,0.42,0.44,0.56,0.56,1.0,0.21,1.0,0.21,0.7,0.5,0.763,0.457,0.446
0.61,0.61,1.0,1.0,0.93,0.93,0.16,0.16,0.31,0.31,0.18,0.55,0.81,0.81,0.5,0.25,0.43,0.65,0.56,0.42,0.43,0.56,0.56,1.0,0.21,1.0,0.21,0.7,0.5,0.767,0.458,0.442
0.63,0.63,1.0,1.0,0.92,0.92,0.16,0.16,0.32,0.32,0.2,0.53,0.81,0.81,0.5,0.26,0.43,0.65,0.56,0.43,0.44,0.56,0.56,1.0,0.21,1.0,0.21,0.7,0.5,0.785,0.463,0.439
0.62,0.62,1.0,1.0,0.93,0.93,0.16,0.16,0.32,0.32,0.18,0.55,0.81,0.81,0.5,0.26,0.43,0.66,0.56,0.43,0.44,0.56,0.56,1.0,0.21,1.0,0.21,0.7,0.5,0.804,0.472,0.444
0.6,0.6,1.0,1.0,0.94,0.94,0.16,0.16,0.34,0.34,0.18,0.55,0.81,0.81,0.5,0.26,0.46,0.65,0.56,0.46,0.47,0.56,0.56,1.0,0.21,1.0,0.21,0.7,0.5,0.824,0.48,0.437
0.59,0.59,1.0,1.0,0.95,0.95,0.16,0.16,0.35,0.35,0.18,0.55,0.81,0.81,0.5,0.26,0.47,0.65,0.56,0.47,0.47,0.56,0.56,1.0,0.21,1.0,0.21,0.7,0.5,0.846,0.483,0.437
0.59,0.59,1.0,1.0,0.96,0.96,0.16,0.16,0.38,0.38,0.19,0.54,0.81,0.81,0.5,0.25,0.48,0.65,0.56,0.48,0.48,0.56,0.56,1.0,0.21,1.0,0.21,0.69,0.5,0.863,0.492,0.445
0.58,0.58,1.0,1.0,0.96,0.96,0.16,0.16,0.39,0.39,0.19,0.54,0.81,0.81,0.5,0.25,0.51,0.65,0.56,0.51,0.51,0.56,0.56,1.0,0.21,1.0,0.21,0.67,0.5,0.892,0.495,0.455
0.59,0.59,1.0,1.0,0.96,0.96,0.3,0.3,0.16,0.16,0.37,0.35,0.81,0.81,0.5,0.25,0.43,0.65,0.56,0.43,0.43,0.56,0.56,1.0,0.21,1.0,0.21,0.65,0.5,0.914,0.502,0.46
0.59,0.59,1.0,1.0,0.95,0.95,0.32,0.32,0.16,0.16,0.37,0.35,0.81,0.81,0.5,0.25,0.43,0.65,0.56,0.42,0.44,0.56,0.56,1.0,0.21,1.0,0.21,0.66,0.5,0.961,0.515,0.462
0.59,0.59,1.0,1.0,0.95,0.95,0.32,0.32,0.17,0.17,0.37,0.35,0.81,0.81,0.5,0.25,0.45,0.65,0.56,0.45,0.46,0.56,0.56,1.0,0.21,1.0,0.21,0.66,0.5,0.97,0.518,0.469
0.59,0.59,1.0,1.0,0.95,0.95,0.32,0.32,0.16,0.16,0.37,0.36,0.81,0.81,0.5,0.25,0.45,0.65,0.56,0.44,0.46,0.56,0.56,1.0,0.21,1.0,0.21,0.63,0.5,0.978,0.517,0.483
0.6,0.6,1.0,1.0,0.95,0.95,0.32,0.32,0.16,0.16,0.37,0.36,0.81,0.81,0.5,0.25,0.45,0.65,0.56,0.44,0.45,0.56,0.56,1.0,0.21,1.0,0.21,0.59,0.5,0.984,0.518,0.488
0.6,0.6,1.0,1.0,0.95,0.95,0.32,0.32,0.16,0.16,0.37,0.35,0.81,0.81,0.5,0.25,0.43,0.65,0.56,0.42,0.44,0.56,0.56,1.0,0.21,1.0,0.21,0.58,0.5,0.978,0.518,0.495
0.6,0.6,1.0,1.0,0.95,0.95,0.32,0.32,0.16,0.16,0.37,0.35,0.81,0.81,0.5,0.26,0.45,0.65,0.56,0.45,0.46,0.56,0.56,1.0,0.21,1.0,0.21,0.58,0.5,0.966,0.523,0.501
0.6,0.6,1.0,1.0,0.94,0.94,0.53,0.53,0.1,0.1,0.37,0.35,0.81,0.81,0.5,0.26,0.44,0.66,0.56,0.43,0.46,0.56,0.56,1.0,0.21,1.0,0.21,0.58,0.5,0.944,0.528,0.505
0.6,0.6,1.0,1.0,0.94,0.94,0.35,0.35,0.15,0.15,0.35,0.37,0.81,0.81,0.5,0.26,0.44,0.66,0.56,0.43,0.46,0.56,0.56,1.0,0.21,1.0,0.21,0.59,0.5,0.924,0.537,0.507
0.59,0.59,1.0,1.0,0.95,0.95,0.33,0.33,0.16,0.16,0.35,0.37,0.81,0.81,0.5,0.26,0.46,0.66,0.56,0.44,0.48,0.56,0.56,1.0,0.21,1.0,0.21,0.58,0.5,0.919,0.54,0.511
0.59,0.59,1.0,1.0,0.95,0.95,0.6,0.6,0.11,0.11,0.33,0.39,0.81,0.81,0.5,0.26,0.47,0.66,0.56,0.46,0.49,0.56,0.56,1.0,0.21,1.0,0.21,0.58,0.5,0.912,0.54,0.514
0.58,0.58,1.0,1.0,0.96,0.96,0.2,0.2,0.25,0.25,0.0,0.8,0.81,0.81,0.5,0.26,0.53,0.66,0.56,0.52,0.54,0.56,0.56,1.0,0.21,1.0,0.21,0.57,0.5,0.886,0.537,0.504
0.57,0.57,1.0,1.0,0.96,0.96,0.16,0.16,0.25,0.25,0.0,0.79,0.81,0.81,0.5,0.26,0.52,0.66,0.56,0.51,0.52,0.56,0.56,1.0,0.21,1.0,0.21,0.54,0.5,0.883,0.535,0.505
0.57,0.57,1.0,1.0,0.97,0.97,0.16,0.16,0.29,0.29,0.0,0.75,0.81,0.81,0.75,0.26,0.54,0.66,0.56,0.53,0.55,0.56,0.56,1.0,0.21,1.0,0.21,0.52,0.5,0.888,0.53,0.499
0.58,0.58,1.0,1.0,0.96,0.96,0.16,0.16,0.32,0.32,0.11,0.62,0.81,0.81,0.75,0.26,0.59,0.66,0.56,0.58,0.61,0.56,0.56,1.0,0.21,1.0,0.21,0.45,0.5,0.899,0.535,0.494
0.57,0.57,1.0,1.0,0.96,0.96,0.16,0.16,0.33,0.33,0.19,0.54,0.81,0.81,0.75,0.26,0.57,0.66,0.56,0.54,0.61,0.56,0.56,1.0,0.21,1.0,0.21,0.33,1.0,0.911,0.555,0.486
0.57,0.57,1.0,1.0,0.96,0.96,0.16,0.16,0.31,0.31,0.25,0.48,0.81,0.81,0.75,0.26,0.56,0.66,0.56,0.53,0.6,0.56,0.56,1.0,0.21,1.0,0.21,0.28,1.0,0.907,0.56,0.493
0.57,0.57,1.0,1.0,0.96,0.96,0.16,0.16,0.31,0.31,0.27,0.45,0.81,0.81,0.75,0.26,0.57,0.66,0.56,0.55,0.59,0.56,0.56,1.0,0.21,1.0,0.21,0.23,0.93,0.902,0.57,0.492
0.57,0.57,1.0,1.0,0.96,0.96,0.16,0.16,0.26,0.26,0.3,0.42,0.81,0.81,0.75,0.26,0.58,0.66,0.56,0.56,0.59,0.56,0.56,1.0,0.21,1.0,0.21,0.16,0.57,0.923,0.573,0.493
0.57,0.57,1.0,1.0,0.96,0.96,0.24,0.24,0.23,0.23,0.32,0.4,0.8,0.8,0.75,0.26,0.66,0.66,0.56,0.66,0.67,0.56,0.56,1.0,0.21,1.0,0.22,0.12,0.51,0.909,0.55,0.476
0.57,0.57,1.0,1.0,0.96,0.96,0.22,0.22,0.23,0.23,0.33,0.39,0.77,0.75,0.75,0.27,0.77,0.67,0.52,0.76,0.77,0.52,0.52,1.0,0.22,1.0,0.23,0.11,0.47,0.891,0.54,0.469
0.57,0.57,1.0,1.0,0.96,0.96,0.21,0.21,0.24,0.24,0.33,0.39,0.7,0.69,0.75,0.28,0.81,0.67,0.47,0.8,0.81,0.47,0.47,1.0,0.24,1.0,0.25,0.09,0.43,0.888,0.543,0.464
0.57,0.57,1.0,1.0,0.96,0.96,0.18,0.18,0.25,0.25,0.33,0.4,0.58,0.54,0.75,0.28,0.93,0.67,0.35,0.92,0.93,0.35,0.35,0.94,0.28,0.91,0.29,0.06,0.45,0.884,0.548,0.459
0.57,0.57,1.0,1.0,0.97,0.97,0.16,0.16,0.25,0.25,0.32,0.4,0.55,0.51,0.75,0.25,0.95,0.65,0.31,0.95,0.96,0.31,0.31,0.92,0.29,0.89,0.3,0.05,0.52,0.871,0.542,0.451
0.57,0.57,1.0,1.0,0.97,0.97,0.68,0.67,0.12,0.12,0.33,0.4,0.46,0.45,0.75,0.25,0.96,0.65,0.31,0.96,0.96,0.31,0.31,0.86,0.31,0.85,0.32,0.04,0.59,0.858,0.523,0.447
0.57,0.57,1.0,1.0,0.96,0.96,0.27,0.27,0.2,0.2,0.32,0.4,0.46,0.43,0.75,0.25,0.96,0.65,0.31,0.96,0.96,0.31,0.31,0.86,0.31,0.84,0.32,0.04,0.6,0.855,0.517,0.457
0.58,0.58,1.0,1.0,0.96,0.96,0.21,0.21,0.22,0.22,0.32,0.41,0.45,0.42,0.75,0.25,0.96,0.65,0.31,0.96,0.96,0.31,0.31,0.85,0.32,0.83,0.32,0.04,0.59,0.83,0.475,0.444
0.58,0.58,1.0,1.0,0.96,0.96,0.2,0.2,0.22,0.22,0.33,0.4,0.45,0.4,0.75,0.25,0.95,0.65,0.31,0.95,0.96,0.31,0.31,0.85,0.32,0.82,0.33,0.04,0.59,0.815,0.445,0.449
0.58,0.58,1.0,1.0,0.96,0.96,0.16,0.16,0.23,0.23,0.34,0.39,0.4,0.34,0.75,0.25,0.95,0.65,0.31,0.95,0.96,0.31,0.31,0.82,0.33,0.78,0.35,0.04,0.59,0.806,0.435,0.455
0.58,0.58,1.0,1.0,0.96,0.96,0.16,0.16,0.23,0.23,0.34,0.38,0.36,0.25,0.75,0.25,0.95,0.65,0.31,0.95,0.96,0.31,0.31,0.79,0.34,0.72,0.37,0.04,0.59,0.804,0.435,0.459
0.59,0.59,1.0,1.0,0.96,0.96,0.18,0.18,0.24,0.24,0.34,0.39,0.25,0.15,0.75,0.25,0.95,0.65,0.32,0.95,0.96,0.32,0.32,0.72,0.37,0.65,0.4,0.06,0.6,0.791,0.437,0.456
0.59,0.59,1.0,1.0,0.95,0.95,0.49,0.49,0.15,0.15,0.35,0.38,0.2,0.1,0.75,0.29,0.94,0.68,0.33,0.92,0.95,0.33,0.33,0.68,0.39,0.62,0.42,0.06,0.62,0.78,0.445,0.461
0.57,0.57,1.0,1.0,0.97,0.97,0.21,0.21,0.22,0.22,0.34,0.38,0.18,0.1,1.0,0.26,0.95,0.66,0.29,0.95,0.96,0.29,0.29,0.67,0.4,0.62,0.42,0.05,0.64,0.77,0.458,0.462
0.57,0.57,1.0,1.0,0.97,0.97,0.16,0.16,0.24,0.24,0.34,0.38,0.18,0.13,1.0,0.25,0.95,0.65,0.3,0.95,0.96,0.3,0.3,0.67,0.4,0.64,0.41,0.04,0.62,0.759,0.467,0.459
0.58,0.58,1.0,1.0,0.96,0.96,0.16,0.16,0.24,0.24,0.34,0.38,0.2,0.18,1.0,0.32,0.86,0.7,0.41,0.85,0.87,0.41,0.41,0.68,0.39,0.67,0.4,0.09,0.58,0.746,0.468,0.451
0.58,0.58,1.0,1.0,0.96,0.96,0.16,0.16,0.25,0.25,0.34,0.38,0.22,0.2,1.0,0.34,0.8,0.72,0.46,0.79,0.82,0.46,0.46,0.7,0.38,0.68,0.39,0.13,0.54,0.747,0.468,0.447
0.58,0.58,1.0,1.0,0.96,0.96,0.16,0.16,0.25,0.25,0.34,0.38,0.24,0.21,1.0,0.34,0.8,0.72,0.47,0.79,0.82,0.47,0.47,0.71,0.38,0.69,0.39,0.13,0.53,0.757,0.468,0.453
0.58,0.58,1.0,1.0,0.96,0.96,0.16,0.16,0.25,0.25,0.34,0.38,0.24,0.21,0.75,0.35,0.79,0.72,0.47,0.78,0.8,0.47,0.47,0.71,0.38,0.69,0.39,0.13,0.51,0.761,0.467,0.442
0.58,0.58,1.0,1.0,0.96,0.96,0.16,0.16,0.25,0.25,0.35,0.38,0.24,0.21,0.75,0.34,0.81,0.72,0.45,0.81,0.82,0.45,0.45,0.71,0.38,0.69,0.39,0.1,0.49,0.761,0.472,0.445
0.58,0.58,1.0,1.0,0.96,0.96,0.54,0.54,0.15,0.15,0.35,0.37,0.24,0.22,0.75,0.33,0.86,0.71,0.41,0.85,0.87,0.41,0.41,0.71,0.38,0.7,0.39,0.08,0.48,0.771,0.49,0.455
0.58,0.58,1.0,1.0,0.96,0.96,0.31,0.31,0.21,0.21,0.35,0.37,0.31,0.27,0.75,0.33,0.82,0.71,0.45,0.81,0.83,0.45,0.45,0.76,0.36,0.73,0.37,0.09,0.47,0.776,0.497,0.456
0.58,0.58,1.0,1.0,0.96,0.96,0.26,0.26,0.23,0.23,0.35,0.38,0.6,0.6,0.75,0.33,0.77,0.71,0.54,0.76,0.78,0.54,0.54,0.95,0.27,0.95,0.27,0.12,0.43,0.767,0.495,0.454
0.58,0.58,1.0,1.0,0.96,0.96,0.26,0.26,0.22,0.22,0.34,0.38,0.81,0.81,0.75,0.28,0.66,0.67,0.56,0.66,0.67,0.56,0.56,1.0,0.21,1.0,0.21,0.13,0.43,0.774,0.493,0.455
0.58,0.58,1.0,1.0,0.96,0.96,0.28,0.28,0.2,0.2,0.34,0.38,0.81,0.81,0.75,0.26,0.59,0.66,0.56,0.58,0.59,0.56,0.56,1.0,0.21,1.0,0.21,0.13,0.39,0.781,0.507,0.455
0.57,0.57,1.0,1.0,0.96,0.96,0.29,0.29,0.19,0.19,0.34,0.38,0.81,0.81,0.75,0.25,0.55,0.65,0.56,0.54,0.56,0.56,0.56,1.0,0.21,1.0,0.21,0.22,0.35,0.779,0.51,0.454
0.58,0.58,1.0,1.0,0.96,0.96,0.3,0.3,0.18,0.18,0.33,0.39,0.81,0.81,0.5,0.25,0.52,0.65,0.56,0.5,0.53,0.56,0.56,1.0,0.21,1.0,0.21,0.49,0.5,0.769,0.503,0.455
0.58,0.58,1.0,1.0,0.96,0.96,0.27,0.27,0.18,0.18,0.32,0.4,0.81,0.81,0.5,0.25,0.53,0.65,0.56,0.52,0.54,0.56,0.56,1.0,0.21,1.0,0.21,0.68,0.5,0.771,0.515,0.455
0.6,0.6,1.0,1.0,0.95,0.95,0.27,0.27,0.17,0.17,0.32,0.4,0.81,0.81,0.5,0.24,0.56,0.65,0.56,0.55,0.57,0.56,0.56,1.0,0.21,1.0,0.21,0.77,0.5,0.772,0.535,0.45
0.61,0.61,1.0,1.0,0.94,0.94,0.31,0.31,0.16,0.16,0.33,0.4,0.81,0.81,0.5,0.24,0.56,0.64,0.56,0.55,0.57,0.56,0.56,1.0,0.21,1.0,0.21,0.81,0.5,0.778,0.558,0.445
0.61,0.61,1.0,1.0,0.93,0.93,0.32,0.32,0.15,0.15,0.33,0.39,0.81,0.81,0.5,0.24,0.55,0.64,0.56,0.53,0.56,0.56,0.56,1.0,0.21,1.0,0.21,0.82,0.5,0.768,0.57,0.445
0.62,0.62,1.0,1.0,0.93,0.93,0.34,0.34,0.15,0.15,0.33,0.39,0.81,0.81,0.5,0.24,0.56,0.64,0.56,0.54,0.57,0.56,0.56,1.0,0.21,1.0,0.21,0.82,0.5,0.759,0.578,0.446
0.62,0.62,1.0,1.0,0.92,0.92,0.34,0.34,0.14,0.14,0.34,0.39,0.81,0.81,0.5,0.24,0.56,0.64,0.56,0.54,0.57,0.56,0.56,1.0,0.21,1.0,0.21,0.82,0.5,0.757,0.582,0.454
0.63,0.63,1.0,1.0,0.92,0.92,0.34,0.34,0.14,0.14,0.34,0.38,0.81,0.81,0.5,0.24,0.55,0.64,0.56,0.53,0.56,0.56,0.56,1.0,0.21,1.0,0.21,0.81,0.5,0.75,0.582,0.452
0.62,0.62,1.0,1.0,0.92,0.92,0.52,0.52,0.12,0.12,0.35,0.37,0.81,0.81,0.5,0.24,0.53,0.65,0.56,0.51,0.55,0.56,0.56,1.0,0.21,1.0,0.21,0.8,0.5,0.759,0.578,0.449
0.61,0.61,1.0,1.0,0.93,0.93,0.35,0.35,0.18,0.18,0.35,0.37,0.81,0.81,0.5,0.25,0.49,0.65,0.56,0.48,0.51,0.56,0.56,1.0,0.21,1.0,0.21,0.77,0.5,0.774,0.587,0.449
0.61,0.61,1.0,1.0,0.93,0.93,0.16,0.16,0.28,0.28,0.37,0.36,0.81,0.81,0.5,0.25,0.49,0.65,0.56,0.48,0.51,0.56,0.56,1.0,0.21,1.0,0.21,0.74,0.5,0.79,0.587,0.451
0.66,0.66,1.0,1.0,0.89,0.89,0.16,0.16,0.28,0.28,0.37,0.36,0.81,0.81,0.5,0.26,0.49,0.65,0.56,0.48,0.51,0.56,0.56,1.0,0.21,1.0,0.21,0.72,0.5,0.807,0.588,0.454
0.72,0.72,1.0,1.0,0.85,0.85,0.16,0.16,0.23,0.23,0.36,0.36,0.81,0.81,0.5,0.26,0.48,0.66,0.56,0.47,0.49,0.56,0.56,1.0,0.21,1.0,0.21,0.7,0.5,0.824,0.588,0.455
0.72,0.72,1.0,1.0,0.85,0.85,0.22,0.22,0.21,0.21,0.36,0.36,0.81,0.81,0.5,0.27,0.45,0.66,0.56,0.44,0.46,0.56,0.56,1.0,0.21,1.0,0.21,0.67,0.5,0.84,0.58,0.454
0.72,0.72,1.0,1.0,0.85,0.85,0.24,0.24,0.19,0.19,0.36,0.37,0.81,0.81,0.5,0.27,0.42,0.66,0.56,0.41,0.43,0.56,0.56,1.0,0.21,1.0,0.21,0.66,0.5,0.861,0.578,0.457
0.71,0.71,1.0,1.0,0.86,0.86,0.26,0.26,0.18,0.18,0.35,0.37,0.81,0.81,0.5,0.27,0.4,0.67,0.56,0.39,0.4,0.56,0.56,1.0,0.21,1.0,0.21,0.65,0.5,0.876,0.577,0.459
0.69,0.69,1.0,1.0,0.87,0.87,0.26,0.26,0.18,0.18,0.35,0.38,0.81,0.81,0.5,0.27,0.38,0.67,0.56,0.37,0.39,0.56,0.56,1.0,0.21,1.0,0.21,0.59,0.5,0.894,0.577,0.463
0.68,0.68,1.0,1.0,0.88,0.88,0.26,0.26,0.23,0.23,0.35,0.38,0.81,0.81,0.5,0.27,0.39,0.66,0.56,0.38,0.4,0.56,0.56,1.0,0.21,1.0,0.21,0.49,0.5,0.911,0.578,0.462
0.63,0.63,1.0,1.0,0.92,0.92,0.22,0.22,0.28,0.28,0.36,0.36,0.81,0.81,0.5,0.26,0.33,0.66,0.56,0.33,0.34,0.56,0.56,1.0,0.21,1.0,0.21,0.47,0.5,0.919,0.577,0.461
0.6,0.6,1.0,1.0,0.94,0.94,0.16,0.16,0.31,0.31,0.36,0.36,0.81,0.81,0.5,0.25,0.33,0.65,0.56,0.32,0.33,0.56,0.56,1.0,0.21,1.0,0.21,0.47,0.5,0.916,0.575,0.465
0.59,0.59,1.0,1.0,0.95,0.95,0.16,0.16,0.33,0.33,0.37,0.35,0.81,0.81,0.5,0.25,0.33,0.65,0.56,0.32,0.33,0.56,0.56,1.0,0.21,1.0,0.21,0.47,0.5,0.916,0.572,0.467
0.58,0.58,1.0,1.0,0.96,0.96,0.16,0.16,0.34,0.34,0.37,0.35,0.81,0.81,0.5,0.25,0.33,0.65,0.56,0.32,0.34,0.56,0.56,1.0,0.21,1.0,0.21,0.46,0.5,0.93,0.57,0.467
0.81,0.81,1.0,1.0,0.78,0.78,0.16,0.16,0.27,0.27,0.36,0.37,0.81,0.81,0.75,0.24,0.46,0.65,0.56,0.45,0.47,0.56,0.56,1.0,0.21,1.0,0.21,0.46,0.5,0.965,0.562,0.473
0.83,0.83,1.0,1.0,0.76,0.76,0.16,0.16,0.26,0.26,0.36,0.37,0.81,0.81,0.75,0.24,0.48,0.65,0.56,0.48,0.49,0.56,0.56,1.0,0.21,1.0,0.21,0.47,0.5,0.983,0.57,0.479
0.81,0.81,1.0,1.0,0.77,0.77,0.16,0.16,0.27,0.27,0.36,0.37,0.81,0.81,0.75,0.24,0.46,0.64,0.56,0.46,0.47,0.56,0.56,1.0,0.21,1.0,0.21,0.47,0.5,0.993,0.573,0.479
0.81,0.81,1.0,1.0,0.77,0.77,0.16,0.16,0.27,0.27,0.36,0.36,0.81,0.81,0.75,0.24,0.46,0.64,0.56,0.45,0.47,0.56,0.56,1.0,0.21,1.0,0.21,0.47,0.5,0.993,0.57,0.476
0.81,0.81,1.0,1.0,0.77,0.77,0.16,0.16,0.27,0.27,0.37,0.36,0.81,0.81,0.75,0.24,0.47,0.64,0.56,0.47,0.48,0.56,0.56,1.0,0.21,1.0,0.21,0.47,0.5,0.993,0.567,0.473
0.81,0.81,1.0,1.0,0.77,0.77,0.16,0.16,0.29,0.29,0.37,0.35,0.81,0.81,0.75,0.24,0.52,0.65,0.56,0.51,0.53,0.56,0.56,1.0,0.21,1.0,0.21,0.47,0.5,0.993,0.565,0.469
0.65,0.65,1.0,1.0,0.9,0.9,0.16,0.16,0.32,0.32,0.37,0.35,0.81,0.81,0.75,0.25,0.56,0.65,0.56,0.55,0.57,0.56,0.56,1.0,0.21,1.0,0.21,0.37,0.35,0.993,0.567,0.47
0.59,0.59,1.0,1.0,0.95,0.95,0.16,0.16,0.34,0.34,0.38,0.35,0.69,0.69,0.75,0.28,0.58,0.67,0.56,0.57,0.6,0.56,0.56,1.0,0.25,1.0,0.25,0.23,0.45,0.993,0.572,0.466
0.58,0.58,1.0,1.0,0.96,0.96,0.21,0.21,0.25,0.25,0.38,0.35,0.57,0.57,0.75,0.31,0.59,0.7,0.56,0.58,0.6,0.56,0.56,0.93,0.28,0.93,0.28,0.14,0.45,0.993,0.58,0.475
0.57,0.57,1.0,1.0,0.96,0.96,0.16,0.16,0.29,0.29,0.38,0.35,0.52,0.51,0.5,0.32,0.6,0.7,0.55,0.59,0.62,0.55,0.55,0.9,0.3,0.89,0.3,0.12,0.45,0.987,0.58,0.481
0.57,0.57,1.0,1.0,0.97,0.97,0.2,0.2,0.19,0.19,0.37,0.36,0.45,0.45,0.5,0.32,0.62,0.7,0.53,0.61,0.63,0.53,0.53,0.85,0.32,0.85,0.32,0.1,0.46,0.964,0.582,0.483
0.57,0.57,1.0,1.0,0.97,0.97,0.2,0.2,0.19,0.19,0.36,0.37,0.43,0.43,0.5,0.32,0.63,0.7,0.52,0.62,0.64,0.52,0.52,0.84,0.32,0.84,0.32,0.09,0.46,0.95,0.583,0.484
0.57,0.57,1.0,1.0,0.97,0.97,0.19,0.19,0.2,0.2,0.35,0.37,0.42,0.4,0.5,0.32,0.65,0.7,0.51,0.64,0.66,0.51,0.51,0.83,0.32,0.82,0.33,0.09,0.47,0.939,0.583,0.478
0.57,0.57,1.0,1.0,0.97,0.97,0.18,0.16,0.21,0.21,0.35,0.37,0.4,0.38,0.5,0.32,0.69,0.7,0.49,0.68,0.7,0.49,0.49,0.82,0.33,0.8,0.34,0.09,0.47,0.926,0.585,0.475
0.57,0.57,1.0,1.0,0.97,0.97,0.16,0.16,0.21,0.21,0.35,0.37,0.4,0.38,0.5,0.32,0.7,0.71,0.49,0.69,0.72,0.49,0.49,0.82,0.33,0.8,0.34,0.08,0.46,0.914,0.582,0.476
0.57,0.57,1.0,1.0,0.97,0.97,0.16,0.16,0.22,0.22,0.36,0.36,0.36,0.33,0.75,0.33,0.75,0.71,0.43,0.74,0.76,0.43,0.43,0.79,0.34,0.77,0.35,0.08,0.45,0.915,0.578,0.476
0.58,0.58,1.0,1.0,0.96,0.96,0.2,0.2,0.2,0.2,0.36,0.36,0.36,0.33,0.75,0.33,0.79,0.71,0.41,0.78,0.79,0.41,0.41,0.79,0.34,0.77,0.35,0.07,0.44,0.919,0.578,0.477
0.59,0.59,1.0,1.0,0.95,0.95,0.74,0.73,0.09,0.09,0.36,0.36,0.33,0.28,0.75,0.33,0.8,0.71,0.4,0.79,0.81,0.4,0.4,0.77,0.35,0.74,0.36,0.07,0.44,0.916,0.578,0.48
0.59,0.59,1.0,1.0,0.95,0.95,0.29,0.29,0.18,0.18,0.35,0.37,0.3,0.25,0.75,0.34,0.79,0.72,0.41,0.78,0.8,0.41,0.41,0.75,0.36,0.72,0.37,0.07,0.45,0.899,0.578,0.485
0.59,0.59,1.0,1.0,0.95,0.95,0.24,0.23,0.19,0.19,0.35,0.38,0.28,0.25,0.75,0.34,0.78,0.72,0.42,0.77,0.79,0.42,0.42,0.74,0.36,0.72,0.37,0.07,0.45,0.894,0.578,0.488
0.59,0.59,1.0,1.0,0.95,0.95,0.22,0.22,0.19,0.19,0.35,0.38,0.28,0.25,0.75,0.33,0.77,0.71,0.43,0.76,0.78,0.43,0.43,0.74,0.37,0.72,0.37,0.07,0.47,0.889,0.577,0.479
0.58,0.58,1.0,1.0,0.96,0.96,0.43,0.43,0.15,0.15,0.36,0.36,0.3,0.22,0.75,0.34,0.78,0.72,0.42,0.76,0.8,0.42,0.42,0.75,0.36,0.7,0.38,0.07,0.48,0.894,0.577,0.481
0.57,0.57,1.0,1.0,0.96,0.96,0.16,0.16,0.39,0.39,0.37,0.35,0.3,0.22,0.75,0.34,0.82,0.72,0.4,0.8,0.84,0.4,0.4,0.75,0.36,0.7,0.38,0.07,0.49,0.894,0.565,0.484
0.57,0.57,1.0,1.0,0.97,0.97,0.16,0.16,0.42,0.42,0.39,0.34,0.31,0.25,0.75,0.34,0.82,0.72,0.4,0.8,0.84,0.4,0.4,0.76,0.36,0.72,0.38,0.07,0.52,0.875,0.56,0.485
0.57,0.57,1.0,1.0,0.96,0.96,0.16,0.16,0.41,0.41,0.39,0.34,0.33,0.25,0.75,0.34,0.83,0.72,0.4,0.81,0.85,0.4,0.4,0.77,0.35,0.72,0.37,0.07,0.54,0.861,0.558,0.483
0.58,0.58,1.0,1.0,0.96,0.96,0.16,0.16,0.4,0.4,0.39,0.34,0.31,0.25,0.75,0.32,0.9,0.7,0.34,0.89,0.91,0.34,0.34,0.76,0.35,0.72,0.37,0.06,0.56,0.847,0.558,0.476
0.58,0.58,1.0,1.0,0.96,0.96,0.16,0.16,0.4,0.4,0.39,0.34,0.31,0.22,0.75,0.29,0.94,0.68,0.31,0.93,0.95,0.31,0.31,0.76,0.36,0.7,0.38,0.05,0.58,0.838,0.56,0.473
0.58,0.58,1.0,1.0,0.96,0.96,0.16,0.16,0.39,0.39,0.38,0.34,0.3,0.21,0.75,0.28,0.94,0.67,0.3,0.94,0.95,0.3,0.3,0.75,0.36,0.69,0.39,0.04,0.6,0.829,0.56,0.475
0.59,0.59,1.0,1.0,0.95,0.95,0.45,0.45,0.14,0.14,0.36,0.37,0.27,0.18,0.75,0.29,0.93,0.68,0.32,0.91,0.94,0.32,0.32,0.73,0.37,0.67,0.4,0.04,0.56,0.823,0.558,0.477
0.59,0.59,1.0,1.0,0.95,0.95,0.26,0.26,0.18,0.18,0.35,0.37,0.25,0.21,0.75,0.29,0.92,0.68,0.32,0.91,0.93,0.32,0.32,0.72,0.37,0.69,0.39,0.04,0.55,0.822,0.557,0.483
0.59,0.59,1.0,1.0,0.95,0.95,0.22,0.22,0.2,0.2,0.35,0.37,0.27,0.24,0.75,0.29,0.91,0.68,0.34,0.9,0.91,0.34,0.34,0.73,0.37,0.71,0.38,0.04,0.54,0.821,0.555,0.48
0.59,0.59,1.0,1.0,0.95,0.95,0.21,0.21,0.21,0.21,0.35,0.37,0.3,0.27,0.75,0.3,0.89,0.68,0.37,0.88,0.89,0.37,0.37,0.75,0.36,0.73,0.37,0.04,0.52,0.822,0.558,0.482
0.58,0.58,1.0,1.0,0.96,0.96,0.21,0.21,0.22,0.22,0.35,0.37,0.3,0.27,0.75,0.3,0.85,0.69,0.4,0.85,0.86,0.4,0.4,0.75,0.36,0.73,0.37,0.05,0.5,0.822,0.55,0.473
0.59,0.59,1.0,1.0,0.95,0.95,0.21,0.21,0.21,0.21,0.35,0.37,0.3,0.27,0.75,0.33,0.79,0.71,0.44,0.77,0.8,0.44,0.44,0.75,0.36,0.73,0.37,0.08,0.48,0.826,0.548,0.471
0.59,0.59,1.0,1.0,0.95,0.95,0.2,0.2,0.21,0.21,0.35,0.37,0.33,0.3,0.75,0.35,0.71,0.72,0.52,0.7,0.73,0.52,0.52,0.77,0.35,0.75,0.36,0.11,0.47,0.826,0.542,0.471
0.59,0.59,1.0,1.0,0.95,0.95,0.29,0.29,0.18,0.18,0.34,0.38,0.58,0.58,0.5,0.33,0.68,0.71,0.56,0.67,0.69,0.56,0.56,0.94,0.27,0.94,0.28,0.12,0.45,0.836,0.548,0.475
0.58,0.58,1.0,1.0,0.96,0.96,0.42,0.42,0.15,0.15,0.36,0.37,0.81,0.81,0.5,0.3,0.63,0.69,0.56,0.61,0.65,0.56,0.56,1.0,0.21,1.0,0.21,0.16,0.42,0.852,0.535,0.475
0.56,0.56,1.0,1.0,0.97,0.97,0.16,0.16,0.32,0.32,0.36,0.36,0.81,0.81,0.5,0.27,0.58,0.67,0.56,0.57,0.6,0.56,0.56,1.0,0.21,1.0,0.21,0.18,0.39,0.875,0.522,0.474
0.56,0.56,1.0,1.0,0.97,0.97,0.16,0.16,0.33,0.33,0.38,0.35,0.81,0.81,0.75,0.26,0.49,0.66,0.56,0.48,0.5,0.56,0.56,1.0,0.21,1.0,0.21,0.17,0.33,0.883,0.518,0.474
0.56,0.56,1.0,1.0,0.97,0.97,0.16,0.16,0.31,0.31,0.38,0.34,0.81,0.81,0.75,0.26,0.38,0.65,0.56,0.37,0.39,0.56,0.56,1.0,0.21,1.0,0.21,0.27,0.28,0.881,0.525,0.474
0.6,0.6,1.0,1.0,0.95,0.95,0.16,0.16,0.3,0.3,0.38,0.34,0.81,0.81,0.5,0.25,0.37,0.65,0.56,0.36,0.38,0.56,0.56,1.0,0.21,1.0,0.21,0.41,0.27,0.865,0.525,0.474
0.68,0.68,1.0,1.0,0.88,0.88,0.16,0.16,0.24,0.24,0.36,0.37,0.81,0.81,0.5,0.25,0.33,0.65,0.56,0.32,0.34,0.56,0.56,1.0,0.21,1.0,0.21,0.57,0.5,0.846,0.527,0.477
0.71,0.71,1.0,1.0,0.85,0.85,0.19,0.19,0.2,0.2,0.35,0.38,0.81,0.81,0.5,0.25,0.32,0.65,0.56,0.31,0.34,0.56,0.56,1.0,0.21,1.0,0.21,0.75,0.5,0.839,0.538,0.475
0.72,0.72,1.0,1.0,0.85,0.85,0.23,0.23,0.2,0.2,0.35,0.38,0.81,0.81,0.5,0.25,0.33,0.65,0.56,0.32,0.35,0.56,0.56,1.0,0.21,1.0,0.21,0.85,0.5,0.821,0.532,0.472
0.72,0.72,1.0,1.0,0.84,0.84,0.23,0.23,0.19,0.19,0.34,0.38,0.81,0.81,0.25,0.25,0.34,0.65,0.56,0.33,0.35,0.56,0.56,1.0,0.21,1.0,0.21,0.88,0.5,0.806,0.53,0.475
0.73,0.73,1.0,1.0,0.83,0.83,0.23,0.23,0.19,0.19,0.33,0.39,0.81,0.81,0.25,0.26,0.35,0.65,0.56,0.34,0.37,0.56,0.56,1.0,0.21,1.0,0.21,0.92,0.5,0.795,0.53,0.475
0.74,0.74,1.0,1.0,0.83,0.83,0.2,0.2,0.2,0.2,0.33,0.4,0.81,0.81,0.25,0.26,0.36,0.66,0.56,0.35,0.37,0.56,0.56,1.0,0.21,1.0,0.21,0.93,0.5,0.794,0.53,0.471
0.74,0.74,1.0,1.0,0.83,0.83,0.21,0.21,0.21,0.21,0.32,0.4,0.81,0.81,0.25,0.26,0.4,0.66,0.56,0.38,0.41,0.56,0.56,1.0,0.21,1.0,0.21,0.94,0.5,0.804,0.532,0.47
0.72,0.72,1.0,1.0,0.85,0.85,0.34,0.34,0.18,0.18,0.32,0.4,0.81,0.81,0.25,0.26,0.38,0.66,0.56,0.37,0.39,0.56,0.56,1.0,0.21,1.0,0.21,0.94,0.5,0.81,0.533,0.468
0.67,0.67,1.0,1.0,0.89,0.89,0.16,0.16,0.3,0.3,0.32,0.4,0.81,0.81,0.5,0.26,0.42,0.66,0.56,0.4,0.43,0.56,0.56,1.0,0.21,1.0,0.21,0.91,0.5,0.819,0.538,0.465
0.63,0.63,1.0,1.0,0.92,0.92,0.16,0.16,0.31,0.31,0.33,0.4,0.81,0.81,0.5,0.26,0.35,0.66,0.56,0.33,0.37,0.56,0.56,1.0,0.21,1.0,0.21,0.78,0.5,0.849,0.533,0.475
0.61,0.61,1.0,1.0,0.93,0.93,0.36,0.36,0.22,0.22,0.33,0.4,0.81,0.81,0.5,0.26,0.25,0.65,0.56,0.25,0.25,0.56,0.56,1.0,0.21,1.0,0.21,0.57,0.5,0.873,0.523,0.474
0.64,0.64,1.0,1.0,0.91,0.91,0.23,0.23,0.27,0.27,0.32,0.41,0.81,0.81,0.5,0.25,0.25,0.65,0.56,0.25,0.25,0.56,0.56,1.0,0.21,1.0,0.21,0.54,0.5,0.909,0.522,0.483
0.66,0.66,1.0,1.0,0.89,0.89,0.23,0.23,0.26,0.26,0.32,0.41,0.81,0.81,0.5,0.25,0.25,0.65,0.56,0.25,0.25,0.56,0.56,1.0,0.21,1.0,0.21,0.48,0.5,0.939,0.527,0.481
0.66,0.66,1.0,1.0,0.89,0.89,0.28,0.28,0.24,0.24,0.33,0.4,0.81,0.81,0.5,0.25,0.25,0.65,0.56,0.25,0.25,0.56,0.56,1.0,0.21,1.0,0.21,0.39,0.24,0.981,0.528,0.478
0.66,0.66,1.0,1.0,0.9,0.9,0.29,0.29,0.24,0.24,0.34,0.39,0.81,0.81,0.5,0.25,0.25,0.65,0.56,0.25,0.25,0.56,0.56,1.0,0.21,1.0,0.21,0.36,0.22,0.993,0.53,0.462
0.63,0.63,1.0,1.0,0.92,0.92,0.29,0.29,0.26,0.26,0.33,0.39,0.81,0.81,0.5,0.25,0.25,0.65,0.56,0.25,0.25,0.56,0.56,1.0,0.21,1.0,0.21,0.36,0.19,0.993,0.527,0.452
0.6,0.6,1.0,1.0,0.94,0.94,0.71,0.7,0.14,0.14,0.32,0.41,0.81,0.81,0.5,0.24,0.25,0.65,0.56,0.25,0.25,0.56,0.56,1.0,0.21,1.0,0.21,0.3,0.18,0.993,0.528,0.449
0.59,0.59,1.0,1.0,0.95,0.95,0.51,0.51,0.19,0.19,0.31,0.41,0.81,0.81,0.5,0.24,0.25,0.64,0.56,0.25,0.25,0.56,0.56,1.0,0.21,1.0,0.21,0.28,0.2,0.993,0.532,0.443
0.58,0.58,1.0,1.0,0.96,0.96,0.25,0.25,0.32,0.32,0.28,0.44,0.81,0.81,0.75,0.24,0.25,0.64,0.56,0.25,0.25,0.56,0.56,1.0,0.21,1.0,0.21,0.28,0.21,0.993,0.537,0.439
0.57,0.57,1.0,1.0,0.96,0.96,0.21,0.21,0.33,0.33,0.28,0.45,0.81,0.81,0.75,0.24,0.25,0.64,0.56,0.25,0.25,0.56,0.56,1.0,0.21,1.0,0.21,0.28,0.22,0.993,0.538,0.435
0.58,0.58,1.0,1.0,0.96,0.96,0.16,0.16,0.34,0.34,0.27,0.46,0.81,0.81,0.75,0.24,0.28,0.64,0.56,0.25,0.3,0.56,0.56,1.0,0.21,1.0,0.21,0.29,0.25,0.993,0.545,0.434
0.58,0.58,1.0,1.0,0.96,0.96,0.16,0.16,0.34,0.34,0.26,0.47,0.81,0.81,0.75,0.24,0.27,0.65,0.56,0.25,0.29,0.56,0.56,1.0,0.21,1.0,0.21,0.29,0.26,0.993,0.555,0.438
0.57,0.57,1.0,1.0,0.96,0.96,0.38,0.38,0.21,0.21,0.26,0.46,0.81,0.81,0.75,0.25,0.27,0.65,0.56,0.25,0.29,0.56,0.56,1.0,0.21,1.0,0.21,0.29,0.27,0.993,0.557,0.437
0.57,0.57,1.0,1.0,0.96,0.96,0.3,0.3,0.25,0.25,0.25,0.48,0.81,0.81,0.75,0.25,0.26,0.65,0.56,0.25,0.27,0.56,0.56,1.0,0.21,1.0,0.21,0.27,0.27,0.989,0.555,0.438
0.57,0.57,1.0,1.0,0.97,0.97,0.2,0.2,0.29,0.29,0.23,0.49,0.81,0.81,0.75,0.25,0.27,0.65,0.56,0.25,0.29,0.56,0.56,1.0,0.21,1.0,0.21,0.27,0.28,0.982,0.553,0.438
0.57,0.57,1.0,1.0,0.97,0.97,0.16,0.16,0.32,0.32,0.24,0.49,0.81,0.81,0.75,0.25,0.27,0.65,0.56,0.25,0.29,0.56,0.56,1.0,0.21,1.0,0.21,0.27,0.29,0.993,0.543,0.433
0.57,0.57,1.0,1.0,0.97,0.97,0.16,0.16,0.32,0.32,0.24,0.49,0.81,0.81,0.75,0.25,0.27,0.65,0.56,0.25,0.29,0.56,0.56,1.0,0.21,1.0,0.21,0.27,0.28,0.993,0.533,0.43
0.57,0.57,1.0,1.0,0.97,0.97,0.16,0.16,0.31,0.31,0.23,0.49,0.81,0.81,0.75,0.25,0.27,0.65,0.56,0.25,0.29,0.56,0.56,1.0,0.21,1.0,0.21,0.28,0.27,0.993,0.525,0.434
0.57,0.57,1.0,1.0,0.97,0.97,0.16,0.16,0.3,0.3,0.23,0.49,0.81,0.81,0.75,0.25,0.28,0.65,0.56,0.25,0.3,0.56,0.56,1.0,0.21,1.0,0.21,0.27,0.26,0.993,0.52,0.44
0.57,0.57,1.0,1.0,0.97,0.97,0.16,0.16,0.29,0.29,0.23,0.49,0.81,0.81,0.75,0.25,0.28,0.65,0.56,0.25,0.3,0.56,0.56,1.0,0.21,1.0,0.21,0.26,0.23,0.993,0.518,0.444
0.57,0.57,1.0,1.0,0.97,0.97,0.16,0.16,0.28,0.28,0.26,0.47,0.81,0.81,0.75,0.25,0.28,0.65,0.56,0.25,0.3,0.56,0.56,1.0,0.21,1.0,0.21,0.25,0.19,0.993,0.527,0.437
0.57,0.57,1.0,1.0,0.97,0.97,0.2,0.2,0.29,0.29,0.29,0.43,0.81,0.81,0.75,0.25,0.28,0.65,0.56,0.25,0.3,0.56,0.56,1.0,0.21,1.0,0.21,0.25,0.18,0.993,0.57,0.435
0.57,0.57,1.0,1.0,0.97,0.97,0.19,0.19,0.29,0.29,0.32,0.41,0.81,0.81,0.75,0.25,0.3,0.65,0.56,0.28,0.32,0.56,0.56,1.0,0.21,1.0,0.21,0.22,0.18,0.976,0.615,0.425
0.57,0.57,1.0,1.0,0.97,0.97,0.16,0.16,0.31,0.31,0.34,0.39,0.81,0.81,0.75,0.25,0.32,0.65,0.56,0.3,0.34,0.56,0.56,1.0,0.21,1.0,0.21,0.21,0.18,0.951,0.662,0.424
0.57,0.57,1.0,1.0,0.97,0.97,0.16,0.16,0.32,0.32,0.34,0.38,0.81,0.81,0.5,0.26,0.33,0.65,0.56,0.31,0.35,0.56,0.56,1.0,0.21,1.0,0.21,0.22,0.18,0.943,0.7,0.414
0.57,0.57,1.0,1.0,0.97,0.97,0.16,0.16,0.33,0.33,0.34,0.39,0.81,0.81,0.5,0.26,0.34,0.66,0.56,0.32,0.36,0.56,0.56,1.0,0.21,1.0,0.21,0.22,0.18,0.937,0.703,0.411
0.57,0.57,1.0,1.0,0.97,0.97,0.16,0.16,0.34,0.34,0.33,0.4,0.81,0.81,0.5,0.26,0.38,0.66,0.56,0.35,0.4,0.56,0.56,1.0,0.21,1.0,0.21,0.24,0.19,0.934,0.69,0.406
0.57,0.57,1.0,1.0,0.97,0.97,0.29,0.29,0.25,0.25,0.3,0.43,0.81,0.81,0.5,0.26,0.4,0.66,0.56,0.36,0.43,0.56,0.56,1.0,0.21,1.0,0.21,0.25,0.2,0.937,0.65,0.402
0.57,0.57,1.0,1.0,0.97,0.97,0.16,0.16,0.35,0.35,0.29,0.44,0.81,0.81,0.75,0.26,0.45,0.66,0.56,0.42,0.48,0.56,0.56,1.0,0.21,1.0,0.21,0.26,0.23,0.927,0.582,0.382
0.57,0.57,1.0,1.0,0.97,0.97,0.16,0.16,0.41,0.41,0.27,0.45,0.81,0.81,0.75,0.26,0.51,0.66,0.56,0.48,0.54,0.56,0.56,1.0,0.21,1.0,0.21,0.28,0.3,0.918,0.515,0.374
0.58,0.58,1.0,1.0,0.96,0.96,0.16,0.16,0.46,0.46,0.25,0.48,0.81,0.81,0.75,0.26,0.59,0.66,0.56,0.57,0.61,0.56,0.56,1.0,0.21,1.0,0.21,0.18,0.38,0.911,0.473,0.371
0.58,0.58,1.0,1.0,0.96,0.96,0.16,0.16,0.54,0.54,0.2,0.53,0.7,0.64,0.75,0.26,0.88,0.66,0.48,0.87,0.89,0.48,0.48,1.0,0.24,0.98,0.26,0.11,0.43,0.907,0.43,0.369
0.58,0.58,1.0,1.0,0.96,0.96,0.16,0.16,0.53,0.53,0.17,0.56,0.57,0.48,0.75,0.27,0.88,0.66,0.47,0.86,0.9,0.47,0.47,0.93,0.28,0.87,0.31,0.08,0.52,0.915,0.397,0.362
0.58,0.58,1.0,1.0,0.96,0.96,0.16,0.16,0.53,0.53,0.12,0.61,0.54,0.46,0.75,0.29,0.78,0.68,0.52,0.75,0.81,0.52,0.52,0.91,0.29,0.86,0.31,0.09,0.53,0.924,0.367,0.355
0.59,0.59,1.0,1.0,0.95,0.95,0.16,0.16,0.53,0.53,0.1,0.64,0.43,0.4,0.75,0.32,0.74,0.7,0.53,0.71,0.77,0.53,0.53,0.84,0.32,0.82,0.33,0.1,0.55,0.941,0.337,0.35
0.59,0.59,1.0,1.0,0.95,0.95,0.16,0.16,0.53,0.53,0.05,0.69,0.33,0.31,0.75,0.33,0.77,0.71,0.52,0.75,0.79,0.52,0.52,0.77,0.35,0.76,0.36,0.1,0.56,0.973,0.31,0.37
0.59,0.59,1.0,1.0,0.95,0.95,0.16,0.16,0.47,0.47,0.0,0.77,0.24,0.25,0.75,0.33,0.83,0.71,0.52,0.82,0.85,0.52,0.52,0.71,0.38,0.72,0.38,0.09,0.57,0.969,0.282,0.389
0.59,0.59,1.0,1.0,0.95,0.95,0.16,0.16,0.3,0.3,0.0,0.82,0.24,0.24,0.75,0.33,0.77,0.71,0.52,0.75,0.78,0.52,0.52,0.71,0.38,0.71,0.38,0.08,0.58,0.953,0.188,0.395
0.59,0.59,1.0,1.0,0.95,0.95,0.16,0.16,0.52,0.52,0.02,0.71,0.22,0.24,0.75,0.34,0.82,0.72,0.49,0.81,0.84,0.49,0.49,0.7,0.38,0.71,0.38,0.08,0.58,0.943,0.122,0.41
0.59,0.59,1.0,1.0,0.95,0.95,0.16,0.16,0.43,0.43,0.26,0.46,0.21,0.21,0.75,0.38,0.8,0.74,0.43,0.78,0.82,0.43,0.43,0.69,0.39,0.69,0.39,0.1,0.59,0.922,0.118,0.407
0.58,0.58,1.0,1.0,0.96,0.96,0.16,0.16,0.44,0.44,0.31,0.42,0.22,0.21,0.75,0.38,0.78,0.75,0.44,0.76,0.79,0.44,0.44,0.7,0.38,0.69,0.39,0.1,0.58,0.908,0.118,0.41
0.57,0.57,1.0,1.0,0.96,0.96,0.16,0.16,0.44,0.44,0.36,0.37,0.22,0.21,0.75,0.39,0.77,0.75,0.43,0.75,0.79,0.43,0.43,0.7,0.38,0.69,0.39,0.1,0.57,0.886,0.13,0.409
0.58,0.58,1.0,1.0,0.96,0.96,0.16,0.16,0.44,0.44,0.41,0.31,0.22,0.21,0.75,0.39,0.78,0.75,0.44,0.76,0.79,0.44,0.44,0.7,0.38,0.69,0.39,0.1,0.52,0.864,0.152,0.397
0.59,0.59,1.0,1.0,0.95,0.95,0.16,0.16,0.51,0.51,0.49,0.24,0.22,0.2,0.75,0.39,0.82,0.75,0.43,0.81,0.83,0.43,0.43,0.7,0.38,0.68,0.39,0.11,0.49,0.832,0.182,0.395
0.6,0.6,1.0,1.0,0.94,0.94,0.16,0.16,0.53,0.53,0.59,0.15,0.22,0.2,0.75,0.39,0.83,0.76,0.42,0.83,0.84,0.42,0.42,0.7,0.38,0.68,0.39,0.11,0.38,0.826,0.208,0.392
0.61,0.61,1.0,1.0,0.93,0.93,0.16,0.16,0.56,0.56,0.63,0.11,0.22,0.18,0.75,0.4,0.84,0.76,0.41,0.84,0.85,0.41,0.41,0.7,0.38,0.67,0.39,0.12,0.31,0.803,0.23,0.385
0.61,0.61,1.0,1.0,0.93,0.93,0.16,0.16,0.55,0.55,0.67,0.06,0.2,0.16,0.75,0.4,0.86,0.76,0.41,0.86,0.86,0.41,0.41,0.68,0.39,0.66,0.4,0.13,0.28,0.779,0.253,0.369
0.61,0.61,1.0,1.0,0.93,0.93,0.16,0.16,0.57,0.57,0.74,-0.0,0.2,0.16,0.75,0.4,0.86,0.76,0.42,0.86,0.86,0.42,0.42,0.68,0.39,0.66,0.4,0.12,0.27,0.771,0.278,0.332
0.61,0.61,1.0,1.0,0.93,0.93,0.16,0.16,0.55,0.55,0.73,0.01,0.25,0.22,0.75,0.4,0.82,0.76,0.5,0.83,0.82,0.5,0.5,0.72,0.37,0.7,0.38,0.23,0.25,0.795,0.3,0.299
0.6,0.6,1.0,1.0,0.94,0.94,0.16,0.16,0.36,0.36,0.67,0.06,0.77,0.78,0.5,0.32,0.61,0.7,0.56,0.63,0.6,0.56,0.56,1.0,0.22,1.0,0.22,0.54,0.5,0.813,0.308,0.276
0.63,0.63,1.0,1.0,0.92,0.92,0.16,0.16,0.35,0.35,0.66,0.07,0.81,0.81,0.5,0.28,0.58,0.67,0.56,0.62,0.55,0.56,0.56,1.0,0.21,1.0,0.21,0.74,0.5,0.83,0.322,0.253
0.66,0.66,1.0,1.0,0.9,0.9,0.16,0.16,0.32,0.32,0.65,0.08,0.81,0.81,0.5,0.27,0.57,0.66,0.56,0.61,0.54,0.56,0.56,1.0,0.21,1.0,0.21,0.84,0.5,0.846,0.34,0.195
0.65,0.65,1.0,1.0,0.9,0.9,0.34,0.33,0.17,0.17,0.61,0.12,0.81,0.81,0.5,0.26,0.52,0.66,0.56,0.55,0.48,0.56,0.56,1.0,0.21,1.0,0.21,0.87,0.5,0.859,0.373,0.145
0.66,0.66,1.0,1.0,0.9,0.9,0.21,0.21,0.24,0.24,0.6,0.13,0.81,0.81,0.5,0.26,0.48,0.65,0.56,0.51,0.45,0.56,0.56,1.0,0.21,1.0,0.21,0.88,0.5,0.864,0.423,0.207
0.71,0.71,1.0,1.0,0.85,0.85,0.16,0.16,0.27,0.27,0.59,0.14,0.81,0.81,0.5,0.25,0.47,0.65,0.56,0.5,0.44,0.56,0.56,1.0,0.21,1.0,0.21,0.89,0.5,0.872,0.487,0.364
0.72,0.72,1.0,1.0,0.84,0.84,0.16,0.16,0.28,0.28,0.58,0.15,0.81,0.81,0.5,0.26,0.43,0.65,0.56,0.46,0.4,0.56,0.56,1.0,0.21,1.0,0.21,0.91,0.5,0.884,0.525,0.427
0.72,0.72,1.0,1.0,0.84,0.84,0.16,0.16,0.25,0.25,0.6,0.13,0.81,0.81,0.5,0.26,0.41,0.65,0.56,0.44,0.38,0.56,0.56,1.0,0.21,1.0,0.21,0.9,0.5,0.884,0.53,0.457
0.71,0.71,1.0,1.0,0.85,0.85,0.16,0.16,0.25,0.25,0.6,0.13,0.81,0.81,0.5,0.25,0.4,0.65,0.56,0.42,0.37,0.56,0.56,1.0,0.21,1.0,0.21,0.88,0.5,0.889,0.538,0.495
0.72,0.72,1.0,1.0,0.85,0.85,0.16,0.16,0.24,0.24,0.6,0.13,0.81,0.81,0.5,0.25,0.4,0.65,0.56,0.42,0.37,0.56,0.56,1.0,0.21,1.0,0.21,0.87,0.5,0.892,0.548,0.536
0.72,0.72,1.0,1.0,0.84,0.84,0.3,0.29,0.16,0.16,0.54,0.18,0.81,0.81,0.5,0.25,0.41,0.65,0.56,0.44,0.38,0.56,0.56,1.0,0.21,1.0,0.21,0.86,0.5,0.895,0.543,0.595
0.72,0.72,1.0,1.0,0.85,0.85,0.39,0.39,0.09,0.09,0.54,0.19,0.81,0.81,0.25,0.25,0.42,0.65,0.56,0.44,0.39,0.56,0.56,1.0,0.21,1.0,0.21,0.86,0.5,0.881,0.528,0.639
0.69,0.69,1.0,1.0,0.87,0.87,0.37,0.37,0.11,0.11,0.54,0.19,0.81,0.81,0.25,0.25,0.45,0.65,0.56,0.47,0.42,0.56,0.56,1.0,0.21,1.0,0.21,0.86,0.5,0.891,0.507,0.666
0.68,0.68,1.0,1.0,0.88,0.88,0.36,0.36,0.11,0.11,0.53,0.2,0.81,0.81,0.25,0.25,0.47,0.65,0.56,0.49,0.45,0.56,0.56,1.0,0.21,1.0,0.21,0.85,0.5,0.893,0.483,0.706
0.68,0.68,1.0,1.0,0.88,0.88,0.41,0.41,0.1,0.1,0.53,0.2,0.81,0.81,0.25,0.25,0.45,0.65,0.56,0.48,0.43,0.56,0.56,1.0,0.21,1.0,0.21,0.84,0.5,0.894,0.477,0.731
0.68,0.68,1.0,1.0,0.88,0.88,0.38,0.38,0.11,0.11,0.53,0.2,0.81,0.81,0.25,0.25,0.43,0.65,0.56,0.46,0.41,0.56,0.56,1.0,0.21,1.0,0.21,0.84,0.5,0.904,0.478,0.712
0.7,0.7,1.0,1.0,0.86,0.86,0.73,0.73,0.05,0.05,0.49,0.24,0.81,0.81,0.25,0.25,0.44,0.65,0.56,0.45,0.42,0.56,0.56,1.0,0.21,1.0,0.21,0.83,0.5,0.921,0.462,0.696
0.68,0.68,1.0,1.0,0.88,0.88,0.4,0.4,0.12,0.12,0.51,0.21,0.81,0.81,0.5,0.25,0.46,0.65,0.56,0.48,0.44,0.56,0.56,1.0,0.21,1.0,0.21,0.81,0.5,0.94,0.448,0.685
0.65,0.65,1.0,1.0,0.91,0.91,0.34,0.34,0.15,0.15,0.51,0.21,0.81,0.81,0.5,0.25,0.48,0.65,0.56,0.5,0.47,0.56,0.56,1.0,0.21,1.0,0.21,0.8,0.5,0.968,0.425,0.678
0.63,0.63,1.0,1.0,0.92,0.92,0.29,0.29,0.16,0.16,0.52,0.21,0.81,0.81,0.5,0.25,0.52,0.65,0.56,0.53,0.5,0.56,0.56,1.0,0.21,1.0,0.21,0.8,0.5,0.993,0.408,0.675
0.63,0.63,1.0,1.0,0.92,0.92,0.57,0.57,0.12,0.12,0.51,0.21,0.81,0.81,0.5,0.25,0.54,0.65,0.56,0.55,0.52,0.56,0.56,1.0,0.21,1.0,0.21,0.79,0.5,0.993,0.392,0.659
0.7,0.7,1.0,1.0,0.86,0.86,0.95,0.95,0.17,0.17,0.49,0.24,0.81,0.81,0.5,0.25,0.47,0.65,0.56,0.49,0.46,0.56,0.56,1.0,0.21,1.0,0.21,0.78,0.5,0.993,0.375,0.643
0.62,0.62,1.0,1.0,0.92,0.92,0.5,0.5,0.11,0.11,0.5,0.22,0.81,0.81,0.5,0.26,0.54,0.65,0.56,0.55,0.53,0.56,0.56,1.0,0.21,1.0,0.21,0.77,0.5,0.993,0.368,0.636
0.63,0.63,1.0,1.0,0.92,0.92,0.3,0.3,0.16,0.16,0.51,0.22,0.81,0.81,0.5,0.25,0.56,0.65,0.56,0.57,0.55,0.56,0.56,1.0,0.21,1.0,0.21,0.77,0.5,0.993,0.37,0.635
0.62,0.62,1.0,1.0,0.92,0.92,0.28,0.28,0.16,0.16,0.51,0.22,0.81,0.81,0.5,0.25,0.57,0.65,0.56,0.58,0.55,0.56,0.56,1.0,0.21,1.0,0.21,0.77,0.5,0.993,0.372,0.637
0.62,0.62,1.0,1.0,0.93,0.93,0.29,0.29,0.16,0.16,0.5,0.22,0.81,0.81,0.5,0.25,0.56,0.65,0.56,0.57,0.55,0.56,0.56,1.0,0.21,1.0,0.21,0.77,0.5,0.993,0.373,0.635
0.62,0.62,1.0,1.0,0.93,0.93,0.29,0.29,0.17,0.17,0.5,0.22,0.81,0.81,0.5,0.25,0.56,0.65,0.56,0.57,0.55,0.56,0.56,1.0,0.21,1.0,0.21,0.75,0.5,0.993,0.378,0.631
0.62,0.62,1.0,1.0,0.93,0.93,0.27,0.27,0.18,0.18,0.5,0.22,0.81,0.81,0.5,0.25,0.57,0.65,0.56,0.58,0.56,0.56,0.56,1.0,0.21,1.0,0.21,0.71,0.5,0.993,0.385,0.621
0.64,0.64,1.0,1.0,0.91,0.91,0.73,0.72,0.1,0.1,0.45,0.28,0.81,0.81,0.5,0.25,0.56,0.65,0.56,0.57,0.55,0.56,0.56,1.0,0.21,1.0,0.21,0.68,0.5,0.993,0.393,0.62
0.61,0.61,1.0,1.0,0.93,0.93,0.16,0.16,0.3,0.3,0.0,0.8,0.81,0.81,0.75,0.26,0.63,0.65,0.56,0.64,0.62,0.56,0.56,1.0,0.21,1.0,0.21,0.66,0.5,0.993,0.392,0.623
0.61,0.61,1.0,1.0,0.93,0.93,0.16,0.16,0.37,0.37,0.0,0.88,0.81,0.81,0.75,0.26,0.67,0.66,0.56,0.69,0.66,0.56,0.56,1.0,0.21,1.0,0.21,0.59,0.5,0.993,0.385,0.626
0.63,0.63,1.0,1.0,0.92,0.92,0.16,0.16,0.43,0.43,0.0,0.92,0.81,0.81,0.75,0.27,0.71,0.66,0.56,0.72,0.7,0.56,0.56,1.0,0.21,1.0,0.21,0.5,0.5,0.979,0.392,0.625
0.63,0.63,1.0,1.0,0.92,0.92,0.16,0.16,0.41,0.41,0.0,0.91,0.81,0.81,0.75,0.27,0.71,0.66,0.56,0.72,0.7,0.56,0.56,1.0,0.21,1.0,0.21,0.43,0.14,0.955,0.405,0.615
0.62,0.62,1.0,1.0,0.93,0.93,0.88,0.88,0.11,0.11,0.45,0.28,0.8,0.81,0.75,0.27,0.64,0.67,0.56,0.63,0.64,0.56,0.56,1.0,0.21,1.0,0.21,0.34,0.18,0.924,0.402,0.611
0.6,0.6,1.0,1.0,0.94,0.94,0.32,0.32,0.18,0.18,0.46,0.26,0.81,0.81,0.75,0.27,0.66,0.67,0.56,0.66,0.67,0.56,0.56,1.0,0.21,1.0,0.21,0.19,0.21,0.896,0.403,0.609
0.58,0.58,1.0,1.0,0.96,0.96,0.27,0.27,0.2,0.2,0.46,0.26,0.81,0.81,0.75,0.27,0.72,0.67,0.55,0.72,0.72,0.55,0.55,1.0,0.21,1.0,0.21,0.12,0.29,0.881,0.405,0.611
0.58,0.58,1.0,1.0,0.96,0.96,0.25,0.25,0.2,0.2,0.46,0.26,0.81,0.81,0.75,0.28,0.81,0.67,0.46,0.81,0.82,0.46,0.46,1.0,0.21,1.0,0.21,0.09,0.33,0.862,0.407,0.612
0.58,0.58,1.0,1.0,0.96,0.96,0.22,0.22,0.21,0.21,0.45,0.27,0.7,0.69,0.75,0.28,0.9,0.67,0.36,0.89,0.9,0.36,0.36,1.0,0.24,1.0,0.25,0.06,0.39,0.847,0.415,0.619
0.58,0.58,1.0,1.0,0.96,0.96,0.22,0.22,0.21,0.21,0.44,0.28,0.63,0.6,0.75,0.27,0.93,0.66,0.33,0.93,0.93,0.33,0.33,0.97,0.27,0.95,0.27,0.05,0.46,0.858,0.417,0.603
0.59,0.59,1.0,1.0,0.95,0.95,0.57,0.57,0.12,0.12,0.41,0.32,0.45,0.39,0.75,0.27,0.94,0.66,0.31,0.93,0.94,0.31,0.31,0.85,0.32,0.81,0.33,0.04,0.54,0.869,0.42,0.595
0.59,0.59,1.0,1.0,0.95,0.95,0.26,0.26,0.2,0.2,0.41,0.32,0.24,0.15,0.75,0.27,0.95,0.66,0.31,0.95,0.96,0.31,0.31,0.71,0.38,0.65,0.41,0.04,0.55,0.871,0.422,0.593
0.57,0.57,1.0,1.0,0.96,0.96,0.2,0.19,0.21,0.21,0.4,0.32,0.13,0.1,1.0,0.24,0.97,0.65,0.27,0.97,0.97,0.27,0.27,0.64,0.41,0.62,0.42,0.04,0.57,0.873,0.422,0.589
0.57,0.57,1.0,1.0,0.97,0.97,0.16,0.16,0.21,0.21,0.39,0.33,0.12,0.1,1.0,0.24,0.97,0.64,0.27,0.97,0.97,0.27,0.27,0.63,0.42,0.62,0.42,0.03,0.59,0.867,0.42,0.589
0.6,0.6,1.0,1.0,0.95,0.95,0.21,0.21,0.21,0.21,0.39,0.33,0.36,0.34,0.75,0.31,0.83,0.7,0.44,0.82,0.84,0.44,0.44,0.79,0.34,0.78,0.35,0.13,0.54,0.857,0.42,0.589
0.6,0.6,1.0,1.0,0.94,0.94,0.74,0.73,0.12,0.12,0.38,0.35,0.72,0.7,0.75,0.31,0.76,0.7,0.54,0.74,0.77,0.54,0.54,1.0,0.24,1.0,0.24,0.17,0.45,0.852,0.423,0.585
0.58,0.58,1.0,1.0,0.96,0.96,0.54,0.54,0.14,0.14,0.39,0.34,0.81,0.81,0.75,0.28,0.7,0.67,0.56,0.69,0.71,0.56,0.56,1.0,0.21,1.0,0.21,0.13,0.47,0.85,0.428,0.59
0.57,0.57,1.0,1.0,0.97,0.97,0.32,0.32,0.21,0.21,0.4,0.32,0.81,0.81,0.75,0.26,0.61,0.66,0.56,0.61,0.62,0.56,0.56,1.0,0.21,1.0,0.21,0.1,0.38,0.85,0.435,0.59
0.56,0.56,1.0,1.0,0.97,0.97,0.7,0.69,0.14,0.14,0.39,0.34,0.81,0.81,0.75,0.25,0.53,0.65,0.56,0.53,0.53,0.56,0.56,1.0,0.21,1.0,0.21,0.1,0.34,0.851,0.445,0.591
0.58,0.58,1.0,1.0,0.96,0.96,0.6,0.59,0.12,0.12,0.39,0.34,0.81,0.81,0.75,0.25,0.48,0.65,0.56,0.48,0.49,0.56,0.56,1.0,0.21,1.0,0.21,0.18,0.33,0.858,0.448,0.591
0.58,0.58,1.0,1.0,0.96,0.96,0.36,0.36,0.16,0.16,0.39,0.33,0.81,0.81,0.75,0.25,0.51,0.65,0.56,0.49,0.52,0.56,0.56,1.0,0.21,1.0,0.21,0.42,0.33,0.856,0.44,0.582
0.59,0.59,1.0,1.0,0.95,0.95,0.33,0.33,0.16,0.16,0.38,0.34,0.81,0.81,0.5,0.25,0.43,0.65,0.56,0.41,0.45,0.56,0.56,1.0,0.21,1.0,0.21,0.62,0.5,0.844,0.443,0.562
0.61,0.61,1.0,1.0,0.94,0.94,0.33,0.33,0.15,0.15,0.37,0.36,0.81,0.81,0.5,0.24,0.48,0.65,0.56,0.47,0.5,0.56,0.56,1.0,0.21,1.0,0.21,0.8,0.5,0.821,0.447,0.555
0.63,0.63,1.0,1.0,0.91,0.91,0.36,0.36,0.13,0.13,0.36,0.36,0.81,0.81,0.25,0.24,0.52,0.65,0.56,0.5,0.53,0.56,0.56,1.0,0.21,1.0,0.21,0.86,0.5,0.812,0.447,0.55
0.66,0.66,1.0,1.0,0.89,0.89,0.41,0.41,0.1,0.1,0.37,0.36,0.81,0.81,0.25,0.25,0.51,0.65,0.56,0.49,0.52,0.56,0.56,1.0,0.21,1.0,0.21,0.87,0.5,0.809,0.447,0.541
0.67,0.67,1.0,1.0,0.89,0.89,0.44,0.44,0.1,0.1,0.37,0.35,0.81,0.81,0.25,0.25,0.51,0.65,0.56,0.49,0.52,0.56,0.56,1.0,0.21,1.0,0.21,0.87,0.5,0.806,0.45,0.532
0.66,0.66,1.0,1.0,0.89,0.89,0.83,0.83,0.06,0.06,0.37,0.36,0.81,0.81,0.25,0.25,0.46,0.65,0.56,0.46,0.47,0.56,0.56,1.0,0.21,1.0,0.21,0.85,0.5,0.804,0.46,0.519
0.6,0.6,1.0,1.0,0.94,0.94,0.29,0.29,0.21,0.21,0.4,0.32,0.81,0.81,0.5,0.25,0.45,0.65,0.56,0.45,0.46,0.56,0.56,1.0,0.21,1.0,0.21,0.85,0.5,0.804,0.457,0.506
0.58,0.58,1.0,1.0,0.96,0.96,0.16,0.16,0.27,0.27,0.42,0.31,0.81,0.81,0.5,0.25,0.48,0.65,0.56,0.48,0.49,0.56,0.56,1.0,0.21,1.0,0.21,0.84,0.5,0.818,0.452,0.497
0.58,0.58,1.0,1.0,0.96,0.96,0.16,0.16,0.31,0.31,0.42,0.3,0.81,0.81,0.5,0.25,0.49,0.65,0.56,0.49,0.5,0.56,0.56,1.0,0.21,1.0,0.21,0.82,0.5,0.826,0.453,0.49
0.58,0.58,1.0,1.0,0.96,0.96,0.41,0.41,0.17,0.17,0.41,0.32,0.81,0.81,0.5,0.25,0.43,0.65,0.56,0.43,0.44,0.56,0.56,1.0,0.21,1.0,0.21,0.8,0.5,0.824,0.462,0.487
0.6,0.6,1.0,1.0,0.94,0.94,0.64,0.64,0.09,0.09,0.39,0.34,0.81,0.81,0.5,0.25,0.41,0.65,0.56,0.4,0.41,0.56,0.56,1.0,0.21,1.0,0.21,0.8,0.5,0.798,0.478,0.485
0.61,0.61,1.0,1.0,0.94,0.94,0.43,0.43,0.12,0.12,0.39,0.34,0.81,0.81,0.5,0.25,0.43,0.65,0.56,0.42,0.43,0.56,0.56,1.0,0.21,1.0,0.21,0.8,0.5,0.784,0.485,0.487
0.6,0.6,1.0,1.0,0.94,0.94,0.39,0.39,0.13,0.13,0.38,0.34,0.81,0.81,0.5,0.25,0.43,0.65,0.56,0.42,0.44,0.56,0.56,1.0,0.21,1.0,0.21,0.8,0.5,0.769,0.487,0.485
0.6,0.6,1.0,1.0,0.94,0.94,0.39,0.39,0.13,0.13,0.39,0.34,0.81,0.81,0.25,0.25,0.43,0.65,0.56,0.42,0.43,0.56,0.56,1.0,0.21,1.0,0.21,0.79,0.5,0.77,0.485,0.486
0.6,0.6,1.0,1.0,0.94,0.94,0.36,0.36,0.13,0.13,0.39,0.33,0.81,0.81,0.25,0.25,0.43,0.65,0.56,0.42,0.43,0.56,0.56,1.0,0.21,1.0,0.21,0.78,0.5,0.783,0.48,0.488
0.6,0.6,1.0,1.0,0.94,0.94,0.34,0.34,0.14,0.14,0.39,0.33,0.81,0.81,0.5,0.25,0.43,0.65,0.56,0.42,0.44,0.56,0.56,1.0,0.21,1.0,0.21,0.78,0.5,0.819,0.472,0.478
0.6,0.6,1.0,1.0,0.94,0.94,0.32,0.32,0.15,0.15,0.4,0.32,0.81,0.81,0.5,0.25,0.44,0.65,0.56,0.44,0.44,0.56,0.56,1.0,0.21,1.0,0.21,0.77,0.5,0.855,0.45,0.477
0.6,0.6,1.0,1.0,0.94,0.94,0.29,0.29,0.19,0.19,0.41,0.31,0.81,0.81,0.5,0.25,0.49,0.65,0.56,0.49,0.49,0.56,0.56,1.0,0.21,1.0,0.21,0.72,0.5,0.893,0.435,0.475
0.6,0.6,1.0,1.0,0.94,0.94,0.21,0.21,0.22,0.22,0.41,0.32,0.81,0.81,0.5,0.25,0.51,0.65,0.56,0.51,0.5,0.56,0.56,1.0,0.21,1.0,0.21,0.71,0.5,0.926,0.423,0.463
0.6,0.6,1.0,1.0,0.95,0.95,0.16,0.16,0.24,0.24,0.4,0.32,0.81,0.81,0.75,0.25,0.54,0.65,0.56,0.53,0.54,0.56,0.56,1.0,0.21,1.0,0.21,0.68,0.5,0.951,0.417,0.455
0.59,0.59,1.0,1.0,0.95,0.95,0.16,0.16,0.25,0.25,0.4,0.32,0.81,0.81,0.75,0.25,0.57,0.65,0.56,0.56,0.57,0.56,0.56,1.0,0.21,1.0,0.21,0.67,0.5,0.976,0.41,0.455
0.59,0.59,1.0,1.0,0.95,0.95,0.16,0.16,0.24,0.24,0.4,0.32,0.81,0.81,0.75,0.25,0.59,0.65,0.56,0.58,0.6,0.56,0.56,1.0,0.21,1.0,0.21,0.68,0.5,0.976,0.408,0.452
0.59,0.59,1.0,1.0,0.95,0.95,0.18,0.18,0.22,0.22,0.4,0.33,0.81,0.81,0.5,0.24,0.51,0.65,0.56,0.5,0.52,0.56,0.56,1.0,0.21,1.0,0.21,0.68,0.5,0.96,0.413,0.463
0.59,0.59,1.0,1.0,0.95,0.95,0.22,0.22,0.19,0.19,0.39,0.34,0.81,0.81,0.5,0.25,0.46,0.65,0.56,0.45,0.47,0.56,0.56,1.0,0.21,1.0,0.21,0.67,0.5,0.934,0.417,0.48
0.59,0.59,1.0,1.0,0.95,0.95,0.24,0.24,0.16,0.16,0.39,0.33,0.81,0.81,0.5,0.25,0.44,0.65,0.56,0.43,0.46,0.56,0.56,1.0,0.21,1.0,0.21,0.66,0.5,0.921,0.42,0.492
0.59,0.59,1.0,1.0,0.95,0.95,0.28,0.28,0.15,0.15,0.39,0.33,0.81,0.81,0.5,0.25,0.44,0.65,0.56,0.43,0.45,0.56,0.56,1.0,0.21,1.0,0.21,0.65,0.5,0.916,0.418,0.491
0.59,0.59,1.0,1.0,0.95,0.95,0.3,0.3,0.15,0.15,0.4,0.33,0.81,0.81,0.5,0.26,0.43,0.65,0.56,0.42,0.44,0.56,0.56,1.0,0.21,1.0,0.21,0.65,0.5,0.903,0.427,0.491
0.59,0.59,1.0,1.0,0.95,0.95,0.29,0.29,0.16,0.16,0.4,0.33,0.81,0.81,0.5,0.26,0.44,0.66,0.56,0.43,0.45,0.56,0.56,1.0,0.21,1.0,0.21,0.65,0.5,0.898,0.428,0.486
0.59,0.59,1.0,1.0,0.95,0.95,0.27,0.27,0.18,0.18,0.4,0.32,0.81,0.81,0.5,0.26,0.47,0.66,0.56,0.46,0.48,0.56,0.56,1.0,0.21,1.0,0.21,0.65,0.5,0.905,0.432,0.484
0.58,0.58,1.0,1.0,0.96,0.96,0.16,0.16,0.27,0.27,0.43,0.3,0.81,0.81,0.5,0.26,0.56,0.66,0.56,0.55,0.57,0.56,0.56,1.0,0.21,1.0,0.21,0.65,0.5,0.916,0.43,0.483
0.58,0.58,1.0,1.0,0.96,0.96,0.16,0.16,0.36,0.36,0.46,0.26,0.81,0.81,0.75,0.26,0.61,0.65,0.56,0.61,0.61,0.56,0.56,1.0,0.21,1.0,0.21,0.64,0.5,0.925,0.427,0.487
0.58,0.58,1.0,1.0,0.96,0.96,0.16,0.16,0.38,0.38,0.47,0.26,0.81,0.81,0.75,0.25,0.65,0.65,0.56,0.65,0.65,0.56,0.56,1.0,0.21,1.0,0.21,0.63,0.5,0.924,0.428,0.488
0.58,0.58,1.0,1.0,0.96,0.96,0.16,0.16,0.38,0.38,0.46,0.26,0.81,0.81,0.75,0.25,0.66,0.65,0.56,0.66,0.66,0.56,0.56,1.0,0.21,1.0,0.21,0.64,0.5,0.914,0.433,0.491
0.58,0.58,1.0,1.0,0.96,0.96,0.16,0.16,0.37,0.37,0.46,0.26,0.81,0.81,0.75,0.25,0.61,0.65,0.56,0.61,0.62,0.56,0.56,1.0,0.21,1.0,0.21,0.64,0.5,0.896,0.437,0.498
0.58,0.58,1.0,1.0,0.96,0.96,0.16,0.16,0.34,0.34,0.45,0.27,0.81,0.81,0.75,0.26,0.57,0.65,0.56,0.56,0.57,0.56,0.56,1.0,0.21,1.0,0.21,0.63,0.5,0.849,0.442,0.497
0.58,0.58,1.0,1.0,0.96,0.96,0.16,0.16,0.31,0.31,0.45,0.28,0.81,0.81,0.75,0.26,0.57,0.66,0.56,0.56,0.57,0.56,0.56,1.0,0.21,1.0,0.21,0.55,0.5,0.816,0.45,0.494
0.58,0.58,1.0,1.0,0.96,0.96,0.16,0.16,0.28,0.28,0.43,0.29,0.81,0.81,0.5,0.26,0.56,0.66,0.56,0.56,0.55,0.56,0.56,1.0,0.21,1.0,0.21,0.48,0.5,0.804,0.46,0.492
0.58,0.58,1.0,1.0,0.96,0.96,0.16,0.16,0.25,0.25,0.43,0.29,0.81,0.81,0.5,0.26,0.54,0.66,0.56,0.54,0.54,0.56,0.56,1.0,0.21,1.0,0.21,0.37,0.22,0.804,0.462,0.491
0.59,0.59,1.0,1.0,0.95,0.95,0.72,0.71,0.1,0.1,0.41,0.31,0.77,0.8,0.5,0.28,0.57,0.67,0.56,0.57,0.56,0.56,0.56,1.0,0.22,1.0,0.22,0.23,0.32,0.831,0.458,0.49
0.59,0.59,1.0,1.0,0.95,0.95,0.4,0.4,0.14,0.14,0.41,0.31,0.61,0.63,0.5,0.31,0.66,0.7,0.51,0.66,0.67,0.51,0.51,0.96,0.27,0.97,0.26,0.16,0.34,0.858,0.455,0.485
0.6,0.6,1.0,1.0,0.94,0.94,0.31,0.31,0.17,0.17,0.42,0.3,0.54,0.54,0.5,0.32,0.75,0.7,0.49,0.75,0.75,0.49,0.49,0.91,0.29,0.91,0.29,0.13,0.38,0.891,0.455,0.481
0.61,0.61,1.0,1.0,0.94,0.94,0.69,0.69,0.1,0.1,0.42,0.31,0.57,0.57,0.5,0.32,0.79,0.7,0.44,0.78,0.79,0.44,0.44,0.93,0.28,0.93,0.28,0.11,0.39,0.91,0.46,0.484
0.6,0.6,1.0,1.0,0.94,0.94,0.42,0.42,0.13,0.13,0.42,0.31,0.58,0.58,0.5,0.31,0.91,0.69,0.35,0.9,0.91,0.35,0.35,0.94,0.28,0.94,0.28,0.06,0.48,0.92,0.463,0.487
0.59,0.59,1.0,1.0,0.95,0.95,0.25,0.25,0.19,0.19,0.42,0.3,0.43,0.4,0.75,0.27,0.94,0.67,0.32,0.94,0.94,0.32,0.32,0.84,0.32,0.82,0.33,0.04,0.49,0.921,0.467,0.489
0.59,0.59,1.0,1.0,0.95,0.95,0.51,0.51,0.15,0.15,0.4,0.32,0.39,0.36,0.75,0.27,0.94,0.67,0.34,0.93,0.94,0.34,0.34,0.81,0.33,0.79,0.34,0.04,0.5,0.909,0.465,0.489
0.58,0.58,1.0,1.0,0.96,0.96,0.16,0.16,0.3,0.3,0.21,0.52,0.33,0.28,0.75,0.28,0.93,0.67,0.35,0.92,0.93,0.35,0.35,0.77,0.35,0.74,0.37,0.04,0.49,0.885,0.468,0.49
0.58,0.58,1.0,1.0,0.96,0.96,0.16,0.16,0.4,0.4,0.21,0.52,0.33,0.27,1.0,0.28,0.93,0.67,0.35,0.92,0.93,0.35,0.35,0.77,0.35,0.73,0.37,0.04,0.49,0.843,0.473,0.493
0.57,0.57,1.0,1.0,0.96,0.96,0.16,0.16,0.47,0.47,0.0,0.89,0.38,0.34,0.75,0.29,0.9,0.68,0.39,0.89,0.9,0.39,0.39,0.8,0.34,0.78,0.35,0.04,0.49,0.819,0.488,0.491
0.57,0.57,1.0,1.0,0.97,0.97,0.16,0.16,0.42,0.42,0.0,0.88,0.4,0.39,0.75,0.3,0.8,0.68,0.52,0.79,0.8,0.52,0.52,0.82,0.33,0.81,0.34,0.06,0.51,0.81,0.495,0.496
0.58,0.58,1.0,1.0,0.96,0.96,0.92,0.92,0.19,0.19,0.39,0.34,0.39,0.38,0.75,0.33,0.73,0.71,0.46,0.72,0.75,0.46,0.46,0.81,0.34,0.8,0.34,0.12,0.48,0.821,0.49,0.501
0.59,0.59,1.0,1.0,0.95,0.95,0.28,0.28,0.21,0.21,0.4,0.32,0.4,0.39,0.75,0.33,0.69,0.71,0.56,0.68,0.71,0.56,0.56,0.82,0.33,0.81,0.34,0.19,0.41,0.857,0.482,0.498
0.59,0.59,1.0,1.0,0.95,0.95,0.35,0.35,0.2,0.2,0.39,0.33,0.36,0.34,0.75,0.33,0.71,0.71,0.56,0.7,0.73,0.56,0.56,0.79,0.34,0.78,0.35,0.38,0.36,0.877,0.475,0.499
0.62,0.62,1.0,1.0,0.93,0.93,0.54,0.54,0.13,0.13,0.38,0.34,0.4,0.4,0.75,0.33,0.69,0.71,0.56,0.67,0.71,0.56,0.56,0.82,0.33,0.82,0.33,0.51,0.5,0.897,0.482,0.499
0.61,0.61,1.0,1.0,0.93,0.93,0.27,0.27,0.21,0.21,0.37,0.35,0.48,0.48,0.75,0.32,0.71,0.7,0.56,0.69,0.73,0.56,0.56,0.87,0.31,0.87,0.31,0.63,0.5,0.914,0.473,0.494
0.66,0.66,1.0,1.0,0.9,0.9,0.92,0.92,0.15,0.15,0.37,0.35,0.57,0.58,0.5,0.3,0.67,0.69,0.56,0.64,0.69,0.56,0.56,0.93,0.28,0.94,0.28,0.7,0.5,0.928,0.458,0.497
0.64,0.64,1.0,1.0,0.91,0.91,0.4,0.4,0.16,0.16,0.37,0.35,0.66,0.64,0.5,0.3,0.66,0.68,0.56,0.64,0.68,0.56,0.56,0.99,0.25,0.98,0.26,0.79,0.5,0.927,0.453,0.496
0.63,0.63,1.0,1.0,0.92,0.92,0.33,0.33,0.17,0.17,0.36,0.36,0.81,0.81,0.5,0.27,0.61,0.67,0.56,0.6,0.62,0.56,0.56,1.0,0.21,1.0,0.21,0.86,0.5,0.896,0.442,0.489
0.63,0.63,1.0,1.0,0.92,0.92,0.36,0.36,0.15,0.15,0.35,0.37,0.81,0.81,0.25,0.26,0.59,0.66,0.56,0.59,0.6,0.56,0.56,1.0,0.21,1.0,0.21,0.9,0.5,0.881,0.44,0.499
0.63,0.63,1.0,1.0,0.92,0.92,0.38,0.38,0.15,0.15,0.35,0.37,0.81,0.81,0.25,0.26,0.59,0.66,0.56,0.58,0.59,0.56,0.56,1.0,0.21,1.0,0.21,0.91,0.5,0.866,0.45,0.507
0.63,0.63,1.0,1.0,0.92,0.92,0.4,0.4,0.15,0.15,0.34,0.38,0.81,0.81,0.25,0.26,0.57,0.66,0.56,0.56,0.57,0.56,0.56,1.0,0.21,1.0,0.21,0.9,0.5,0.843,0.46,0.502
0.63,0.63,1.0,1.0,0.92,0.92,0.42,0.42,0.14,0.14,0.34,0.38,0.81,0.81,0.25,0.26,0.58,0.65,0.56,0.57,0.59,0.56,0.56,1.0,0.21,1.0,0.21,0.9,0.5,0.824,0.472,0.503
0.63,0.63,1.0,1.0,0.92,0.92,0.41,0.41,0.15,0.15,0.34,0.38,0.81,0.81,0.25,0.26,0.58,0.65,0.56,0.57,0.58,0.56,0.56,1.0,0.21,1.0,0.21,0.88,0.5,0.81,0.485,0.502
0.62,0.62,1.0,1.0,0.93,0.93,0.4,0.4,0.15,0.15,0.33,0.39,0.81,0.81,0.25,0.26,0.58,0.65,0.56,0.57,0.58,0.56,0.56,1.0,0.21,1.0,0.21,0.88,0.5,0.809,0.502,0.501
0.62,0.62,1.0,1.0,0.93,0.93,0.4,0.4,0.14,0.14,0.33,0.39,0.81,0.81,0.25,0.26,0.56,0.65,0.56,0.55,0.57,0.56,0.56,1.0,0.21,1.0,0.21,0.87,0.5,0.797,0.5,0.5
0.62,0.62,1.0,1.0,0.93,0.93,0.45,0.45,0.14,0.14,0.34,0.39,0.81,0.81,0.25,0.26,0.56,0.65,0.56,0.55,0.57,0.56,0.56,1.0,0.21,1.0,0.21,0.84,0.5,0.792,0.497,0.502
0.61,0.61,1.0,1.0,0.93,0.93,0.64,0.64,0.09,0.09,0.34,0.39,0.81,0.81,0.25,0.26,0.57,0.65,0.56,0.56,0.58,0.56,0.56,1.0,0.21,1.0,0.21,0.79,0.5,0.791,0.493,0.5
0.61,0.61,1.0,1.0,0.93,0.93,0.44,0.44,0.12,0.12,0.33,0.39,0.81,0.81,0.5,0.25,0.58,0.65,0.56,0.56,0.59,0.56,0.56,1.0,0.21,1.0,0.21,0.74,0.5,0.793,0.492,0.496
0.61,0.61,1.0,1.0,0.93,0.93,0.41,0.41,0.12,0.12,0.34,0.38,0.81,0.81,0.5,0.25,0.53,0.65,0.56,0.51,0.54,0.56,0.56,1.0,0.21,1.0,0.21,0.68,0.5,0.797,0.49,0.483
0.61,0.61,1.0,1.0,0.94,0.94,0.41,0.41,0.12,0.12,0.35,0.37,0.81,0.81,0.5,0.25,0.47,0.65,0.56,0.46,0.49,0.56,0.56,1.0,0.21,1.0,0.21,0.6,0.5,0.804,0.488,0.482
0.6,0.6,1.0,1.0,0.94,0.94,0.41,0.41,0.12,0.12,0.35,0.37,0.81,0.81,0.5,0.25,0.45,0.65,0.56,0.43,0.47,0.56,0.56,1.0,0.21,1.0,0.21,0.56,0.5,0.819,0.485,0.478
0.59,0.59,1.0,1.0,0.95,0.95,0.4,0.4,0.13,0.13,0.35,0.37,0.81,0.81,0.5,0.25,0.44,0.65,0.56,0.43,0.46,0.56,0.56,1.0,0.21,1.0,0.21,0.55,0.5,0.823,0.485,0.466
0.59,0.59,1.0,1.0,0.95,0.95,0.39,0.39,0.14,0.14,0.35,0.37,0.81,0.81,0.5,0.24,0.44,0.65,0.56,0.43,0.46,0.56,0.56,1.0,0.21,1.0,0.21,0.55,0.5,0.824,0.482,0.475
0.59,0.59,1.0,1.0,0.95,0.95,0.37,0.37,0.14,0.14,0.35,0.37,0.81,0.81,0.5,0.24,0.47,0.65,0.56,0.46,0.49,0.56,0.56,1.0,0.21,1.0,0.21,0.52,0.5,0.837,0.482,0.47
0.59,0.59,1.0,1.0,0.95,0.95,0.36,0.36,0.15,0.15,0.35,0.37,0.81,0.81,0.5,0.24,0.43,0.65,0.56,0.41,0.46,0.56,0.56,1.0,0.21,1.0,0.21,0.5,0.5,0.858,0.487,0.465
0.58,0.58,1.0,1.0,0.96,0.96,0.38,0.38,0.14,0.14,0.35,0.37,0.81,0.81,0.5,0.24,0.4,0.65,0.56,0.38,0.41,0.56,0.56,1.0,0.21,1.0,0.21,0.49,0.5,0.888,0.49,0.46
0.59,0.59,1.0,1.0,0.95,0.95,0.42,0.42,0.11,0.11,0.33,0.4,0.81,0.81,0.5,0.25,0.37,0.65,0.56,0.35,0.39,0.56,0.56,1.0,0.21,1.0,0.21,0.5,0.5,0.889,0.49,0.461
0.6,0.6,1.0,1.0,0.94,0.94,0.46,0.46,0.1,0.1,0.33,0.4,0.81,0.81,0.5,0.25,0.34,0.65,0.56,0.32,0.36,0.56,0.56,1.0,0.21,1.0,0.21,0.5,0.5,0.876,0.492,0.455
0.61,0.61,1.0,1.0,0.94,0.94,0.48,0.48,0.09,0.09,0.33,0.39,0.81,0.81,0.5,0.25,0.33,0.65,0.56,0.31,0.35,0.56,0.56,1.0,0.21,1.0,0.21,0.5,0.5,0.879,0.493,0.464
0.62,0.62,1.0,1.0,0.93,0.93,0.56,0.56,0.09,0.09,0.34,0.39,0.81,0.81,0.5,0.26,0.33,0.66,0.56,0.31,0.35,0.56,0.56,1.0,0.21,1.0,0.21,0.5,0.5,0.867,0.498,0.464
0.63,0.63,1.0,1.0,0.92,0.92,0.57,0.57,0.09,0.09,0.35,0.38,0.81,0.81,0.5,0.26,0.34,0.66,0.56,0.33,0.36,0.56,0.56,1.0,0.21,1.0,0.21,0.5,0.5,0.868,0.503,0.461
0.62,0.62,1.0,1.0,0.93,0.93,0.41,0.41,0.13,0.13,0.34,0.39,0.81,0.81,0.5,0.26,0.35,0.66,0.56,0.34,0.37,0.56,0.56,1.0,0.21,1.0,0.21,0.49,0.5,0.872,0.497,0.457
0.6,0.6,1.0,1.0,0.94,0.94,0.39,0.39,0.14,0.14,0.34,0.38,0.81,0.81,0.5,0.26,0.39,0.66,0.56,0.37,0.4,0.56,0.56,1.0,0.21,1.0,0.21,0.49,0.5,0.877,0.492,0.454
0.6,0.6,1.0,1.0,0.94,0.94,0.38,0.38,0.14,0.14,0.34,0.38,0.81,0.81,0.5,0.26,0.41,0.65,0.56,0.39,0.42,0.56,0.56,1.0,0.21,1.0,0.21,0.49,0.5,0.89,0.487,0.455
0.59,0.59,1.0,1.0,0.95,0.95,0.35,0.35,0.17,0.17,0.34,0.39,0.81,0.81,0.5,0.25,0.41,0.65,0.56,0.4,0.42,0.56,0.56,1.0,0.21,1.0,0.21,0.48,0.5,0.9,0.485,0.443
0.58,0.58,1.0,1.0,0.96,0.96,0.31,0.31,0.18,0.18,0.34,0.39,0.81,0.81,0.5,0.25,0.44,0.65,0.56,0.42,0.45,0.56,0.56,1.0,0.21,1.0,0.21,0.47,0.5,0.918,0.485,0.454
0.58,0.58,1.0,1.0,0.96,0.96,0.29,0.28,0.2,0.2,0.34,0.39,0.81,0.81,0.5,0.25,0.48,0.65,0.56,0.46,0.5,0.56,0.56,1.0,0.21,1.0,0.21,0.48,0.5,0.914,0.482,0.456
0.58,0.58,1.0,1.0,0.96,0.96,0.32,0.32,0.18,0.18,0.34,0.38,0.81,0.81,0.5,0.25,0.51,0.65,0.56,0.49,0.53,0.56,0.56,1.0,0.21,1.0,0.21,0.5,0.5,0.897,0.485,0.457
0.58,0.58,1.0,1.0,0.96,0.96,0.33,0.33,0.18,0.18,0.34,0.38,0.81,0.81,0.5,0.25,0.51,0.65,0.56,0.49,0.52,0.56,0.56,1.0,0.21,1.0,0.21,0.52,0.5,0.879,0.487,0.46
0.58,0.58,1.0,1.0,0.96,0.96,0.16,0.16,0.3,0.3,0.0,0.78,0.81,0.81,0.75,0.25,0.57,0.65,0.56,0.56,0.57,0.56,0.56,1.0,0.21,1.0,0.21,0.51,0.5,0.872,0.488,0.464
0.58,0.58,1.0,1.0,0.96,0.96,0.16,0.16,0.34,0.34,0.0,0.85,0.81,0.81,0.75,0.25,0.59,0.65,0.56,0.58,0.59,0.56,0.56,1.0,0.21,1.0,0.21,0.47,0.5,0.872,0.495,0.467
0.58,0.58,1.0,1.0,0.96,0.96,0.16,0.16,0.36,0.36,0.0,0.86,0.81,0.81,0.75,0.25,0.58,0.65,0.56,0.58,0.58,0.56,0.56,1.0,0.21,1.0,0.21,0.41,0.9,0.861,0.505,0.466
0.58,0.58,1.0,1.0,0.96,0.96,0.16,0.16,0.36,0.36,0.0,0.85,0.81,0.81,0.75,0.26,0.59,0.65,0.56,0.58,0.6,0.56,0.56,1.0,0.21,1.0,0.21,0.38,1.0,0.871,0.502,0.466
0.58,0.58,1.0,1.0,0.96,0.96,0.16,0.16,0.29,0.29,0.13,0.6,0.81,0.81,0.75,0.26,0.6,0.65,0.56,0.6,0.61,0.56,0.56,1.0,0.21,1.0,0.21,0.37,0.76,0.908,0.493,0.447
0.58,0.58,1.0,1.0,0.96,0.96,0.31,0.31,0.19,0.18,0.36,0.37,0.81,0.81,0.5,0.26,0.58,0.66,0.56,0.57,0.6,0.56,0.56,1.0,0.21,1.0,0.21,0.37,0.3,0.946,0.482,0.428
0.58,0.58,1.0,1.0,0.96,0.96,0.3,0.3,0.19,0.19,0.35,0.37,0.81,0.81,0.5,0.26,0.57,0.66,0.56,0.55,0.58,0.56,0.56,1.0,0.21,1.0,0.21,0.37,0.12,0.979,0.477,0.425
0.58,0.58,1.0,1.0,0.96,0.96,0.29,0.29,0.2,0.2,0.35,0.37,0.81,0.81,0.5,0.26,0.55,0.66,0.56,0.53,0.56,0.56,0.56,1.0,0.21,1.0,0.21,0.36,0.06,0.993,0.477,0.425
0.58,0.58,1.0,1.0,0.96,0.96,0.28,0.28,0.2,0.2,0.35,0.37,0.81,0.81,0.75,0.26,0.54,0.66,0.56,0.53,0.55,0.56,0.56,1.0,0.21,1.0,0.21,0.3,0.05,0.993,0.468,0.426
0.59,0.59,1.0,1.0,0.95,0.95,0.79,0.78,0.11,0.11,0.36,0.37,0.81,0.81,0.75,0.26,0.54,0.66,0.56,0.53,0.54,0.56,0.56,1.0,0.21,1.0,0.21,0.16,0.26,0.989,0.47,0.421
0.58,0.58,1.0,1.0,0.96,0.96,0.38,0.38,0.17,0.17,0.37,0.36,0.81,0.81,0.75,0.26,0.58,0.66,0.56,0.57,0.59,0.56,0.56,1.0,0.21,1.0,0.21,0.11,0.32,0.964,0.47,0.424
0.58,0.58,1.0,1.0,0.96,0.96,0.34,0.34,0.18,0.18,0.36,0.37,0.81,0.81,0.75,0.27,0.67,0.66,0.56,0.67,0.68,0.56,0.56,1.0,0.21,1.0,0.21,0.09,0.32,0.947,0.478,0.43
0.58,0.58,1.0,1.0,0.96,0.96,0.31,0.31,0.18,0.18,0.36,0.36,0.81,0.81,0.75,0.27,0.77,0.67,0.47,0.76,0.77,0.47,0.47,1.0,0.21,1.0,0.21,0.07,0.34,0.919,0.483,0.439
0.58,0.58,1.0,1.0,0.96,0.96,0.29,0.29,0.18,0.18,0.36,0.36,0.81,0.81,0.75,0.28,0.74,0.67,0.48,0.73,0.75,0.48,0.48,1.0,0.21,1.0,0.21,0.07,0.35,0.889,0.485,0.443
0.58,0.58,1.0,1.0,0.96,0.96,0.38,0.38,0.17,0.17,0.36,0.37,0.81,0.8,0.75,0.28,0.67,0.67,0.55,0.66,0.69,0.55,0.55,1.0,0.21,1.0,0.21,0.13,0.45,0.867,0.497,0.441
0.59,0.59,1.0,1.0,0.95,0.95,0.61,0.61,0.13,0.13,0.36,0.36,0.73,0.77,0.75,0.29,0.64,0.68,0.56,0.61,0.67,0.56,0.56,1.0,0.23,1.0,0.22,0.23,1.0,0.853,0.507,0.445
0.58,0.58,1.0,1.0,0.96,0.96,0.16,0.16,0.26,0.26,0.38,0.35,0.72,0.7,0.75,0.29,0.63,0.68,0.56,0.59,0.67,0.56,0.56,1.0,0.24,1.0,0.24,0.29,1.0,0.84,0.508,0.448
0.58,0.58,1.0,1.0,0.96,0.96,0.16,0.16,0.27,0.27,0.37,0.35,0.7,0.67,0.75,0.29,0.63,0.68,0.56,0.58,0.68,0.56,0.56,1.0,0.24,1.0,0.25,0.37,1.0,0.839,0.508,0.455
0.57,0.57,1.0,1.0,0.96,0.96,0.16,0.16,0.43,0.43,0.53,0.19,0.72,0.67,0.75,0.29,0.66,0.68,0.56,0.6,0.72,0.56,0.56,1.0,0.24,1.0,0.25,0.52,0.5,0.848,0.52,0.463
0.57,0.57,1.0,1.0,0.97,0.97,0.16,0.16,0.46,0.46,0.5,0.23,0.72,0.67,0.75,0.3,0.66,0.69,0.56,0.59,0.72,0.56,0.56,1.0,0.24,1.0,0.25,0.61,0.5,0.861,0.507,0.475
0.57,0.57,1.0,1.0,0.96,0.96,0.16,0.16,0.47,0.47,0.48,0.25,0.81,0.81,0.75,0.3,0.64,0.68,0.56,0.58,0.7,0.56,0.56,1.0,0.21,1.0,0.21,0.73,0.5,0.866,0.488,0.481
0.59,0.59,1.0,1.0,0.95,0.95,0.16,0.16,0.44,0.44,0.46,0.27,0.81,0.81,0.5,0.28,0.6,0.68,0.56,0.57,0.64,0.56,0.56,1.0,0.21,1.0,0.21,0.84,0.5,0.861,0.487,0.477
0.6,0.6,1.0,1.0,0.94,0.94,0.16,0.16,0.37,0.37,0.44,0.29,0.81,0.81,0.5,0.28,0.55,0.67,0.56,0.52,0.58,0.56,0.56,1.0,0.21,1.0,0.21,0.87,0.5,0.853,0.493,0.469
0.63,0.63,1.0,1.0,0.92,0.92,0.16,0.16,0.35,0.35,0.45,0.28,0.81,0.81,0.5,0.27,0.51,0.67,0.56,0.48,0.54,0.56,0.56,1.0,0.21,1.0,0.21,0.88,0.5,0.839,0.503,0.462
0.67,0.67,1.0,1.0,0.89,0.89,0.16,0.16,0.33,0.33,0.46,0.27,0.81,0.81,0.5,0.27,0.52,0.67,0.56,0.5,0.54,0.56,0.56,1.0,0.21,1.0,0.21,0.88,0.5,0.823,0.52,0.458
0.71,0.71,1.0,1.0,0.85,0.85,0.16,0.16,0.3,0.3,0.45,0.28,0.81,0.81,0.5,0.27,0.52,0.67,0.56,0.5,0.54,0.56,0.56,1.0,0.21,1.0,0.21,0.9,0.5,0.813,0.527,0.457
0.74,0.74,1.0,1.0,0.83,0.83,0.16,0.16,0.28,0.28,0.43,0.29,0.81,0.81,0.5,0.28,0.54,0.67,0.56,0.52,0.55,0.56,0.56,1.0,0.21,1.0,0.21,0.92,0.5,0.805,0.528,0.459
0.77,0.77,1.0,1.0,0.81,0.81,0.16,0.16,0.27,0.27,0.43,0.3,0.81,0.81,0.5,0.27,0.54,0.67,0.56,0.52,0.55,0.56,0.56,1.0,0.21,1.0,0.21,0.93,0.5,0.786,0.522,0.469
0.77,0.77,1.0,1.0,0.8,0.8,0.16,0.16,0.27,0.27,0.44,0.29,0.81,0.81,0.5,0.27,0.53,0.67,0.56,0.51,0.54,0.56,0.56,1.0,0.21,1.0,0.21,0.93,0.5,0.791,0.508,0.46
0.76,0.76,1.0,1.0,0.82,0.82,0.16,0.16,0.28,0.28,0.44,0.28,0.81,0.81,0.5,0.27,0.53,0.67,0.56,0.51,0.54,0.56,0.56,1.0,0.21,1.0,0.21,0.93,0.5,0.792,0.503,0.456
0.72,0.72,1.0,1.0,0.85,0.85,0.16,0.16,0.29,0.29,0.44,0.29,0.81,0.81,0.5,0.27,0.51,0.67,0.56,0.5,0.52,0.56,0.56,1.0,0.21,1.0,0.21,0.93,0.5,0.799,0.493,0.454
0.66,0.66,1.0,1.0,0.89,0.89,0.16,0.16,0.32,0.32,0.45,0.27,0.81,0.81,0.5,0.27,0.48,0.66,0.56,0.48,0.49,0.56,0.56,1.0,0.21,1.0,0.21,0.9,0.5,0.808,0.483,0.455
0.63,0.63,1.0,1.0,0.92,0.92,0.16,0.16,0.34,0.34,0.48,0.25,0.81,0.81,0.5,0.28,0.43,0.67,0.56,0.43,0.44,0.56,0.56,1.0,0.21,1.0,0.21,0.74,0.5,0.813,0.473,0.444
0.6,0.6,1.0,1.0,0.94,0.94,0.16,0.16,0.35,0.35,0.48,0.25,0.81,0.81,0.5,0.29,0.45,0.68,0.56,0.44,0.45,0.56,0.56,1.0,0.21,1.0,0.21,0.66,0.5,0.82,0.465,0.447
0.59,0.59,1.0,1.0,0.95,0.95,0.16,0.16,0.36,0.36,0.48,0.25,0.81,0.81,0.5,0.29,0.45,0.68,0.56,0.44,0.45,0.56,0.56,1.0,0.21,1.0,0.21,0.53,0.5,0.824,0.457,0.439
0.59,0.59,1.0,1.0,0.95,0.95,0.16,0.16,0.37,0.37,0.48,0.25,0.81,0.81,0.5,0.3,0.44,0.68,0.56,0.44,0.44,0.56,0.56,1.0,0.21,1.0,0.21,0.33,0.0,0.833,0.458,0.436
0.58,0.58,1.0,1.0,0.96,0.96,0.16,0.16,0.38,0.38,0.49,0.24,0.81,0.81,0.5,0.29,0.46,0.68,0.56,0.46,0.46,0.56,0.56,1.0,0.21,1.0,0.21,0.13,0.19,0.851,0.463,0.435
0.57,0.57,1.0,1.0,0.96,0.96,0.16,0.16,0.39,0.39,0.5,0.22,0.81,0.81,0.5,0.29,0.57,0.68,0.56,0.57,0.57,0.56,0.56,1.0,0.21,1.0,0.21,0.09,0.3,0.859,0.472,0.433
0.57,0.57,1.0,1.0,0.97,0.97,0.16,0.16,0.4,0.4,0.5,0.23,0.81,0.81,0.75,0.29,0.59,0.68,0.56,0.59,0.6,0.56,0.56,1.0,0.21,1.0,0.21,0.09,0.34,0.888,0.472,0.434
0.57,0.57,1.0,1.0,0.97,0.97,0.16,0.16,0.4,0.4,0.49,0.23,0.81,0.81,0.75,0.29,0.59,0.68,0.56,0.59,0.6,0.56,0.56,1.0,0.21,1.0,0.21,0.08,0.34,0.919,0.475,0.435
0.57,0.57,1.0,1.0,0.97,0.97,0.16,0.16,0.4,0.4,0.49,0.24,0.81,0.81,0.75,0.28,0.58,0.68,0.56,0.57,0.58,0.56,0.56,1.0,0.21,1.0,0.21,0.09,0.34,0.956,0.478,0.436
0.57,0.57,1.0,1.0,0.97,0.97,0.16,0.16,0.43,0.43,0.5,0.23,0.81,0.81,0.75,0.27,0.54,0.67,0.56,0.52,0.55,0.56,0.56,1.0,0.21,1.0,0.21,0.33,0.32,0.981,0.485,0.44
0.57,0.57,1.0,1.0,0.97,0.97,0.16,0.16,0.43,0.43,0.47,0.26,0.81,0.81,0.75,0.27,0.55,0.66,0.56,0.53,0.57,0.56,0.56,1.0,0.21,1.0,0.21,0.57,0.5,0.993,0.49,0.443
0.57,0.57,1.0,1.0,0.97,0.97,0.16,0.16,0.42,0.42,0.46,0.27,0.81,0.81,0.75,0.26,0.54,0.66,0.56,0.52,0.55,0.56,0.56,1.0,0.21,1.0,0.21,0.7,0.5,0.993,0.49,0.442
0.57,0.57,1.0,1.0,0.97,0.97,0.16,0.16,0.31,0.31,0.36,0.36,0.81,0.81,0.5,0.26,0.45,0.65,0.56,0.45,0.46,0.56,0.56,1.0,0.21,1.0,0.21,0.69,0.5,0.993,0.487,0.44
0.57,0.57,1.0,1.0,0.97,0.97,0.16,0.16,0.3,0.3,0.01,0.72,0.81,0.81,0.5,0.25,0.41,0.65,0.56,0.41,0.4,0.56,0.56,1.0,0.21,1.0,0.21,0.67,0.5,0.993,0.495,0.446
0.58,0.58,1.0,1.0,0.96,0.96,0.16,0.16,0.33,0.33,0.01,0.73,0.81,0.81,0.5,0.26,0.44,0.65,0.56,0.45,0.42,0.56,0.56,1.0,0.21,1.0,0.21,0.62,0.5,0.993,0.497,0.448
0.59,0.59,1.0,1.0,0.95,0.95,0.16,0.16,0.36,0.36,0.02,0.72,0.81,0.81,0.5,0.26,0.47,0.66,0.56,0.49,0.46,0.56,0.56,1.0,0.21,1.0,0.21,0.5,0.5,0.993,0.505,0.448
0.59,0.59,1.0,1.0,0.95,0.95,0.16,0.16,0.36,0.36,-0.0,0.74,0.81,0.81,0.75,0.26,0.48,0.66,0.56,0.49,0.47,0.56,0.56,1.0,0.21,1.0,0.21,0.29,0.19,0.993,0.513,0.445
0.58,0.58,1.0,1.0,0.96,0.96,0.62,0.62,0.13,0.13,0.47,0.26,0.81,0.81,0.75,0.26,0.48,0.66,0.56,0.49,0.48,0.56,0.56,1.0,0.21,1.0,0.21,0.14,0.24,0.993,0.512,0.44
0.58,0.58,1.0,1.0,0.96,0.96,0.38,0.38,0.18,0.18,0.45,0.27,0.81,0.81,0.75,0.26,0.58,0.66,0.56,0.57,0.58,0.56,0.56,1.0,0.21,1.0,0.21,0.11,0.27,0.989,0.515,0.452
0.57,0.57,1.0,1.0,0.97,0.97,0.3,0.3,0.23,0.23,0.43,0.29,0.81,0.81,0.75,0.26,0.61,0.66,0.56,0.6,0.62,0.56,0.56,1.0,0.21,1.0,0.21,0.1,0.3,0.97,0.51,0.455
0.57,0.57,1.0,1.0,0.97,0.97,0.28,0.28,0.25,0.25,0.42,0.31,0.81,0.81,0.75,0.26,0.64,0.66,0.56,0.63,0.64,0.56,0.56,1.0,0.21,1.0,0.21,0.09,0.3,0.96,0.502,0.451
0.56,0.56,1.0,1.0,0.97,0.97,0.28,0.28,0.24,0.24,0.41,0.32,0.81,0.81,0.75,0.26,0.65,0.66,0.56,0.65,0.65,0.56,0.56,1.0,0.21,1.0,0.21,0.08,0.3,0.949,0.493,0.456
0.56,0.56,1.0,1.0,0.97,0.97,0.27,0.27,0.24,0.24,0.41,0.31,0.81,0.81,0.75,0.27,0.66,0.66,0.55,0.65,0.67,0.55,0.55,1.0,0.21,1.0,0.21,0.08,0.31,0.939,0.492,0.465
0.57,0.57,1.0,1.0,0.97,0.97,0.74,0.72,0.13,0.13,0.38,0.34,0.81,0.81,0.75,0.28,0.68,0.67,0.49,0.68,0.69,0.49,0.49,1.0,0.21,1.0,0.21,0.08,0.32,0.929,0.488,0.468
0.57,0.57,1.0,1.0,0.97,0.97,0.3,0.3,0.23,0.23,0.4,0.33,0.8,0.78,0.75,0.28,0.74,0.67,0.5,0.74,0.75,0.5,0.5,1.0,0.21,1.0,0.22,0.08,0.35,0.929,0.487,0.467
0.57,0.57,1.0,1.0,0.97,0.97,0.19,0.19,0.26,0.26,0.38,0.34,0.72,0.69,0.75,0.29,0.79,0.68,0.46,0.78,0.79,0.46,0.46,1.0,0.24,1.0,0.25,0.08,0.35,0.924,0.488,0.464
0.57,0.57,1.0,1.0,0.97,0.97,0.16,0.16,0.27,0.27,0.38,0.34,0.64,0.61,0.75,0.29,0.82,0.68,0.45,0.82,0.83,0.45,0.45,0.98,0.26,0.96,0.27,0.08,0.34,0.909,0.485,0.466
0.57,0.57,1.0,1.0,0.97,0.97,0.16,0.16,0.29,0.29,0.38,0.34,0.61,0.52,0.75,0.29,0.87,0.68,0.43,0.86,0.88,0.43,0.43,0.96,0.27,0.9,0.29,0.06,0.36,0.882,0.487,0.465
0.57,0.57,1.0,1.0,0.97,0.97,0.16,0.16,0.32,0.32,0.35,0.37,0.6,0.51,0.75,0.28,0.89,0.67,0.4,0.88,0.9,0.4,0.4,0.95,0.27,0.89,0.3,0.05,0.38,0.878,0.493,0.46
0.56,0.56,1.0,1.0,0.97,0.97,0.16,0.16,0.5,0.5,0.0,0.8,0.58,0.51,1.0,0.27,0.92,0.67,0.35,0.91,0.92,0.35,0.35,0.94,0.28,0.89,0.3,0.05,0.41,0.899,0.492,0.454
0.56,0.56,1.0,1.0,0.98,0.98,0.16,0.16,0.51,0.51,0.0,0.82,0.57,0.48,1.0,0.27,0.93,0.67,0.36,0.92,0.93,0.36,0.36,0.93,0.28,0.87,0.31,0.04,0.47,0.914,0.5,0.465
0.56,0.56,1.0,1.0,0.97,0.97,0.16,0.16,0.54,0.54,0.0,0.9,0.54,0.45,0.75,0.27,0.92,0.67,0.35,0.91,0.93,0.35,0.35,0.91,0.29,0.85,0.32,0.04,0.5,0.925,0.508,0.494
0.56,0.56,1.0,1.0,0.97,0.97,0.16,0.16,0.32,0.32,0.0,0.79,0.49,0.45,0.75,0.27,0.92,0.67,0.35,0.91,0.92,0.35,0.35,0.88,0.31,0.85,0.32,0.04,0.51,0.919,0.505,0.551
0.57,0.57,1.0,1.0,0.97,0.97,0.3,0.3,0.21,0.21,0.38,0.34,0.39,0.36,0.75,0.28,0.89,0.67,0.4,0.88,0.89,0.4,0.4,0.81,0.34,0.79,0.34,0.05,0.47,0.911,0.508,0.57
0.57,0.57,1.0,1.0,0.97,0.97,0.16,0.16,0.25,0.25,0.38,0.35,0.36,0.34,0.75,0.29,0.89,0.68,0.38,0.88,0.89,0.38,0.38,0.79,0.34,0.78,0.35,0.05,0.43,0.875,0.508,0.57
0.57,0.57,1.0,1.0,0.97,0.97,0.16,0.16,0.25,0.25,0.37,0.35,0.27,0.21,1.0,0.25,0.95,0.65,0.29,0.95,0.96,0.29,0.29,0.73,0.37,0.69,0.39,0.04,0.46,0.839,0.508,0.551
0.57,0.57,1.0,1.0,0.97,0.97,0.16,0.16,0.27,0.27,0.37,0.35,0.18,0.12,1.0,0.24,0.97,0.64,0.29,0.97,0.98,0.29,0.29,0.67,0.39,0.63,0.41,0.04,0.52,0.78,0.522,0.518
0.59,0.59,1.0,1.0,0.95,0.95,0.61,0.59,0.16,0.16,0.36,0.36,0.12,0.09,1.0,0.29,0.96,0.68,0.34,0.95,0.97,0.34,0.34,0.63,0.42,0.61,0.42,0.1,0.63,0.746,0.515,0.496
0.57,0.57,1.0,1.0,0.97,0.97,0.16,0.16,0.26,0.26,0.37,0.36,0.13,0.12,1.0,0.25,0.97,0.65,0.27,0.97,0.97,0.27,0.27,0.64,0.41,0.63,0.41,0.05,0.6,0.736,0.505,0.487
0.58,0.58,1.0,1.0,0.96,0.96,0.22,0.22,0.26,0.26,0.37,0.35,0.39,0.36,0.75,0.35,0.74,0.72,0.56,0.73,0.76,0.56,0.56,0.81,0.34,0.79,0.34,0.22,0.43,0.741,0.485,0.482
0.59,0.59,1.0,1.0,0.95,0.95,0.44,0.44,0.17,0.17,0.37,0.35,0.64,0.63,0.75,0.33,0.69,0.71,0.56,0.67,0.71,0.56,0.56,0.98,0.26,0.97,0.26,0.23,0.44,0.756,0.487,0.488
0.58,0.58,1.0,1.0,0.96,0.96,0.25,0.25,0.23,0.23,0.37,0.35,0.81,0.81,0.75,0.28,0.64,0.67,0.56,0.63,0.65,0.56,0.56,1.0,0.21,1.0,0.21,0.15,0.42,0.758,0.475,0.485
0.58,0.58,1.0,1.0,0.96,0.96,0.86,0.86,0.11,0.11,0.36,0.37,0.81,0.81,0.75,0.27,0.62,0.67,0.56,0.61,0.64,0.56,0.56,1.0,0.21,1.0,0.21,0.14,0.45,0.762,0.467,0.487
0.58,0.58,1.0,1.0,0.96,0.96,0.33,0.33,0.18,0.18,0.36,0.36,0.81,0.81,0.5,0.27,0.59,0.67,0.56,0.58,0.61,0.56,0.56,1.0,0.21,1.0,0.21,0.14,0.45,0.773,0.453,0.481
0.58,0.58,1.0,1.0,0.96,0.96,0.27,0.27,0.19,0.19,0.36,0.37,0.81,0.81,0.5,0.27,0.48,0.67,0.56,0.47,0.5,0.56,0.56,1.0,0.21,1.0,0.21,0.32,0.43,0.772,0.445,0.477
0.59,0.59,1.0,1.0,0.95,0.95,0.26,0.26,0.18,0.18,0.36,0.36,0.81,0.81,0.5,0.27,0.51,0.66,0.56,0.49,0.52,0.56,0.56,1.0,0.21,1.0,0.21,0.63,0.5,0.765,0.452,0.476
0.62,0.62,1.0,1.0,0.93,0.93,0.27,0.27,0.16,0.16,0.36,0.37,0.81,0.81,0.25,0.27,0.53,0.66,0.56,0.51,0.54,0.56,0.56,1.0,0.21,1.0,0.21,0.81,0.5,0.748,0.455,0.482
0.68,0.68,1.0,1.0,0.88,0.88,0.34,0.34,0.12,0.12,0.36,0.36,0.81,0.81,0.25,0.27,0.53,0.66,0.56,0.52,0.54,0.56,0.56,1.0,0.21,1.0,0.21,0.88,0.5,0.739,0.453,0.486
0.73,0.73,1.0,1.0,0.84,0.84,0.36,0.36,0.1,0.1,0.37,0.36,0.81,0.81,0.25,0.27,0.55,0.67,0.56,0.54,0.55,0.56,0.56,1.0,0.21,1.0,0.21,0.88,0.5,0.756,0.455,0.495
0.74,0.74,1.0,1.0,0.83,0.83,0.38,0.38,0.1,0.1,0.37,0.36,0.81,0.81,0.25,0.28,0.55,0.67,0.56,0.54,0.55,0.56,0.56,1.0,0.21,1.0,0.21,0.87,0.5,0.764,0.457,0.497
0.68,0.68,1.0,1.0,0.88,0.88,0.37,0.37,0.15,0.15,0.14,0.59,0.81,0.81,0.5,0.28,0.55,0.67,0.56,0.54,0.55,0.56,0.56,1.0,0.21,1.0,0.21,0.85,0.5,0.766,0.457,0.495
0.65,0.65,1.0,1.0,0.9,0.9,0.23,0.23,0.2,0.2,0.03,0.71,0.81,0.81,0.5,0.27,0.54,0.67,0.56,0.53,0.54,0.56,0.56,1.0,0.21,1.0,0.21,0.78,0.5,0.777,0.462,0.491
0.62,0.62,1.0,1.0,0.93,0.93,0.18,0.18,0.23,0.23,0.0,0.77,0.81,0.81,0.5,0.27,0.49,0.66,0.56,0.49,0.5,0.56,0.56,1.0,0.21,1.0,0.21,0.69,0.5,0.78,0.452,0.488
0.59,0.59,1.0,1.0,0.95,0.95,0.16,0.16,0.26,0.26,0.0,0.78,0.81,0.81,0.5,0.26,0.43,0.66,0.56,0.43,0.43,0.56,0.56,1.0,0.21,1.0,0.21,0.65,0.5,0.781,0.445,0.485
0.58,0.58,1.0,1.0,0.96,0.96,0.16,0.16,0.3,0.3,0.0,0.79,0.81,0.81,0.5,0.25,0.47,0.65,0.56,0.47,0.47,0.56,0.56,1.0,0.21,1.0,0.21,0.64,0.5,0.774,0.44,0.48
0.58,0.58,1.0,1.0,0.96,0.96,0.16,0.16,0.35,0.35,0.0,0.82,0.81,0.81,0.75,0.25,0.53,0.65,0.56,0.53,0.53,0.56,0.56,1.0,0.21,1.0,0.21,0.63,0.5,0.765,0.447,0.483
0.58,0.58,1.0,1.0,0.96,0.96,0.16,0.16,0.38,0.38,0.0,0.85,0.81,0.81,0.75,0.25,0.59,0.65,0.56,0.59,0.58,0.56,0.56,1.0,0.21,1.0,0.21,0.61,0.5,0.769,0.447,0.48
0.58,0.58,1.0,1.0,0.96,0.96,0.16,0.16,0.41,0.41,0.0,0.85,0.81,0.81,0.75,0.25,0.6,0.65,0.56,0.61,0.6,0.56,0.56,1.0,0.21,1.0,0.21,0.59,0.5,0.765,0.447,0.48
0.58,0.58,1.0,1.0,0.96,0.96,0.16,0.16,0.38,0.38,0.0,0.86,0.81,0.81,0.75,0.25,0.6,0.65,0.56,0.6,0.6,0.56,0.56,1.0,0.21,1.0,0.21,0.58,0.5,0.783,0.457,0.48
0.58,0.58,1.0,1.0,0.96,0.96,0.16,0.16,0.37,0.37,0.0,0.83,0.81,0.81,0.75,0.26,0.6,0.65,0.56,0.6,0.6,0.56,0.56,1.0,0.21,1.0,0.21,0.57,0.5,0.789,0.455,0.475
0.59,0.59,1.0,1.0,0.96,0.96,0.47,0.47,0.13,0.13,0.37,0.36,0.81,0.81,0.5,0.26,0.49,0.65,0.56,0.48,0.5,0.56,0.56,1.0,0.21,1.0,0.21,0.56,0.5,0.81,0.45,0.475
0.6,0.6,1.0,1.0,0.94,0.94,0.38,0.38,0.14,0.14,0.37,0.35,0.81,0.81,0.5,0.26,0.48,0.66,0.56,0.47,0.49,0.56,0.56,1.0,0.21,1.0,0.21,0.56,0.5,0.824,0.447,0.469
0.6,0.6,1.0,1.0,0.94,0.94,0.36,0.36,0.15,0.15,0.37,0.35,0.81,0.81,0.5,0.26,0.49,0.66,0.56,0.48,0.5,0.56,0.56,1.0,0.21,1.0,0.21,0.52,0.5,0.837,0.438,0.465
0.6,0.6,1.0,1.0,0.94,0.94,0.32,0.32,0.16,0.16,0.38,0.35,0.72,0.73,0.5,0.28,0.56,0.67,0.56,0.55,0.56,0.56,0.56,1.0,0.24,1.0,0.23,0.36,0.43,0.866,0.442,0.467
0.6,0.6,1.0,1.0,0.94,0.94,0.27,0.27,0.18,0.18,0.38,0.34,0.38,0.39,0.5,0.34,0.63,0.72,0.51,0.62,0.64,0.51,0.51,0.8,0.34,0.81,0.33,0.23,0.44,0.908,0.448,0.463
0.6,0.6,1.0,1.0,0.95,0.95,0.25,0.24,0.18,0.18,0.38,0.35,0.3,0.31,0.75,0.35,0.66,0.73,0.49,0.65,0.67,0.49,0.49,0.75,0.36,0.76,0.36,0.15,0.46,0.945,0.452,0.457
0.58,0.58,1.0,1.0,0.96,0.96,0.23,0.23,0.19,0.19,0.37,0.35,0.28,0.3,0.75,0.35,0.69,0.73,0.48,0.68,0.7,0.48,0.48,0.74,0.36,0.75,0.36,0.12,0.48,0.993,0.455,0.457
0.58,0.58,1.0,1.0,0.96,0.96,0.2,0.2,0.2,0.2,0.36,0.36,0.22,0.24,0.75,0.35,0.8,0.72,0.42,0.79,0.8,0.42,0.42,0.7,0.38,0.71,0.38,0.08,0.49,0.993,0.457,0.459
0.57,0.57,1.0,1.0,0.96,0.96,0.16,0.16,0.22,0.22,0.36,0.36,0.18,0.2,0.75,0.29,0.92,0.68,0.3,0.92,0.92,0.3,0.3,0.67,0.39,0.68,0.39,0.04,0.51,0.993,0.458,0.464
0.56,0.56,1.0,1.0,0.97,0.97,0.16,0.16,0.24,0.24,0.36,0.36,0.15,0.15,1.0,0.25,0.95,0.65,0.28,0.95,0.96,0.28,0.28,0.65,0.4,0.65,0.4,0.03,0.55,0.993,0.458,0.478
0.56,0.56,1.0,1.0,0.98,0.98,0.16,0.16,0.25,0.25,0.36,0.36,0.13,0.13,1.0,0.24,0.96,0.64,0.27,0.96,0.96,0.27,0.27,0.64,0.41,0.64,0.41,0.02,0.57,0.989,0.462,0.5
0.56,0.56,1.0,1.0,0.98,0.98,0.16,0.16,0.26,0.26,0.36,0.36,0.12,0.12,1.0,0.24,0.97,0.64,0.27,0.97,0.97,0.27,0.27,0.63,0.42,0.63,0.41,0.02,0.59,0.965,0.465,0.5
0.46,0.46,0.85,0.85,1.0,1.0,0.16,0.16,0.27,0.27,0.36,0.37,0.1,0.12,1.0,0.23,0.97,0.64,0.27,0.97,0.97,0.27,0.27,0.62,0.42,0.63,0.42,0.02,0.6,0.93,0.462,0.507
0.47,0.47,0.87,0.87,1.0,1.0,0.16,0.16,0.27,0.27,0.36,0.36,0.1,0.1,1.0,0.23,0.97,0.63,0.26,0.97,0.98,0.26,0.26,0.62,0.42,0.62,0.42,0.02,0.6,0.904,0.468,0.511
0.49,0.49,0.91,0.91,1.0,1.0,0.16,0.16,0.27,0.27,0.36,0.36,0.09,0.09,1.0,0.23,0.98,0.63,0.26,0.98,0.98,0.26,0.26,0.61,0.42,0.61,0.42,0.01,0.61,0.861,0.477,0.515
0.5,0.5,0.93,0.93,1.0,1.0,0.16,0.16,0.27,0.27,0.36,0.36,0.09,0.09,1.0,0.23,0.98,0.63,0.26,0.98,0.98,0.26,0.26,0.61,0.42,0.61,0.42,0.01,0.61,0.836,0.48,0.514
