0.53,0.53,1.0,1.0,1.0,1.0,0.16,0.16,0.34,0.34,0.36,0.37,0.03,0.03,1.0,0.22,0.99,0.63,0.25,0.99,0.99,0.25,0.25,0.57,0.44,0.57,0.44,0.01,0.65,0.579,0.527,0.589
0.52,0.52,0.98,0.98,1.0,1.0,0.16,0.16,0.37,0.37,0.36,0.36,0.03,0.02,1.0,0.22,0.99,0.63,0.25,0.99,0.99,0.25,0.25,0.57,0.44,0.56,0.44,0.01,0.62,0.558,0.533,0.546
0.52,0.52,0.98,0.98,1.0,1.0,0.16,0.16,0.37,0.37,0.35,0.37,0.03,0.02,1.0,0.22,0.99,0.63,0.25,0.99,0.99,0.25,0.25,0.57,0.44,0.56,0.44,0.01,0.61,0.514,0.55,0.512
0.52,0.52,0.97,0.97,1.0,1.0,0.16,0.16,0.38,0.38,0.36,0.36,0.03,0.02,1.0,0.22,0.99,0.63,0.25,0.99,0.99,0.25,0.25,0.57,0.44,0.56,0.44,0.01,0.61,0.456,0.56,0.495
0.52,0.52,0.97,0.97,1.0,1.0,0.16,0.16,0.38,0.38,0.36,0.36,0.03,0.0,1.0,0.22,0.99,0.63,0.25,0.99,0.99,0.25,0.25,0.57,0.44,0.55,0.45,0.01,0.58,0.441,0.572,0.489
0.51,0.51,0.96,0.96,1.0,1.0,0.16,0.16,0.38,0.38,0.36,0.36,0.03,0.0,1.0,0.22,0.99,0.63,0.25,0.99,0.99,0.25,0.25,0.57,0.44,0.55,0.45,0.01,0.58,0.433,0.562,0.483
0.5,0.5,0.94,0.94,1.0,1.0,0.16,0.16,0.38,0.38,0.35,0.37,0.03,0.0,1.0,0.22,0.99,0.63,0.25,0.99,0.99,0.25,0.25,0.57,0.44,0.55,0.45,0.01,0.56,0.434,0.547,0.484
0.48,0.48,0.89,0.89,1.0,1.0,0.16,0.16,0.39,0.39,0.34,0.38,0.03,0.0,1.0,0.22,0.99,0.63,0.25,0.99,0.99,0.25,0.25,0.57,0.44,0.55,0.45,0.01,0.55,0.439,0.537,0.475
0.48,0.48,0.89,0.89,1.0,1.0,0.16,0.16,0.4,0.4,0.34,0.39,0.03,0.0,1.0,0.22,0.99,0.63,0.25,0.99,0.99,0.25,0.25,0.57,0.44,0.55,0.45,0.01,0.55,0.443,0.523,0.468
0.48,0.48,0.88,0.88,1.0,1.0,0.16,0.16,0.41,0.41,0.34,0.39,0.04,0.02,1.0,0.22,0.99,0.63,0.25,0.99,0.99,0.25,0.25,0.58,0.44,0.56,0.45,0.01,0.56,0.459,0.522,0.466
0.44,0.44,0.8,0.8,1.0,1.0,0.16,0.16,0.59,0.59,0.34,0.39,0.02,0.0,1.0,0.22,0.99,0.63,0.25,0.99,0.99,0.25,0.25,0.56,0.45,0.55,0.45,0.01,0.56,0.465,0.528,0.465
0.44,0.44,0.8,0.8,1.0,1.0,0.16,0.16,0.58,0.58,0.32,0.41,0.0,0.0,1.0,0.22,0.99,0.63,0.25,0.99,0.99,0.25,0.25,0.53,0.49,0.53,0.49,0.01,0.57,0.462,0.528,0.467
0.43,0.43,0.76,0.76,1.0,1.0,0.25,0.25,0.32,0.32,0.32,0.4,0.02,0.0,1.0,0.22,0.99,0.63,0.25,0.99,0.99,0.25,0.25,0.56,0.45,0.55,0.45,0.01,0.57,0.458,0.517,0.461
0.44,0.44,0.78,0.78,1.0,1.0,0.16,0.16,0.42,0.42,0.32,0.41,0.03,0.02,1.0,0.22,0.98,0.63,0.25,0.98,0.98,0.25,0.25,0.57,0.44,0.56,0.44,0.01,0.56,0.447,0.515,0.454
0.45,0.45,0.81,0.81,1.0,1.0,0.16,0.16,0.43,0.43,0.31,0.41,0.03,0.02,1.0,0.22,0.98,0.63,0.25,0.98,0.99,0.25,0.25,0.57,0.44,0.56,0.45,0.01,0.58,0.469,0.498,0.461
0.44,0.44,0.8,0.8,1.0,1.0,0.59,0.59,0.25,0.25,0.33,0.4,0.03,0.03,1.0,0.23,0.97,0.63,0.27,0.97,0.98,0.27,0.27,0.57,0.44,0.57,0.44,0.01,0.58,0.501,0.487,0.459
0.45,0.45,0.8,0.8,1.0,1.0,0.16,0.16,0.37,0.37,0.33,0.4,0.03,0.03,1.0,0.23,0.97,0.63,0.26,0.97,0.97,0.26,0.26,0.57,0.44,0.57,0.44,0.02,0.57,0.526,0.475,0.455
0.46,0.46,0.84,0.84,1.0,1.0,0.16,0.16,0.39,0.39,0.33,0.39,0.02,0.02,1.0,0.23,0.97,0.63,0.26,0.97,0.98,0.26,0.26,0.56,0.45,0.56,0.45,0.02,0.58,0.53,0.487,0.46
0.48,0.48,0.88,0.88,1.0,1.0,0.16,0.16,0.38,0.38,0.33,0.4,0.02,0.03,1.0,0.23,0.98,0.63,0.26,0.98,0.98,0.26,0.26,0.56,0.44,0.57,0.44,0.01,0.59,0.566,0.5,0.469
0.56,0.56,1.0,1.0,0.98,0.98,0.97,0.97,0.35,0.35,0.33,0.4,0.06,0.12,1.0,0.24,0.95,0.64,0.28,0.95,0.95,0.28,0.28,0.59,0.43,0.63,0.42,0.02,0.62,0.597,0.512,0.463
0.47,0.47,0.85,0.85,1.0,1.0,0.24,0.24,0.28,0.28,0.34,0.38,0.06,0.09,1.0,0.24,0.97,0.64,0.27,0.97,0.97,0.27,0.27,0.59,0.43,0.61,0.42,0.01,0.6,0.612,0.502,0.45
0.48,0.48,0.89,0.89,1.0,1.0,0.16,0.16,0.37,0.37,0.33,0.39,0.03,0.04,1.0,0.23,0.98,0.64,0.26,0.98,0.98,0.26,0.26,0.57,0.44,0.58,0.44,0.01,0.59,0.618,0.487,0.442
0.48,0.48,0.89,0.89,1.0,1.0,0.16,0.16,0.37,0.37,0.34,0.38,0.02,0.03,1.0,0.23,0.98,0.63,0.26,0.98,0.98,0.26,0.26,0.56,0.44,0.57,0.44,0.01,0.59,0.614,0.492,0.423
0.45,0.45,0.82,0.82,1.0,1.0,0.89,0.89,0.31,0.31,0.33,0.39,0.06,0.06,1.0,0.22,0.98,0.63,0.26,0.98,0.98,0.26,0.26,0.59,0.43,0.59,0.43,0.01,0.59,0.608,0.497,0.456
0.44,0.44,0.78,0.78,1.0,1.0,0.16,0.16,0.47,0.47,0.36,0.37,0.07,0.07,1.0,0.22,0.98,0.63,0.26,0.98,0.98,0.26,0.26,0.6,0.43,0.6,0.43,0.01,0.6,0.616,0.5,0.463
0.45,0.45,0.82,0.82,1.0,1.0,0.16,0.16,0.54,0.54,0.33,0.39,0.03,0.02,1.0,0.22,0.98,0.63,0.26,0.98,0.98,0.26,0.26,0.57,0.44,0.56,0.44,0.01,0.62,0.625,0.49,0.459
0.45,0.45,0.82,0.82,1.0,1.0,0.16,0.16,0.57,0.57,0.34,0.39,0.03,0.02,1.0,0.22,0.99,0.63,0.25,0.99,0.99,0.25,0.25,0.57,0.44,0.56,0.45,0.01,0.61,0.626,0.475,0.456
0.47,0.47,0.87,0.87,1.0,1.0,0.16,0.16,0.59,0.59,0.34,0.38,0.0,0.02,1.0,0.22,0.99,0.63,0.25,0.99,0.99,0.25,0.25,0.55,0.45,0.56,0.45,0.02,0.62,0.619,0.487,0.437
0.47,0.47,0.86,0.86,1.0,1.0,0.16,0.16,0.53,0.53,0.32,0.4,0.0,0.0,1.0,0.22,0.99,0.63,0.25,0.99,0.99,0.25,0.25,0.55,0.45,0.55,0.45,0.02,0.63,0.689,0.467,0.432
0.46,0.46,0.84,0.84,1.0,1.0,0.38,0.38,0.24,0.24,0.33,0.39,0.03,0.06,1.0,0.23,0.98,0.63,0.26,0.98,0.98,0.26,0.26,0.57,0.44,0.59,0.43,0.02,0.64,0.717,0.485,0.445
0.47,0.47,0.87,0.87,1.0,1.0,0.16,0.16,0.34,0.34,0.32,0.4,0.04,0.06,1.0,0.23,0.98,0.63,0.26,0.98,0.98,0.26,0.26,0.58,0.44,0.59,0.43,0.02,0.62,0.701,0.475,0.445
0.48,0.48,0.88,0.88,1.0,1.0,0.16,0.16,0.37,0.37,0.35,0.37,0.02,0.02,1.0,0.22,0.98,0.63,0.26,0.98,0.98,0.26,0.26,0.56,0.44,0.56,0.44,0.01,0.6,0.672,0.528,0.449
0.48,0.48,0.89,0.89,1.0,1.0,0.16,0.16,0.36,0.36,0.41,0.31,0.03,0.02,1.0,0.22,0.99,0.63,0.25,0.99,0.99,0.25,0.25,0.57,0.44,0.56,0.45,0.01,0.58,0.666,0.578,0.445
0.48,0.48,0.88,0.88,1.0,1.0,0.16,0.16,0.35,0.35,0.47,0.26,0.02,0.0,1.0,0.22,0.99,0.63,0.25,0.99,0.99,0.25,0.25,0.56,0.45,0.55,0.45,0.01,0.56,0.654,0.578,0.461
0.48,0.48,0.88,0.88,1.0,1.0,0.16,0.16,0.36,0.36,0.51,0.21,0.02,0.0,1.0,0.22,0.99,0.63,0.25,0.99,0.99,0.25,0.25,0.56,0.45,0.55,0.45,0.01,0.54,0.634,0.592,0.5
0.47,0.47,0.87,0.87,1.0,1.0,0.16,0.16,0.36,0.36,0.54,0.18,0.0,0.0,1.0,0.22,0.99,0.63,0.25,0.99,0.99,0.25,0.25,0.55,0.46,0.54,0.47,0.01,0.52,0.639,0.587,0.543
0.47,0.47,0.86,0.86,1.0,1.0,0.16,0.16,0.36,0.36,0.54,0.19,0.02,0.0,1.0,0.22,0.99,0.63,0.25,0.99,0.99,0.25,0.25,0.56,0.45,0.55,0.45,0.01,0.5,0.636,0.55,0.595
0.47,0.47,0.86,0.86,1.0,1.0,0.16,0.16,0.37,0.37,0.52,0.2,0.0,0.0,1.0,0.22,0.99,0.63,0.25,0.99,0.99,0.25,0.25,0.55,0.45,0.55,0.45,0.01,0.5,0.637,0.513,0.619
0.45,0.45,0.81,0.81,1.0,1.0,0.16,0.16,0.41,0.41,0.53,0.19,0.0,0.0,1.0,0.22,0.99,0.63,0.25,0.99,0.99,0.25,0.25,0.55,0.45,0.55,0.46,0.01,0.5,0.646,0.49,0.627
0.43,0.43,0.77,0.77,1.0,1.0,0.16,0.16,0.52,0.52,0.56,0.16,0.0,0.0,1.0,0.22,0.98,0.63,0.26,0.98,0.99,0.26,0.26,0.55,0.45,0.55,0.46,0.01,0.5,0.642,0.483,0.616
0.44,0.44,0.8,0.8,1.0,1.0,0.16,0.16,0.59,0.59,0.57,0.16,0.0,0.0,1.0,0.23,0.99,0.63,0.26,0.99,0.99,0.26,0.26,0.54,0.48,0.53,0.48,0.02,0.5,0.636,0.483,0.614
0.44,0.44,0.8,0.8,1.0,1.0,0.16,0.16,0.56,0.56,0.55,0.18,0.0,0.0,1.0,0.23,0.98,0.64,0.27,0.98,0.98,0.27,0.27,0.55,0.46,0.54,0.46,0.02,0.5,0.643,0.488,0.612
0.47,0.47,0.87,0.87,1.0,1.0,0.16,0.16,0.3,0.3,0.48,0.24,0.06,0.04,1.0,0.23,0.98,0.64,0.27,0.98,0.98,0.27,0.27,0.59,0.43,0.58,0.44,0.02,0.5,0.634,0.492,0.613
0.57,0.57,1.0,1.0,0.97,0.97,0.62,0.62,0.17,0.17,0.45,0.28,0.06,0.06,1.0,0.34,0.91,0.71,0.36,0.9,0.91,0.36,0.36,0.59,0.43,0.59,0.43,0.06,0.48,0.642,0.502,0.597
0.77,0.77,1.0,1.0,0.81,0.81,0.16,0.16,0.29,0.29,0.47,0.26,0.06,0.03,1.0,0.4,0.89,0.76,0.42,0.88,0.89,0.42,0.42,0.59,0.43,0.57,0.44,0.11,0.46,0.654,0.507,0.591
0.82,0.82,1.0,1.0,0.76,0.76,0.16,0.16,0.29,0.29,0.46,0.26,0.02,0.0,1.0,0.4,0.89,0.77,0.47,0.88,0.89,0.47,0.47,0.56,0.44,0.55,0.45,0.2,0.5,0.66,0.512,0.579
0.85,0.85,1.0,1.0,0.74,0.74,0.16,0.16,0.28,0.28,0.45,0.27,0.02,0.0,1.0,0.39,0.89,0.76,0.48,0.88,0.89,0.48,0.48,0.56,0.45,0.55,0.45,0.23,0.71,0.676,0.507,0.571
0.87,0.87,1.0,1.0,0.73,0.73,0.16,0.16,0.27,0.27,0.45,0.28,0.0,0.0,1.0,0.37,0.88,0.74,0.52,0.87,0.89,0.52,0.52,0.55,0.45,0.55,0.45,0.35,0.94,0.682,0.512,0.557
0.89,0.89,1.0,1.0,0.71,0.71,0.16,0.16,0.25,0.25,0.44,0.28,0.0,0.0,1.0,0.36,0.9,0.73,0.55,0.89,0.91,0.55,0.55,0.51,0.52,0.53,0.5,0.59,0.5,0.701,0.517,0.549
0.92,0.92,1.0,1.0,0.68,0.68,0.16,0.16,0.21,0.21,0.44,0.28,0.0,0.0,1.0,0.34,0.92,0.71,0.56,0.91,0.92,0.56,0.56,0.47,0.6,0.49,0.57,0.75,0.5,0.721,0.523,0.541
0.92,0.92,1.0,1.0,0.68,0.68,0.16,0.16,0.19,0.19,0.44,0.29,0.0,0.0,1.0,0.32,0.94,0.7,0.56,0.93,0.94,0.56,0.56,0.45,0.64,0.47,0.61,0.86,0.5,0.751,0.522,0.531
0.92,0.92,1.0,1.0,0.68,0.68,0.16,0.16,0.17,0.17,0.43,0.29,0.0,0.0,1.0,0.31,0.94,0.7,0.56,0.93,0.94,0.56,0.56,0.43,0.68,0.43,0.68,0.91,0.5,0.771,0.515,0.533
0.92,0.92,1.0,1.0,0.68,0.68,0.16,0.16,0.15,0.15,0.43,0.3,0.0,0.0,1.0,0.31,0.94,0.7,0.56,0.93,0.94,0.56,0.56,0.42,0.7,0.41,0.71,0.93,0.5,0.804,0.507,0.522
0.92,0.92,1.0,1.0,0.68,0.68,0.16,0.16,0.16,0.16,0.43,0.3,0.0,0.0,1.0,0.31,0.94,0.7,0.56,0.93,0.94,0.56,0.56,0.43,0.68,0.42,0.7,0.93,0.5,0.832,0.505,0.508
0.92,0.92,1.0,1.0,0.68,0.68,0.16,0.16,0.21,0.21,0.45,0.28,0.0,0.0,1.0,0.31,0.93,0.7,0.56,0.93,0.93,0.56,0.56,0.45,0.65,0.44,0.67,0.93,0.5,0.843,0.508,0.506
0.92,0.92,1.0,1.0,0.68,0.68,0.16,0.16,0.21,0.21,0.44,0.28,0.0,0.0,0.75,0.31,0.92,0.7,0.56,0.92,0.92,0.56,0.56,0.45,0.65,0.44,0.67,0.92,0.5,0.856,0.51,0.507
0.92,0.92,1.0,1.0,0.68,0.68,0.16,0.16,0.23,0.23,0.44,0.29,0.0,0.0,0.75,0.31,0.92,0.7,0.56,0.92,0.92,0.56,0.56,0.45,0.65,0.44,0.66,0.91,0.5,0.849,0.515,0.51
0.92,0.92,1.0,1.0,0.68,0.68,0.16,0.16,0.24,0.24,0.44,0.29,0.0,0.0,0.75,0.31,0.92,0.7,0.56,0.91,0.92,0.56,0.56,0.46,0.62,0.45,0.64,0.9,0.5,0.856,0.515,0.511
0.92,0.92,1.0,1.0,0.68,0.68,0.16,0.16,0.24,0.24,0.44,0.29,0.0,0.0,1.0,0.31,0.92,0.69,0.56,0.91,0.92,0.56,0.56,0.49,0.57,0.47,0.6,0.9,0.5,0.852,0.52,0.501
0.92,0.92,1.0,1.0,0.68,0.68,0.16,0.16,0.26,0.26,0.44,0.29,0.0,0.0,1.0,0.31,0.92,0.69,0.56,0.91,0.92,0.56,0.56,0.48,0.58,0.46,0.62,0.89,0.5,0.844,0.527,0.498
0.92,0.92,1.0,1.0,0.68,0.68,0.16,0.16,0.27,0.27,0.44,0.29,0.0,0.0,1.0,0.31,0.92,0.69,0.56,0.92,0.92,0.56,0.56,0.47,0.61,0.45,0.64,0.89,0.5,0.83,0.542,0.501
0.92,0.92,1.0,1.0,0.68,0.68,0.16,0.16,0.28,0.28,0.44,0.28,0.0,0.0,1.0,0.31,0.92,0.69,0.56,0.92,0.92,0.56,0.56,0.47,0.6,0.46,0.63,0.89,0.5,0.819,0.543,0.5
0.92,0.92,1.0,1.0,0.68,0.68,0.16,0.16,0.29,0.29,0.44,0.29,0.0,0.0,1.0,0.31,0.92,0.7,0.56,0.92,0.92,0.56,0.56,0.47,0.61,0.45,0.65,0.89,0.5,0.805,0.547,0.504
0.92,0.92,1.0,1.0,0.68,0.68,0.16,0.16,0.3,0.3,0.44,0.29,0.0,0.0,1.0,0.31,0.92,0.7,0.56,0.92,0.92,0.56,0.56,0.49,0.57,0.47,0.6,0.87,0.5,0.806,0.557,0.503
0.92,0.92,1.0,1.0,0.68,0.68,0.16,0.16,0.26,0.26,0.4,0.32,0.0,0.0,1.0,0.31,0.92,0.69,0.56,0.92,0.92,0.56,0.56,0.51,0.52,0.5,0.55,0.85,0.5,0.803,0.558,0.503
0.92,0.92,1.0,1.0,0.68,0.68,0.16,0.16,0.29,0.29,0.41,0.32,0.0,0.0,1.0,0.3,0.92,0.69,0.56,0.92,0.92,0.56,0.56,0.51,0.52,0.5,0.55,0.84,0.5,0.794,0.563,0.5
0.9,0.9,1.0,1.0,0.7,0.7,0.16,0.16,0.33,0.33,0.41,0.31,0.0,0.0,1.0,0.3,0.92,0.69,0.56,0.92,0.92,0.56,0.56,0.51,0.52,0.51,0.54,0.83,0.5,0.784,0.572,0.503
0.8,0.8,1.0,1.0,0.78,0.78,0.16,0.16,0.36,0.36,0.41,0.31,0.0,0.0,1.0,0.3,0.92,0.68,0.56,0.92,0.92,0.56,0.56,0.52,0.51,0.52,0.51,0.79,0.5,0.761,0.578,0.503
0.74,0.74,1.0,1.0,0.83,0.83,0.16,0.16,0.38,0.38,0.4,0.32,0.0,0.0,1.0,0.3,0.91,0.69,0.56,0.91,0.91,0.56,0.56,0.5,0.54,0.5,0.54,0.76,0.5,0.722,0.582,0.498
0.71,0.71,1.0,1.0,0.85,0.85,0.16,0.16,0.4,0.4,0.4,0.32,0.0,0.0,1.0,0.35,0.9,0.72,0.56,0.9,0.9,0.56,0.56,0.49,0.57,0.49,0.56,0.55,0.5,0.696,0.583,0.494
0.63,0.63,1.0,1.0,0.92,0.92,0.16,0.16,0.41,0.41,0.39,0.33,0.0,0.0,1.0,0.37,0.88,0.74,0.56,0.87,0.88,0.56,0.56,0.5,0.54,0.51,0.52,0.36,0.52,0.676,0.583,0.485
0.59,0.59,1.0,1.0,0.95,0.95,0.16,0.16,0.42,0.42,0.4,0.32,0.0,0.0,1.0,0.43,0.81,0.78,0.56,0.8,0.81,0.56,0.56,0.49,0.57,0.49,0.56,0.33,0.39,0.651,0.57,0.475
0.57,0.57,1.0,1.0,0.97,0.97,0.16,0.16,0.51,0.51,0.42,0.3,0.0,0.0,1.0,0.5,0.78,0.84,0.56,0.77,0.78,0.56,0.56,0.47,0.61,0.47,0.6,0.27,0.33,0.629,0.56,0.467
0.56,0.56,1.0,1.0,0.97,0.97,0.16,0.16,0.57,0.57,0.42,0.31,0.0,0.0,1.0,0.43,0.84,0.79,0.5,0.84,0.85,0.5,0.5,0.48,0.59,0.48,0.59,0.14,0.59,0.626,0.555,0.463
0.56,0.56,1.0,1.0,0.97,0.97,0.16,0.16,0.55,0.55,0.42,0.31,0.0,0.0,1.0,0.38,0.89,0.74,0.46,0.88,0.89,0.46,0.46,0.53,0.49,0.52,0.5,0.09,0.65,0.624,0.542,0.462
0.56,0.56,1.0,1.0,0.98,0.98,0.16,0.16,0.52,0.52,0.42,0.3,0.04,0.03,1.0,0.28,0.95,0.67,0.32,0.95,0.95,0.32,0.32,0.58,0.44,0.57,0.44,0.05,0.57,0.624,0.51,0.455
0.47,0.47,0.86,0.86,1.0,1.0,0.28,0.28,0.27,0.27,0.39,0.34,0.07,0.06,1.0,0.23,0.98,0.64,0.28,0.98,0.98,0.28,0.28,0.6,0.43,0.59,0.43,0.02,0.56,0.646,0.495,0.455
0.49,0.49,0.9,0.9,1.0,1.0,0.16,0.16,0.29,0.29,0.36,0.36,0.1,0.09,1.0,0.23,0.97,0.64,0.28,0.97,0.98,0.28,0.28,0.62,0.42,0.61,0.42,0.02,0.55,0.667,0.482,0.454
0.5,0.5,0.93,0.93,1.0,1.0,0.16,0.16,0.33,0.33,0.36,0.36,0.09,0.07,1.0,0.23,0.98,0.63,0.27,0.98,0.98,0.27,0.27,0.61,0.42,0.6,0.43,0.02,0.54,0.672,0.475,0.454
0.56,0.56,1.0,1.0,0.98,0.98,0.8,0.78,0.21,0.21,0.34,0.39,0.09,0.09,1.0,0.24,0.96,0.64,0.31,0.96,0.96,0.31,0.31,0.61,0.42,0.61,0.42,0.02,0.53,0.689,0.473,0.452
0.49,0.49,0.91,0.91,1.0,1.0,0.16,0.16,0.32,0.32,0.36,0.37,0.09,0.09,1.0,0.24,0.97,0.64,0.28,0.97,0.97,0.28,0.28,0.61,0.43,0.61,0.42,0.02,0.53,0.682,0.467,0.446
0.48,0.48,0.9,0.9,1.0,1.0,0.16,0.16,0.36,0.36,0.36,0.36,0.06,0.06,1.0,0.24,0.97,0.64,0.27,0.97,0.97,0.27,0.27,0.59,0.43,0.59,0.43,0.02,0.52,0.67,0.47,0.45
0.47,0.47,0.85,0.85,1.0,1.0,0.16,0.16,0.38,0.38,0.36,0.36,0.06,0.06,1.0,0.23,0.98,0.64,0.27,0.98,0.98,0.27,0.27,0.59,0.43,0.59,0.43,0.02,0.52,0.654,0.478,0.46
0.44,0.44,0.8,0.8,1.0,1.0,0.16,0.16,0.4,0.4,0.37,0.35,0.13,0.1,1.0,0.23,0.98,0.63,0.27,0.98,0.98,0.27,0.27,0.64,0.41,0.62,0.42,0.02,0.55,0.641,0.477,0.47
0.42,0.42,0.76,0.76,1.0,1.0,0.16,0.16,0.41,0.41,0.37,0.35,0.16,0.12,1.0,0.23,0.98,0.63,0.27,0.98,0.98,0.27,0.27,0.66,0.4,0.63,0.42,0.02,0.56,0.636,0.498,0.479
0.42,0.42,0.74,0.74,1.0,1.0,0.16,0.16,0.43,0.43,0.37,0.35,0.16,0.12,1.0,0.23,0.98,0.63,0.28,0.98,0.98,0.28,0.28,0.66,0.4,0.63,0.41,0.02,0.56,0.624,0.512,0.478
0.35,0.35,0.58,0.58,1.0,1.0,0.16,0.16,0.47,0.47,0.37,0.36,0.18,0.15,1.0,0.23,0.96,0.64,0.3,0.96,0.97,0.3,0.3,0.67,0.39,0.65,0.41,0.02,0.54,0.606,0.52,0.477
0.31,0.31,0.49,0.49,1.0,1.0,0.16,0.16,0.53,0.53,0.37,0.35,0.2,0.16,1.0,0.23,0.96,0.64,0.3,0.96,0.96,0.3,0.3,0.68,0.39,0.66,0.4,0.03,0.52,0.589,0.518,0.475
0.31,0.31,0.5,0.5,1.0,1.0,0.16,0.16,0.56,0.56,0.36,0.36,0.18,0.13,1.0,0.23,0.96,0.64,0.3,0.96,0.97,0.3,0.3,0.67,0.4,0.64,0.41,0.03,0.49,0.564,0.523,0.475
0.32,0.32,0.51,0.51,1.0,1.0,0.16,0.16,0.57,0.57,0.36,0.36,0.2,0.15,1.0,0.24,0.97,0.64,0.29,0.97,0.97,0.29,0.29,0.68,0.39,0.65,0.41,0.04,0.47,0.498,0.517,0.475
0.32,0.32,0.51,0.51,1.0,1.0,0.16,0.16,0.57,0.57,0.36,0.36,0.21,0.16,1.0,0.24,0.97,0.64,0.29,0.97,0.97,0.29,0.29,0.69,0.39,0.66,0.4,0.04,0.47,0.419,0.513,0.468
0.31,0.31,0.5,0.5,1.0,1.0,0.16,0.16,0.59,0.59,0.35,0.37,0.21,0.18,1.0,0.24,0.97,0.64,0.29,0.97,0.97,0.29,0.29,0.69,0.39,0.67,0.4,0.04,0.48,0.363,0.512,0.475
0.32,0.32,0.52,0.52,1.0,1.0,0.16,0.16,0.59,0.59,0.34,0.38,0.21,0.2,1.0,0.24,0.97,0.64,0.29,0.97,0.97,0.29,0.29,0.69,0.39,0.68,0.39,0.04,0.48,0.329,0.508,0.479
0.33,0.33,0.54,0.54,1.0,1.0,0.16,0.16,0.45,0.45,0.38,0.34,0.2,0.2,1.0,0.24,0.97,0.64,0.29,0.97,0.97,0.29,0.29,0.68,0.39,0.68,0.39,0.04,0.49,0.302,0.5,0.485
0.38,0.38,0.66,0.66,1.0,1.0,0.16,0.16,0.57,0.57,0.34,0.38,0.18,0.18,1.0,0.24,0.96,0.64,0.29,0.96,0.96,0.29,0.29,0.67,0.39,0.67,0.4,0.04,0.49,0.286,0.495,0.485
0.6,0.6,1.0,1.0,0.95,0.95,0.32,0.32,0.41,0.41,0.35,0.37,0.18,0.2,1.0,0.25,0.96,0.65,0.33,0.96,0.96,0.33,0.33,0.67,0.4,0.68,0.39,0.05,0.49,0.281,0.488,0.479
0.89,0.89,1.0,1.0,0.7,0.7,0.16,0.16,0.54,0.54,0.36,0.36,0.0,0.0,1.0,0.4,0.96,0.76,0.43,0.96,0.96,0.43,0.43,0.44,0.67,0.44,0.67,0.17,0.66,0.277,0.492,0.475
0.92,0.92,1.0,1.0,0.68,0.68,0.16,0.16,0.51,0.51,0.36,0.36,0.0,0.0,1.0,0.48,0.95,0.83,0.51,0.95,0.96,0.51,0.51,0.4,0.73,0.41,0.72,0.29,0.88,0.292,0.5,0.474
0.92,0.92,1.0,1.0,0.68,0.68,0.16,0.16,0.47,0.47,0.35,0.37,0.0,0.0,1.0,0.5,0.94,0.84,0.55,0.94,0.95,0.55,0.55,0.4,0.74,0.41,0.72,0.41,0.95,0.334,0.508,0.472
0.92,0.92,1.0,1.0,0.68,0.68,0.16,0.16,0.42,0.42,0.34,0.38,0.0,0.0,1.0,0.49,0.95,0.83,0.56,0.95,0.95,0.56,0.56,0.4,0.73,0.42,0.7,0.63,0.5,0.367,0.518,0.466
0.92,0.92,1.0,1.0,0.68,0.68,0.16,0.16,0.37,0.37,0.34,0.38,0.0,0.0,1.0,0.42,0.96,0.78,0.56,0.96,0.96,0.56,0.56,0.4,0.74,0.42,0.7,0.77,0.5,0.425,0.528,0.459
0.92,0.92,1.0,1.0,0.68,0.68,0.16,0.16,0.31,0.31,0.35,0.37,0.0,0.0,1.0,0.37,0.96,0.74,0.56,0.96,0.96,0.56,0.56,0.4,0.73,0.42,0.71,0.86,0.5,0.47,0.538,0.453
0.92,0.92,1.0,1.0,0.68,0.68,0.16,0.16,0.26,0.26,0.35,0.38,0.0,0.0,1.0,0.34,0.95,0.72,0.56,0.95,0.96,0.56,0.56,0.43,0.68,0.43,0.67,0.87,0.5,0.531,0.547,0.451
0.92,0.92,1.0,1.0,0.68,0.68,0.16,0.16,0.22,0.22,0.35,0.38,0.0,0.0,1.0,0.33,0.94,0.71,0.56,0.94,0.95,0.56,0.56,0.42,0.7,0.43,0.69,0.88,0.5,0.586,0.555,0.449
0.92,0.92,1.0,1.0,0.68,0.68,0.16,0.16,0.19,0.19,0.36,0.36,0.0,0.0,1.0,0.33,0.93,0.71,0.56,0.92,0.94,0.56,0.56,0.43,0.69,0.44,0.67,0.89,0.5,0.636,0.552,0.453
0.92,0.92,1.0,1.0,0.68,0.68,0.16,0.16,0.21,0.21,0.38,0.34,0.0,0.0,1.0,0.33,0.93,0.71,0.56,0.92,0.93,0.56,0.56,0.45,0.65,0.45,0.64,0.9,0.5,0.667,0.558,0.459
0.92,0.92,1.0,1.0,0.68,0.68,0.16,0.16,0.19,0.19,0.39,0.34,0.0,0.0,1.0,0.34,0.91,0.72,0.56,0.91,0.91,0.56,0.56,0.44,0.67,0.44,0.66,0.9,0.5,0.704,0.55,0.455
0.92,0.92,1.0,1.0,0.68,0.68,0.16,0.16,0.2,0.2,0.39,0.34,0.0,0.0,0.75,0.35,0.9,0.72,0.56,0.89,0.9,0.56,0.56,0.44,0.67,0.43,0.67,0.91,0.5,0.753,0.557,0.461
0.92,0.92,1.0,1.0,0.68,0.68,0.16,0.16,0.17,0.17,0.4,0.33,0.0,0.0,0.75,0.35,0.88,0.72,0.56,0.88,0.88,0.56,0.56,0.5,0.55,0.49,0.57,0.91,0.5,0.792,0.56,0.465
0.92,0.92,1.0,1.0,0.68,0.68,0.16,0.16,0.15,0.15,0.4,0.32,0.0,0.0,0.75,0.34,0.88,0.72,0.56,0.87,0.88,0.56,0.56,0.53,0.48,0.52,0.5,0.91,0.5,0.832,0.567,0.475
0.92,0.92,1.0,1.0,0.68,0.68,0.16,0.16,0.13,0.13,0.4,0.32,0.0,0.0,0.75,0.34,0.86,0.72,0.56,0.86,0.86,0.56,0.56,0.53,0.49,0.51,0.52,0.91,0.5,0.86,0.58,0.485
0.92,0.92,1.0,1.0,0.68,0.68,0.16,0.16,0.13,0.13,0.42,0.31,0.0,0.0,0.75,0.34,0.84,0.72,0.55,0.84,0.85,0.55,0.55,0.54,0.47,0.52,0.5,0.91,0.5,0.894,0.577,0.496
0.92,0.92,1.0,1.0,0.68,0.68,0.16,0.16,0.13,0.13,0.44,0.28,0.0,0.0,0.75,0.35,0.81,0.72,0.55,0.8,0.81,0.55,0.55,0.55,0.45,0.53,0.49,0.92,0.5,0.929,0.577,0.506
0.92,0.92,1.0,1.0,0.68,0.68,0.16,0.16,0.15,0.15,0.46,0.27,0.03,0.0,0.75,0.35,0.8,0.73,0.55,0.8,0.8,0.55,0.55,0.57,0.44,0.54,0.48,0.91,0.5,0.954,0.578,0.513
0.92,0.92,1.0,1.0,0.68,0.68,0.16,0.16,0.16,0.16,0.46,0.27,0.02,0.0,0.75,0.35,0.8,0.72,0.55,0.8,0.8,0.55,0.55,0.56,0.44,0.53,0.48,0.91,0.5,0.976,0.59,0.53
0.92,0.92,1.0,1.0,0.69,0.69,0.16,0.16,0.17,0.17,0.47,0.26,0.04,0.0,0.75,0.35,0.79,0.72,0.55,0.79,0.79,0.55,0.55,0.58,0.44,0.54,0.46,0.9,0.5,0.98,0.597,0.555
0.92,0.92,1.0,1.0,0.68,0.68,0.16,0.16,0.14,0.14,0.48,0.24,0.06,0.0,0.75,0.34,0.79,0.72,0.55,0.79,0.79,0.55,0.55,0.59,0.43,0.55,0.45,0.89,0.5,0.979,0.607,0.579
0.91,0.91,1.0,1.0,0.69,0.69,0.16,0.16,0.16,0.16,0.51,0.21,0.04,0.0,0.75,0.34,0.81,0.72,0.55,0.82,0.81,0.55,0.55,0.58,0.44,0.55,0.45,0.89,0.5,0.971,0.612,0.588
0.91,0.91,1.0,1.0,0.69,0.69,0.16,0.16,0.16,0.16,0.55,0.18,0.0,0.0,0.75,0.34,0.84,0.72,0.55,0.85,0.84,0.55,0.55,0.55,0.45,0.52,0.52,0.88,0.5,0.957,0.613,0.595
0.91,0.91,1.0,1.0,0.7,0.7,0.16,0.16,0.17,0.17,0.56,0.17,0.0,0.0,0.75,0.34,0.85,0.72,0.55,0.86,0.85,0.55,0.55,0.53,0.5,0.5,0.56,0.87,0.5,0.937,0.62,0.608
0.9,0.9,1.0,1.0,0.7,0.7,0.16,0.16,0.19,0.19,0.57,0.16,0.0,0.0,0.75,0.34,0.86,0.72,0.55,0.87,0.86,0.55,0.55,0.51,0.52,0.48,0.58,0.87,0.5,0.923,0.648,0.654
0.89,0.89,1.0,1.0,0.71,0.71,0.16,0.16,0.2,0.2,0.57,0.16,0.0,0.0,0.75,0.34,0.87,0.72,0.55,0.87,0.87,0.55,0.55,0.51,0.54,0.48,0.59,0.86,0.5,0.896,0.667,0.675
0.87,0.87,1.0,1.0,0.72,0.72,0.16,0.16,0.21,0.21,0.57,0.16,0.0,0.0,0.75,0.34,0.88,0.72,0.55,0.88,0.87,0.55,0.55,0.49,0.56,0.47,0.61,0.85,0.5,0.873,0.678,0.708
0.84,0.84,1.0,1.0,0.75,0.75,0.16,0.16,0.22,0.22,0.57,0.15,0.0,0.0,0.75,0.35,0.88,0.72,0.55,0.88,0.87,0.55,0.55,0.5,0.56,0.47,0.6,0.83,0.5,0.85,0.692,0.716
0.8,0.8,1.0,1.0,0.78,0.78,0.38,0.38,0.15,0.15,0.57,0.16,0.0,0.0,0.75,0.37,0.86,0.74,0.53,0.86,0.86,0.53,0.53,0.5,0.54,0.48,0.59,0.82,0.5,0.824,0.715,0.723
0.75,0.75,1.0,1.0,0.83,0.83,0.16,0.16,0.23,0.23,0.61,0.12,0.0,0.0,0.75,0.37,0.86,0.74,0.53,0.86,0.86,0.53,0.53,0.51,0.53,0.48,0.58,0.81,0.5,0.812,0.723,0.717
0.76,0.76,1.0,1.0,0.82,0.82,0.16,0.16,0.24,0.24,0.66,0.07,0.0,0.0,0.75,0.37,0.85,0.74,0.53,0.86,0.85,0.53,0.53,0.53,0.48,0.51,0.53,0.8,0.5,0.801,0.725,0.715
0.7,0.7,1.0,1.0,0.86,0.86,0.36,0.36,0.17,0.17,0.65,0.08,0.02,0.0,0.75,0.44,0.81,0.79,0.48,0.81,0.8,0.48,0.48,0.56,0.44,0.54,0.46,0.65,0.5,0.79,0.722,0.715
0.69,0.69,1.0,1.0,0.87,0.87,0.16,0.16,0.26,0.26,0.65,0.08,0.06,0.0,1.0,0.45,0.86,0.8,0.43,0.86,0.86,0.43,0.43,0.59,0.43,0.55,0.45,0.5,0.5,0.782,0.72,0.724
0.68,0.68,1.0,1.0,0.88,0.88,0.16,0.16,0.28,0.28,0.62,0.11,0.02,0.0,1.0,0.51,0.86,0.85,0.42,0.86,0.87,0.42,0.42,0.56,0.45,0.54,0.48,0.5,0.5,0.768,0.717,0.742
0.68,0.68,1.0,1.0,0.88,0.88,0.16,0.16,0.28,0.28,0.61,0.12,0.02,0.0,1.0,0.44,0.85,0.79,0.44,0.85,0.86,0.44,0.44,0.56,0.44,0.55,0.46,0.38,0.28,0.756,0.707,0.764
0.68,0.68,1.0,1.0,0.88,0.88,0.16,0.16,0.27,0.27,0.6,0.13,0.03,0.0,1.0,0.42,0.84,0.78,0.45,0.84,0.85,0.45,0.45,0.57,0.44,0.55,0.45,0.34,0.29,0.745,0.703,0.761
0.66,0.66,1.0,1.0,0.9,0.9,0.16,0.16,0.24,0.24,0.56,0.16,0.07,0.04,1.0,0.41,0.8,0.77,0.47,0.79,0.81,0.47,0.47,0.6,0.43,0.58,0.44,0.31,0.29,0.736,0.702,0.735
0.68,0.68,1.0,1.0,0.88,0.88,0.16,0.16,0.27,0.27,0.58,0.14,0.06,0.04,1.0,0.4,0.8,0.77,0.49,0.79,0.81,0.49,0.49,0.59,0.43,0.58,0.44,0.31,0.3,0.736,0.698,0.711
0.68,0.68,1.0,1.0,0.88,0.88,0.16,0.16,0.29,0.29,0.58,0.15,0.06,0.04,1.0,0.4,0.81,0.76,0.49,0.81,0.82,0.49,0.49,0.59,0.43,0.58,0.44,0.32,0.35,0.723,0.692,0.69
0.66,0.66,1.0,1.0,0.89,0.89,0.16,0.16,0.35,0.35,0.62,0.11,0.03,0.02,1.0,0.4,0.83,0.76,0.49,0.82,0.84,0.49,0.49,0.57,0.44,0.56,0.44,0.32,0.53,0.726,0.68,0.681
0.69,0.69,1.0,1.0,0.87,0.87,0.16,0.16,0.38,0.38,0.65,0.08,0.02,0.02,1.0,0.41,0.85,0.77,0.48,0.84,0.86,0.48,0.48,0.56,0.44,0.56,0.45,0.33,0.62,0.724,0.68,0.668
0.7,0.7,1.0,1.0,0.86,0.86,0.24,0.24,0.26,0.26,0.6,0.13,0.0,0.0,1.0,0.43,0.83,0.78,0.47,0.82,0.85,0.47,0.47,0.55,0.45,0.55,0.45,0.33,0.79,0.721,0.677,0.665
0.83,0.83,1.0,1.0,0.76,0.76,0.95,0.95,0.27,0.27,0.49,0.24,0.04,0.06,1.0,0.44,0.78,0.79,0.47,0.77,0.78,0.47,0.47,0.58,0.44,0.59,0.43,0.28,0.5,0.713,0.678,0.656
0.85,0.85,1.0,1.0,0.74,0.74,0.69,0.69,0.18,0.18,0.51,0.22,0.04,0.04,1.0,0.45,0.8,0.8,0.48,0.79,0.82,0.48,0.48,0.58,0.44,0.58,0.44,0.25,0.5,0.709,0.678,0.649
0.86,0.86,1.0,1.0,0.73,0.73,0.16,0.16,0.41,0.41,0.65,0.08,0.0,0.0,1.0,0.44,0.89,0.79,0.48,0.88,0.89,0.48,0.48,0.52,0.51,0.52,0.51,0.28,0.7,0.707,0.678,0.646
0.89,0.89,1.0,1.0,0.71,0.71,0.16,0.16,0.42,0.42,0.66,0.07,0.0,0.0,1.0,0.44,0.9,0.79,0.48,0.89,0.9,0.48,0.48,0.5,0.55,0.5,0.55,0.31,0.92,0.719,0.677,0.65
0.89,0.89,1.0,1.0,0.7,0.7,0.16,0.16,0.42,0.42,0.66,0.08,0.0,0.0,1.0,0.44,0.9,0.79,0.49,0.89,0.9,0.49,0.49,0.49,0.58,0.49,0.57,0.31,1.0,0.725,0.675,0.648
0.89,0.89,1.0,1.0,0.71,0.71,0.16,0.16,0.42,0.42,0.65,0.08,0.0,0.0,1.0,0.45,0.9,0.8,0.52,0.89,0.9,0.52,0.52,0.49,0.57,0.49,0.57,0.5,0.5,0.72,0.675,0.645
0.88,0.88,1.0,1.0,0.72,0.72,0.31,0.31,0.22,0.22,0.55,0.18,0.0,0.0,1.0,0.39,0.89,0.76,0.56,0.88,0.9,0.56,0.56,0.54,0.47,0.54,0.47,0.63,0.5,0.697,0.675,0.636
0.86,0.86,1.0,1.0,0.73,0.73,0.16,0.16,0.4,0.4,0.6,0.12,0.0,0.0,1.0,0.38,0.91,0.74,0.56,0.91,0.91,0.56,0.56,0.48,0.58,0.5,0.55,0.76,0.5,0.697,0.675,0.633
0.87,0.87,1.0,1.0,0.73,0.73,0.16,0.16,0.4,0.4,0.6,0.13,0.0,0.0,1.0,0.36,0.92,0.74,0.56,0.91,0.92,0.56,0.56,0.46,0.62,0.47,0.6,0.83,0.5,0.694,0.677,0.63
0.87,0.87,1.0,1.0,0.73,0.73,0.16,0.16,0.38,0.38,0.58,0.14,0.0,0.0,1.0,0.36,0.92,0.73,0.56,0.92,0.92,0.56,0.56,0.45,0.64,0.46,0.62,0.85,0.5,0.691,0.682,0.625
0.88,0.88,1.0,1.0,0.72,0.72,0.16,0.16,0.39,0.39,0.57,0.16,0.0,0.0,1.0,0.35,0.92,0.73,0.56,0.92,0.92,0.56,0.56,0.45,0.64,0.46,0.62,0.85,0.5,0.695,0.687,0.631
0.88,0.88,1.0,1.0,0.72,0.72,0.16,0.16,0.38,0.38,0.57,0.15,0.0,0.0,1.0,0.35,0.92,0.73,0.56,0.92,0.92,0.56,0.56,0.45,0.64,0.45,0.64,0.87,0.5,0.687,0.682,0.62
0.88,0.88,1.0,1.0,0.72,0.72,0.16,0.16,0.38,0.38,0.55,0.17,0.0,0.0,1.0,0.35,0.92,0.73,0.56,0.92,0.92,0.56,0.56,0.45,0.65,0.44,0.65,0.89,0.5,0.698,0.67,0.605
0.84,0.84,1.0,1.0,0.74,0.74,0.16,0.16,0.32,0.32,0.51,0.22,0.0,0.0,1.0,0.35,0.92,0.73,0.56,0.92,0.92,0.56,0.56,0.46,0.62,0.46,0.63,0.9,0.5,0.703,0.667,0.597
0.83,0.83,1.0,1.0,0.76,0.76,0.16,0.16,0.27,0.27,0.49,0.24,0.0,0.0,1.0,0.36,0.91,0.73,0.53,0.9,0.91,0.53,0.53,0.48,0.58,0.48,0.58,0.9,0.5,0.714,0.657,0.595
0.82,0.82,1.0,1.0,0.76,0.76,0.16,0.16,0.25,0.25,0.48,0.25,0.0,0.0,1.0,0.37,0.9,0.74,0.51,0.89,0.9,0.51,0.51,0.5,0.55,0.49,0.56,0.89,0.5,0.722,0.652,0.595
0.84,0.84,1.0,1.0,0.75,0.75,0.16,0.16,0.24,0.24,0.49,0.24,0.0,0.0,0.75,0.39,0.88,0.75,0.51,0.88,0.88,0.51,0.51,0.52,0.51,0.51,0.53,0.88,0.5,0.741,0.645,0.582
0.84,0.84,1.0,1.0,0.75,0.75,0.16,0.16,0.21,0.21,0.49,0.23,0.0,0.0,0.75,0.39,0.85,0.75,0.52,0.85,0.86,0.52,0.52,0.55,0.46,0.55,0.46,0.87,0.5,0.767,0.633,0.578
0.87,0.87,1.0,1.0,0.72,0.72,0.16,0.16,0.19,0.19,0.48,0.24,0.02,0.0,0.75,0.39,0.83,0.76,0.52,0.83,0.84,0.52,0.52,0.56,0.45,0.55,0.45,0.86,0.5,0.824,0.608,0.575
0.87,0.87,1.0,1.0,0.72,0.72,0.16,0.16,0.18,0.18,0.49,0.24,0.03,0.02,0.75,0.39,0.83,0.76,0.52,0.83,0.83,0.52,0.52,0.57,0.44,0.56,0.44,0.86,0.5,0.866,0.59,0.582
0.87,0.87,1.0,1.0,0.72,0.72,0.16,0.16,0.17,0.17,0.49,0.24,0.03,0.03,0.75,0.4,0.82,0.76,0.51,0.82,0.83,0.51,0.51,0.57,0.44,0.57,0.44,0.86,0.5,0.896,0.583,0.585
0.86,0.86,1.0,1.0,0.73,0.73,0.16,0.16,0.17,0.17,0.49,0.24,0.04,0.03,0.75,0.39,0.82,0.76,0.51,0.82,0.83,0.51,0.51,0.58,0.44,0.57,0.44,0.85,0.5,0.915,0.57,0.589
0.85,0.85,1.0,1.0,0.74,0.74,0.16,0.16,0.14,0.14,0.46,0.26,0.04,0.03,0.75,0.39,0.81,0.76,0.51,0.81,0.82,0.51,0.51,0.58,0.44,0.57,0.44,0.84,0.5,0.939,0.563,0.597
0.8,0.8,1.0,1.0,0.78,0.78,0.16,0.16,0.15,0.15,0.45,0.28,0.04,0.03,0.75,0.39,0.81,0.75,0.49,0.8,0.82,0.49,0.49,0.58,0.44,0.57,0.44,0.77,0.5,0.956,0.565,0.605
0.74,0.74,1.0,1.0,0.83,0.83,0.16,0.16,0.16,0.16,0.44,0.29,0.03,0.03,0.75,0.45,0.81,0.8,0.44,0.8,0.81,0.44,0.44,0.57,0.44,0.57,0.44,0.66,0.5,0.965,0.563,0.605
0.71,0.71,1.0,1.0,0.85,0.85,0.16,0.16,0.17,0.17,0.43,0.3,0.02,0.0,0.75,0.5,0.81,0.83,0.43,0.8,0.81,0.43,0.43,0.56,0.45,0.54,0.46,0.65,0.5,0.966,0.56,0.604
0.7,0.7,1.0,1.0,0.86,0.86,0.26,0.26,0.18,0.18,0.43,0.3,0.0,0.0,0.75,0.5,0.8,0.84,0.44,0.79,0.81,0.44,0.44,0.54,0.46,0.53,0.48,0.68,0.5,0.966,0.558,0.59
0.67,0.67,1.0,1.0,0.88,0.88,0.16,0.16,0.23,0.23,0.41,0.32,0.0,0.0,0.75,0.49,0.8,0.83,0.45,0.79,0.81,0.45,0.45,0.55,0.46,0.53,0.48,0.69,0.5,0.954,0.552,0.572
0.66,0.66,1.0,1.0,0.9,0.9,0.16,0.16,0.27,0.27,0.37,0.36,0.0,0.0,1.0,0.48,0.82,0.83,0.45,0.81,0.84,0.45,0.45,0.53,0.49,0.51,0.53,0.7,0.5,0.935,0.545,0.555
0.66,0.66,1.0,1.0,0.9,0.9,0.16,0.16,0.26,0.26,0.36,0.36,0.0,0.0,1.0,0.47,0.83,0.81,0.44,0.82,0.84,0.44,0.44,0.53,0.48,0.52,0.51,0.7,0.5,0.922,0.523,0.547
0.66,0.66,1.0,1.0,0.89,0.89,0.16,0.16,0.26,0.26,0.36,0.37,0.0,0.0,1.0,0.46,0.83,0.81,0.45,0.82,0.85,0.45,0.45,0.53,0.48,0.52,0.5,0.7,0.5,0.918,0.512,0.536
0.66,0.66,1.0,1.0,0.89,0.89,0.16,0.16,0.26,0.26,0.35,0.37,0.0,0.0,1.0,0.46,0.83,0.81,0.45,0.82,0.85,0.45,0.45,0.54,0.48,0.52,0.5,0.7,0.5,0.909,0.478,0.491
0.66,0.66,1.0,1.0,0.89,0.89,0.16,0.16,0.26,0.26,0.33,0.39,0.0,0.0,1.0,0.45,0.83,0.8,0.45,0.82,0.85,0.45,0.45,0.54,0.47,0.53,0.5,0.7,0.5,0.901,0.418,0.461
0.65,0.65,1.0,1.0,0.9,0.9,0.16,0.16,0.26,0.26,0.33,0.4,0.0,0.0,1.0,0.44,0.84,0.8,0.45,0.83,0.85,0.45,0.45,0.53,0.49,0.52,0.5,0.7,0.5,0.896,0.412,0.454
0.64,0.64,1.0,1.0,0.91,0.91,0.16,0.16,0.27,0.27,0.34,0.38,0.0,0.0,1.0,0.44,0.84,0.8,0.45,0.83,0.85,0.45,0.45,0.52,0.5,0.52,0.52,0.69,0.5,0.897,0.4,0.449
0.66,0.66,1.0,1.0,0.9,0.9,0.16,0.16,0.21,0.21,0.35,0.38,0.0,0.0,1.0,0.42,0.82,0.77,0.46,0.82,0.83,0.46,0.46,0.55,0.45,0.54,0.46,0.67,0.5,0.896,0.395,0.443
0.65,0.65,1.0,1.0,0.9,0.9,0.16,0.16,0.22,0.22,0.35,0.37,0.0,0.0,1.0,0.41,0.81,0.77,0.46,0.8,0.82,0.46,0.46,0.55,0.45,0.54,0.46,0.61,0.5,0.884,0.393,0.434
0.63,0.63,1.0,1.0,0.92,0.92,0.16,0.16,0.23,0.23,0.36,0.37,0.0,0.0,1.0,0.41,0.78,0.77,0.46,0.77,0.78,0.46,0.46,0.55,0.45,0.55,0.46,0.42,0.42,0.876,0.397,0.445
0.62,0.62,1.0,1.0,0.93,0.93,0.57,0.57,0.13,0.13,0.37,0.36,0.09,0.07,0.75,0.41,0.76,0.77,0.47,0.74,0.77,0.47,0.47,0.61,0.42,0.6,0.43,0.15,0.4,0.865,0.398,0.456
0.6,0.6,1.0,1.0,0.95,0.95,0.21,0.21,0.24,0.24,0.37,0.35,0.07,0.07,0.75,0.37,0.77,0.74,0.48,0.76,0.78,0.48,0.48,0.6,0.43,0.6,0.43,0.11,0.42,0.859,0.4,0.467
0.59,0.59,1.0,1.0,0.95,0.95,0.16,0.16,0.27,0.27,0.37,0.35,0.06,0.06,0.75,0.36,0.77,0.74,0.5,0.76,0.77,0.5,0.5,0.59,0.43,0.59,0.43,0.1,0.43,0.845,0.403,0.474
0.58,0.58,1.0,1.0,0.96,0.96,0.16,0.16,0.28,0.28,0.37,0.35,0.06,0.04,0.75,0.36,0.76,0.73,0.5,0.75,0.76,0.5,0.5,0.59,0.43,0.58,0.43,0.08,0.45,0.824,0.398,0.478
0.58,0.58,1.0,1.0,0.96,0.96,0.19,0.19,0.26,0.26,0.38,0.35,0.09,0.07,0.75,0.35,0.79,0.72,0.45,0.78,0.79,0.45,0.45,0.61,0.42,0.6,0.43,0.07,0.44,0.816,0.4,0.48
0.58,0.58,1.0,1.0,0.96,0.96,0.4,0.4,0.18,0.18,0.38,0.35,0.13,0.13,0.75,0.35,0.77,0.73,0.45,0.76,0.78,0.45,0.45,0.64,0.41,0.64,0.41,0.07,0.44,0.788,0.403,0.475
0.57,0.57,1.0,1.0,0.96,0.96,0.16,0.16,0.29,0.29,0.37,0.35,0.1,0.09,0.75,0.35,0.77,0.73,0.49,0.76,0.77,0.49,0.49,0.62,0.42,0.61,0.42,0.07,0.42,0.767,0.4,0.475
0.57,0.57,1.0,1.0,0.97,0.97,0.16,0.16,0.31,0.31,0.38,0.35,0.15,0.12,1.0,0.3,0.85,0.69,0.43,0.85,0.85,0.43,0.43,0.65,0.41,0.63,0.41,0.05,0.42,0.764,0.4,0.472
0.56,0.56,1.0,1.0,0.98,0.98,0.16,0.16,0.32,0.32,0.38,0.35,0.16,0.15,1.0,0.28,0.88,0.67,0.41,0.87,0.88,0.41,0.41,0.66,0.4,0.65,0.41,0.04,0.43,0.76,0.395,0.475
0.56,0.56,1.0,1.0,0.98,0.98,0.16,0.16,0.32,0.32,0.37,0.35,0.18,0.15,1.0,0.27,0.9,0.66,0.37,0.9,0.9,0.37,0.37,0.67,0.4,0.65,0.41,0.04,0.43,0.767,0.397,0.471
0.46,0.46,0.84,0.84,1.0,1.0,0.16,0.16,0.33,0.33,0.37,0.35,0.18,0.15,1.0,0.26,0.93,0.66,0.33,0.92,0.93,0.33,0.33,0.67,0.4,0.65,0.4,0.03,0.45,0.753,0.385,0.472
0.46,0.46,0.83,0.83,1.0,1.0,0.16,0.16,0.36,0.36,0.37,0.35,0.21,0.16,1.0,0.24,0.96,0.64,0.28,0.96,0.97,0.28,0.28,0.69,0.39,0.66,0.4,0.02,0.51,0.741,0.38,0.476
0.43,0.43,0.78,0.78,1.0,1.0,0.16,0.16,0.41,0.41,0.36,0.36,0.24,0.16,1.0,0.23,0.97,0.63,0.28,0.97,0.97,0.28,0.28,0.71,0.38,0.66,0.4,0.02,0.57,0.726,0.373,0.481
0.42,0.42,0.74,0.74,1.0,1.0,0.16,0.16,0.45,0.45,0.35,0.38,0.25,0.18,1.0,0.23,0.97,0.63,0.28,0.97,0.98,0.28,0.28,0.72,0.37,0.67,0.4,0.02,0.59,0.725,0.367,0.477
0.4,0.4,0.7,0.7,1.0,1.0,0.16,0.16,0.48,0.48,0.34,0.38,0.27,0.16,1.0,0.23,0.97,0.63,0.3,0.97,0.98,0.3,0.3,0.73,0.37,0.66,0.4,0.02,0.63,0.716,0.362,0.479
0.38,0.38,0.64,0.64,1.0,1.0,0.16,0.16,0.51,0.51,0.33,0.39,0.28,0.18,1.0,0.23,0.97,0.63,0.31,0.97,0.97,0.31,0.31,0.74,0.37,0.67,0.4,0.03,0.59,0.678,0.363,0.48
0.37,0.37,0.62,0.62,1.0,1.0,0.16,0.16,0.53,0.53,0.33,0.39,0.27,0.18,1.0,0.23,0.97,0.64,0.31,0.97,0.97,0.31,0.31,0.73,0.37,0.67,0.4,0.03,0.56,0.654,0.372,0.476
0.36,0.36,0.59,0.59,1.0,1.0,0.16,0.16,0.55,0.55,0.33,0.39,0.25,0.18,1.0,0.23,0.97,0.64,0.31,0.97,0.97,0.31,0.31,0.72,0.38,0.67,0.4,0.04,0.54,0.621,0.373,0.475
0.35,0.35,0.57,0.57,1.0,1.0,0.16,0.16,0.55,0.55,0.33,0.39,0.24,0.18,1.0,0.23,0.97,0.64,0.31,0.97,0.97,0.31,0.31,0.71,0.38,0.67,0.4,0.04,0.53,0.582,0.377,0.468
0.32,0.32,0.51,0.51,1.0,1.0,0.16,0.16,0.56,0.56,0.34,0.39,0.24,0.2,1.0,0.23,0.97,0.64,0.31,0.97,0.97,0.31,0.31,0.71,0.38,0.68,0.39,0.04,0.52,0.549,0.375,0.471
0.35,0.35,0.58,0.58,1.0,1.0,0.16,0.16,0.58,0.58,0.34,0.38,0.24,0.2,1.0,0.24,0.97,0.64,0.3,0.97,0.97,0.3,0.3,0.71,0.38,0.68,0.39,0.04,0.51,0.504,0.372,0.472
0.32,0.32,0.52,0.52,1.0,1.0,0.16,0.16,0.56,0.56,0.34,0.38,0.25,0.2,1.0,0.24,0.96,0.64,0.3,0.96,0.97,0.3,0.3,0.72,0.38,0.68,0.39,0.04,0.5,0.48,0.367,0.476
0.32,0.32,0.51,0.51,1.0,1.0,0.16,0.16,0.56,0.56,0.33,0.39,0.25,0.2,1.0,0.24,0.96,0.64,0.3,0.96,0.97,0.3,0.3,0.72,0.38,0.68,0.39,0.04,0.49,0.457,0.363,0.48
0.56,0.56,1.0,1.0,0.98,0.98,0.89,0.89,0.44,0.44,0.35,0.37,0.24,0.21,0.75,0.24,0.94,0.64,0.3,0.93,0.94,0.3,0.3,0.71,0.38,0.69,0.39,0.04,0.5,0.427,0.37,0.485
0.56,0.56,1.0,1.0,0.98,0.98,0.52,0.52,0.37,0.37,0.33,0.39,0.27,0.24,1.0,0.24,0.93,0.64,0.33,0.92,0.93,0.33,0.33,0.73,0.37,0.71,0.38,0.04,0.5,0.394,0.372,0.497
0.69,0.69,1.0,1.0,0.87,0.87,0.25,0.24,0.41,0.41,0.32,0.4,0.22,0.2,1.0,0.3,0.94,0.68,0.39,0.93,0.94,0.39,0.39,0.7,0.38,0.68,0.39,0.06,0.6,0.386,0.37,0.497
0.92,0.92,1.0,1.0,0.68,0.68,0.16,0.16,0.45,0.45,0.32,0.4,0.06,0.06,1.0,0.33,0.95,0.71,0.42,0.95,0.95,0.42,0.42,0.59,0.43,0.59,0.43,0.1,0.79,0.401,0.365,0.495
0.92,0.92,1.0,1.0,0.68,0.68,0.16,0.16,0.44,0.44,0.31,0.41,0.0,0.0,1.0,0.35,0.96,0.73,0.43,0.96,0.96,0.43,0.43,0.53,0.48,0.53,0.48,0.13,1.0,0.398,0.37,0.492
0.92,0.92,1.0,1.0,0.68,0.68,0.16,0.16,0.43,0.43,0.31,0.41,0.0,0.0,1.0,0.36,0.96,0.73,0.43,0.96,0.96,0.43,0.43,0.52,0.51,0.53,0.5,0.14,1.0,0.427,0.372,0.495
0.92,0.92,1.0,1.0,0.68,0.68,0.16,0.16,0.4,0.4,0.31,0.41,0.0,0.0,1.0,0.39,0.96,0.75,0.48,0.96,0.96,0.48,0.48,0.47,0.6,0.49,0.57,0.22,1.0,0.443,0.368,0.479
0.92,0.92,1.0,1.0,0.68,0.68,0.16,0.16,0.37,0.37,0.3,0.42,0.0,0.0,1.0,0.46,0.95,0.81,0.55,0.95,0.95,0.55,0.55,0.43,0.68,0.46,0.63,0.48,0.5,0.467,0.355,0.482
0.92,0.92,1.0,1.0,0.68,0.68,0.16,0.16,0.33,0.33,0.3,0.42,0.0,0.0,1.0,0.41,0.94,0.77,0.56,0.94,0.95,0.56,0.56,0.43,0.69,0.46,0.63,0.71,0.5,0.514,0.34,0.472
0.92,0.92,1.0,1.0,0.68,0.68,0.16,0.16,0.29,0.29,0.31,0.42,0.0,0.0,1.0,0.37,0.94,0.74,0.56,0.94,0.95,0.56,0.56,0.43,0.69,0.46,0.63,0.77,0.5,0.533,0.333,0.468
0.92,0.92,1.0,1.0,0.68,0.68,0.16,0.16,0.26,0.26,0.3,0.42,0.0,0.0,1.0,0.35,0.94,0.72,0.56,0.94,0.95,0.56,0.56,0.44,0.66,0.47,0.61,0.8,0.5,0.556,0.332,0.465
0.92,0.92,1.0,1.0,0.68,0.68,0.16,0.16,0.21,0.21,0.3,0.42,0.0,0.0,1.0,0.34,0.94,0.72,0.56,0.94,0.95,0.56,0.56,0.43,0.68,0.45,0.65,0.86,0.5,0.577,0.327,0.456
0.92,0.92,1.0,1.0,0.68,0.68,0.16,0.16,0.18,0.18,0.31,0.42,0.0,0.0,1.0,0.34,0.94,0.72,0.56,0.93,0.94,0.56,0.56,0.43,0.68,0.45,0.65,0.89,0.5,0.602,0.327,0.45
0.92,0.92,1.0,1.0,0.68,0.68,0.16,0.16,0.17,0.17,0.32,0.41,0.0,0.0,1.0,0.34,0.94,0.72,0.56,0.93,0.94,0.56,0.56,0.43,0.68,0.44,0.66,0.92,0.5,0.639,0.322,0.441
0.92,0.92,1.0,1.0,0.68,0.68,0.16,0.16,0.16,0.16,0.32,0.41,0.0,0.0,1.0,0.35,0.93,0.72,0.56,0.92,0.93,0.56,0.56,0.43,0.69,0.42,0.7,0.93,0.5,0.671,0.32,0.434
0.92,0.92,1.0,1.0,0.68,0.68,0.16,0.16,0.15,0.15,0.33,0.4,0.0,0.0,1.0,0.35,0.92,0.72,0.56,0.91,0.93,0.56,0.56,0.42,0.7,0.4,0.73,0.95,0.5,0.707,0.31,0.425
0.92,0.92,1.0,1.0,0.68,0.68,0.16,0.16,0.18,0.18,0.34,0.39,0.0,0.0,0.75,0.35,0.9,0.73,0.56,0.89,0.91,0.56,0.56,0.47,0.61,0.44,0.66,0.95,0.5,0.744,0.308,0.418
0.92,0.92,1.0,1.0,0.68,0.68,0.16,0.16,0.16,0.16,0.35,0.38,0.0,0.0,0.75,0.35,0.89,0.72,0.56,0.88,0.9,0.56,0.56,0.49,0.56,0.46,0.62,0.95,0.5,0.78,0.313,0.415
0.92,0.92,1.0,1.0,0.68,0.68,0.16,0.16,0.22,0.22,0.38,0.35,0.0,0.0,0.75,0.35,0.88,0.72,0.56,0.87,0.88,0.56,0.56,0.51,0.53,0.48,0.59,0.95,0.5,0.805,0.327,0.415
0.92,0.92,1.0,1.0,0.68,0.68,0.16,0.16,0.21,0.21,0.38,0.35,0.0,0.0,0.75,0.35,0.87,0.72,0.56,0.86,0.88,0.56,0.56,0.5,0.54,0.47,0.61,0.95,0.5,0.831,0.352,0.425
0.92,0.92,1.0,1.0,0.68,0.68,0.16,0.16,0.21,0.21,0.39,0.34,0.0,0.0,0.75,0.35,0.87,0.73,0.56,0.86,0.88,0.56,0.56,0.53,0.5,0.49,0.56,0.95,0.5,0.854,0.373,0.437
0.92,0.92,1.0,1.0,0.68,0.68,0.16,0.16,0.21,0.21,0.39,0.33,0.0,0.0,0.75,0.36,0.85,0.73,0.56,0.85,0.86,0.56,0.56,0.52,0.51,0.48,0.58,0.94,0.5,0.882,0.413,0.455
0.92,0.92,1.0,1.0,0.68,0.68,0.16,0.16,0.2,0.2,0.43,0.3,0.0,0.0,0.75,0.36,0.84,0.73,0.56,0.83,0.85,0.56,0.56,0.5,0.54,0.47,0.6,0.94,0.5,0.901,0.438,0.467
0.92,0.92,1.0,1.0,0.68,0.68,0.16,0.16,0.19,0.19,0.46,0.27,0.0,0.0,0.75,0.36,0.83,0.73,0.56,0.83,0.84,0.56,0.56,0.51,0.52,0.49,0.57,0.94,0.5,0.903,0.465,0.487
0.92,0.92,1.0,1.0,0.68,0.68,0.16,0.16,0.2,0.2,0.53,0.19,0.0,0.0,0.75,0.36,0.83,0.73,0.55,0.83,0.83,0.55,0.55,0.54,0.47,0.52,0.51,0.93,0.5,0.917,0.472,0.494
0.92,0.92,1.0,1.0,0.68,0.68,0.16,0.16,0.15,0.15,0.53,0.2,0.0,0.0,0.75,0.37,0.84,0.74,0.55,0.85,0.84,0.55,0.55,0.51,0.53,0.49,0.57,0.93,0.5,0.923,0.492,0.504
0.92,0.92,1.0,1.0,0.68,0.68,0.16,0.16,0.15,0.15,0.54,0.19,0.0,0.0,0.75,0.37,0.85,0.74,0.55,0.85,0.85,0.55,0.55,0.5,0.54,0.48,0.59,0.93,0.5,0.921,0.515,0.512
0.92,0.92,1.0,1.0,0.68,0.68,0.16,0.16,0.15,0.15,0.58,0.15,0.0,0.0,0.75,0.36,0.85,0.74,0.55,0.86,0.85,0.55,0.55,0.51,0.52,0.49,0.57,0.93,0.5,0.935,0.542,0.549
0.92,0.92,1.0,1.0,0.68,0.68,0.16,0.16,0.16,0.16,0.59,0.14,0.0,0.0,0.75,0.36,0.86,0.73,0.54,0.87,0.86,0.54,0.54,0.52,0.5,0.5,0.55,0.93,0.5,0.941,0.557,0.584
0.92,0.92,1.0,1.0,0.68,0.68,0.16,0.16,0.16,0.16,0.59,0.14,0.0,0.0,0.75,0.36,0.86,0.73,0.53,0.87,0.86,0.53,0.53,0.53,0.49,0.51,0.53,0.93,0.5,0.937,0.565,0.645
0.9,0.9,1.0,1.0,0.7,0.7,0.16,0.16,0.16,0.16,0.6,0.13,0.0,0.0,0.75,0.36,0.86,0.73,0.53,0.87,0.86,0.53,0.53,0.53,0.48,0.52,0.51,0.92,0.5,0.941,0.585,0.677
0.9,0.9,1.0,1.0,0.7,0.7,0.16,0.16,0.16,0.16,0.6,0.13,0.0,0.0,0.75,0.36,0.86,0.73,0.51,0.87,0.85,0.51,0.51,0.54,0.48,0.52,0.5,0.91,0.5,0.944,0.592,0.698
0.87,0.87,1.0,1.0,0.72,0.72,0.16,0.16,0.17,0.17,0.61,0.12,0.0,0.0,0.75,0.36,0.86,0.73,0.51,0.87,0.85,0.51,0.51,0.54,0.47,0.53,0.49,0.91,0.5,0.941,0.603,0.722
0.84,0.84,1.0,1.0,0.75,0.75,0.16,0.16,0.18,0.18,0.65,0.08,0.0,0.0,0.75,0.36,0.86,0.73,0.51,0.87,0.85,0.51,0.51,0.55,0.46,0.54,0.46,0.9,0.5,0.94,0.617,0.744
0.84,0.84,1.0,1.0,0.75,0.75,0.16,0.16,0.18,0.18,0.68,0.05,0.0,0.0,0.75,0.36,0.87,0.73,0.5,0.88,0.86,0.5,0.5,0.55,0.45,0.54,0.46,0.87,0.5,0.933,0.623,0.751
0.79,0.79,1.0,1.0,0.79,0.79,0.16,0.16,0.19,0.19,0.69,0.05,0.0,0.0,0.75,0.37,0.87,0.74,0.49,0.88,0.86,0.49,0.49,0.55,0.45,0.54,0.46,0.78,0.5,0.917,0.632,0.755
0.76,0.76,1.0,1.0,0.81,0.81,0.16,0.16,0.2,0.2,0.68,0.05,0.0,0.0,0.75,0.38,0.88,0.75,0.47,0.88,0.87,0.47,0.47,0.54,0.46,0.53,0.48,0.72,0.5,0.905,0.643,0.76
0.72,0.72,1.0,1.0,0.85,0.85,0.16,0.16,0.22,0.22,0.65,0.08,0.02,0.0,1.0,0.45,0.88,0.8,0.37,0.88,0.88,0.37,0.37,0.56,0.45,0.54,0.47,0.46,0.5,0.899,0.645,0.761
0.69,0.69,1.0,1.0,0.87,0.87,0.36,0.36,0.18,0.18,0.57,0.16,0.0,0.0,0.75,0.6,0.93,0.91,0.31,0.93,0.93,0.31,0.31,0.54,0.47,0.51,0.52,0.4,0.42,0.885,0.642,0.766
0.66,0.66,1.0,1.0,0.89,0.89,0.16,0.16,0.25,0.25,0.59,0.14,0.0,0.0,0.75,0.64,0.95,0.94,0.33,0.95,0.95,0.33,0.33,0.37,0.7,0.37,0.7,0.41,0.42,0.876,0.625,0.785
0.67,0.67,1.0,1.0,0.89,0.89,0.16,0.16,0.25,0.25,0.59,0.14,0.03,0.0,1.0,0.5,0.86,0.84,0.42,0.86,0.87,0.42,0.42,0.57,0.44,0.54,0.46,0.49,0.5,0.855,0.632,0.777
0.66,0.66,1.0,1.0,0.89,0.89,0.16,0.16,0.24,0.24,0.58,0.15,0.04,0.02,1.0,0.44,0.84,0.8,0.44,0.84,0.85,0.44,0.44,0.58,0.43,0.56,0.45,0.41,0.38,0.834,0.64,0.761
0.64,0.64,1.0,1.0,0.91,0.91,0.16,0.16,0.24,0.24,0.58,0.14,0.09,0.06,1.0,0.4,0.81,0.77,0.46,0.81,0.82,0.46,0.46,0.61,0.42,0.59,0.43,0.2,0.36,0.818,0.642,0.75
0.62,0.62,1.0,1.0,0.93,0.93,0.16,0.16,0.25,0.25,0.58,0.14,0.12,0.09,0.75,0.4,0.8,0.76,0.45,0.79,0.81,0.45,0.45,0.63,0.42,0.61,0.42,0.14,0.34,0.801,0.65,0.722
0.62,0.62,1.0,1.0,0.93,0.93,0.58,0.58,0.15,0.15,0.55,0.18,0.2,0.15,0.75,0.39,0.8,0.76,0.43,0.79,0.81,0.43,0.43,0.68,0.39,0.65,0.41,0.12,0.32,0.79,0.652,0.695
0.61,0.61,1.0,1.0,0.93,0.93,0.19,0.19,0.24,0.24,0.58,0.15,0.13,0.1,1.0,0.4,0.79,0.76,0.5,0.78,0.8,0.5,0.5,0.64,0.41,0.62,0.42,0.42,0.27,0.765,0.652,0.683
0.62,0.62,1.0,1.0,0.93,0.93,0.16,0.16,0.28,0.28,0.61,0.12,0.06,0.03,1.0,0.36,0.81,0.74,0.55,0.8,0.82,0.55,0.55,0.59,0.43,0.57,0.44,0.65,0.5,0.761,0.658,0.669
0.64,0.64,1.0,1.0,0.91,0.91,0.16,0.16,0.28,0.28,0.6,0.13,0.02,0.0,1.0,0.35,0.83,0.73,0.55,0.82,0.84,0.55,0.55,0.56,0.44,0.55,0.46,0.72,0.5,0.75,0.662,0.662
0.63,0.63,1.0,1.0,0.92,0.92,0.16,0.16,0.31,0.31,0.63,0.1,0.02,0.0,1.0,0.35,0.83,0.73,0.54,0.82,0.84,0.54,0.54,0.56,0.45,0.54,0.46,0.69,0.5,0.738,0.665,0.654
0.62,0.62,1.0,1.0,0.92,0.92,0.16,0.16,0.42,0.42,0.68,0.05,0.03,0.0,1.0,0.39,0.84,0.75,0.5,0.83,0.86,0.5,0.5,0.57,0.44,0.54,0.47,0.63,0.5,0.728,0.665,0.645
0.64,0.64,1.0,1.0,0.91,0.91,0.16,0.16,0.42,0.42,0.68,0.05,0.0,0.0,1.0,0.42,0.86,0.78,0.48,0.85,0.87,0.48,0.48,0.55,0.45,0.53,0.48,0.59,0.5,0.718,0.663,0.647
0.64,0.64,1.0,1.0,0.91,0.91,0.16,0.16,0.43,0.43,0.68,0.05,0.0,0.0,1.0,0.45,0.89,0.8,0.41,0.88,0.89,0.41,0.41,0.55,0.46,0.53,0.48,0.43,0.75,0.714,0.677,0.653
0.63,0.63,1.0,1.0,0.92,0.92,0.16,0.16,0.44,0.44,0.69,0.04,0.02,0.0,1.0,0.45,0.91,0.8,0.37,0.9,0.91,0.37,0.37,0.56,0.45,0.54,0.47,0.29,0.46,0.712,0.677,0.649
0.61,0.61,1.0,1.0,0.93,0.93,0.22,0.21,0.32,0.32,0.64,0.1,0.02,0.0,1.0,0.45,0.95,0.8,0.32,0.95,0.96,0.32,0.32,0.56,0.45,0.53,0.5,0.23,0.52,0.718,0.672,0.645
0.61,0.61,1.0,1.0,0.93,0.93,0.16,0.16,0.46,0.46,0.7,0.04,0.02,0.0,1.0,0.46,0.93,0.81,0.37,0.92,0.93,0.37,0.37,0.56,0.45,0.54,0.47,0.23,0.52,0.724,0.675,0.646
0.62,0.62,1.0,1.0,0.93,0.93,0.16,0.16,0.47,0.47,0.71,0.03,0.07,0.0,1.0,0.46,0.88,0.81,0.42,0.87,0.88,0.42,0.42,0.6,0.43,0.55,0.45,0.26,0.37,0.736,0.667,0.636
0.61,0.61,1.0,1.0,0.93,0.93,0.16,0.16,0.49,0.49,0.71,0.03,0.07,0.02,1.0,0.45,0.86,0.8,0.44,0.86,0.87,0.44,0.44,0.6,0.43,0.56,0.44,0.18,0.34,0.749,0.658,0.635
0.61,0.61,1.0,1.0,0.94,0.94,0.79,0.77,0.19,0.19,0.5,0.23,0.13,0.09,1.0,0.41,0.85,0.77,0.39,0.84,0.86,0.39,0.39,0.64,0.41,0.61,0.42,0.1,0.36,0.746,0.662,0.637
0.6,0.6,1.0,1.0,0.94,0.94,0.22,0.21,0.24,0.24,0.54,0.18,0.13,0.09,1.0,0.37,0.86,0.74,0.38,0.85,0.87,0.38,0.38,0.64,0.41,0.61,0.42,0.07,0.37,0.734,0.67,0.635
0.58,0.58,1.0,1.0,0.96,0.96,0.16,0.16,0.28,0.28,0.55,0.18,0.12,0.07,1.0,0.33,0.89,0.71,0.36,0.88,0.9,0.36,0.36,0.63,0.41,0.6,0.43,0.06,0.4,0.719,0.682,0.638
0.58,0.58,1.0,1.0,0.96,0.96,0.83,0.82,0.18,0.18,0.49,0.23,0.13,0.09,1.0,0.32,0.91,0.7,0.33,0.9,0.92,0.33,0.33,0.64,0.41,0.61,0.42,0.05,0.43,0.726,0.678,0.636
0.57,0.57,1.0,1.0,0.97,0.97,0.16,0.16,0.28,0.28,0.54,0.19,0.15,0.06,1.0,0.26,0.95,0.66,0.28,0.95,0.96,0.28,0.28,0.65,0.41,0.59,0.43,0.04,0.44,0.709,0.685,0.641
0.56,0.56,1.0,1.0,0.98,0.98,0.16,0.16,0.3,0.3,0.54,0.19,0.13,0.04,1.0,0.24,0.96,0.65,0.28,0.96,0.97,0.28,0.28,0.64,0.41,0.58,0.44,0.03,0.46,0.705,0.68,0.632
0.56,0.56,1.0,1.0,0.98,0.98,0.16,0.16,0.3,0.3,0.54,0.19,0.13,0.04,1.0,0.24,0.97,0.64,0.27,0.97,0.97,0.27,0.27,0.64,0.41,0.58,0.44,0.02,0.47,0.709,0.678,0.617
0.58,0.58,1.0,1.0,0.96,0.96,0.16,0.16,0.29,0.29,0.54,0.19,0.09,0.06,1.0,0.36,0.88,0.73,0.42,0.87,0.88,0.42,0.42,0.61,0.42,0.59,0.43,0.08,0.47,0.704,0.678,0.605
0.73,0.73,1.0,1.0,0.84,0.84,0.16,0.16,0.38,0.38,0.67,0.06,0.04,0.03,1.0,0.46,0.86,0.8,0.47,0.86,0.86,0.47,0.47,0.58,0.44,0.57,0.44,0.56,0.5,0.689,0.68,0.597
0.79,0.79,1.0,1.0,0.79,0.79,0.16,0.16,0.38,0.38,0.66,0.07,0.0,0.0,1.0,0.46,0.89,0.81,0.47,0.88,0.89,0.47,0.47,0.5,0.54,0.5,0.54,0.75,0.5,0.68,0.678,0.595
0.85,0.85,1.0,1.0,0.74,0.74,0.16,0.16,0.35,0.35,0.63,0.1,0.0,0.0,1.0,0.42,0.9,0.78,0.51,0.89,0.91,0.51,0.51,0.49,0.57,0.48,0.58,0.87,0.5,0.668,0.687,0.587
0.9,0.9,1.0,1.0,0.7,0.7,0.16,0.16,0.33,0.33,0.63,0.1,0.0,0.0,0.75,0.41,0.9,0.77,0.56,0.89,0.9,0.56,0.56,0.45,0.64,0.44,0.67,0.91,0.5,0.676,0.687,0.586
0.91,0.91,1.0,1.0,0.69,0.69,0.16,0.16,0.27,0.27,0.58,0.15,0.0,0.0,0.75,0.41,0.89,0.77,0.56,0.89,0.89,0.56,0.56,0.47,0.6,0.46,0.63,0.92,0.5,0.692,0.682,0.586
0.91,0.91,1.0,1.0,0.69,0.69,0.16,0.16,0.27,0.27,0.58,0.15,0.0,0.0,0.75,0.4,0.88,0.77,0.56,0.88,0.88,0.56,0.56,0.48,0.58,0.47,0.61,0.93,0.5,0.729,0.677,0.591
0.92,0.92,1.0,1.0,0.69,0.69,0.16,0.16,0.25,0.25,0.55,0.18,0.0,0.0,0.75,0.39,0.86,0.76,0.56,0.86,0.86,0.56,0.56,0.48,0.58,0.46,0.62,0.94,0.5,0.784,0.68,0.595
0.92,0.92,1.0,1.0,0.68,0.68,0.16,0.16,0.24,0.24,0.53,0.19,0.0,0.0,0.75,0.39,0.86,0.75,0.56,0.86,0.86,0.56,0.56,0.49,0.56,0.47,0.6,0.94,0.5,0.818,0.682,0.588
0.92,0.92,1.0,1.0,0.68,0.68,0.16,0.16,0.21,0.21,0.51,0.22,0.0,0.0,0.75,0.39,0.88,0.75,0.55,0.88,0.88,0.55,0.55,0.48,0.58,0.46,0.62,0.94,0.5,0.841,0.677,0.594
0.92,0.92,1.0,1.0,0.68,0.68,0.16,0.16,0.23,0.23,0.51,0.22,0.0,0.0,0.75,0.39,0.88,0.76,0.54,0.88,0.88,0.54,0.54,0.46,0.63,0.43,0.68,0.94,0.5,0.866,0.683,0.595
0.92,0.92,1.0,1.0,0.68,0.68,0.16,0.16,0.23,0.23,0.49,0.23,0.0,0.0,0.75,0.4,0.89,0.76,0.55,0.89,0.89,0.55,0.55,0.45,0.64,0.43,0.69,0.94,0.5,0.886,0.68,0.604
0.92,0.92,1.0,1.0,0.68,0.68,0.16,0.16,0.24,0.24,0.49,0.24,0.0,0.0,0.75,0.4,0.91,0.76,0.56,0.9,0.91,0.56,0.56,0.43,0.68,0.41,0.72,0.94,0.5,0.909,0.673,0.604
0.92,0.92,1.0,1.0,0.68,0.68,0.16,0.16,0.23,0.23,0.47,0.26,0.0,0.0,1.0,0.39,0.91,0.76,0.56,0.91,0.91,0.56,0.56,0.43,0.69,0.4,0.74,0.94,0.5,0.926,0.658,0.6
0.92,0.92,1.0,1.0,0.68,0.68,0.16,0.16,0.23,0.23,0.42,0.3,0.0,0.0,1.0,0.38,0.93,0.75,0.56,0.92,0.93,0.56,0.56,0.42,0.7,0.4,0.74,0.94,0.5,0.936,0.642,0.586
0.92,0.92,1.0,1.0,0.68,0.68,0.16,0.16,0.24,0.24,0.4,0.32,0.0,0.0,1.0,0.37,0.93,0.74,0.56,0.92,0.93,0.56,0.56,0.42,0.7,0.41,0.73,0.94,0.5,0.934,0.622,0.57
0.92,0.92,1.0,1.0,0.68,0.68,0.16,0.16,0.24,0.24,0.39,0.33,0.0,0.0,1.0,0.36,0.93,0.73,0.56,0.92,0.93,0.56,0.56,0.47,0.61,0.46,0.63,0.94,0.5,0.926,0.608,0.554
0.92,0.92,1.0,1.0,0.68,0.68,0.16,0.16,0.24,0.24,0.38,0.35,0.0,0.0,0.75,0.35,0.88,0.73,0.56,0.87,0.88,0.56,0.56,0.54,0.47,0.52,0.51,0.94,0.5,0.913,0.593,0.537
0.92,0.92,1.0,1.0,0.68,0.68,0.16,0.16,0.22,0.22,0.37,0.36,0.24,0.21,0.5,0.35,0.7,0.73,0.56,0.69,0.71,0.56,0.56,0.71,0.38,0.69,0.39,0.94,0.5,0.899,0.585,0.529
0.92,0.92,1.0,1.0,0.68,0.68,0.16,0.16,0.18,0.18,0.36,0.37,0.28,0.25,0.0,0.38,0.53,0.75,0.56,0.52,0.54,0.56,0.56,0.74,0.37,0.72,0.38,0.96,0.5,0.887,0.57,0.513
0.84,0.84,1.0,1.0,0.75,0.75,0.16,0.16,0.19,0.19,0.34,0.38,0.22,0.16,0.0,0.4,0.38,0.76,0.56,0.36,0.39,0.56,0.56,0.7,0.38,0.66,0.4,0.97,0.5,0.883,0.557,0.481
0.72,0.72,1.0,1.0,0.85,0.85,0.16,0.16,0.22,0.22,0.33,0.4,0.24,0.18,0.0,0.4,0.29,0.76,0.56,0.28,0.3,0.56,0.56,0.71,0.38,0.67,0.4,0.97,0.5,0.876,0.535,0.458
0.66,0.66,1.0,1.0,0.89,0.89,0.16,0.16,0.22,0.22,0.32,0.4,0.25,0.2,0.0,0.38,0.28,0.75,0.56,0.27,0.29,0.56,0.56,0.72,0.37,0.68,0.39,0.98,0.5,0.871,0.515,0.441
0.63,0.63,1.0,1.0,0.92,0.92,0.16,0.16,0.23,0.23,0.31,0.42,0.33,0.28,0.0,0.37,0.26,0.74,0.56,0.25,0.27,0.56,0.56,0.77,0.35,0.74,0.37,0.97,0.5,0.864,0.502,0.435
0.62,0.62,1.0,1.0,0.93,0.93,0.16,0.16,0.23,0.23,0.29,0.44,0.31,0.27,0.0,0.36,0.26,0.73,0.56,0.25,0.27,0.56,0.56,0.76,0.36,0.73,0.37,0.97,0.5,0.859,0.493,0.432
0.62,0.62,1.0,1.0,0.93,0.93,0.16,0.16,0.23,0.23,0.27,0.46,0.31,0.25,0.0,0.35,0.26,0.73,0.56,0.25,0.27,0.56,0.56,0.76,0.36,0.72,0.37,0.97,0.5,0.867,0.477,0.425
0.61,0.61,1.0,1.0,0.93,0.93,0.16,0.16,0.23,0.23,0.24,0.49,0.25,0.21,0.0,0.35,0.27,0.72,0.56,0.26,0.28,0.56,0.56,0.72,0.37,0.69,0.39,0.97,0.5,0.874,0.468,0.411
0.6,0.6,1.0,1.0,0.95,0.95,0.16,0.16,0.23,0.23,0.22,0.5,0.22,0.2,0.0,0.34,0.29,0.72,0.56,0.27,0.3,0.56,0.56,0.7,0.38,0.68,0.39,0.97,0.5,0.863,0.46,0.402
0.59,0.59,1.0,1.0,0.95,0.95,0.16,0.16,0.23,0.23,0.2,0.52,0.22,0.18,0.0,0.34,0.3,0.72,0.56,0.28,0.31,0.56,0.56,0.7,0.38,0.67,0.39,0.97,0.5,0.856,0.447,0.395
0.58,0.58,1.0,1.0,0.96,0.96,0.16,0.16,0.24,0.24,0.16,0.57,0.21,0.18,0.0,0.33,0.3,0.71,0.56,0.28,0.32,0.56,0.56,0.69,0.39,0.67,0.4,0.96,0.5,0.855,0.433,0.382
0.58,0.58,1.0,1.0,0.96,0.96,0.16,0.16,0.24,0.24,0.12,0.61,0.21,0.16,0.0,0.33,0.31,0.71,0.56,0.29,0.34,0.56,0.56,0.69,0.39,0.66,0.4,0.95,0.5,0.851,0.413,0.361
0.58,0.58,1.0,1.0,0.96,0.96,0.16,0.16,0.24,0.24,0.1,0.63,0.22,0.21,0.0,0.33,0.31,0.71,0.56,0.29,0.34,0.56,0.56,0.7,0.38,0.69,0.39,0.93,0.5,0.852,0.393,0.343
0.57,0.57,1.0,1.0,0.96,0.96,0.16,0.16,0.26,0.26,0.12,0.61,0.34,0.36,0.0,0.33,0.35,0.71,0.56,0.32,0.38,0.56,0.56,0.78,0.35,0.79,0.34,0.89,0.5,0.846,0.372,0.325
0.57,0.57,1.0,1.0,0.97,0.97,0.16,0.16,0.25,0.25,0.15,0.58,0.28,0.3,0.0,0.33,0.32,0.71,0.56,0.27,0.37,0.56,0.56,0.74,0.37,0.75,0.36,0.77,0.5,0.834,0.347,0.311
0.57,0.57,1.0,1.0,0.97,0.97,0.29,0.29,0.21,0.21,0.16,0.57,0.3,0.36,0.25,0.34,0.4,0.72,0.56,0.35,0.44,0.56,0.56,0.75,0.36,0.79,0.34,0.52,0.5,0.832,0.332,0.299
0.61,0.61,1.0,1.0,0.94,0.94,0.16,0.16,0.31,0.31,0.18,0.54,0.27,0.24,0.75,0.35,0.71,0.73,0.53,0.68,0.75,0.53,0.53,0.73,0.37,0.71,0.38,0.27,0.82,0.829,0.298,0.266
0.62,0.62,1.0,1.0,0.92,0.92,0.16,0.16,0.4,0.4,0.21,0.51,0.18,0.18,1.0,0.35,0.88,0.72,0.46,0.87,0.89,0.46,0.46,0.67,0.4,0.67,0.4,0.17,0.75,0.815,0.277,0.248
0.63,0.63,1.0,1.0,0.92,0.92,0.16,0.16,0.45,0.45,0.26,0.47,0.15,0.15,1.0,0.33,0.92,0.71,0.43,0.91,0.93,0.43,0.43,0.65,0.41,0.65,0.41,0.13,0.72,0.806,0.258,0.231
0.63,0.63,1.0,1.0,0.92,0.92,0.16,0.16,0.49,0.49,0.28,0.44,0.13,0.12,1.0,0.32,0.94,0.7,0.43,0.93,0.94,0.43,0.43,0.64,0.41,0.63,0.41,0.12,0.7,0.804,0.26,0.239
0.61,0.61,1.0,1.0,0.94,0.94,0.32,0.32,0.22,0.22,0.26,0.46,0.15,0.15,1.0,0.3,0.94,0.69,0.36,0.94,0.95,0.36,0.36,0.65,0.41,0.65,0.4,0.07,0.7,0.805,0.257,0.254
0.57,0.57,1.0,1.0,0.96,0.96,0.16,0.16,0.3,0.3,0.28,0.45,0.16,0.16,1.0,0.25,0.96,0.65,0.3,0.96,0.96,0.3,0.3,0.66,0.4,0.66,0.4,0.04,0.69,0.806,0.27,0.261
0.56,0.56,1.0,1.0,0.98,0.98,0.16,0.16,0.32,0.32,0.28,0.44,0.13,0.13,1.0,0.24,0.97,0.64,0.28,0.97,0.97,0.28,0.28,0.64,0.41,0.64,0.41,0.03,0.68,0.774,0.272,0.274
0.56,0.56,1.0,1.0,0.98,0.98,0.16,0.16,0.33,0.33,0.28,0.44,0.12,0.12,1.0,0.23,0.97,0.64,0.28,0.97,0.97,0.28,0.28,0.63,0.41,0.63,0.41,0.02,0.65,0.769,0.278,0.291
0.52,0.52,0.97,0.97,1.0,1.0,0.16,0.16,0.34,0.34,0.29,0.43,0.09,0.1,1.0,0.23,0.98,0.64,0.27,0.98,0.98,0.27,0.27,0.61,0.42,0.62,0.42,0.02,0.64,0.764,0.307,0.311
0.56,0.56,1.0,1.0,0.98,0.98,0.21,0.21,0.28,0.28,0.32,0.41,0.09,0.1,1.0,0.25,0.96,0.65,0.28,0.96,0.97,0.28,0.28,0.61,0.42,0.62,0.42,0.02,0.64,0.754,0.328,0.328
0.5,0.5,0.94,0.94,1.0,1.0,0.16,0.16,0.36,0.36,0.31,0.41,0.06,0.06,1.0,0.23,0.98,0.63,0.26,0.98,0.98,0.26,0.26,0.59,0.43,0.59,0.43,0.02,0.65,0.736,0.358,0.348
0.51,0.51,0.96,0.96,1.0,1.0,0.16,0.16,0.36,0.36,0.31,0.41,0.04,0.06,1.0,0.23,0.98,0.63,0.27,0.98,0.98,0.27,0.27,0.58,0.43,0.59,0.43,0.02,0.65,0.722,0.372,0.366
0.53,0.53,1.0,1.0,1.0,1.0,0.16,0.16,0.35,0.35,0.31,0.41,0.03,0.04,1.0,0.23,0.98,0.63,0.29,0.98,0.98,0.29,0.29,0.57,0.44,0.58,0.44,0.02,0.65,0.704,0.382,0.383
0.92,0.92,1.0,1.0,0.68,0.68,0.16,0.16,0.27,0.27,0.33,0.4,0.0,0.0,1.0,0.35,0.96,0.72,0.39,0.96,0.97,0.39,0.39,0.45,0.65,0.46,0.62,0.08,1.0,0.701,0.385,0.389
0.92,0.92,1.0,1.0,0.68,0.68,0.16,0.16,0.25,0.25,0.33,0.4,0.0,0.0,1.0,0.39,0.94,0.76,0.47,0.93,0.94,0.47,0.47,0.42,0.71,0.43,0.68,0.15,1.0,0.695,0.39,0.401
0.92,0.92,1.0,1.0,0.68,0.68,0.16,0.16,0.26,0.26,0.33,0.39,0.0,0.0,1.0,0.4,0.94,0.76,0.46,0.93,0.94,0.46,0.46,0.4,0.75,0.42,0.71,0.17,1.0,0.691,0.398,0.415
0.92,0.92,1.0,1.0,0.68,0.68,0.16,0.16,0.55,0.55,0.38,0.35,0.0,0.0,1.0,0.48,0.94,0.82,0.43,0.94,0.94,0.43,0.43,0.39,0.75,0.41,0.73,0.17,1.0,0.684,0.402,0.417
0.92,0.92,1.0,1.0,0.68,0.68,0.16,0.16,0.53,0.53,0.37,0.35,0.0,0.0,1.0,0.49,0.94,0.83,0.42,0.94,0.95,0.42,0.42,0.4,0.75,0.41,0.73,0.17,1.0,0.687,0.405,0.416
0.92,0.92,1.0,1.0,0.68,0.68,0.16,0.16,0.52,0.52,0.38,0.35,0.0,0.0,1.0,0.49,0.94,0.83,0.42,0.94,0.95,0.42,0.42,0.4,0.75,0.41,0.73,0.17,1.0,0.688,0.408,0.418
0.92,0.92,1.0,1.0,0.68,0.68,0.16,0.16,0.54,0.54,0.39,0.34,0.0,0.0,1.0,0.49,0.94,0.83,0.42,0.94,0.95,0.42,0.42,0.4,0.74,0.41,0.73,0.17,1.0,0.688,0.415,0.419
0.92,0.92,1.0,1.0,0.68,0.68,0.16,0.16,0.52,0.52,0.37,0.36,0.0,0.0,1.0,0.49,0.94,0.83,0.48,0.94,0.95,0.48,0.48,0.42,0.69,0.44,0.67,0.35,1.0,0.686,0.423,0.425
0.92,0.92,1.0,1.0,0.68,0.68,0.16,0.16,0.48,0.48,0.35,0.38,0.0,0.0,1.0,0.44,0.95,0.79,0.54,0.95,0.96,0.54,0.54,0.44,0.66,0.46,0.62,0.75,0.5,0.674,0.43,0.425
0.92,0.92,1.0,1.0,0.68,0.68,0.16,0.16,0.49,0.49,0.35,0.38,0.0,0.0,1.0,0.43,0.96,0.78,0.55,0.96,0.97,0.55,0.55,0.43,0.68,0.45,0.65,0.83,0.5,0.666,0.438,0.425
0.92,0.92,1.0,1.0,0.68,0.68,0.16,0.16,0.49,0.49,0.35,0.38,0.0,0.0,1.0,0.43,0.96,0.78,0.55,0.96,0.97,0.55,0.55,0.43,0.69,0.45,0.65,0.83,0.5,0.685,0.452,0.425
0.92,0.92,1.0,1.0,0.68,0.68,0.16,0.16,0.49,0.49,0.34,0.38,0.0,0.0,1.0,0.43,0.96,0.78,0.56,0.96,0.97,0.56,0.56,0.43,0.69,0.44,0.66,0.85,0.5,0.691,0.455,0.429
0.92,0.92,1.0,1.0,0.68,0.68,0.16,0.16,0.5,0.5,0.35,0.38,0.0,0.0,1.0,0.43,0.97,0.78,0.56,0.97,0.97,0.56,0.56,0.42,0.7,0.44,0.67,0.86,0.5,0.696,0.457,0.427
0.92,0.92,1.0,1.0,0.68,0.68,0.16,0.16,0.49,0.49,0.35,0.37,0.0,0.0,1.0,0.44,0.96,0.79,0.55,0.96,0.97,0.55,0.55,0.41,0.72,0.44,0.67,0.85,0.5,0.709,0.457,0.428
0.92,0.92,1.0,1.0,0.68,0.68,0.16,0.16,0.49,0.49,0.35,0.37,0.0,0.0,1.0,0.43,0.96,0.79,0.55,0.96,0.97,0.55,0.55,0.41,0.72,0.44,0.67,0.85,0.5,0.703,0.458,0.418
0.92,0.92,1.0,1.0,0.68,0.68,0.16,0.16,0.49,0.49,0.35,0.37,0.0,0.0,1.0,0.43,0.96,0.79,0.55,0.96,0.96,0.55,0.55,0.42,0.7,0.44,0.66,0.85,0.5,0.713,0.472,0.415
0.92,0.92,1.0,1.0,0.68,0.68,0.16,0.16,0.5,0.5,0.35,0.37,0.0,0.0,1.0,0.43,0.96,0.79,0.55,0.96,0.96,0.55,0.55,0.42,0.7,0.45,0.65,0.84,0.5,0.724,0.463,0.413
0.92,0.92,1.0,1.0,0.68,0.68,0.16,0.16,0.5,0.5,0.36,0.37,0.0,0.0,1.0,0.43,0.96,0.79,0.54,0.96,0.96,0.54,0.54,0.43,0.69,0.45,0.65,0.83,0.5,0.722,0.468,0.415
0.92,0.92,1.0,1.0,0.68,0.68,0.16,0.16,0.46,0.46,0.35,0.38,0.0,0.0,1.0,0.43,0.96,0.78,0.54,0.96,0.96,0.54,0.54,0.44,0.66,0.45,0.64,0.83,0.5,0.724,0.473,0.415
0.92,0.92,1.0,1.0,0.68,0.68,0.16,0.16,0.45,0.45,0.33,0.39,0.0,0.0,1.0,0.42,0.96,0.78,0.54,0.96,0.96,0.54,0.54,0.45,0.65,0.45,0.64,0.82,0.5,0.724,0.465,0.412
0.92,0.92,1.0,1.0,0.68,0.68,0.16,0.16,0.42,0.42,0.36,0.37,0.0,0.0,1.0,0.43,0.95,0.78,0.53,0.95,0.95,0.53,0.53,0.45,0.65,0.45,0.64,0.81,0.5,0.723,0.468,0.409
0.91,0.91,1.0,1.0,0.69,0.69,0.16,0.16,0.4,0.4,0.45,0.28,0.0,0.0,1.0,0.42,0.94,0.78,0.53,0.93,0.94,0.53,0.53,0.47,0.61,0.47,0.61,0.8,0.5,0.73,0.475,0.412
0.89,0.89,1.0,1.0,0.71,0.71,0.16,0.16,0.42,0.42,0.57,0.16,0.0,0.0,1.0,0.42,0.92,0.78,0.53,0.91,0.92,0.53,0.53,0.47,0.6,0.47,0.61,0.77,0.5,0.734,0.478,0.409
0.89,0.89,1.0,1.0,0.71,0.71,0.16,0.16,0.43,0.43,0.67,0.06,0.0,0.0,1.0,0.42,0.92,0.78,0.51,0.91,0.92,0.51,0.51,0.48,0.59,0.47,0.61,0.75,0.5,0.735,0.475,0.41
0.86,0.86,1.0,1.0,0.73,0.73,0.16,0.16,0.43,0.43,0.69,0.05,0.0,0.0,1.0,0.42,0.92,0.78,0.51,0.91,0.92,0.51,0.51,0.48,0.59,0.47,0.61,0.75,0.5,0.728,0.483,0.409
0.86,0.86,1.0,1.0,0.73,0.73,0.16,0.16,0.43,0.43,0.64,0.1,0.0,0.0,1.0,0.42,0.91,0.78,0.5,0.91,0.91,0.5,0.5,0.48,0.58,0.47,0.61,0.75,0.5,0.735,0.508,0.396
0.83,0.83,1.0,1.0,0.75,0.75,0.16,0.16,0.38,0.38,0.5,0.23,0.0,0.0,1.0,0.41,0.91,0.77,0.52,0.9,0.91,0.52,0.52,0.48,0.58,0.48,0.58,0.74,0.5,0.741,0.522,0.404
0.85,0.85,1.0,1.0,0.74,0.74,0.16,0.16,0.41,0.41,0.4,0.33,0.0,0.0,1.0,0.41,0.91,0.77,0.52,0.9,0.92,0.52,0.52,0.49,0.57,0.49,0.57,0.76,0.5,0.749,0.56,0.456
0.86,0.86,1.0,1.0,0.73,0.73,0.16,0.16,0.42,0.42,0.32,0.4,0.0,0.0,1.0,0.4,0.92,0.77,0.52,0.91,0.92,0.52,0.52,0.48,0.58,0.49,0.57,0.76,0.5,0.764,0.583,0.533
0.87,0.87,1.0,1.0,0.73,0.73,0.16,0.16,0.42,0.42,0.27,0.46,0.0,0.0,1.0,0.4,0.92,0.76,0.52,0.91,0.93,0.52,0.52,0.48,0.58,0.49,0.57,0.76,0.5,0.78,0.588,0.619
0.87,0.87,1.0,1.0,0.72,0.72,0.16,0.16,0.42,0.42,0.29,0.44,0.0,0.0,1.0,0.4,0.92,0.76,0.51,0.91,0.93,0.51,0.51,0.48,0.59,0.49,0.58,0.76,0.5,0.776,0.593,0.669
0.85,0.85,1.0,1.0,0.74,0.74,0.16,0.16,0.41,0.41,0.31,0.41,0.0,0.0,1.0,0.4,0.92,0.76,0.51,0.91,0.93,0.51,0.51,0.48,0.58,0.49,0.57,0.77,0.5,0.774,0.613,0.667
0.81,0.81,1.0,1.0,0.78,0.78,0.36,0.36,0.22,0.22,0.34,0.39,0.0,0.0,1.0,0.4,0.86,0.76,0.53,0.85,0.88,0.53,0.53,0.54,0.47,0.54,0.47,0.74,0.5,0.771,0.64,0.621
0.79,0.79,1.0,1.0,0.79,0.79,0.16,0.16,0.38,0.38,0.38,0.35,0.0,0.0,1.0,0.4,0.89,0.76,0.52,0.88,0.89,0.52,0.52,0.51,0.53,0.51,0.52,0.74,0.5,0.769,0.66,0.514
0.8,0.8,1.0,1.0,0.78,0.78,0.16,0.16,0.39,0.39,0.4,0.33,0.0,0.0,1.0,0.41,0.89,0.77,0.52,0.88,0.9,0.52,0.52,0.5,0.54,0.51,0.53,0.72,0.5,0.78,0.647,0.454
0.8,0.8,1.0,1.0,0.78,0.78,0.16,0.16,0.39,0.39,0.43,0.29,0.0,0.0,1.0,0.4,0.89,0.76,0.5,0.88,0.9,0.5,0.5,0.5,0.54,0.51,0.54,0.69,0.5,0.791,0.635,0.403
0.78,0.78,1.0,1.0,0.8,0.8,0.49,0.49,0.16,0.16,0.36,0.37,0.02,0.0,1.0,0.4,0.84,0.76,0.51,0.82,0.86,0.51,0.51,0.56,0.44,0.55,0.45,0.68,0.5,0.79,0.632,0.394
0.76,0.76,1.0,1.0,0.82,0.82,0.16,0.16,0.31,0.31,0.38,0.35,0.03,0.03,1.0,0.4,0.84,0.76,0.52,0.83,0.85,0.52,0.52,0.57,0.44,0.57,0.44,0.67,0.5,0.778,0.642,0.415
0.75,0.75,1.0,1.0,0.82,0.82,0.16,0.16,0.34,0.34,0.41,0.31,0.0,0.0,1.0,0.4,0.86,0.77,0.5,0.85,0.87,0.5,0.5,0.52,0.5,0.52,0.51,0.65,0.5,0.77,0.663,0.447
0.76,0.76,1.0,1.0,0.81,0.81,0.16,0.16,0.33,0.33,0.4,0.33,0.0,0.0,1.0,0.41,0.86,0.77,0.49,0.85,0.88,0.49,0.49,0.51,0.52,0.51,0.53,0.64,0.5,0.781,0.692,0.475
0.77,0.77,1.0,1.0,0.81,0.81,0.16,0.16,0.33,0.33,0.39,0.34,0.0,0.0,1.0,0.41,0.86,0.77,0.49,0.85,0.88,0.49,0.49,0.51,0.53,0.51,0.53,0.64,0.5,0.789,0.72,0.477
0.77,0.77,1.0,1.0,0.81,0.81,0.16,0.16,0.31,0.31,0.37,0.36,0.0,0.0,1.0,0.41,0.86,0.77,0.49,0.85,0.88,0.49,0.49,0.51,0.53,0.51,0.52,0.64,0.5,0.794,0.738,0.476
0.79,0.79,1.0,1.0,0.79,0.79,0.96,0.96,0.24,0.24,0.35,0.38,0.02,0.04,0.75,0.44,0.74,0.79,0.5,0.72,0.76,0.5,0.5,0.56,0.45,0.58,0.44,0.61,0.5,0.79,0.757,0.481
0.8,0.8,1.0,1.0,0.78,0.78,0.95,0.95,0.23,0.23,0.35,0.38,0.0,0.04,0.75,0.46,0.74,0.81,0.5,0.72,0.76,0.5,0.5,0.55,0.45,0.58,0.44,0.61,0.5,0.799,0.777,0.492
0.76,0.76,1.0,1.0,0.82,0.82,0.19,0.18,0.24,0.24,0.36,0.37,0.0,0.03,1.0,0.44,0.83,0.8,0.5,0.81,0.85,0.5,0.5,0.55,0.45,0.57,0.44,0.63,0.5,0.801,0.79,0.483
0.74,0.74,1.0,1.0,0.83,0.83,0.16,0.16,0.33,0.33,0.37,0.35,0.0,0.0,1.0,0.41,0.86,0.77,0.5,0.85,0.87,0.5,0.5,0.52,0.52,0.52,0.51,0.64,0.5,0.807,0.808,0.475
0.77,0.77,1.0,1.0,0.81,0.81,0.97,0.97,0.26,0.26,0.32,0.41,0.03,0.04,0.75,0.41,0.74,0.77,0.52,0.72,0.77,0.52,0.52,0.57,0.44,0.58,0.44,0.65,0.5,0.817,0.825,0.467
0.78,0.78,1.0,1.0,0.8,0.8,0.96,0.96,0.26,0.26,0.3,0.43,0.02,0.04,0.75,0.41,0.76,0.77,0.52,0.74,0.78,0.52,0.52,0.56,0.45,0.58,0.44,0.64,0.5,0.82,0.84,0.463
0.73,0.73,1.0,1.0,0.84,0.84,0.39,0.39,0.22,0.22,0.3,0.42,0.02,0.02,1.0,0.41,0.84,0.77,0.5,0.83,0.86,0.5,0.5,0.56,0.45,0.56,0.44,0.66,0.5,0.819,0.847,0.477
0.72,0.72,1.0,1.0,0.84,0.84,0.16,0.16,0.35,0.35,0.32,0.41,0.0,0.0,1.0,0.4,0.86,0.77,0.5,0.85,0.88,0.5,0.5,0.53,0.5,0.52,0.5,0.67,0.5,0.816,0.84,0.484
0.72,0.72,1.0,1.0,0.85,0.85,0.16,0.16,0.35,0.35,0.32,0.41,0.0,0.0,1.0,0.4,0.86,0.76,0.51,0.85,0.88,0.51,0.51,0.52,0.51,0.52,0.51,0.66,0.5,0.809,0.843,0.483
0.72,0.72,1.0,1.0,0.85,0.85,0.16,0.16,0.35,0.35,0.31,0.41,0.0,0.0,1.0,0.4,0.86,0.76,0.51,0.85,0.88,0.51,0.51,0.52,0.51,0.52,0.51,0.66,0.5,0.805,0.85,0.466
0.7,0.7,1.0,1.0,0.86,0.86,0.16,0.16,0.35,0.35,0.3,0.43,0.0,0.0,1.0,0.4,0.86,0.76,0.51,0.85,0.88,0.51,0.51,0.53,0.49,0.53,0.48,0.65,0.5,0.811,0.882,0.45
0.7,0.7,1.0,1.0,0.86,0.86,0.16,0.16,0.36,0.36,0.3,0.42,0.0,0.0,1.0,0.39,0.87,0.76,0.52,0.86,0.88,0.52,0.52,0.53,0.49,0.53,0.48,0.65,0.5,0.826,0.915,0.425
0.68,0.68,1.0,1.0,0.87,0.87,0.39,0.38,0.22,0.22,0.29,0.44,0.02,0.02,1.0,0.38,0.86,0.75,0.54,0.85,0.87,0.54,0.54,0.56,0.45,0.56,0.45,0.65,0.5,0.838,0.928,0.411
0.67,0.67,1.0,1.0,0.89,0.89,0.16,0.16,0.3,0.3,0.3,0.43,0.03,0.03,1.0,0.38,0.85,0.75,0.54,0.84,0.86,0.54,0.54,0.57,0.44,0.57,0.44,0.62,0.5,0.851,0.952,0.41
0.64,0.64,1.0,1.0,0.91,0.91,0.16,0.16,0.45,0.45,0.33,0.39,0.0,0.0,1.0,0.38,0.86,0.75,0.54,0.86,0.87,0.54,0.54,0.55,0.46,0.54,0.48,0.56,0.5,0.85,0.95,0.409
0.64,0.64,1.0,1.0,0.91,0.91,0.16,0.16,0.48,0.48,0.37,0.36,0.0,0.0,1.0,0.42,0.87,0.78,0.55,0.86,0.88,0.55,0.55,0.54,0.47,0.52,0.5,0.53,0.5,0.852,0.945,0.41
0.65,0.65,1.0,1.0,0.91,0.91,0.16,0.16,0.52,0.52,0.38,0.35,0.0,0.0,1.0,0.43,0.87,0.78,0.55,0.86,0.88,0.55,0.55,0.53,0.48,0.52,0.51,0.53,0.5,0.846,0.942,0.409
0.68,0.68,1.0,1.0,0.88,0.88,0.16,0.16,0.35,0.35,0.31,0.41,0.0,0.0,1.0,0.41,0.87,0.77,0.56,0.86,0.88,0.56,0.56,0.54,0.47,0.54,0.48,0.52,0.5,0.836,0.945,0.403
0.66,0.66,1.0,1.0,0.9,0.9,0.16,0.16,0.36,0.36,0.33,0.4,0.0,0.0,1.0,0.41,0.83,0.77,0.56,0.82,0.85,0.56,0.56,0.55,0.46,0.54,0.47,0.35,0.46,0.824,0.943,0.396
0.61,0.61,1.0,1.0,0.93,0.93,0.58,0.57,0.24,0.24,0.34,0.38,0.25,0.16,1.0,0.33,0.9,0.71,0.46,0.88,0.91,0.46,0.46,0.72,0.38,0.66,0.4,0.17,0.7,0.809,0.923,0.392
0.59,0.59,1.0,1.0,0.95,0.95,0.16,0.16,0.36,0.36,0.34,0.38,0.28,0.2,1.0,0.28,0.94,0.67,0.37,0.94,0.95,0.37,0.37,0.74,0.36,0.68,0.39,0.07,0.55,0.779,0.907,0.393
0.57,0.57,1.0,1.0,0.96,0.96,0.16,0.16,0.38,0.38,0.34,0.38,0.27,0.18,1.0,0.26,0.96,0.65,0.32,0.96,0.96,0.32,0.32,0.73,0.37,0.67,0.4,0.05,0.55,0.739,0.882,0.394
0.56,0.56,1.0,1.0,0.97,0.97,0.16,0.16,0.38,0.38,0.35,0.38,0.25,0.15,1.0,0.24,0.96,0.65,0.31,0.96,0.97,0.31,0.31,0.72,0.38,0.65,0.4,0.04,0.54,0.72,0.865,0.396
0.56,0.56,1.0,1.0,0.97,0.97,0.16,0.16,0.38,0.38,0.35,0.38,0.22,0.13,1.0,0.24,0.97,0.64,0.3,0.97,0.97,0.3,0.3,0.7,0.38,0.64,0.41,0.04,0.55,0.703,0.842,0.399
0.56,0.56,1.0,1.0,0.98,0.98,0.16,0.16,0.38,0.38,0.34,0.38,0.2,0.1,1.0,0.23,0.97,0.64,0.3,0.97,0.98,0.3,0.3,0.68,0.39,0.62,0.42,0.03,0.56,0.69,0.828,0.41
0.56,0.56,1.0,1.0,0.98,0.98,0.16,0.16,0.37,0.37,0.34,0.38,0.18,0.1,1.0,0.23,0.97,0.64,0.3,0.97,0.98,0.3,0.3,0.67,0.4,0.62,0.42,0.03,0.57,0.675,0.797,0.421
0.56,0.56,1.0,1.0,0.98,0.98,0.16,0.16,0.36,0.36,0.34,0.38,0.15,0.1,1.0,0.23,0.97,0.64,0.29,0.97,0.98,0.29,0.29,0.65,0.4,0.62,0.42,0.03,0.57,0.658,0.762,0.41
0.5,0.5,0.93,0.93,1.0,1.0,0.16,0.16,0.36,0.36,0.35,0.38,0.12,0.06,1.0,0.23,0.98,0.63,0.27,0.98,0.98,0.27,0.27,0.63,0.41,0.59,0.43,0.03,0.59,0.659,0.717,0.413
0.56,0.56,1.0,1.0,0.97,0.97,0.92,0.92,0.3,0.3,0.35,0.37,0.12,0.1,1.0,0.23,0.97,0.64,0.29,0.97,0.98,0.29,0.29,0.63,0.41,0.62,0.42,0.03,0.61,0.657,0.677,0.416
0.57,0.57,1.0,1.0,0.97,0.97,0.96,0.96,0.33,0.33,0.35,0.37,0.12,0.13,1.0,0.24,0.95,0.64,0.28,0.95,0.96,0.28,0.28,0.63,0.41,0.64,0.41,0.03,0.63,0.649,0.632,0.423
0.57,0.57,1.0,1.0,0.97,0.97,0.95,0.95,0.34,0.34,0.35,0.37,0.12,0.13,1.0,0.24,0.95,0.64,0.28,0.95,0.96,0.28,0.28,0.63,0.41,0.64,0.41,0.03,0.64,0.651,0.597,0.424
0.57,0.57,1.0,1.0,0.97,0.97,0.95,0.95,0.33,0.33,0.35,0.38,0.12,0.13,1.0,0.24,0.95,0.64,0.28,0.95,0.96,0.28,0.28,0.63,0.41,0.64,0.41,0.03,0.64,0.654,0.557,0.426
0.57,0.57,1.0,1.0,0.96,0.96,0.95,0.95,0.33,0.33,0.35,0.38,0.13,0.15,1.0,0.24,0.95,0.64,0.28,0.95,0.96,0.28,0.28,0.64,0.41,0.65,0.41,0.03,0.65,0.662,0.52,0.434
0.56,0.56,1.0,1.0,0.97,0.97,0.35,0.35,0.21,0.21,0.34,0.39,0.13,0.13,1.0,0.24,0.95,0.64,0.29,0.95,0.96,0.29,0.29,0.64,0.41,0.64,0.41,0.03,0.64,0.671,0.478,0.443
0.56,0.56,1.0,1.0,0.97,0.97,0.16,0.16,0.28,0.28,0.33,0.39,0.13,0.13,1.0,0.28,0.89,0.67,0.42,0.88,0.89,0.42,0.42,0.64,0.41,0.64,0.41,0.1,0.59,0.675,0.46,0.445
0.57,0.57,1.0,1.0,0.97,0.97,0.16,0.16,0.28,0.28,0.33,0.39,0.12,0.1,1.0,0.29,0.84,0.68,0.43,0.83,0.85,0.43,0.43,0.63,0.42,0.62,0.42,0.1,0.58,0.681,0.438,0.451
0.57,0.57,1.0,1.0,0.97,0.97,0.16,0.16,0.28,0.28,0.33,0.39,0.1,0.1,1.0,0.29,0.85,0.68,0.43,0.84,0.86,0.43,0.43,0.62,0.42,0.62,0.42,0.08,0.58,0.684,0.42,0.457
0.57,0.57,1.0,1.0,0.97,0.97,0.16,0.16,0.29,0.29,0.33,0.4,0.1,0.1,1.0,0.3,0.84,0.68,0.45,0.84,0.85,0.45,0.45,0.62,0.42,0.62,0.42,0.08,0.58,0.688,0.405,0.455
0.57,0.57,1.0,1.0,0.97,0.97,0.16,0.16,0.29,0.29,0.33,0.4,0.1,0.1,1.0,0.3,0.84,0.68,0.43,0.84,0.85,0.43,0.43,0.62,0.42,0.62,0.42,0.06,0.56,0.69,0.393,0.456
0.58,0.58,1.0,1.0,0.96,0.96,0.95,0.95,0.27,0.27,0.34,0.39,0.12,0.16,1.0,0.34,0.81,0.71,0.39,0.8,0.81,0.39,0.39,0.63,0.41,0.66,0.4,0.06,0.54,0.7,0.373,0.455
0.58,0.58,1.0,1.0,0.96,0.96,0.16,0.16,0.28,0.28,0.33,0.39,0.06,0.06,1.0,0.36,0.8,0.73,0.48,0.79,0.81,0.48,0.48,0.59,0.43,0.59,0.43,0.32,0.52,0.702,0.36,0.448
0.59,0.59,1.0,1.0,0.95,0.95,0.16,0.16,0.28,0.28,0.33,0.4,0.03,0.04,1.0,0.36,0.82,0.74,0.51,0.81,0.83,0.51,0.51,0.57,0.44,0.58,0.44,0.59,0.5,0.704,0.338,0.441
0.63,0.63,1.0,1.0,0.92,0.92,0.16,0.16,0.25,0.25,0.34,0.39,0.0,0.0,1.0,0.36,0.85,0.73,0.51,0.85,0.86,0.51,0.51,0.54,0.48,0.54,0.47,0.79,0.5,0.707,0.332,0.44
0.69,0.69,1.0,1.0,0.87,0.87,0.16,0.16,0.21,0.21,0.35,0.38,0.0,0.0,1.0,0.36,0.86,0.73,0.51,0.85,0.88,0.51,0.51,0.53,0.48,0.53,0.5,0.88,0.5,0.708,0.323,0.435
0.69,0.69,1.0,1.0,0.87,0.87,0.16,0.16,0.2,0.2,0.36,0.37,0.0,0.0,0.75,0.36,0.86,0.73,0.52,0.85,0.88,0.52,0.52,0.54,0.47,0.53,0.5,0.88,0.5,0.704,0.317,0.432
0.71,0.71,1.0,1.0,0.85,0.85,0.16,0.16,0.19,0.19,0.36,0.37,0.0,0.0,0.75,0.36,0.85,0.73,0.52,0.84,0.86,0.52,0.52,0.55,0.46,0.54,0.48,0.88,0.5,0.708,0.32,0.432
0.71,0.71,1.0,1.0,0.85,0.85,0.16,0.16,0.19,0.19,0.35,0.38,0.0,0.0,0.75,0.36,0.84,0.73,0.52,0.83,0.86,0.52,0.52,0.55,0.46,0.53,0.48,0.88,0.5,0.721,0.318,0.435
0.72,0.72,1.0,1.0,0.84,0.84,0.16,0.16,0.19,0.19,0.37,0.36,0.02,0.0,0.75,0.36,0.81,0.73,0.53,0.8,0.83,0.53,0.53,0.56,0.44,0.55,0.46,0.89,0.5,0.718,0.328,0.437
0.73,0.73,1.0,1.0,0.84,0.84,0.16,0.16,0.18,0.18,0.38,0.35,0.03,0.0,0.75,0.36,0.81,0.74,0.53,0.8,0.83,0.53,0.53,0.57,0.44,0.55,0.45,0.88,0.5,0.734,0.342,0.435
0.71,0.71,1.0,1.0,0.85,0.85,0.16,0.16,0.19,0.19,0.39,0.34,0.0,0.0,0.75,0.37,0.8,0.74,0.52,0.79,0.82,0.52,0.52,0.55,0.45,0.54,0.48,0.87,0.5,0.781,0.375,0.441
0.71,0.71,1.0,1.0,0.85,0.85,0.16,0.16,0.18,0.18,0.39,0.34,0.02,0.0,0.75,0.37,0.8,0.74,0.52,0.79,0.82,0.52,0.52,0.56,0.45,0.54,0.46,0.87,0.5,0.823,0.405,0.445
0.72,0.72,1.0,1.0,0.85,0.85,0.16,0.16,0.18,0.18,0.4,0.33,0.03,0.0,0.75,0.37,0.8,0.74,0.52,0.79,0.82,0.52,0.52,0.57,0.44,0.55,0.45,0.87,0.5,0.85,0.468,0.478
0.72,0.72,1.0,1.0,0.85,0.85,0.16,0.16,0.18,0.18,0.41,0.32,0.03,0.02,0.75,0.37,0.8,0.74,0.52,0.79,0.81,0.52,0.52,0.57,0.44,0.56,0.45,0.85,0.5,0.865,0.54,0.498
0.71,0.71,1.0,1.0,0.85,0.85,0.16,0.16,0.18,0.18,0.41,0.31,0.03,0.0,0.75,0.38,0.8,0.75,0.51,0.79,0.81,0.51,0.51,0.57,0.44,0.55,0.45,0.84,0.5,0.887,0.577,0.505
0.71,0.71,1.0,1.0,0.85,0.85,0.16,0.16,0.18,0.18,0.43,0.3,0.02,0.0,0.75,0.38,0.8,0.75,0.51,0.79,0.82,0.51,0.51,0.56,0.45,0.55,0.45,0.84,0.5,0.898,0.597,0.523
0.71,0.71,1.0,1.0,0.86,0.86,0.16,0.16,0.19,0.19,0.43,0.29,0.0,0.0,0.75,0.39,0.81,0.75,0.51,0.8,0.82,0.51,0.51,0.55,0.45,0.55,0.46,0.83,0.5,0.896,0.613,0.535
0.7,0.7,1.0,1.0,0.86,0.86,0.16,0.16,0.19,0.19,0.44,0.29,0.0,0.0,0.75,0.39,0.81,0.75,0.51,0.81,0.82,0.51,0.51,0.55,0.45,0.54,0.46,0.84,0.5,0.886,0.628,0.539
0.69,0.69,1.0,1.0,0.87,0.87,0.16,0.16,0.2,0.2,0.44,0.29,0.0,0.0,0.75,0.38,0.82,0.75,0.51,0.81,0.83,0.51,0.51,0.54,0.47,0.54,0.48,0.84,0.5,0.89,0.637,0.541
0.68,0.68,1.0,1.0,0.88,0.88,0.16,0.16,0.2,0.2,0.44,0.29,0.0,0.0,0.75,0.38,0.83,0.75,0.51,0.82,0.84,0.51,0.51,0.54,0.48,0.53,0.49,0.84,0.5,0.891,0.645,0.545
0.7,0.7,1.0,1.0,0.86,0.86,0.93,0.93,0.17,0.17,0.43,0.3,0.0,0.0,0.75,0.4,0.77,0.76,0.52,0.76,0.78,0.52,0.52,0.53,0.48,0.53,0.49,0.83,0.5,0.891,0.66,0.556
0.73,0.73,1.0,1.0,0.84,0.84,0.96,0.96,0.21,0.21,0.43,0.3,0.0,0.0,0.75,0.41,0.75,0.77,0.52,0.74,0.76,0.52,0.52,0.53,0.48,0.54,0.46,0.83,0.5,0.888,0.672,0.557
0.73,0.73,1.0,1.0,0.84,0.84,0.95,0.95,0.21,0.21,0.43,0.3,0.0,0.0,0.75,0.4,0.76,0.77,0.53,0.75,0.77,0.53,0.53,0.53,0.48,0.54,0.46,0.82,0.5,0.875,0.682,0.567
0.66,0.66,1.0,1.0,0.9,0.9,0.44,0.44,0.14,0.14,0.44,0.29,0.0,0.0,0.75,0.39,0.8,0.76,0.53,0.78,0.81,0.53,0.53,0.54,0.47,0.54,0.47,0.82,0.5,0.864,0.693,0.571
0.66,0.66,1.0,1.0,0.9,0.9,0.16,0.16,0.23,0.23,0.44,0.29,0.0,0.0,1.0,0.36,0.82,0.74,0.53,0.82,0.83,0.53,0.53,0.52,0.5,0.52,0.51,0.82,0.5,0.852,0.702,0.571
0.64,0.64,1.0,1.0,0.91,0.91,0.16,0.16,0.25,0.25,0.44,0.28,0.0,0.0,1.0,0.36,0.83,0.73,0.53,0.83,0.84,0.53,0.53,0.52,0.5,0.52,0.51,0.82,0.5,0.842,0.707,0.573
0.64,0.64,1.0,1.0,0.91,0.91,0.16,0.16,0.26,0.26,0.44,0.28,0.0,0.0,1.0,0.35,0.84,0.72,0.54,0.83,0.85,0.54,0.54,0.51,0.52,0.51,0.52,0.82,0.5,0.824,0.72,0.571
0.63,0.63,1.0,1.0,0.92,0.92,0.16,0.16,0.27,0.27,0.44,0.28,0.0,0.0,1.0,0.34,0.84,0.72,0.54,0.84,0.85,0.54,0.54,0.51,0.52,0.51,0.52,0.82,0.5,0.807,0.727,0.57
0.68,0.68,1.0,1.0,0.88,0.88,0.95,0.95,0.25,0.25,0.44,0.28,0.0,0.0,0.75,0.35,0.78,0.72,0.54,0.78,0.78,0.54,0.54,0.52,0.51,0.52,0.51,0.82,0.5,0.79,0.738,0.576
0.64,0.64,1.0,1.0,0.91,0.91,0.37,0.37,0.16,0.16,0.44,0.29,0.0,0.0,1.0,0.36,0.8,0.73,0.54,0.79,0.81,0.54,0.54,0.52,0.51,0.52,0.51,0.82,0.5,0.775,0.748,0.575
0.64,0.64,1.0,1.0,0.91,0.91,0.16,0.16,0.25,0.25,0.44,0.29,0.0,0.0,1.0,0.35,0.84,0.73,0.54,0.83,0.85,0.54,0.54,0.52,0.51,0.52,0.51,0.82,0.5,0.76,0.757,0.565
0.63,0.63,1.0,1.0,0.92,0.92,0.16,0.16,0.25,0.25,0.44,0.29,0.0,0.0,1.0,0.35,0.84,0.72,0.54,0.83,0.85,0.54,0.54,0.52,0.51,0.52,0.51,0.81,0.5,0.756,0.76,0.558
0.63,0.63,1.0,1.0,0.92,0.92,0.16,0.16,0.28,0.28,0.46,0.27,0.0,0.0,1.0,0.35,0.85,0.72,0.54,0.84,0.86,0.54,0.54,0.52,0.51,0.51,0.52,0.8,0.5,0.745,0.768,0.555
0.62,0.62,1.0,1.0,0.93,0.93,0.16,0.16,0.31,0.31,0.47,0.25,0.0,0.0,1.0,0.35,0.85,0.72,0.54,0.84,0.86,0.54,0.54,0.52,0.52,0.51,0.53,0.79,0.5,0.734,0.778,0.554
0.59,0.59,1.0,1.0,0.95,0.95,0.16,0.16,0.38,0.38,0.5,0.23,0.0,0.0,1.0,0.36,0.85,0.73,0.52,0.84,0.86,0.52,0.52,0.52,0.51,0.51,0.53,0.7,0.5,0.733,0.783,0.555
0.59,0.59,1.0,1.0,0.95,0.95,0.16,0.16,0.43,0.43,0.52,0.2,0.03,0.0,1.0,0.37,0.85,0.74,0.49,0.84,0.87,0.49,0.49,0.57,0.44,0.53,0.48,0.58,0.5,0.729,0.785,0.564
0.59,0.59,1.0,1.0,0.95,0.95,0.16,0.16,0.43,0.43,0.52,0.21,0.06,0.0,1.0,0.39,0.85,0.75,0.49,0.84,0.87,0.49,0.49,0.59,0.43,0.54,0.46,0.52,0.5,0.733,0.792,0.556
0.58,0.58,1.0,1.0,0.96,0.96,0.16,0.16,0.47,0.47,0.52,0.2,0.07,0.0,1.0,0.4,0.83,0.76,0.49,0.83,0.84,0.49,0.49,0.6,0.43,0.55,0.45,0.29,0.36,0.734,0.792,0.552
0.58,0.58,1.0,1.0,0.96,0.96,0.16,0.16,0.5,0.5,0.53,0.2,0.07,0.03,1.0,0.4,0.82,0.76,0.51,0.81,0.83,0.51,0.51,0.6,0.43,0.57,0.44,0.17,0.36,0.73,0.793,0.549
0.58,0.58,1.0,1.0,0.96,0.96,0.16,0.16,0.54,0.54,0.53,0.2,0.1,0.07,1.0,0.39,0.84,0.76,0.48,0.84,0.85,0.48,0.48,0.62,0.42,0.6,0.43,0.12,0.4,0.731,0.793,0.55
0.58,0.58,1.0,1.0,0.96,0.96,0.16,0.16,0.55,0.55,0.53,0.2,0.12,0.09,1.0,0.38,0.87,0.75,0.46,0.86,0.88,0.46,0.46,0.63,0.41,0.61,0.42,0.1,0.46,0.726,0.792,0.548
0.57,0.57,1.0,1.0,0.96,0.96,0.26,0.26,0.28,0.28,0.47,0.26,0.18,0.13,1.0,0.36,0.88,0.73,0.42,0.87,0.88,0.42,0.42,0.67,0.39,0.64,0.41,0.07,0.46,0.721,0.788,0.55
0.58,0.58,1.0,1.0,0.96,0.96,0.2,0.2,0.26,0.26,0.45,0.28,0.27,0.16,1.0,0.28,0.94,0.67,0.35,0.93,0.94,0.35,0.35,0.73,0.37,0.66,0.4,0.04,0.47,0.718,0.772,0.555
0.58,0.58,1.0,1.0,0.96,0.96,0.16,0.16,0.31,0.31,0.44,0.28,0.36,0.22,1.0,0.26,0.94,0.66,0.34,0.93,0.95,0.34,0.34,0.79,0.35,0.7,0.38,0.04,0.48,0.706,0.767,0.559
0.57,0.57,1.0,1.0,0.97,0.97,0.16,0.16,0.35,0.35,0.43,0.3,0.36,0.21,1.0,0.25,0.95,0.65,0.32,0.94,0.96,0.32,0.32,0.79,0.34,0.69,0.39,0.04,0.5,0.693,0.755,0.545
0.56,0.56,1.0,1.0,0.97,0.97,0.16,0.16,0.41,0.41,0.42,0.3,0.38,0.24,1.0,0.25,0.95,0.65,0.32,0.95,0.96,0.32,0.32,0.8,0.34,0.71,0.38,0.03,0.52,0.683,0.742,0.544
0.56,0.56,1.0,1.0,0.98,0.98,0.16,0.16,0.46,0.46,0.41,0.31,0.38,0.24,1.0,0.24,0.96,0.64,0.3,0.95,0.97,0.3,0.3,0.8,0.34,0.71,0.38,0.03,0.54,0.678,0.73,0.537
0.4,0.4,0.71,0.71,1.0,1.0,0.16,0.16,0.51,0.51,0.39,0.33,0.34,0.2,1.0,0.24,0.96,0.64,0.3,0.96,0.97,0.3,0.3,0.78,0.35,0.68,0.39,0.03,0.55,0.666,0.722,0.526
0.39,0.39,0.67,0.67,1.0,1.0,0.16,0.16,0.54,0.54,0.39,0.33,0.34,0.2,1.0,0.23,0.96,0.64,0.3,0.96,0.97,0.3,0.3,0.78,0.35,0.68,0.39,0.04,0.54,0.664,0.713,0.521
0.38,0.38,0.65,0.65,1.0,1.0,0.16,0.16,0.56,0.56,0.37,0.35,0.36,0.2,1.0,0.23,0.96,0.64,0.32,0.96,0.97,0.32,0.32,0.79,0.35,0.68,0.39,0.04,0.53,0.666,0.692,0.515
0.37,0.37,0.62,0.62,1.0,1.0,0.16,0.16,0.56,0.56,0.37,0.35,0.34,0.21,1.0,0.24,0.96,0.64,0.32,0.96,0.97,0.32,0.32,0.78,0.35,0.69,0.39,0.05,0.53,0.656,0.668,0.502
0.36,0.36,0.59,0.59,1.0,1.0,0.16,0.16,0.56,0.56,0.36,0.36,0.34,0.21,1.0,0.24,0.96,0.64,0.32,0.96,0.97,0.32,0.32,0.78,0.35,0.69,0.39,0.05,0.54,0.636,0.638,0.488
0.36,0.36,0.61,0.61,1.0,1.0,0.16,0.16,0.56,0.56,0.35,0.37,0.34,0.21,1.0,0.24,0.96,0.64,0.32,0.96,0.97,0.32,0.32,0.78,0.35,0.69,0.39,0.05,0.58,0.59,0.612,0.48
0.36,0.36,0.61,0.61,1.0,1.0,0.16,0.16,0.56,0.56,0.35,0.37,0.33,0.21,1.0,0.24,0.96,0.64,0.31,0.96,0.97,0.31,0.31,0.77,0.35,0.69,0.39,0.05,0.56,0.539,0.59,0.474
0.36,0.36,0.6,0.6,1.0,1.0,0.16,0.16,0.57,0.57,0.34,0.38,0.33,0.2,1.0,0.24,0.96,0.64,0.31,0.96,0.97,0.31,0.31,0.77,0.35,0.68,0.39,0.05,0.59,0.473,0.575,0.456
0.35,0.35,0.58,0.58,1.0,1.0,0.16,0.16,0.56,0.56,0.34,0.38,0.33,0.18,1.0,0.24,0.96,0.64,0.31,0.96,0.97,0.31,0.31,0.77,0.35,0.67,0.4,0.05,0.69,0.419,0.562,0.451
0.39,0.39,0.67,0.67,1.0,1.0,0.88,0.88,0.48,0.48,0.34,0.38,0.28,0.2,1.0,0.24,0.96,0.64,0.31,0.95,0.97,0.31,0.31,0.74,0.37,0.68,0.39,0.05,0.62,0.382,0.545,0.451
0.37,0.37,0.63,0.63,1.0,1.0,0.16,0.16,0.51,0.51,0.3,0.42,0.34,0.21,1.0,0.24,0.95,0.64,0.32,0.94,0.96,0.32,0.32,0.78,0.35,0.69,0.39,0.05,0.6,0.354,0.538,0.453
0.37,0.37,0.62,0.62,1.0,1.0,0.16,0.16,0.55,0.55,0.28,0.44,0.34,0.16,1.0,0.24,0.95,0.64,0.32,0.95,0.96,0.32,0.32,0.78,0.35,0.66,0.4,0.05,0.67,0.341,0.523,0.451
0.37,0.37,0.62,0.62,1.0,1.0,0.16,0.16,0.55,0.55,0.28,0.44,0.33,0.15,1.0,0.24,0.96,0.64,0.31,0.95,0.97,0.31,0.31,0.77,0.35,0.65,0.4,0.05,0.66,0.331,0.512,0.448
0.39,0.39,0.67,0.67,1.0,1.0,0.16,0.16,0.51,0.51,0.28,0.44,0.31,0.15,1.0,0.24,0.96,0.64,0.31,0.95,0.97,0.31,0.31,0.76,0.36,0.65,0.41,0.04,0.7,0.336,0.493,0.446
0.57,0.57,1.0,1.0,0.97,0.97,0.96,0.96,0.43,0.43,0.3,0.43,0.27,0.18,0.75,0.25,0.91,0.65,0.34,0.89,0.92,0.34,0.34,0.73,0.37,0.67,0.4,0.04,0.74,0.343,0.48,0.448
0.57,0.57,1.0,1.0,0.97,0.97,0.34,0.34,0.37,0.37,0.29,0.43,0.27,0.2,1.0,0.26,0.91,0.66,0.38,0.9,0.92,0.38,0.38,0.73,0.37,0.68,0.39,0.04,0.6,0.352,0.467,0.441
0.56,0.56,1.0,1.0,0.98,0.98,0.16,0.16,0.43,0.43,0.31,0.41,0.18,0.1,1.0,0.26,0.94,0.66,0.33,0.93,0.94,0.33,0.33,0.67,0.4,0.62,0.42,0.04,0.58,0.362,0.447,0.447
0.58,0.58,1.0,1.0,0.96,0.96,0.28,0.27,0.32,0.32,0.33,0.4,0.16,0.2,1.0,0.28,0.86,0.67,0.37,0.86,0.87,0.37,0.37,0.66,0.4,0.68,0.39,0.05,0.58,0.38,0.423,0.438
0.6,0.6,1.0,1.0,0.95,0.95,0.97,0.97,0.3,0.3,0.34,0.39,0.16,0.21,0.75,0.3,0.85,0.69,0.34,0.85,0.86,0.34,0.34,0.66,0.4,0.69,0.39,0.05,0.59,0.39,0.398,0.437
0.6,0.6,1.0,1.0,0.94,0.94,0.41,0.41,0.16,0.16,0.33,0.39,0.1,0.12,1.0,0.36,0.84,0.73,0.44,0.84,0.85,0.44,0.44,0.62,0.42,0.63,0.41,0.15,0.61,0.409,0.372,0.444
0.72,0.72,1.0,1.0,0.85,0.85,0.16,0.16,0.2,0.2,0.32,0.41,0.02,0.04,1.0,0.39,0.83,0.75,0.47,0.82,0.84,0.47,0.47,0.56,0.44,0.58,0.44,0.62,0.5,0.432,0.358,0.443
0.83,0.83,1.0,1.0,0.76,0.76,0.16,0.16,0.19,0.19,0.31,0.41,0.0,0.0,0.75,0.36,0.86,0.73,0.54,0.85,0.87,0.54,0.54,0.54,0.46,0.55,0.45,0.83,0.5,0.459,0.358,0.455
0.84,0.84,1.0,1.0,0.75,0.75,0.16,0.16,0.17,0.17,0.31,0.42,0.0,0.0,0.75,0.35,0.85,0.72,0.55,0.84,0.87,0.55,0.55,0.55,0.46,0.55,0.46,0.86,0.5,0.511,0.328,0.451
0.84,0.84,1.0,1.0,0.75,0.75,0.16,0.16,0.15,0.15,0.31,0.42,0.07,0.04,0.75,0.33,0.82,0.71,0.56,0.8,0.84,0.56,0.56,0.6,0.43,0.58,0.44,0.89,0.5,0.579,0.303,0.459
0.85,0.85,1.0,1.0,0.74,0.74,0.16,0.16,0.14,0.14,0.31,0.41,0.12,0.06,0.75,0.33,0.77,0.71,0.56,0.75,0.79,0.56,0.56,0.63,0.41,0.59,0.43,0.92,0.5,0.64,0.283,0.46
0.86,0.86,1.0,1.0,0.73,0.73,0.16,0.16,0.13,0.13,0.32,0.41,0.15,0.09,0.5,0.32,0.74,0.7,0.56,0.72,0.76,0.56,0.56,0.65,0.4,0.61,0.42,0.93,0.5,0.693,0.278,0.466
0.84,0.84,1.0,1.0,0.75,0.75,0.2,0.2,0.13,0.13,0.32,0.4,0.15,0.09,0.5,0.32,0.72,0.7,0.56,0.7,0.74,0.56,0.56,0.65,0.4,0.61,0.42,0.93,0.5,0.733,0.278,0.453
0.83,0.83,1.0,1.0,0.76,0.76,0.23,0.23,0.13,0.13,0.33,0.4,0.15,0.1,0.5,0.32,0.72,0.7,0.56,0.7,0.74,0.56,0.56,0.65,0.4,0.62,0.42,0.92,0.5,0.786,0.273,0.43
0.83,0.83,1.0,1.0,0.76,0.76,0.24,0.24,0.12,0.12,0.34,0.39,0.15,0.09,0.5,0.32,0.72,0.7,0.56,0.7,0.74,0.56,0.56,0.65,0.41,0.61,0.43,0.92,0.5,0.814,0.28,0.408
0.82,0.82,1.0,1.0,0.76,0.76,0.25,0.25,0.12,0.12,0.34,0.38,0.15,0.07,0.5,0.33,0.72,0.71,0.56,0.7,0.74,0.56,0.56,0.65,0.41,0.6,0.43,0.92,0.5,0.846,0.283,0.395
0.82,0.82,1.0,1.0,0.76,0.76,0.26,0.26,0.12,0.12,0.34,0.38,0.15,0.09,0.5,0.34,0.72,0.71,0.56,0.7,0.74,0.56,0.56,0.65,0.41,0.61,0.42,0.91,0.5,0.866,0.28,0.394
0.82,0.82,1.0,1.0,0.76,0.76,0.27,0.26,0.12,0.12,0.35,0.38,0.15,0.09,0.5,0.34,0.72,0.71,0.56,0.7,0.74,0.56,0.56,0.65,0.4,0.61,0.42,0.91,0.5,0.895,0.283,0.387
0.81,0.81,1.0,1.0,0.77,0.77,0.27,0.27,0.12,0.12,0.35,0.38,0.16,0.1,0.5,0.34,0.72,0.72,0.56,0.7,0.74,0.56,0.56,0.66,0.4,0.62,0.42,0.91,0.5,0.917,0.288,0.38
0.82,0.82,1.0,1.0,0.76,0.76,0.28,0.28,0.12,0.12,0.37,0.36,0.15,0.09,0.5,0.34,0.73,0.72,0.55,0.72,0.75,0.55,0.55,0.65,0.41,0.61,0.42,0.91,0.5,0.924,0.29,0.384
0.83,0.83,1.0,1.0,0.75,0.75,0.27,0.27,0.11,0.11,0.38,0.34,0.15,0.09,0.5,0.35,0.74,0.72,0.54,0.73,0.76,0.54,0.54,0.65,0.41,0.61,0.42,0.91,0.5,0.929,0.303,0.39
0.84,0.84,1.0,1.0,0.75,0.75,0.28,0.27,0.11,0.11,0.39,0.34,0.21,0.12,0.5,0.34,0.74,0.72,0.55,0.73,0.76,0.55,0.55,0.69,0.39,0.63,0.42,0.92,0.5,0.941,0.313,0.405
0.83,0.83,1.0,1.0,0.76,0.76,0.29,0.29,0.12,0.12,0.4,0.33,0.22,0.13,0.5,0.34,0.72,0.72,0.55,0.71,0.74,0.55,0.55,0.7,0.39,0.64,0.41,0.92,0.5,0.946,0.32,0.415
0.82,0.82,1.0,1.0,0.76,0.76,0.26,0.26,0.13,0.13,0.41,0.32,0.2,0.1,0.5,0.34,0.76,0.72,0.53,0.74,0.77,0.53,0.53,0.68,0.39,0.62,0.42,0.91,0.5,0.96,0.342,0.423
0.8,0.8,1.0,1.0,0.78,0.78,0.23,0.23,0.14,0.14,0.41,0.31,0.2,0.12,0.5,0.34,0.77,0.72,0.53,0.76,0.78,0.53,0.53,0.68,0.39,0.63,0.42,0.91,0.5,0.968,0.355,0.427
0.78,0.78,1.0,1.0,0.8,0.8,0.2,0.2,0.18,0.18,0.42,0.31,0.18,0.1,0.5,0.34,0.77,0.72,0.53,0.76,0.78,0.53,0.53,0.67,0.39,0.62,0.42,0.9,0.5,0.969,0.365,0.438
0.76,0.76,1.0,1.0,0.82,0.82,0.21,0.21,0.21,0.21,0.43,0.3,0.15,0.07,0.75,0.35,0.76,0.72,0.53,0.74,0.77,0.53,0.53,0.65,0.41,0.6,0.43,0.9,0.5,0.979,0.392,0.458
0.75,0.75,1.0,1.0,0.82,0.82,0.16,0.16,0.28,0.28,0.44,0.29,0.1,0.03,0.75,0.35,0.77,0.73,0.54,0.76,0.78,0.54,0.54,0.62,0.42,0.57,0.44,0.9,0.5,0.99,0.438,0.486
0.75,0.75,1.0,1.0,0.82,0.82,0.16,0.16,0.27,0.27,0.44,0.28,0.09,0.03,0.75,0.36,0.78,0.73,0.54,0.77,0.79,0.54,0.54,0.61,0.42,0.57,0.44,0.89,0.5,0.993,0.458,0.504
0.75,0.75,1.0,1.0,0.82,0.82,0.16,0.16,0.28,0.28,0.45,0.28,0.12,0.07,0.75,0.36,0.78,0.74,0.54,0.77,0.78,0.54,0.54,0.63,0.41,0.6,0.43,0.88,0.5,0.993,0.5,0.515
0.74,0.74,1.0,1.0,0.83,0.83,0.16,0.16,0.28,0.28,0.45,0.27,0.09,0.03,0.75,0.37,0.78,0.74,0.53,0.77,0.78,0.53,0.53,0.61,0.42,0.57,0.44,0.86,0.5,0.993,0.532,0.526
0.72,0.72,1.0,1.0,0.85,0.85,0.16,0.16,0.29,0.29,0.45,0.27,0.03,0.0,0.75,0.37,0.79,0.74,0.53,0.78,0.79,0.53,0.53,0.57,0.44,0.55,0.45,0.83,0.5,0.989,0.55,0.547
0.65,0.65,1.0,1.0,0.9,0.9,0.16,0.16,0.3,0.3,0.45,0.27,0.02,0.0,0.75,0.39,0.8,0.76,0.5,0.79,0.82,0.5,0.5,0.56,0.45,0.55,0.45,0.61,0.5,0.976,0.578,0.549
0.61,0.61,1.0,1.0,0.93,0.93,0.16,0.16,0.28,0.28,0.45,0.27,0.03,0.03,0.75,0.4,0.77,0.77,0.46,0.76,0.78,0.46,0.46,0.57,0.44,0.57,0.44,0.26,0.65,0.96,0.598,0.554
0.59,0.59,1.0,1.0,0.95,0.95,0.16,0.16,0.37,0.37,0.49,0.24,0.03,0.03,0.75,0.42,0.77,0.78,0.47,0.76,0.78,0.47,0.47,0.57,0.44,0.57,0.44,0.14,0.84,0.952,0.61,0.554
0.59,0.59,1.0,1.0,0.95,0.95,0.16,0.16,0.42,0.42,0.51,0.22,0.06,0.04,1.0,0.41,0.81,0.77,0.46,0.8,0.82,0.46,0.46,0.59,0.43,0.58,0.44,0.1,0.77,0.942,0.622,0.556
0.58,0.58,1.0,1.0,0.96,0.96,0.16,0.16,0.44,0.44,0.5,0.22,0.09,0.06,1.0,0.38,0.84,0.75,0.45,0.83,0.85,0.45,0.45,0.61,0.42,0.59,0.43,0.09,0.62,0.929,0.627,0.559
0.57,0.57,1.0,1.0,0.96,0.96,0.2,0.2,0.24,0.24,0.42,0.31,0.13,0.12,1.0,0.31,0.88,0.7,0.39,0.87,0.88,0.39,0.39,0.64,0.41,0.63,0.41,0.06,0.55,0.918,0.637,0.562
0.58,0.58,1.0,1.0,0.96,0.96,0.16,0.16,0.26,0.26,0.43,0.29,0.18,0.15,1.0,0.29,0.9,0.68,0.37,0.89,0.9,0.37,0.37,0.67,0.4,0.65,0.41,0.05,0.52,0.901,0.648,0.556
0.58,0.58,1.0,1.0,0.96,0.96,0.74,0.71,0.15,0.15,0.42,0.31,0.2,0.16,1.0,0.31,0.86,0.7,0.38,0.85,0.87,0.38,0.38,0.68,0.39,0.66,0.4,0.05,0.49,0.88,0.66,0.548
0.58,0.58,1.0,1.0,0.96,0.96,0.18,0.18,0.27,0.27,0.42,0.3,0.21,0.16,1.0,0.32,0.85,0.7,0.4,0.85,0.86,0.4,0.4,0.69,0.39,0.66,0.4,0.05,0.48,0.858,0.682,0.549
0.58,0.58,1.0,1.0,0.96,0.96,0.16,0.16,0.29,0.29,0.43,0.3,0.2,0.15,1.0,0.31,0.84,0.7,0.43,0.83,0.85,0.43,0.43,0.68,0.39,0.65,0.41,0.05,0.47,0.825,0.695,0.545
0.58,0.58,1.0,1.0,0.96,0.96,0.16,0.16,0.3,0.3,0.43,0.3,0.2,0.13,1.0,0.3,0.86,0.69,0.4,0.85,0.87,0.4,0.4,0.68,0.39,0.64,0.41,0.05,0.47,0.783,0.722,0.539
0.57,0.57,1.0,1.0,0.97,0.97,0.16,0.16,0.3,0.3,0.43,0.3,0.2,0.13,1.0,0.3,0.86,0.69,0.4,0.85,0.88,0.4,0.4,0.68,0.39,0.64,0.41,0.05,0.47,0.736,0.733,0.546
0.57,0.57,1.0,1.0,0.97,0.97,0.16,0.16,0.31,0.31,0.43,0.3,0.18,0.12,1.0,0.29,0.87,0.68,0.39,0.86,0.88,0.39,0.39,0.67,0.39,0.63,0.41,0.05,0.47,0.71,0.737,0.546
0.57,0.57,1.0,1.0,0.97,0.97,0.16,0.16,0.31,0.31,0.42,0.3,0.16,0.12,1.0,0.29,0.88,0.68,0.38,0.87,0.88,0.38,0.38,0.66,0.4,0.63,0.41,0.04,0.47,0.694,0.75,0.543
0.57,0.57,1.0,1.0,0.97,0.97,0.18,0.18,0.28,0.28,0.42,0.3,0.16,0.12,1.0,0.29,0.88,0.68,0.38,0.87,0.88,0.38,0.38,0.66,0.4,0.63,0.42,0.04,0.46,0.676,0.763,0.544
0.58,0.58,1.0,1.0,0.96,0.96,0.22,0.21,0.24,0.24,0.43,0.3,0.16,0.12,1.0,0.31,0.88,0.69,0.36,0.87,0.88,0.36,0.36,0.66,0.4,0.63,0.41,0.04,0.45,0.669,0.77,0.542
0.57,0.57,1.0,1.0,0.97,0.97,0.16,0.16,0.3,0.3,0.43,0.29,0.15,0.12,1.0,0.28,0.9,0.67,0.35,0.9,0.9,0.35,0.35,0.65,0.41,0.63,0.42,0.04,0.45,0.662,0.788,0.531
0.57,0.57,1.0,1.0,0.97,0.97,0.16,0.16,0.3,0.3,0.44,0.29,0.07,0.06,1.0,0.33,0.79,0.71,0.5,0.78,0.8,0.5,0.5,0.6,0.43,0.59,0.43,0.11,0.46,0.661,0.797,0.525
0.82,0.82,1.0,1.0,0.77,0.77,0.16,0.16,0.25,0.25,0.42,0.3,0.04,0.03,1.0,0.37,0.84,0.74,0.51,0.83,0.85,0.51,0.51,0.58,0.44,0.57,0.44,0.5,0.5,0.659,0.803,0.524
0.89,0.89,1.0,1.0,0.71,0.71,0.16,0.16,0.21,0.21,0.41,0.32,0.0,0.0,1.0,0.38,0.87,0.75,0.51,0.86,0.88,0.51,0.51,0.54,0.48,0.54,0.47,0.69,0.5,0.657,0.81,0.521
0.88,0.88,1.0,1.0,0.72,0.72,0.16,0.16,0.19,0.19,0.41,0.32,0.0,0.0,1.0,0.38,0.88,0.75,0.51,0.87,0.88,0.51,0.51,0.54,0.46,0.54,0.47,0.77,0.5,0.656,0.82,0.523
0.87,0.87,1.0,1.0,0.73,0.73,0.16,0.16,0.18,0.18,0.41,0.31,0.02,0.0,1.0,0.39,0.86,0.75,0.51,0.86,0.87,0.51,0.51,0.56,0.45,0.55,0.45,0.78,0.5,0.653,0.825,0.523
0.85,0.85,1.0,1.0,0.74,0.74,0.16,0.16,0.16,0.16,0.41,0.32,0.03,0.0,1.0,0.4,0.86,0.76,0.48,0.86,0.87,0.48,0.48,0.57,0.44,0.55,0.45,0.78,0.5,0.651,0.823,0.524
0.85,0.85,1.0,1.0,0.74,0.74,0.16,0.16,0.15,0.15,0.4,0.33,0.03,0.02,1.0,0.41,0.85,0.77,0.48,0.85,0.86,0.48,0.48,0.57,0.44,0.56,0.44,0.77,0.5,0.656,0.822,0.525
0.85,0.85,1.0,1.0,0.74,0.74,0.16,0.16,0.15,0.15,0.39,0.33,0.04,0.02,0.75,0.41,0.84,0.77,0.48,0.83,0.85,0.48,0.48,0.58,0.44,0.56,0.44,0.76,0.5,0.659,0.822,0.525
0.83,0.83,1.0,1.0,0.75,0.75,0.16,0.16,0.14,0.14,0.38,0.35,0.04,0.02,0.75,0.42,0.83,0.78,0.48,0.82,0.84,0.48,0.48,0.58,0.43,0.56,0.44,0.74,0.5,0.664,0.805,0.531
0.8,0.8,1.0,1.0,0.78,0.78,0.16,0.16,0.14,0.14,0.38,0.34,0.06,0.03,0.75,0.43,0.81,0.78,0.47,0.8,0.82,0.47,0.47,0.59,0.43,0.57,0.44,0.73,0.5,0.703,0.807,0.534
0.79,0.79,1.0,1.0,0.79,0.79,0.16,0.16,0.14,0.14,0.39,0.34,0.04,0.03,0.75,0.43,0.79,0.79,0.47,0.78,0.79,0.47,0.47,0.58,0.43,0.57,0.44,0.71,0.5,0.745,0.8,0.536
0.77,0.77,1.0,1.0,0.81,0.81,0.16,0.16,0.14,0.14,0.38,0.35,0.04,0.03,0.75,0.43,0.78,0.79,0.47,0.77,0.78,0.47,0.47,0.58,0.44,0.57,0.44,0.7,0.5,0.779,0.792,0.549
0.76,0.76,1.0,1.0,0.81,0.81,0.16,0.16,0.14,0.14,0.37,0.35,0.04,0.03,0.75,0.43,0.77,0.79,0.48,0.76,0.78,0.48,0.48,0.58,0.44,0.57,0.44,0.69,0.5,0.809,0.788,0.563
0.76,0.76,1.0,1.0,0.81,0.81,0.16,0.16,0.14,0.14,0.36,0.37,0.04,0.03,0.75,0.43,0.75,0.79,0.48,0.74,0.76,0.48,0.48,0.58,0.44,0.57,0.44,0.69,0.5,0.832,0.802,0.568
0.76,0.76,1.0,1.0,0.81,0.81,0.16,0.16,0.14,0.14,0.35,0.37,0.04,0.03,0.75,0.45,0.74,0.8,0.48,0.73,0.75,0.48,0.48,0.58,0.44,0.57,0.44,0.68,0.5,0.868,0.783,0.557
0.75,0.75,1.0,1.0,0.82,0.82,0.16,0.16,0.15,0.15,0.35,0.38,0.04,0.03,0.75,0.46,0.72,0.81,0.48,0.71,0.73,0.48,0.48,0.58,0.44,0.57,0.44,0.68,0.5,0.895,0.758,0.556
0.74,0.74,1.0,1.0,0.83,0.83,0.16,0.16,0.15,0.15,0.34,0.39,0.04,0.03,0.75,0.47,0.71,0.81,0.48,0.7,0.72,0.48,0.48,0.58,0.44,0.57,0.44,0.67,0.5,0.905,0.728,0.558
0.73,0.73,1.0,1.0,0.84,0.84,0.16,0.16,0.15,0.15,0.33,0.4,0.04,0.03,0.75,0.49,0.69,0.83,0.49,0.68,0.71,0.49,0.49,0.58,0.44,0.57,0.44,0.66,0.5,0.913,0.713,0.563
0.69,0.69,1.0,1.0,0.87,0.87,0.18,0.18,0.16,0.16,0.32,0.41,0.04,0.02,0.75,0.49,0.68,0.83,0.49,0.67,0.7,0.49,0.49,0.58,0.44,0.56,0.44,0.66,0.5,0.916,0.713,0.566
0.67,0.67,1.0,1.0,0.88,0.88,0.16,0.16,0.2,0.2,0.31,0.41,0.03,0.02,0.75,0.5,0.69,0.83,0.5,0.67,0.71,0.5,0.5,0.57,0.44,0.56,0.45,0.66,0.5,0.921,0.692,0.553
0.66,0.66,1.0,1.0,0.89,0.89,0.16,0.16,0.23,0.23,0.31,0.42,0.03,0.02,0.75,0.49,0.71,0.83,0.5,0.69,0.73,0.5,0.5,0.57,0.44,0.56,0.45,0.66,0.5,0.924,0.663,0.54
0.64,0.64,1.0,1.0,0.91,0.91,0.16,0.16,0.25,0.25,0.31,0.42,0.02,0.0,0.75,0.49,0.71,0.83,0.5,0.69,0.73,0.5,0.5,0.56,0.45,0.54,0.47,0.65,0.5,0.919,0.65,0.526
0.63,0.63,1.0,1.0,0.92,0.92,0.16,0.16,0.27,0.27,0.31,0.41,0.02,0.0,0.75,0.49,0.71,0.83,0.5,0.69,0.73,0.5,0.5,0.56,0.45,0.54,0.47,0.64,0.5,0.921,0.63,0.516
0.63,0.63,1.0,1.0,0.92,0.92,0.16,0.16,0.27,0.27,0.31,0.42,0.0,0.0,0.75,0.49,0.72,0.83,0.5,0.7,0.74,0.5,0.5,0.55,0.45,0.54,0.47,0.63,0.5,0.919,0.612,0.505
0.62,0.62,1.0,1.0,0.92,0.92,0.16,0.16,0.28,0.28,0.3,0.43,0.0,0.0,0.75,0.48,0.73,0.82,0.49,0.71,0.75,0.49,0.49,0.55,0.45,0.54,0.47,0.63,0.5,0.923,0.59,0.496
0.64,0.64,1.0,1.0,0.91,0.91,0.34,0.34,0.15,0.15,0.28,0.45,0.02,0.0,0.75,0.48,0.71,0.82,0.48,0.69,0.74,0.48,0.48,0.56,0.45,0.55,0.46,0.63,0.5,0.925,0.567,0.482
0.64,0.64,1.0,1.0,0.91,0.91,0.24,0.24,0.17,0.17,0.28,0.44,0.02,0.0,0.75,0.45,0.73,0.8,0.48,0.72,0.75,0.48,0.48,0.56,0.44,0.55,0.45,0.63,0.5,0.931,0.533,0.464
0.63,0.63,1.0,1.0,0.92,0.92,0.16,0.16,0.21,0.21,0.3,0.42,0.02,0.0,0.75,0.44,0.76,0.79,0.47,0.75,0.77,0.47,0.47,0.56,0.44,0.55,0.45,0.62,0.5,0.93,0.502,0.447
0.63,0.63,1.0,1.0,0.92,0.92,0.48,0.48,0.14,0.14,0.32,0.41,0.04,0.04,0.75,0.44,0.73,0.79,0.47,0.72,0.75,0.47,0.47,0.58,0.44,0.58,0.44,0.47,0.5,0.925,0.467,0.434
0.61,0.61,1.0,1.0,0.94,0.94,0.22,0.22,0.23,0.23,0.31,0.41,0.03,0.02,0.75,0.43,0.73,0.79,0.5,0.72,0.74,0.5,0.5,0.57,0.44,0.56,0.45,0.35,0.38,0.917,0.433,0.426
0.59,0.59,1.0,1.0,0.95,0.95,0.16,0.16,0.27,0.27,0.31,0.41,0.0,0.0,0.75,0.42,0.71,0.78,0.53,0.71,0.71,0.53,0.53,0.54,0.48,0.54,0.47,0.17,0.37,0.907,0.41,0.424
0.58,0.58,1.0,1.0,0.96,0.96,0.16,0.16,0.29,0.29,0.32,0.4,0.0,0.0,1.0,0.39,0.76,0.75,0.5,0.75,0.76,0.5,0.5,0.54,0.47,0.55,0.46,0.11,0.43,0.901,0.388,0.42
0.57,0.57,1.0,1.0,0.97,0.97,0.16,0.16,0.32,0.32,0.32,0.41,0.0,0.0,1.0,0.38,0.76,0.75,0.47,0.76,0.76,0.47,0.47,0.55,0.46,0.55,0.45,0.1,0.45,0.886,0.372,0.411
0.56,0.56,1.0,1.0,0.97,0.97,0.16,0.16,0.34,0.34,0.33,0.39,0.0,0.0,1.0,0.34,0.83,0.71,0.42,0.83,0.84,0.42,0.42,0.55,0.46,0.55,0.45,0.08,0.46,0.871,0.347,0.401
0.56,0.56,1.0,1.0,0.98,0.98,0.16,0.16,0.38,0.38,0.33,0.39,0.0,0.02,1.0,0.32,0.88,0.7,0.37,0.88,0.88,0.37,0.37,0.55,0.45,0.56,0.45,0.06,0.47,0.849,0.337,0.405
0.43,0.43,0.78,0.78,1.0,1.0,0.16,0.16,0.41,0.41,0.32,0.4,0.03,0.03,1.0,0.3,0.91,0.68,0.36,0.9,0.91,0.36,0.36,0.57,0.44,0.57,0.44,0.05,0.49,0.825,0.328,0.42
0.43,0.43,0.76,0.76,1.0,1.0,0.16,0.16,0.45,0.45,0.3,0.42,0.04,0.03,1.0,0.28,0.93,0.67,0.33,0.92,0.93,0.33,0.33,0.58,0.44,0.57,0.44,0.05,0.49,0.797,0.332,0.438
0.41,0.41,0.72,0.72,1.0,1.0,0.16,0.16,0.5,0.5,0.29,0.43,0.06,0.03,1.0,0.27,0.94,0.67,0.32,0.94,0.94,0.32,0.32,0.59,0.43,0.57,0.44,0.04,0.49,0.774,0.327,0.448
0.39,0.39,0.68,0.68,1.0,1.0,0.16,0.16,0.52,0.52,0.29,0.43,0.09,0.04,1.0,0.27,0.94,0.67,0.32,0.94,0.95,0.32,0.32,0.61,0.42,0.58,0.44,0.04,0.49,0.734,0.308,0.457
0.39,0.39,0.67,0.67,1.0,1.0,0.16,0.16,0.54,0.54,0.28,0.44,0.1,0.06,1.0,0.28,0.94,0.67,0.32,0.94,0.95,0.32,0.32,0.62,0.42,0.59,0.43,0.04,0.49,0.706,0.3,0.469
0.38,0.38,0.66,0.66,1.0,1.0,0.16,0.16,0.54,0.54,0.29,0.43,0.15,0.07,1.0,0.26,0.95,0.66,0.3,0.95,0.96,0.3,0.3,0.65,0.41,0.6,0.43,0.04,0.51,0.683,0.287,0.475
0.38,0.38,0.64,0.64,1.0,1.0,0.53,0.53,0.31,0.31,0.29,0.43,0.21,0.18,1.0,0.26,0.93,0.65,0.34,0.92,0.93,0.34,0.34,0.69,0.39,0.67,0.4,0.04,0.53,0.667,0.287,0.487
0.46,0.46,0.83,0.83,1.0,1.0,0.16,0.16,0.44,0.44,0.29,0.43,0.07,0.07,1.0,0.32,0.88,0.71,0.43,0.87,0.88,0.43,0.43,0.6,0.43,0.6,0.43,0.07,0.55,0.649,0.253,0.491
0.59,0.59,1.0,1.0,0.95,0.95,0.16,0.16,0.41,0.41,0.3,0.42,0.0,0.0,1.0,0.37,0.85,0.74,0.51,0.84,0.86,0.51,0.51,0.52,0.52,0.53,0.49,0.35,0.99,0.624,0.233,0.499
0.62,0.62,1.0,1.0,0.93,0.93,0.16,0.16,0.35,0.35,0.31,0.42,0.0,0.0,1.0,0.37,0.85,0.74,0.52,0.85,0.86,0.52,0.52,0.52,0.51,0.54,0.48,0.55,0.5,0.584,0.23,0.503
0.66,0.66,1.0,1.0,0.9,0.9,0.16,0.16,0.31,0.31,0.31,0.42,0.0,0.0,1.0,0.35,0.88,0.72,0.53,0.87,0.88,0.53,0.53,0.53,0.48,0.54,0.46,0.68,0.5,0.535,0.242,0.505
0.68,0.68,1.0,1.0,0.88,0.88,0.16,0.16,0.25,0.25,0.3,0.42,0.0,0.0,1.0,0.34,0.86,0.72,0.53,0.86,0.87,0.53,0.53,0.53,0.48,0.54,0.47,0.78,0.5,0.493,0.262,0.515
0.73,0.73,1.0,1.0,0.84,0.84,0.16,0.16,0.22,0.22,0.3,0.43,0.0,0.0,1.0,0.34,0.86,0.72,0.52,0.85,0.87,0.52,0.52,0.53,0.49,0.52,0.5,0.83,0.5,0.469,0.273,0.51
0.73,0.73,1.0,1.0,0.84,0.84,0.16,0.16,0.21,0.21,0.3,0.43,0.0,0.0,1.0,0.35,0.86,0.72,0.52,0.85,0.87,0.52,0.52,0.53,0.48,0.53,0.49,0.83,0.5,0.46,0.275,0.504
0.73,0.73,1.0,1.0,0.84,0.84,0.16,0.16,0.2,0.2,0.31,0.42,0.0,0.0,1.0,0.36,0.85,0.73,0.5,0.84,0.86,0.5,0.5,0.54,0.46,0.54,0.47,0.83,0.5,0.472,0.278,0.496
0.71,0.71,1.0,1.0,0.85,0.85,0.16,0.16,0.2,0.2,0.32,0.41,0.0,0.0,1.0,0.36,0.82,0.73,0.5,0.81,0.84,0.5,0.5,0.55,0.45,0.54,0.46,0.83,0.5,0.531,0.285,0.48
0.7,0.7,1.0,1.0,0.86,0.86,0.16,0.16,0.19,0.19,0.33,0.39,0.0,0.0,0.75,0.37,0.82,0.74,0.5,0.81,0.83,0.5,0.5,0.55,0.45,0.54,0.46,0.83,0.5,0.596,0.288,0.475
0.7,0.7,1.0,1.0,0.87,0.87,0.16,0.16,0.19,0.19,0.34,0.38,0.02,0.0,0.75,0.37,0.82,0.74,0.49,0.81,0.83,0.49,0.49,0.56,0.45,0.55,0.46,0.82,0.5,0.66,0.312,0.467
0.68,0.68,1.0,1.0,0.87,0.87,0.16,0.16,0.19,0.19,0.35,0.38,0.02,0.0,0.75,0.38,0.8,0.75,0.49,0.79,0.81,0.49,0.49,0.56,0.44,0.55,0.45,0.82,0.5,0.707,0.338,0.467
0.67,0.67,1.0,1.0,0.88,0.88,0.16,0.16,0.2,0.2,0.35,0.38,0.02,0.0,0.75,0.39,0.8,0.76,0.5,0.78,0.81,0.5,0.5,0.56,0.44,0.55,0.45,0.81,0.5,0.756,0.367,0.456
0.67,0.67,1.0,1.0,0.89,0.89,0.16,0.16,0.2,0.2,0.36,0.37,0.03,0.0,0.75,0.39,0.79,0.76,0.5,0.78,0.8,0.5,0.5,0.57,0.44,0.55,0.45,0.8,0.5,0.789,0.398,0.445
0.67,0.67,1.0,1.0,0.89,0.89,0.16,0.16,0.21,0.21,0.38,0.34,0.03,0.0,0.75,0.4,0.79,0.76,0.5,0.77,0.8,0.5,0.5,0.57,0.44,0.55,0.45,0.79,0.5,0.81,0.428,0.444
0.67,0.67,1.0,1.0,0.89,0.89,0.16,0.16,0.21,0.21,0.4,0.33,0.03,0.02,0.75,0.39,0.79,0.76,0.49,0.77,0.8,0.49,0.49,0.57,0.44,0.56,0.45,0.77,0.5,0.829,0.462,0.455
0.66,0.66,1.0,1.0,0.89,0.89,0.16,0.16,0.21,0.21,0.41,0.32,0.03,0.02,0.75,0.39,0.79,0.75,0.49,0.78,0.8,0.49,0.49,0.57,0.44,0.56,0.45,0.76,0.5,0.844,0.505,0.477
0.65,0.65,1.0,1.0,0.9,0.9,0.16,0.16,0.21,0.21,0.42,0.31,0.03,0.02,0.75,0.39,0.8,0.75,0.49,0.79,0.81,0.49,0.49,0.57,0.44,0.56,0.45,0.75,0.5,0.853,0.533,0.494
0.63,0.63,1.0,1.0,0.92,0.92,0.16,0.16,0.22,0.22,0.43,0.29,0.0,0.0,0.75,0.39,0.8,0.76,0.49,0.79,0.8,0.49,0.49,0.55,0.45,0.55,0.45,0.75,0.5,0.867,0.557,0.507
0.62,0.62,1.0,1.0,0.93,0.93,0.16,0.16,0.32,0.32,0.49,0.23,0.0,0.0,1.0,0.4,0.82,0.76,0.49,0.81,0.83,0.49,0.49,0.53,0.49,0.53,0.49,0.74,0.5,0.872,0.592,0.521
0.61,0.61,1.0,1.0,0.93,0.93,0.16,0.16,0.4,0.4,0.53,0.2,0.0,0.0,1.0,0.41,0.84,0.77,0.48,0.83,0.85,0.48,0.48,0.53,0.48,0.53,0.48,0.66,0.5,0.879,0.61,0.515
0.6,0.6,1.0,1.0,0.94,0.94,0.16,0.16,0.43,0.43,0.57,0.16,0.0,0.0,1.0,0.42,0.84,0.78,0.49,0.83,0.86,0.49,0.49,0.54,0.46,0.53,0.48,0.59,0.5,0.879,0.628,0.528
0.58,0.58,1.0,1.0,0.96,0.96,0.16,0.16,0.36,0.36,0.52,0.21,0.0,0.0,1.0,0.42,0.8,0.78,0.52,0.78,0.82,0.52,0.52,0.55,0.45,0.54,0.46,0.47,0.5,0.877,0.657,0.545
0.58,0.58,1.0,1.0,0.96,0.96,0.16,0.16,0.29,0.29,0.49,0.23,0.03,0.03,1.0,0.4,0.78,0.77,0.53,0.76,0.79,0.53,0.53,0.57,0.44,0.57,0.44,0.43,0.93,0.876,0.68,0.558
0.58,0.58,1.0,1.0,0.96,0.96,0.16,0.16,0.31,0.31,0.5,0.22,0.03,0.04,1.0,0.41,0.74,0.77,0.55,0.73,0.75,0.55,0.55,0.57,0.44,0.58,0.44,0.34,0.7,0.869,0.702,0.569
0.57,0.57,1.0,1.0,0.96,0.96,0.16,0.16,0.34,0.34,0.51,0.22,0.07,0.06,1.0,0.41,0.72,0.77,0.52,0.71,0.73,0.52,0.52,0.6,0.43,0.59,0.43,0.14,0.44,0.854,0.713,0.58
0.57,0.57,1.0,1.0,0.97,0.97,0.16,0.16,0.36,0.36,0.51,0.21,0.13,0.07,1.0,0.38,0.79,0.75,0.46,0.78,0.8,0.46,0.46,0.64,0.41,0.6,0.43,0.09,0.42,0.83,0.728,0.59
0.56,0.56,1.0,1.0,0.98,0.98,0.16,0.16,0.38,0.38,0.52,0.2,0.13,0.09,1.0,0.32,0.88,0.7,0.4,0.87,0.88,0.4,0.4,0.64,0.41,0.61,0.42,0.06,0.38,0.824,0.74,0.599
0.56,0.56,1.0,1.0,0.98,0.98,0.38,0.38,0.32,0.32,0.5,0.23,0.16,0.09,1.0,0.3,0.92,0.68,0.34,0.91,0.92,0.34,0.34,0.66,0.4,0.61,0.42,0.04,0.36,0.809,0.743,0.602
0.56,0.56,1.0,1.0,0.98,0.98,0.16,0.16,0.44,0.44,0.54,0.19,0.16,0.1,1.0,0.26,0.95,0.66,0.3,0.94,0.96,0.3,0.3,0.66,0.4,0.62,0.42,0.04,0.36,0.784,0.758,0.599
0.41,0.41,0.73,0.73,1.0,1.0,0.16,0.16,0.47,0.47,0.53,0.19,0.18,0.1,1.0,0.25,0.95,0.65,0.29,0.95,0.96,0.29,0.29,0.67,0.4,0.62,0.42,0.04,0.37,0.746,0.782,0.6
0.41,0.41,0.72,0.72,1.0,1.0,0.3,0.3,0.37,0.37,0.51,0.21,0.2,0.13,1.0,0.25,0.95,0.65,0.29,0.95,0.96,0.29,0.29,0.68,0.39,0.64,0.41,0.03,0.39,0.7,0.798,0.598
0.41,0.41,0.72,0.72,1.0,1.0,0.16,0.16,0.48,0.48,0.53,0.19,0.2,0.12,1.0,0.24,0.96,0.64,0.28,0.96,0.97,0.28,0.28,0.68,0.39,0.63,0.41,0.03,0.4,0.674,0.82,0.597
0.42,0.42,0.76,0.76,1.0,1.0,0.16,0.16,0.49,0.49,0.53,0.19,0.15,0.06,1.0,0.24,0.96,0.64,0.28,0.96,0.97,0.28,0.28,0.65,0.41,0.59,0.43,0.03,0.4,0.654,0.833,0.595
0.92,0.92,1.0,1.0,0.68,0.68,0.16,0.16,0.46,0.46,0.53,0.19,0.0,0.0,1.0,0.32,0.97,0.71,0.38,0.97,0.97,0.38,0.38,0.52,0.52,0.51,0.53,0.07,0.4,0.631,0.832,0.575
0.92,0.92,1.0,1.0,0.68,0.68,0.16,0.16,0.39,0.39,0.5,0.22,0.0,0.0,1.0,0.51,0.93,0.84,0.54,0.92,0.93,0.54,0.54,0.45,0.65,0.45,0.64,0.34,0.23,0.608,0.827,0.567
0.92,0.92,1.0,1.0,0.68,0.68,0.16,0.16,0.35,0.35,0.49,0.24,0.0,0.0,1.0,0.51,0.92,0.85,0.56,0.92,0.92,0.56,0.56,0.42,0.71,0.43,0.68,0.65,0.5,0.576,0.82,0.561
0.92,0.92,1.0,1.0,0.68,0.68,0.16,0.16,0.32,0.32,0.47,0.25,0.0,0.0,1.0,0.46,0.93,0.81,0.56,0.93,0.93,0.56,0.56,0.4,0.74,0.41,0.72,0.78,0.5,0.516,0.818,0.557
0.92,0.92,1.0,1.0,0.68,0.68,0.16,0.16,0.34,0.34,0.49,0.24,0.0,0.0,1.0,0.43,0.93,0.78,0.56,0.93,0.93,0.56,0.56,0.41,0.73,0.41,0.71,0.82,0.5,0.462,0.817,0.546
0.92,0.92,1.0,1.0,0.68,0.68,0.16,0.16,0.38,0.38,0.51,0.22,0.0,0.0,1.0,0.42,0.94,0.78,0.56,0.94,0.94,0.56,0.56,0.41,0.72,0.41,0.71,0.85,0.5,0.43,0.808,0.532
0.92,0.92,1.0,1.0,0.68,0.68,0.16,0.16,0.41,0.41,0.51,0.21,0.0,0.0,1.0,0.39,0.94,0.76,0.56,0.94,0.94,0.56,0.56,0.43,0.68,0.43,0.68,0.86,0.5,0.404,0.807,0.527
0.92,0.92,1.0,1.0,0.68,0.68,0.16,0.16,0.4,0.4,0.51,0.22,0.0,0.0,1.0,0.39,0.94,0.75,0.56,0.94,0.94,0.56,0.56,0.44,0.66,0.43,0.68,0.87,0.5,0.422,0.813,0.525
0.92,0.92,1.0,1.0,0.68,0.68,0.16,0.16,0.37,0.37,0.49,0.23,0.0,0.0,1.0,0.38,0.94,0.75,0.56,0.93,0.94,0.56,0.56,0.45,0.64,0.45,0.65,0.87,0.5,0.437,0.82,0.515
0.92,0.92,1.0,1.0,0.68,0.68,0.16,0.16,0.36,0.36,0.47,0.25,0.0,0.0,1.0,0.39,0.93,0.75,0.56,0.92,0.93,0.56,0.56,0.46,0.63,0.45,0.65,0.87,0.5,0.458,0.813,0.51
0.92,0.92,1.0,1.0,0.68,0.68,0.16,0.16,0.34,0.34,0.47,0.26,0.0,0.0,1.0,0.38,0.92,0.75,0.56,0.91,0.92,0.56,0.56,0.46,0.63,0.45,0.65,0.86,0.5,0.5,0.813,0.509
0.92,0.92,1.0,1.0,0.68,0.68,0.16,0.16,0.32,0.32,0.46,0.26,0.0,0.0,1.0,0.39,0.91,0.75,0.56,0.9,0.91,0.56,0.56,0.46,0.62,0.45,0.65,0.86,0.5,0.554,0.822,0.511
0.92,0.92,1.0,1.0,0.68,0.68,0.16,0.16,0.31,0.31,0.47,0.26,0.0,0.0,1.0,0.39,0.89,0.75,0.56,0.88,0.89,0.56,0.56,0.48,0.58,0.46,0.62,0.85,0.5,0.585,0.82,0.509
0.92,0.92,1.0,1.0,0.69,0.69,0.16,0.16,0.3,0.3,0.46,0.26,0.0,0.0,1.0,0.39,0.88,0.76,0.55,0.87,0.89,0.55,0.55,0.5,0.54,0.48,0.58,0.85,0.5,0.608,0.805,0.517
0.91,0.91,1.0,1.0,0.69,0.69,0.16,0.16,0.28,0.28,0.45,0.27,0.0,0.0,1.0,0.39,0.88,0.75,0.55,0.87,0.88,0.55,0.55,0.5,0.55,0.49,0.57,0.84,0.5,0.63,0.802,0.524
0.91,0.91,1.0,1.0,0.69,0.69,0.16,0.16,0.28,0.28,0.45,0.28,0.0,0.0,1.0,0.39,0.88,0.75,0.54,0.87,0.88,0.54,0.54,0.5,0.54,0.49,0.57,0.84,0.5,0.674,0.797,0.529
0.92,0.92,1.0,1.0,0.68,0.68,0.16,0.16,0.18,0.18,0.4,0.33,0.0,0.0,0.75,0.39,0.84,0.75,0.55,0.83,0.85,0.55,0.55,0.53,0.49,0.52,0.51,0.84,0.5,0.707,0.787,0.53
0.92,0.92,1.0,1.0,0.68,0.68,0.16,0.16,0.13,0.13,0.36,0.37,0.0,0.0,0.75,0.39,0.83,0.75,0.56,0.82,0.84,0.56,0.56,0.54,0.48,0.53,0.49,0.84,0.5,0.73,0.773,0.529
0.92,0.92,1.0,1.0,0.68,0.68,0.16,0.16,0.13,0.13,0.35,0.38,0.0,0.0,0.75,0.39,0.82,0.75,0.56,0.81,0.84,0.56,0.56,0.53,0.48,0.53,0.49,0.83,0.5,0.751,0.752,0.526
0.92,0.92,1.0,1.0,0.68,0.68,0.16,0.16,0.14,0.14,0.33,0.39,0.0,0.0,0.75,0.39,0.82,0.76,0.56,0.81,0.83,0.56,0.56,0.53,0.48,0.53,0.48,0.81,0.5,0.767,0.735,0.523
0.92,0.92,1.0,1.0,0.68,0.68,0.16,0.16,0.13,0.13,0.33,0.4,0.0,0.0,0.75,0.39,0.82,0.76,0.56,0.81,0.83,0.56,0.56,0.53,0.48,0.53,0.48,0.8,0.5,0.796,0.698,0.526
0.92,0.92,1.0,1.0,0.68,0.68,0.16,0.16,0.12,0.12,0.33,0.39,0.0,0.0,0.75,0.4,0.81,0.76,0.55,0.8,0.82,0.55,0.55,0.53,0.48,0.53,0.48,0.8,0.5,0.809,0.683,0.53
0.92,0.92,1.0,1.0,0.68,0.68,0.16,0.16,0.12,0.12,0.34,0.39,0.0,0.0,0.75,0.42,0.79,0.78,0.54,0.78,0.8,0.54,0.54,0.52,0.51,0.52,0.5,0.74,0.5,0.817,0.67,0.535
0.92,0.92,1.0,1.0,0.68,0.68,0.16,0.16,0.11,0.11,0.34,0.39,0.0,0.0,0.75,0.47,0.77,0.82,0.53,0.76,0.78,0.53,0.53,0.51,0.53,0.52,0.51,0.71,0.5,0.826,0.658,0.539
0.91,0.91,1.0,1.0,0.69,0.69,0.16,0.16,0.1,0.1,0.33,0.39,0.0,0.0,0.75,0.49,0.75,0.83,0.52,0.74,0.76,0.52,0.52,0.51,0.54,0.51,0.52,0.68,0.5,0.842,0.647,0.541
0.83,0.83,1.0,1.0,0.76,0.76,0.16,0.16,0.2,0.2,0.36,0.37,0.0,0.0,0.75,0.49,0.71,0.83,0.52,0.7,0.72,0.52,0.52,0.49,0.56,0.5,0.55,0.66,0.5,0.857,0.613,0.531
0.82,0.82,1.0,1.0,0.76,0.76,0.16,0.16,0.2,0.2,0.36,0.37,0.0,0.0,0.75,0.49,0.72,0.83,0.51,0.71,0.73,0.51,0.51,0.5,0.55,0.5,0.55,0.65,0.5,0.867,0.548,0.513
0.8,0.8,1.0,1.0,0.78,0.78,0.16,0.16,0.19,0.19,0.37,0.36,0.0,0.0,0.75,0.49,0.69,0.83,0.5,0.68,0.7,0.5,0.5,0.5,0.55,0.5,0.54,0.55,0.5,0.871,0.503,0.495
0.7,0.7,1.0,1.0,0.86,0.86,0.16,0.16,0.21,0.21,0.37,0.36,0.0,0.0,0.75,0.5,0.69,0.84,0.47,0.68,0.7,0.47,0.47,0.54,0.48,0.53,0.48,0.27,0.52,0.872,0.463,0.471
0.64,0.64,1.0,1.0,0.91,0.91,0.16,0.16,0.28,0.28,0.36,0.36,0.02,0.0,0.75,0.5,0.74,0.84,0.44,0.73,0.75,0.44,0.44,0.56,0.44,0.55,0.45,0.18,0.51,0.881,0.447,0.462
0.62,0.62,1.0,1.0,0.93,0.93,0.16,0.16,0.31,0.31,0.36,0.37,0.03,0.02,0.75,0.47,0.77,0.81,0.42,0.76,0.78,0.42,0.42,0.57,0.44,0.56,0.45,0.14,0.51,0.896,0.43,0.463
0.6,0.6,1.0,1.0,0.94,0.94,0.19,0.19,0.25,0.25,0.34,0.39,0.06,0.07,0.75,0.43,0.8,0.79,0.42,0.79,0.8,0.42,0.42,0.59,0.43,0.6,0.43,0.12,0.51,0.919,0.418,0.462
0.59,0.59,1.0,1.0,0.95,0.95,0.16,0.16,0.42,0.42,0.34,0.38,0.06,0.06,0.75,0.4,0.84,0.76,0.4,0.84,0.85,0.4,0.4,0.59,0.43,0.59,0.43,0.1,0.51,0.927,0.417,0.458
0.59,0.59,1.0,1.0,0.95,0.95,0.16,0.16,0.45,0.45,0.34,0.38,0.06,0.06,1.0,0.39,0.86,0.75,0.4,0.86,0.87,0.4,0.4,0.59,0.43,0.59,0.43,0.09,0.53,0.936,0.413,0.457
0.59,0.59,1.0,1.0,0.95,0.95,0.33,0.33,0.19,0.19,0.32,0.4,0.1,0.1,1.0,0.35,0.86,0.73,0.39,0.85,0.87,0.39,0.39,0.62,0.42,0.62,0.42,0.07,0.54,0.954,0.418,0.459
0.56,0.56,1.0,1.0,0.98,0.98,0.16,0.16,0.27,0.27,0.32,0.41,0.12,0.12,1.0,0.24,0.97,0.64,0.27,0.97,0.97,0.27,0.27,0.63,0.42,0.63,0.41,0.02,0.58,0.961,0.415,0.472
0.51,0.51,0.95,0.95,1.0,1.0,0.16,0.16,0.3,0.3,0.32,0.4,0.12,0.13,1.0,0.23,0.97,0.64,0.26,0.97,0.97,0.26,0.26,0.63,0.41,0.64,0.41,0.02,0.6,0.977,0.417,0.477
0.51,0.51,0.94,0.94,1.0,1.0,0.16,0.16,0.33,0.33,0.32,0.4,0.12,0.13,1.0,0.23,0.97,0.63,0.26,0.97,0.98,0.26,0.26,0.63,0.41,0.64,0.41,0.02,0.61,0.981,0.408,0.484
0.49,0.49,0.92,0.92,1.0,1.0,0.16,0.16,0.36,0.36,0.32,0.41,0.12,0.12,1.0,0.22,0.98,0.63,0.26,0.98,0.98,0.26,0.26,0.63,0.41,0.63,0.41,0.01,0.61,0.97,0.393,0.484
0.48,0.48,0.88,0.88,1.0,1.0,0.16,0.16,0.41,0.41,0.3,0.42,0.12,0.09,1.0,0.23,0.98,0.63,0.28,0.98,0.98,0.28,0.28,0.63,0.42,0.61,0.42,0.02,0.6,0.939,0.383,0.473
0.44,0.44,0.8,0.8,1.0,1.0,0.16,0.16,0.47,0.47,0.3,0.42,0.13,0.06,1.0,0.23,0.97,0.63,0.29,0.97,0.97,0.29,0.29,0.64,0.41,0.59,0.43,0.02,0.59,0.9,0.373,0.469
0.43,0.43,0.77,0.77,1.0,1.0,0.16,0.16,0.53,0.53,0.29,0.43,0.13,0.06,1.0,0.23,0.97,0.64,0.29,0.97,0.97,0.29,0.29,0.64,0.41,0.59,0.43,0.03,0.54,0.871,0.372,0.461
0.41,0.41,0.73,0.73,1.0,1.0,0.16,0.16,0.55,0.55,0.29,0.44,0.13,0.06,1.0,0.24,0.97,0.64,0.3,0.97,0.97,0.3,0.3,0.64,0.41,0.59,0.43,0.03,0.53,0.834,0.357,0.462
0.39,0.39,0.67,0.67,1.0,1.0,0.16,0.16,0.57,0.57,0.29,0.43,0.16,0.07,1.0,0.24,0.97,0.64,0.3,0.97,0.97,0.3,0.3,0.66,0.4,0.6,0.43,0.04,0.52,0.802,0.347,0.466
0.39,0.39,0.67,0.67,1.0,1.0,0.16,0.16,0.59,0.59,0.3,0.43,0.16,0.06,1.0,0.24,0.97,0.65,0.3,0.97,0.98,0.3,0.3,0.66,0.4,0.59,0.43,0.05,0.53,0.78,0.355,0.466
0.41,0.41,0.71,0.71,1.0,1.0,0.16,0.16,0.48,0.48,0.29,0.44,0.18,0.16,1.0,0.27,0.95,0.66,0.34,0.95,0.95,0.34,0.34,0.67,0.4,0.66,0.4,0.05,0.53,0.736,0.338,0.46
0.81,0.81,1.0,1.0,0.77,0.77,0.16,0.16,0.51,0.51,0.27,0.45,0.0,0.0,1.0,0.55,0.9,0.88,0.53,0.89,0.91,0.53,0.53,0.44,0.66,0.45,0.64,0.37,1.0,0.711,0.335,0.472
0.92,0.92,1.0,1.0,0.68,0.68,0.16,0.16,0.42,0.42,0.28,0.44,0.0,0.0,1.0,0.56,0.95,0.88,0.56,0.95,0.95,0.56,0.56,0.39,0.76,0.42,0.7,0.75,0.5,0.694,0.337,0.48
0.92,0.92,1.0,1.0,0.68,0.68,0.16,0.16,0.33,0.33,0.31,0.42,0.0,0.0,1.0,0.44,0.95,0.79,0.56,0.95,0.95,0.56,0.56,0.39,0.76,0.42,0.7,0.78,0.5,0.662,0.34,0.48
0.92,0.92,1.0,1.0,0.68,0.68,0.16,0.16,0.27,0.27,0.31,0.41,0.0,0.0,1.0,0.4,0.95,0.76,0.56,0.95,0.95,0.56,0.56,0.41,0.72,0.44,0.66,0.83,0.5,0.629,0.342,0.477
0.92,0.92,1.0,1.0,0.68,0.68,0.16,0.16,0.22,0.22,0.32,0.4,0.0,0.0,1.0,0.39,0.94,0.76,0.56,0.94,0.95,0.56,0.56,0.42,0.71,0.45,0.65,0.85,0.5,0.572,0.335,0.488
0.92,0.92,1.0,1.0,0.68,0.68,0.16,0.16,0.18,0.18,0.34,0.39,0.0,0.0,1.0,0.39,0.93,0.76,0.56,0.92,0.93,0.56,0.56,0.43,0.68,0.45,0.64,0.86,0.5,0.507,0.335,0.502
0.92,0.92,1.0,1.0,0.68,0.68,0.16,0.16,0.17,0.17,0.35,0.38,0.0,0.0,1.0,0.39,0.92,0.75,0.56,0.91,0.92,0.56,0.56,0.44,0.67,0.46,0.63,0.86,0.5,0.462,0.337,0.502
0.92,0.92,1.0,1.0,0.68,0.68,0.16,0.16,0.16,0.16,0.36,0.37,0.0,0.0,1.0,0.39,0.91,0.75,0.56,0.9,0.91,0.56,0.56,0.45,0.64,0.47,0.61,0.85,0.5,0.439,0.34,0.501
0.92,0.92,1.0,1.0,0.68,0.68,0.16,0.16,0.15,0.15,0.37,0.36,0.0,0.0,1.0,0.39,0.9,0.75,0.55,0.89,0.9,0.55,0.55,0.46,0.63,0.47,0.61,0.84,0.5,0.419,0.347,0.5
0.92,0.92,1.0,1.0,0.68,0.68,0.16,0.16,0.15,0.15,0.37,0.36,0.0,0.0,1.0,0.38,0.89,0.75,0.55,0.88,0.89,0.55,0.55,0.47,0.61,0.48,0.6,0.84,0.5,0.416,0.34,0.484
0.92,0.92,1.0,1.0,0.68,0.68,0.16,0.16,0.15,0.15,0.37,0.36,0.0,0.0,1.0,0.38,0.88,0.75,0.55,0.87,0.88,0.55,0.55,0.47,0.6,0.48,0.58,0.83,0.5,0.465,0.337,0.467
0.92,0.92,1.0,1.0,0.68,0.68,0.16,0.16,0.16,0.16,0.37,0.35,0.0,0.0,1.0,0.38,0.88,0.75,0.54,0.87,0.88,0.54,0.54,0.48,0.58,0.49,0.57,0.83,0.5,0.54,0.33,0.47
0.92,0.92,1.0,1.0,0.68,0.68,0.16,0.16,0.16,0.16,0.38,0.35,0.0,0.0,1.0,0.38,0.87,0.75,0.54,0.86,0.88,0.54,0.54,0.49,0.56,0.5,0.55,0.82,0.5,0.621,0.32,0.469
0.92,0.92,1.0,1.0,0.68,0.68,0.16,0.16,0.16,0.16,0.38,0.35,0.0,0.0,0.75,0.38,0.84,0.75,0.54,0.84,0.85,0.54,0.54,0.5,0.54,0.51,0.53,0.8,0.5,0.684,0.312,0.459
0.92,0.92,1.0,1.0,0.68,0.68,0.16,0.16,0.16,0.16,0.38,0.35,0.0,0.0,0.75,0.38,0.84,0.75,0.54,0.84,0.85,0.54,0.54,0.52,0.51,0.52,0.5,0.78,0.5,0.736,0.318,0.455
0.92,0.92,1.0,1.0,0.68,0.68,0.16,0.16,0.16,0.16,0.38,0.35,0.0,0.0,0.75,0.38,0.84,0.75,0.53,0.83,0.85,0.53,0.53,0.51,0.53,0.52,0.51,0.78,0.5,0.795,0.338,0.462
0.92,0.92,1.0,1.0,0.68,0.68,0.16,0.16,0.16,0.16,0.38,0.34,0.0,0.0,0.75,0.39,0.83,0.75,0.53,0.83,0.84,0.53,0.53,0.49,0.56,0.51,0.53,0.76,0.5,0.824,0.358,0.474
0.92,0.92,1.0,1.0,0.68,0.68,0.16,0.16,0.17,0.17,0.39,0.33,0.0,0.0,1.0,0.39,0.84,0.75,0.53,0.83,0.85,0.53,0.53,0.51,0.53,0.51,0.52,0.76,0.5,0.849,0.378,0.486
0.92,0.92,1.0,1.0,0.68,0.68,0.16,0.16,0.18,0.18,0.4,0.33,0.0,0.0,1.0,0.39,0.85,0.75,0.53,0.84,0.86,0.53,0.53,0.51,0.54,0.51,0.53,0.75,0.5,0.869,0.423,0.512
0.92,0.92,1.0,1.0,0.68,0.68,0.16,0.16,0.19,0.19,0.4,0.33,0.0,0.0,1.0,0.38,0.85,0.75,0.53,0.84,0.86,0.53,0.53,0.51,0.54,0.51,0.52,0.74,0.5,0.879,0.44,0.513
0.91,0.91,1.0,1.0,0.69,0.69,0.16,0.16,0.2,0.2,0.41,0.32,0.0,0.0,1.0,0.39,0.84,0.75,0.54,0.84,0.85,0.54,0.54,0.51,0.53,0.51,0.52,0.74,0.5,0.891,0.452,0.514
0.9,0.9,1.0,1.0,0.7,0.7,0.16,0.16,0.2,0.2,0.42,0.31,0.0,0.0,1.0,0.38,0.84,0.75,0.55,0.83,0.85,0.55,0.55,0.52,0.5,0.52,0.5,0.74,0.5,0.901,0.46,0.513
0.87,0.87,1.0,1.0,0.72,0.72,0.16,0.16,0.22,0.22,0.43,0.3,0.0,0.0,1.0,0.38,0.83,0.75,0.55,0.82,0.84,0.55,0.55,0.55,0.46,0.54,0.46,0.63,0.5,0.897,0.477,0.515
0.78,0.78,1.0,1.0,0.8,0.8,0.16,0.16,0.25,0.25,0.44,0.29,0.03,0.0,1.0,0.38,0.8,0.75,0.55,0.79,0.81,0.55,0.55,0.57,0.44,0.55,0.45,0.53,0.5,0.905,0.487,0.524
0.77,0.77,1.0,1.0,0.81,0.81,0.16,0.16,0.28,0.28,0.45,0.27,0.04,0.0,1.0,0.4,0.79,0.76,0.56,0.78,0.8,0.56,0.56,0.58,0.44,0.55,0.45,0.45,0.5,0.9,0.507,0.528
0.75,0.75,1.0,1.0,0.82,0.82,0.16,0.16,0.3,0.3,0.46,0.26,0.04,0.02,1.0,0.41,0.74,0.77,0.56,0.73,0.75,0.56,0.56,0.58,0.44,0.56,0.45,0.37,0.21,0.901,0.53,0.535
0.72,0.72,1.0,1.0,0.84,0.84,0.16,0.16,0.33,0.33,0.47,0.26,0.02,0.0,1.0,0.43,0.74,0.79,0.56,0.73,0.75,0.56,0.56,0.56,0.44,0.54,0.47,0.32,0.18,0.896,0.552,0.546
0.65,0.65,1.0,1.0,0.91,0.91,0.16,0.16,0.53,0.53,0.56,0.17,0.02,0.0,1.0,0.48,0.81,0.83,0.51,0.8,0.81,0.51,0.51,0.56,0.44,0.54,0.47,0.21,0.16,0.895,0.567,0.546
0.64,0.64,1.0,1.0,0.91,0.91,0.16,0.16,0.62,0.62,0.59,0.15,0.1,0.06,1.0,0.43,0.9,0.78,0.42,0.89,0.91,0.42,0.42,0.62,0.42,0.59,0.43,0.1,0.31,0.879,0.587,0.552
0.61,0.61,1.0,1.0,0.93,0.93,0.16,0.16,0.66,0.66,0.59,0.15,0.15,0.09,1.0,0.35,0.94,0.72,0.34,0.94,0.95,0.34,0.34,0.65,0.41,0.61,0.42,0.06,0.39,0.853,0.613,0.559
0.58,0.58,1.0,1.0,0.96,0.96,0.23,0.23,0.32,0.32,0.46,0.27,0.16,0.13,1.0,0.31,0.94,0.7,0.34,0.94,0.94,0.34,0.34,0.66,0.4,0.64,0.41,0.05,0.41,0.832,0.64,0.569
0.57,0.57,1.0,1.0,0.97,0.97,0.16,0.16,0.36,0.36,0.47,0.26,0.18,0.15,1.0,0.25,0.95,0.65,0.29,0.95,0.96,0.29,0.29,0.67,0.4,0.65,0.4,0.03,0.45,0.818,0.662,0.575
0.56,0.56,1.0,1.0,0.98,0.98,0.16,0.16,0.39,0.39,0.47,0.26,0.22,0.16,1.0,0.24,0.96,0.64,0.29,0.96,0.96,0.29,0.29,0.7,0.38,0.66,0.4,0.03,0.46,0.8,0.673,0.581
0.56,0.56,1.0,1.0,0.98,0.98,0.16,0.16,0.38,0.38,0.46,0.26,0.21,0.16,1.0,0.24,0.96,0.64,0.3,0.96,0.97,0.3,0.3,0.69,0.39,0.66,0.4,0.03,0.47,0.775,0.69,0.588
0.56,0.56,1.0,1.0,0.98,0.98,0.18,0.18,0.35,0.35,0.46,0.26,0.21,0.18,1.0,0.25,0.94,0.65,0.32,0.94,0.94,0.32,0.32,0.69,0.39,0.67,0.4,0.03,0.46,0.746,0.715,0.593
0.44,0.44,0.78,0.78,1.0,1.0,0.16,0.16,0.4,0.4,0.46,0.26,0.15,0.13,1.0,0.24,0.95,0.64,0.29,0.95,0.96,0.29,0.29,0.65,0.4,0.64,0.41,0.03,0.45,0.717,0.742,0.598
0.44,0.44,0.79,0.79,1.0,1.0,0.16,0.16,0.4,0.4,0.46,0.26,0.1,0.09,1.0,0.24,0.96,0.64,0.27,0.96,0.96,0.27,0.27,0.62,0.42,0.61,0.42,0.03,0.45,0.684,0.765,0.593
0.58,0.58,1.0,1.0,0.96,0.96,0.91,0.91,0.27,0.27,0.44,0.28,0.13,0.16,0.75,0.38,0.73,0.75,0.46,0.73,0.74,0.46,0.46,0.64,0.41,0.66,0.4,0.15,0.34,0.661,0.763,0.587
0.59,0.59,1.0,1.0,0.95,0.95,0.16,0.16,0.32,0.32,0.46,0.27,0.04,0.03,1.0,0.4,0.79,0.76,0.52,0.78,0.8,0.52,0.52,0.58,0.44,0.57,0.44,0.52,0.5,0.642,0.743,0.592
0.74,0.74,1.0,1.0,0.83,0.83,0.16,0.16,0.28,0.28,0.44,0.28,0.0,0.0,1.0,0.36,0.85,0.73,0.55,0.84,0.86,0.55,0.55,0.52,0.51,0.51,0.52,0.76,0.5,0.632,0.732,0.583
0.92,0.92,1.0,1.0,0.68,0.68,0.16,0.16,0.25,0.25,0.44,0.29,0.0,0.0,1.0,0.35,0.88,0.72,0.56,0.87,0.89,0.56,0.56,0.48,0.59,0.47,0.6,0.87,0.5,0.627,0.728,0.58
0.92,0.92,1.0,1.0,0.68,0.68,0.16,0.16,0.39,0.39,0.5,0.22,0.0,0.0,1.0,0.36,0.91,0.73,0.56,0.91,0.91,0.56,0.56,0.41,0.73,0.39,0.77,0.93,0.5,0.629,0.733,0.575
0.92,0.92,1.0,1.0,0.68,0.68,0.16,0.16,0.35,0.35,0.49,0.24,0.0,0.0,1.0,0.36,0.92,0.73,0.56,0.92,0.92,0.56,0.56,0.39,0.76,0.37,0.8,0.95,0.5,0.606,0.737,0.554
0.92,0.92,1.0,1.0,0.68,0.68,0.16,0.16,0.34,0.34,0.49,0.24,0.0,0.0,1.0,0.37,0.92,0.74,0.56,0.92,0.92,0.56,0.56,0.38,0.78,0.36,0.82,0.96,0.5,0.59,0.737,0.541
0.92,0.92,1.0,1.0,0.68,0.68,0.16,0.16,0.32,0.32,0.48,0.25,0.0,0.0,1.0,0.37,0.92,0.74,0.56,0.92,0.92,0.56,0.56,0.39,0.76,0.37,0.81,0.96,0.5,0.584,0.743,0.535
0.92,0.92,1.0,1.0,0.68,0.68,0.16,0.16,0.31,0.31,0.47,0.25,0.0,0.0,0.75,0.36,0.92,0.73,0.56,0.91,0.92,0.56,0.56,0.41,0.72,0.39,0.77,0.96,0.5,0.577,0.745,0.533
0.92,0.92,1.0,1.0,0.68,0.68,0.16,0.16,0.31,0.31,0.47,0.25,0.0,0.0,0.75,0.36,0.91,0.73,0.56,0.91,0.91,0.56,0.56,0.44,0.66,0.41,0.71,0.95,0.5,0.583,0.748,0.527
0.91,0.91,1.0,1.0,0.69,0.69,0.16,0.16,0.29,0.29,0.46,0.26,0.0,0.0,0.75,0.35,0.9,0.73,0.56,0.89,0.9,0.56,0.56,0.45,0.65,0.42,0.71,0.94,0.5,0.598,0.767,0.532
0.9,0.9,1.0,1.0,0.7,0.7,0.16,0.16,0.29,0.29,0.45,0.27,0.0,0.0,0.75,0.35,0.89,0.73,0.56,0.89,0.89,0.56,0.56,0.45,0.65,0.42,0.7,0.93,0.5,0.61,0.787,0.541
0.9,0.9,1.0,1.0,0.7,0.7,0.16,0.16,0.28,0.28,0.43,0.29,0.0,0.0,0.75,0.35,0.89,0.73,0.56,0.88,0.89,0.56,0.56,0.46,0.63,0.43,0.69,0.92,0.5,0.644,0.798,0.552
0.9,0.9,1.0,1.0,0.7,0.7,0.16,0.16,0.35,0.35,0.0,0.75,0.0,0.0,0.75,0.35,0.89,0.73,0.56,0.89,0.89,0.56,0.56,0.46,0.62,0.44,0.67,0.91,0.5,0.706,0.822,0.551
0.89,0.89,1.0,1.0,0.71,0.71,0.16,0.16,0.35,0.35,0.0,0.92,0.0,0.0,1.0,0.35,0.9,0.72,0.56,0.89,0.9,0.56,0.56,0.47,0.61,0.44,0.66,0.91,0.5,0.744,0.823,0.552
0.9,0.9,1.0,1.0,0.7,0.7,0.16,0.16,0.33,0.33,0.0,0.92,0.0,0.0,1.0,0.35,0.89,0.72,0.56,0.89,0.89,0.56,0.56,0.48,0.58,0.46,0.62,0.9,0.5,0.771,0.82,0.564
0.87,0.87,1.0,1.0,0.72,0.72,0.16,0.16,0.33,0.33,0.0,0.91,0.0,0.0,1.0,0.35,0.89,0.72,0.56,0.89,0.89,0.56,0.56,0.48,0.59,0.46,0.63,0.89,0.5,0.807,0.79,0.566
0.87,0.87,1.0,1.0,0.72,0.72,0.16,0.16,0.29,0.29,0.0,0.85,0.0,0.0,1.0,0.35,0.89,0.73,0.56,0.88,0.89,0.56,0.56,0.49,0.56,0.48,0.58,0.87,0.5,0.821,0.775,0.568
0.83,0.83,1.0,1.0,0.75,0.75,0.24,0.24,0.17,0.17,0.34,0.39,0.0,0.0,0.75,0.35,0.82,0.73,0.55,0.81,0.84,0.55,0.55,0.52,0.5,0.51,0.53,0.86,0.5,0.835,0.76,0.567
0.84,0.84,1.0,1.0,0.75,0.75,0.16,0.16,0.17,0.17,0.33,0.39,0.0,0.0,0.75,0.36,0.82,0.73,0.55,0.81,0.83,0.55,0.55,0.53,0.48,0.52,0.5,0.85,0.5,0.844,0.74,0.567
0.78,0.78,1.0,1.0,0.79,0.79,0.73,0.73,0.06,0.06,0.34,0.39,0.0,0.0,0.75,0.36,0.79,0.73,0.54,0.77,0.8,0.54,0.54,0.52,0.51,0.51,0.53,0.85,0.5,0.849,0.718,0.566
0.76,0.76,1.0,1.0,0.81,0.81,0.3,0.3,0.16,0.16,0.32,0.41,0.0,0.0,0.75,0.36,0.79,0.73,0.54,0.78,0.8,0.54,0.54,0.53,0.49,0.52,0.51,0.85,0.5,0.858,0.692,0.56
0.68,0.68,1.0,1.0,0.88,0.88,0.26,0.26,0.17,0.17,0.32,0.4,0.0,0.0,0.75,0.38,0.8,0.74,0.5,0.78,0.81,0.5,0.5,0.55,0.46,0.53,0.48,0.77,0.5,0.861,0.685,0.562
0.64,0.64,1.0,1.0,0.91,0.91,0.54,0.53,0.11,0.11,0.34,0.39,0.03,0.0,0.75,0.45,0.74,0.8,0.47,0.73,0.75,0.47,0.47,0.57,0.44,0.55,0.45,0.61,0.5,0.878,0.682,0.56
0.63,0.63,1.0,1.0,0.92,0.92,0.25,0.25,0.19,0.19,0.31,0.41,0.04,0.0,0.75,0.45,0.76,0.8,0.47,0.75,0.77,0.47,0.47,0.58,0.44,0.55,0.45,0.63,0.5,0.886,0.657,0.547
0.63,0.63,1.0,1.0,0.92,0.92,0.19,0.19,0.21,0.21,0.31,0.42,0.02,0.0,0.75,0.44,0.77,0.8,0.48,0.76,0.78,0.48,0.48,0.56,0.44,0.54,0.46,0.6,0.5,0.91,0.617,0.546
0.62,0.62,1.0,1.0,0.93,0.93,0.87,0.86,0.13,0.13,0.32,0.4,0.02,0.0,0.75,0.48,0.71,0.82,0.47,0.71,0.72,0.47,0.47,0.56,0.45,0.55,0.46,0.53,0.5,0.909,0.587,0.56
0.61,0.61,1.0,1.0,0.93,0.93,0.32,0.32,0.17,0.17,0.32,0.41,0.02,0.02,0.75,0.48,0.68,0.82,0.49,0.68,0.69,0.49,0.49,0.56,0.44,0.56,0.45,0.39,0.23,0.919,0.57,0.538
0.6,0.6,1.0,1.0,0.94,0.94,0.21,0.21,0.24,0.24,0.33,0.39,0.02,0.0,0.75,0.46,0.66,0.81,0.55,0.66,0.67,0.55,0.55,0.56,0.44,0.55,0.45,0.22,0.22,0.915,0.553,0.527
0.58,0.58,1.0,1.0,0.96,0.96,0.16,0.16,0.26,0.26,0.33,0.39,0.02,0.0,0.75,0.43,0.67,0.78,0.55,0.67,0.68,0.55,0.55,0.56,0.45,0.55,0.45,0.16,0.27,0.909,0.538,0.505
0.58,0.58,1.0,1.0,0.96,0.96,0.16,0.16,0.27,0.27,0.34,0.39,0.0,0.02,0.75,0.42,0.71,0.77,0.55,0.71,0.71,0.55,0.55,0.55,0.45,0.56,0.45,0.14,0.32,0.905,0.51,0.485
0.58,0.58,1.0,1.0,0.96,0.96,0.44,0.43,0.2,0.2,0.36,0.37,0.07,0.07,0.75,0.4,0.74,0.76,0.48,0.73,0.75,0.48,0.48,0.6,0.43,0.6,0.43,0.12,0.34,0.904,0.495,0.474
0.57,0.57,1.0,1.0,0.96,0.96,0.3,0.29,0.24,0.24,0.37,0.35,0.12,0.12,1.0,0.37,0.81,0.74,0.42,0.81,0.82,0.42,0.42,0.63,0.42,0.63,0.42,0.08,0.45,0.912,0.49,0.475
0.56,0.56,1.0,1.0,0.98,0.98,0.16,0.16,0.32,0.32,0.37,0.35,0.12,0.12,1.0,0.28,0.89,0.68,0.37,0.89,0.89,0.37,0.37,0.63,0.41,0.63,0.41,0.04,0.48,0.909,0.478,0.457
0.44,0.44,0.78,0.78,1.0,1.0,0.16,0.16,0.35,0.35,0.37,0.35,0.12,0.12,1.0,0.28,0.9,0.67,0.38,0.9,0.9,0.38,0.38,0.63,0.42,0.63,0.42,0.04,0.49,0.907,0.468,0.453
0.44,0.44,0.78,0.78,1.0,1.0,0.16,0.16,0.37,0.37,0.37,0.35,0.1,0.1,1.0,0.26,0.95,0.65,0.3,0.95,0.95,0.3,0.3,0.62,0.42,0.62,0.42,0.03,0.51,0.887,0.468,0.445
0.43,0.43,0.76,0.76,1.0,1.0,0.16,0.16,0.4,0.4,0.37,0.36,0.18,0.13,1.0,0.25,0.95,0.65,0.31,0.95,0.96,0.31,0.31,0.67,0.4,0.64,0.41,0.03,0.52,0.879,0.463,0.436
0.42,0.42,0.75,0.75,1.0,1.0,0.16,0.16,0.43,0.43,0.35,0.37,0.2,0.13,1.0,0.25,0.95,0.65,0.33,0.95,0.96,0.33,0.33,0.68,0.39,0.64,0.41,0.03,0.52,0.87,0.457,0.426
0.41,0.41,0.73,0.73,1.0,1.0,0.16,0.16,0.45,0.45,0.34,0.38,0.21,0.12,1.0,0.25,0.95,0.65,0.33,0.95,0.96,0.33,0.33,0.69,0.39,0.63,0.41,0.03,0.53,0.856,0.457,0.43
0.4,0.4,0.7,0.7,1.0,1.0,0.16,0.16,0.46,0.46,0.33,0.39,0.21,0.12,1.0,0.25,0.94,0.65,0.34,0.94,0.95,0.34,0.34,0.69,0.39,0.63,0.42,0.03,0.53,0.834,0.45,0.433
0.4,0.4,0.7,0.7,1.0,1.0,0.16,0.16,0.47,0.47,0.33,0.4,0.2,0.12,1.0,0.25,0.94,0.65,0.32,0.94,0.95,0.32,0.32,0.68,0.39,0.63,0.42,0.03,0.54,0.808,0.428,0.445
0.56,0.56,1.0,1.0,0.97,0.97,0.26,0.26,0.33,0.33,0.33,0.39,0.03,0.06,1.0,0.4,0.77,0.76,0.5,0.76,0.78,0.5,0.5,0.57,0.44,0.59,0.43,0.26,0.84,0.782,0.422,0.451
0.79,0.79,1.0,1.0,0.79,0.79,0.16,0.16,0.33,0.33,0.32,0.4,0.0,0.0,1.0,0.37,0.88,0.74,0.56,0.87,0.89,0.56,0.56,0.51,0.52,0.52,0.51,0.65,0.5,0.762,0.41,0.457
0.92,0.92,1.0,1.0,0.68,0.68,0.16,0.16,0.24,0.24,0.32,0.41,0.0,0.0,1.0,0.35,0.92,0.72,0.56,0.91,0.92,0.56,0.56,0.49,0.57,0.5,0.55,0.84,0.5,0.745,0.402,0.477
0.92,0.92,1.0,1.0,0.68,0.68,0.16,0.16,0.2,0.2,0.32,0.41,0.0,0.0,1.0,0.35,0.91,0.73,0.56,0.9,0.92,0.56,0.56,0.46,0.63,0.46,0.63,0.9,0.5,0.746,0.403,0.485
0.92,0.92,1.0,1.0,0.68,0.68,0.16,0.16,0.17,0.17,0.31,0.41,0.0,0.0,0.75,0.35,0.9,0.72,0.56,0.89,0.91,0.56,0.56,0.49,0.57,0.47,0.6,0.93,0.5,0.707,0.408,0.487
0.91,0.91,1.0,1.0,0.69,0.69,0.16,0.16,0.18,0.18,0.35,0.38,0.02,0.0,0.75,0.34,0.86,0.71,0.56,0.85,0.88,0.56,0.56,0.56,0.45,0.53,0.48,0.94,0.5,0.681,0.412,0.485
0.91,0.91,1.0,1.0,0.69,0.69,0.16,0.16,0.17,0.17,0.36,0.36,0.02,0.0,0.75,0.33,0.82,0.71,0.56,0.81,0.84,0.56,0.56,0.56,0.45,0.53,0.48,0.94,0.5,0.667,0.42,0.479
0.89,0.89,1.0,1.0,0.71,0.71,0.16,0.16,0.24,0.24,0.41,0.32,0.02,0.0,0.75,0.34,0.83,0.71,0.56,0.82,0.84,0.56,0.56,0.56,0.45,0.53,0.48,0.94,0.5,0.646,0.423,0.475
0.89,0.89,1.0,1.0,0.71,0.71,0.16,0.16,0.27,0.27,0.43,0.3,0.02,0.0,0.75,0.34,0.83,0.72,0.56,0.82,0.85,0.56,0.56,0.56,0.45,0.52,0.51,0.93,0.5,0.624,0.428,0.465
0.89,0.89,1.0,1.0,0.7,0.7,0.16,0.16,0.25,0.25,0.44,0.29,0.0,0.0,0.75,0.35,0.83,0.72,0.56,0.82,0.84,0.56,0.56,0.55,0.46,0.51,0.52,0.93,0.5,0.605,0.435,0.454
0.88,0.88,1.0,1.0,0.71,0.71,0.16,0.16,0.24,0.24,0.44,0.29,0.0,0.0,0.75,0.35,0.83,0.73,0.56,0.82,0.84,0.56,0.56,0.54,0.46,0.52,0.52,0.93,0.5,0.591,0.438,0.449
0.87,0.87,1.0,1.0,0.72,0.72,0.16,0.16,0.28,0.28,0.5,0.22,0.03,0.0,0.75,0.35,0.83,0.73,0.56,0.82,0.84,0.56,0.56,0.57,0.44,0.55,0.46,0.92,0.5,0.589,0.437,0.442
0.88,0.88,1.0,1.0,0.72,0.72,0.16,0.16,0.24,0.24,0.44,0.28,0.03,0.0,0.75,0.35,0.8,0.73,0.56,0.79,0.82,0.56,0.56,0.57,0.44,0.55,0.46,0.92,0.5,0.636,0.422,0.445
0.88,0.88,1.0,1.0,0.71,0.71,0.16,0.16,0.24,0.24,0.45,0.27,0.09,0.03,0.75,0.36,0.8,0.73,0.56,0.79,0.82,0.56,0.56,0.61,0.42,0.57,0.44,0.92,0.5,0.702,0.417,0.445
0.88,0.88,1.0,1.0,0.71,0.71,0.16,0.16,0.24,0.24,0.47,0.25,0.1,0.04,0.75,0.36,0.8,0.73,0.55,0.79,0.82,0.55,0.55,0.62,0.42,0.58,0.44,0.91,0.5,0.768,0.413,0.427
0.86,0.86,1.0,1.0,0.73,0.73,0.16,0.16,0.23,0.23,0.48,0.25,0.13,0.07,0.75,0.36,0.8,0.73,0.55,0.79,0.81,0.55,0.55,0.64,0.41,0.6,0.43,0.91,0.5,0.828,0.427,0.429
0.85,0.85,1.0,1.0,0.74,0.74,0.16,0.16,0.23,0.23,0.51,0.22,0.02,0.0,0.75,0.37,0.79,0.74,0.52,0.78,0.8,0.52,0.52,0.56,0.44,0.55,0.45,0.9,0.5,0.888,0.445,0.424
0.85,0.85,1.0,1.0,0.74,0.74,0.16,0.16,0.12,0.12,0.4,0.33,0.09,0.06,0.75,0.37,0.77,0.74,0.52,0.76,0.77,0.52,0.52,0.61,0.42,0.59,0.43,0.9,0.5,0.925,0.46,0.437
0.81,0.81,1.0,1.0,0.77,0.77,0.21,0.21,0.13,0.13,0.41,0.32,0.1,0.07,0.75,0.37,0.76,0.74,0.52,0.75,0.77,0.52,0.52,0.62,0.42,0.6,0.43,0.88,0.5,0.95,0.495,0.458
0.8,0.8,1.0,1.0,0.78,0.78,0.18,0.18,0.15,0.15,0.45,0.27,0.09,0.07,0.75,0.37,0.78,0.74,0.53,0.77,0.79,0.53,0.53,0.61,0.42,0.6,0.43,0.87,0.5,0.96,0.507,0.471
0.78,0.78,1.0,1.0,0.8,0.8,0.16,0.16,0.16,0.16,0.49,0.24,0.03,0.0,0.75,0.38,0.8,0.75,0.53,0.79,0.8,0.53,0.53,0.57,0.44,0.55,0.45,0.85,0.5,0.972,0.52,0.485
0.76,0.76,1.0,1.0,0.81,0.81,0.16,0.16,0.17,0.17,0.51,0.21,0.03,0.0,0.75,0.38,0.81,0.75,0.53,0.81,0.82,0.53,0.53,0.57,0.44,0.55,0.45,0.85,0.5,0.981,0.538,0.492
0.74,0.74,1.0,1.0,0.83,0.83,0.16,0.16,0.18,0.18,0.53,0.2,0.04,0.02,0.75,0.37,0.81,0.74,0.52,0.81,0.82,0.52,0.52,0.58,0.43,0.56,0.45,0.84,0.5,0.977,0.555,0.502
0.73,0.73,1.0,1.0,0.84,0.84,0.21,0.2,0.18,0.18,0.54,0.19,0.03,0.02,0.75,0.38,0.81,0.75,0.51,0.81,0.82,0.51,0.51,0.57,0.44,0.56,0.45,0.76,0.5,0.965,0.57,0.511
0.68,0.68,1.0,1.0,0.87,0.87,0.39,0.39,0.13,0.13,0.52,0.21,0.04,0.02,0.75,0.44,0.78,0.79,0.48,0.77,0.79,0.48,0.48,0.58,0.44,0.56,0.44,0.58,0.5,0.979,0.585,0.515
0.63,0.63,1.0,1.0,0.92,0.92,0.23,0.23,0.18,0.18,0.53,0.2,0.09,0.06,0.75,0.44,0.77,0.79,0.48,0.76,0.77,0.48,0.48,0.61,0.42,0.59,0.43,0.27,0.34,0.99,0.593,0.526
0.61,0.61,1.0,1.0,0.93,0.93,0.47,0.46,0.14,0.14,0.52,0.21,0.15,0.12,0.75,0.43,0.74,0.79,0.46,0.73,0.75,0.46,0.46,0.65,0.41,0.63,0.42,0.16,0.32,0.986,0.597,0.548
0.61,0.61,1.0,1.0,0.94,0.94,0.32,0.32,0.17,0.17,0.5,0.23,0.16,0.13,0.75,0.42,0.8,0.78,0.41,0.79,0.8,0.41,0.41,0.66,0.4,0.64,0.41,0.12,0.33,0.976,0.598,0.572
0.58,0.58,1.0,1.0,0.96,0.96,0.16,0.16,0.25,0.25,0.54,0.19,0.16,0.13,1.0,0.31,0.91,0.69,0.33,0.9,0.91,0.33,0.33,0.66,0.4,0.64,0.41,0.06,0.34,0.984,0.615,0.588
0.56,0.56,1.0,1.0,0.98,0.98,0.16,0.16,0.27,0.27,0.53,0.19,0.16,0.1,1.0,0.25,0.96,0.65,0.28,0.96,0.96,0.28,0.28,0.66,0.4,0.62,0.42,0.03,0.37,0.971,0.645,0.604
0.56,0.56,1.0,1.0,0.98,0.98,0.16,0.16,0.29,0.29,0.53,0.19,0.16,0.07,1.0,0.24,0.96,0.64,0.27,0.96,0.97,0.27,0.27,0.66,0.4,0.6,0.43,0.03,0.4,0.957,0.69,0.625
0.57,0.57,1.0,1.0,0.97,0.97,0.63,0.62,0.16,0.16,0.54,0.19,0.2,0.09,0.75,0.25,0.96,0.65,0.29,0.96,0.97,0.29,0.29,0.68,0.39,0.61,0.42,0.03,0.41,0.935,0.715,0.658
0.56,0.56,1.0,1.0,0.97,0.97,0.16,0.16,0.26,0.26,0.56,0.17,0.2,0.1,1.0,0.24,0.97,0.64,0.27,0.97,0.97,0.27,0.27,0.68,0.39,0.62,0.42,0.03,0.42,0.916,0.748,0.683
0.48,0.48,0.87,0.87,1.0,1.0,0.16,0.16,0.29,0.29,0.58,0.15,0.18,0.1,1.0,0.23,0.97,0.64,0.26,0.97,0.98,0.26,0.26,0.67,0.4,0.62,0.42,0.02,0.43,0.9,0.768,0.708
0.56,0.56,1.0,1.0,0.98,0.98,0.16,0.16,0.28,0.28,0.57,0.16,0.15,0.1,1.0,0.33,0.85,0.71,0.39,0.85,0.86,0.39,0.39,0.65,0.4,0.62,0.42,0.08,0.4,0.885,0.778,0.723
0.61,0.61,1.0,1.0,0.94,0.94,0.57,0.57,0.11,0.11,0.52,0.21,0.13,0.12,0.75,0.43,0.74,0.78,0.42,0.73,0.76,0.42,0.42,0.64,0.41,0.63,0.42,0.26,0.37,0.866,0.783,0.724
0.67,0.67,1.0,1.0,0.89,0.89,0.23,0.23,0.15,0.15,0.51,0.21,0.07,0.06,0.75,0.42,0.8,0.78,0.48,0.79,0.8,0.48,0.48,0.6,0.43,0.59,0.43,0.71,0.5,0.841,0.787,0.715
0.73,0.73,1.0,1.0,0.84,0.84,0.22,0.22,0.16,0.16,0.5,0.23,0.07,0.06,0.75,0.38,0.81,0.75,0.52,0.8,0.81,0.52,0.52,0.6,0.43,0.59,0.43,0.84,0.5,0.811,0.79,0.702
0.79,0.79,1.0,1.0,0.79,0.79,0.25,0.24,0.14,0.14,0.49,0.23,0.16,0.13,0.5,0.34,0.79,0.72,0.54,0.79,0.79,0.54,0.54,0.66,0.4,0.64,0.41,0.92,0.5,0.776,0.783,0.689
0.81,0.81,1.0,1.0,0.78,0.78,0.26,0.26,0.13,0.13,0.48,0.25,0.18,0.15,0.5,0.34,0.79,0.72,0.54,0.79,0.79,0.54,0.54,0.67,0.4,0.65,0.41,0.92,0.5,0.751,0.79,0.678
0.81,0.81,1.0,1.0,0.78,0.78,0.27,0.26,0.12,0.12,0.47,0.26,0.16,0.13,0.5,0.34,0.79,0.72,0.53,0.79,0.79,0.53,0.53,0.66,0.4,0.64,0.41,0.93,0.5,0.72,0.792,0.673
0.81,0.81,1.0,1.0,0.77,0.77,0.26,0.26,0.12,0.12,0.46,0.27,0.16,0.13,0.5,0.35,0.79,0.72,0.53,0.79,0.79,0.53,0.53,0.66,0.4,0.64,0.41,0.93,0.5,0.695,0.795,0.665
0.79,0.79,1.0,1.0,0.79,0.79,0.27,0.27,0.16,0.16,0.5,0.23,0.16,0.13,0.5,0.35,0.8,0.72,0.53,0.79,0.8,0.53,0.53,0.66,0.4,0.64,0.41,0.93,0.5,0.675,0.817,0.665
0.79,0.79,1.0,1.0,0.79,0.79,0.16,0.16,0.24,0.24,0.64,0.09,0.18,0.13,0.75,0.35,0.8,0.73,0.53,0.79,0.81,0.53,0.53,0.67,0.4,0.64,0.41,0.92,0.5,0.659,0.835,0.665
0.81,0.81,1.0,1.0,0.77,0.77,0.16,0.16,0.22,0.22,0.6,0.13,0.16,0.13,0.75,0.35,0.81,0.73,0.53,0.8,0.82,0.53,0.53,0.66,0.4,0.64,0.41,0.92,0.5,0.645,0.86,0.672
0.82,0.82,1.0,1.0,0.76,0.76,0.16,0.16,0.25,0.25,0.63,0.1,0.15,0.12,0.75,0.36,0.81,0.73,0.53,0.81,0.82,0.53,0.53,0.65,0.4,0.63,0.42,0.92,0.5,0.639,0.878,0.674
0.82,0.82,1.0,1.0,0.76,0.76,0.16,0.16,0.26,0.26,0.66,0.08,0.15,0.1,0.75,0.36,0.81,0.73,0.51,0.81,0.82,0.51,0.51,0.65,0.41,0.62,0.42,0.92,0.5,0.666,0.88,0.676
0.79,0.79,1.0,1.0,0.79,0.79,0.16,0.16,0.27,0.27,0.6,0.13,0.16,0.12,0.75,0.36,0.8,0.73,0.5,0.79,0.8,0.5,0.5,0.66,0.4,0.63,0.41,0.9,0.5,0.711,0.885,0.684
0.79,0.79,1.0,1.0,0.79,0.79,0.16,0.16,0.28,0.28,0.57,0.16,0.18,0.13,0.75,0.36,0.79,0.74,0.5,0.78,0.8,0.5,0.5,0.67,0.4,0.64,0.41,0.89,0.5,0.79,0.902,0.687
0.79,0.79,1.0,1.0,0.79,0.79,0.16,0.16,0.27,0.27,0.51,0.21,0.18,0.13,0.75,0.36,0.77,0.74,0.5,0.76,0.78,0.5,0.5,0.67,0.39,0.64,0.41,0.89,0.5,0.846,0.903,0.695
0.77,0.77,1.0,1.0,0.8,0.8,0.16,0.16,0.33,0.33,0.64,0.09,0.2,0.13,0.75,0.36,0.77,0.73,0.53,0.75,0.78,0.53,0.53,0.68,0.39,0.64,0.41,0.89,0.5,0.876,0.895,0.716
0.77,0.77,1.0,1.0,0.81,0.81,0.16,0.16,0.32,0.32,0.65,0.08,0.21,0.13,0.75,0.36,0.77,0.73,0.53,0.75,0.78,0.53,0.53,0.69,0.39,0.64,0.41,0.9,0.5,0.899,0.882,0.715
0.77,0.77,1.0,1.0,0.8,0.8,0.16,0.16,0.31,0.31,0.59,0.14,0.2,0.12,0.75,0.36,0.77,0.73,0.52,0.75,0.78,0.52,0.52,0.68,0.39,0.63,0.41,0.89,0.5,0.925,0.868,0.705
0.8,0.8,1.0,1.0,0.78,0.78,0.16,0.16,0.3,0.3,0.51,0.22,0.2,0.12,0.75,0.36,0.77,0.73,0.52,0.75,0.78,0.52,0.52,0.68,0.39,0.63,0.41,0.87,0.5,0.946,0.847,0.695
0.82,0.82,1.0,1.0,0.77,0.77,0.16,0.16,0.31,0.31,0.49,0.24,0.22,0.15,0.75,0.36,0.76,0.74,0.52,0.74,0.77,0.52,0.52,0.7,0.38,0.65,0.4,0.84,0.5,0.97,0.813,0.678
0.83,0.83,1.0,1.0,0.76,0.76,0.16,0.16,0.31,0.31,0.47,0.25,0.22,0.16,0.75,0.37,0.77,0.74,0.51,0.75,0.78,0.51,0.51,0.7,0.38,0.66,0.4,0.83,0.5,0.989,0.785,0.672
0.79,0.79,1.0,1.0,0.79,0.79,0.16,0.16,0.32,0.32,0.46,0.27,0.21,0.16,0.75,0.38,0.76,0.75,0.51,0.74,0.77,0.51,0.51,0.69,0.39,0.66,0.4,0.79,0.5,0.993,0.737,0.679
0.75,0.75,1.0,1.0,0.82,0.82,0.36,0.36,0.14,0.14,0.39,0.34,0.18,0.15,0.75,0.38,0.71,0.75,0.54,0.69,0.73,0.54,0.54,0.67,0.39,0.65,0.41,0.76,0.5,0.993,0.718,0.677
0.71,0.71,1.0,1.0,0.85,0.85,0.39,0.39,0.12,0.12,0.35,0.38,0.1,0.09,0.5,0.41,0.67,0.77,0.52,0.66,0.69,0.52,0.52,0.62,0.42,0.61,0.42,0.75,0.5,0.993,0.698,0.659
0.66,0.66,1.0,1.0,0.89,0.89,0.3,0.3,0.14,0.14,0.34,0.39,0.06,0.04,0.5,0.42,0.65,0.78,0.55,0.63,0.66,0.55,0.55,0.59,0.43,0.58,0.44,0.69,0.5,0.993,0.652,0.639
0.64,0.64,1.0,1.0,0.91,0.91,0.26,0.26,0.16,0.16,0.33,0.39,0.04,0.03,0.75,0.42,0.66,0.78,0.53,0.64,0.67,0.53,0.53,0.58,0.44,0.57,0.44,0.64,0.5,0.993,0.607,0.621
0.64,0.64,1.0,1.0,0.91,0.91,0.81,0.81,0.11,0.11,0.33,0.4,0.03,0.06,0.75,0.45,0.66,0.8,0.51,0.64,0.68,0.51,0.51,0.57,0.44,0.59,0.43,0.55,0.5,0.993,0.573,0.608
0.64,0.64,1.0,1.0,0.91,0.91,0.44,0.44,0.11,0.11,0.33,0.4,0.06,0.07,0.75,0.46,0.64,0.81,0.53,0.63,0.65,0.53,0.53,0.59,0.43,0.6,0.43,0.43,0.52,0.993,0.532,0.581
0.62,0.62,1.0,1.0,0.92,0.92,0.28,0.28,0.17,0.17,0.34,0.39,0.06,0.06,0.75,0.46,0.63,0.8,0.54,0.62,0.64,0.54,0.54,0.59,0.43,0.59,0.43,0.31,0.45,0.993,0.505,0.557
0.62,0.62,1.0,1.0,0.93,0.93,0.26,0.26,0.18,0.18,0.35,0.38,0.07,0.07,0.75,0.44,0.64,0.79,0.55,0.63,0.64,0.55,0.55,0.6,0.43,0.6,0.43,0.22,0.43,0.993,0.473,0.537
0.61,0.61,1.0,1.0,0.93,0.93,0.24,0.24,0.19,0.19,0.36,0.37,0.09,0.1,0.75,0.41,0.68,0.77,0.54,0.68,0.69,0.54,0.54,0.61,0.42,0.62,0.42,0.18,0.42,0.993,0.457,0.516
0.6,0.6,1.0,1.0,0.94,0.94,0.22,0.22,0.2,0.2,0.36,0.36,0.1,0.12,0.75,0.38,0.72,0.75,0.53,0.71,0.73,0.53,0.53,0.62,0.42,0.63,0.42,0.13,0.44,0.993,0.427,0.486
0.59,0.59,1.0,1.0,0.95,0.95,0.37,0.37,0.18,0.18,0.32,0.4,0.15,0.16,0.75,0.36,0.77,0.73,0.49,0.76,0.77,0.49,0.49,0.65,0.4,0.66,0.4,0.1,0.47,0.993,0.407,0.467
0.59,0.59,1.0,1.0,0.96,0.96,0.16,0.16,0.37,0.37,-0.0,0.74,0.2,0.16,1.0,0.35,0.83,0.73,0.47,0.83,0.84,0.47,0.47,0.68,0.39,0.66,0.4,0.09,0.49,0.993,0.397,0.452
0.58,0.58,1.0,1.0,0.96,0.96,0.16,0.16,0.46,0.46,0.05,0.69,0.2,0.16,1.0,0.35,0.88,0.72,0.44,0.87,0.88,0.44,0.44,0.68,0.39,0.66,0.4,0.07,0.5,0.993,0.395,0.447
0.57,0.57,1.0,1.0,0.97,0.97,0.16,0.16,0.53,0.53,0.05,0.69,0.2,0.16,1.0,0.31,0.91,0.69,0.37,0.9,0.91,0.37,0.37,0.68,0.39,0.66,0.4,0.05,0.57,0.993,0.4,0.447
0.56,0.56,1.0,1.0,0.97,0.97,0.38,0.38,0.26,0.26,0.41,0.31,0.2,0.18,1.0,0.29,0.91,0.68,0.36,0.9,0.91,0.36,0.36,0.68,0.39,0.67,0.39,0.04,0.54,0.984,0.4,0.434
0.43,0.43,0.76,0.76,1.0,1.0,0.16,0.16,0.37,0.37,0.4,0.32,0.18,0.16,1.0,0.26,0.93,0.66,0.32,0.93,0.93,0.32,0.32,0.67,0.4,0.66,0.4,0.03,0.51,0.946,0.383,0.427
0.42,0.42,0.74,0.74,1.0,1.0,0.16,0.16,0.41,0.41,0.38,0.34,0.18,0.13,1.0,0.25,0.95,0.65,0.29,0.95,0.96,0.29,0.29,0.67,0.4,0.64,0.41,0.03,0.51,0.92,0.355,0.423
0.42,0.42,0.74,0.74,1.0,1.0,0.16,0.16,0.42,0.42,0.38,0.34,0.18,0.1,1.0,0.24,0.96,0.64,0.28,0.96,0.97,0.28,0.28,0.67,0.4,0.62,0.42,0.02,0.53,0.909,0.342,0.425
0.42,0.42,0.74,0.74,1.0,1.0,0.46,0.44,0.29,0.29,0.38,0.34,0.18,0.16,1.0,0.26,0.92,0.65,0.34,0.91,0.92,0.34,0.34,0.67,0.4,0.66,0.4,0.02,0.52,0.886,0.32,0.421
0.56,0.56,1.0,1.0,0.98,0.98,0.16,0.16,0.32,0.32,0.37,0.35,0.16,0.15,1.0,0.27,0.91,0.66,0.34,0.91,0.91,0.34,0.34,0.66,0.4,0.65,0.41,0.03,0.51,0.857,0.31,0.437
0.56,0.56,1.0,1.0,0.98,0.98,0.16,0.16,0.31,0.31,0.35,0.37,0.07,0.07,1.0,0.35,0.76,0.72,0.53,0.75,0.77,0.53,0.53,0.6,0.43,0.6,0.43,0.24,0.5,0.846,0.308,0.447
0.61,0.61,1.0,1.0,0.93,0.93,0.16,0.16,0.23,0.23,0.34,0.39,0.02,0.04,1.0,0.37,0.81,0.74,0.52,0.81,0.82,0.52,0.52,0.56,0.44,0.58,0.44,0.71,0.5,0.828,0.313,0.458
0.69,0.69,1.0,1.0,0.87,0.87,0.16,0.16,0.18,0.18,0.32,0.4,0.04,0.04,0.75,0.34,0.8,0.72,0.55,0.78,0.83,0.55,0.55,0.58,0.43,0.58,0.44,0.84,0.5,0.814,0.32,0.47
0.85,0.85,1.0,1.0,0.74,0.74,0.16,0.16,0.14,0.14,0.33,0.4,0.12,0.07,0.75,0.33,0.79,0.71,0.56,0.76,0.81,0.56,0.56,0.63,0.42,0.6,0.43,0.9,0.5,0.796,0.352,0.493
0.91,0.91,1.0,1.0,0.69,0.69,0.16,0.16,0.12,0.12,0.33,0.4,0.12,0.07,0.75,0.33,0.78,0.71,0.56,0.76,0.8,0.56,0.56,0.63,0.41,0.6,0.43,0.92,0.5,0.781,0.382,0.556
0.92,0.92,1.0,1.0,0.68,0.68,0.16,0.16,0.11,0.11,0.33,0.39,0.12,0.06,0.75,0.33,0.78,0.71,0.56,0.76,0.79,0.56,0.56,0.63,0.41,0.59,0.43,0.92,0.5,0.759,0.392,0.574
0.92,0.92,1.0,1.0,0.68,0.68,0.16,0.16,0.1,0.1,0.34,0.38,0.09,0.03,0.75,0.33,0.77,0.71,0.56,0.75,0.79,0.56,0.56,0.61,0.42,0.57,0.44,0.92,0.5,0.723,0.41,0.567
0.92,0.92,1.0,1.0,0.68,0.68,0.16,0.16,0.09,0.09,0.35,0.38,0.07,0.02,0.75,0.34,0.77,0.72,0.56,0.75,0.79,0.56,0.56,0.6,0.43,0.56,0.45,0.92,0.5,0.686,0.42,0.544
0.92,0.92,1.0,1.0,0.68,0.68,0.16,0.16,0.09,0.09,0.36,0.37,0.09,0.02,0.75,0.34,0.78,0.72,0.56,0.76,0.79,0.56,0.56,0.61,0.43,0.56,0.45,0.92,0.5,0.658,0.418,0.521
0.92,0.92,1.0,1.0,0.68,0.68,0.16,0.16,0.09,0.09,0.36,0.37,0.06,0.02,0.75,0.35,0.78,0.72,0.56,0.76,0.79,0.56,0.56,0.59,0.43,0.56,0.45,0.92,0.5,0.631,0.423,0.504
0.92,0.92,1.0,1.0,0.68,0.68,0.16,0.16,0.1,0.1,0.37,0.36,0.04,0.0,0.75,0.35,0.77,0.72,0.55,0.75,0.78,0.55,0.55,0.58,0.44,0.55,0.45,0.92,0.5,0.621,0.423,0.501
0.91,0.91,1.0,1.0,0.69,0.69,0.19,0.19,0.11,0.11,0.38,0.35,0.04,0.0,0.75,0.35,0.78,0.72,0.55,0.76,0.79,0.55,0.55,0.58,0.44,0.55,0.45,0.92,0.5,0.626,0.412,0.5
0.91,0.91,1.0,1.0,0.7,0.7,0.18,0.16,0.12,0.12,0.39,0.34,0.04,0.0,0.75,0.34,0.78,0.72,0.55,0.76,0.79,0.55,0.55,0.58,0.44,0.55,0.46,0.93,0.5,0.644,0.392,0.492
0.91,0.91,1.0,1.0,0.69,0.69,0.16,0.16,0.11,0.11,0.4,0.33,0.09,0.03,0.75,0.35,0.76,0.72,0.55,0.75,0.77,0.55,0.55,0.61,0.42,0.57,0.44,0.93,0.5,0.695,0.36,0.485
0.91,0.91,1.0,1.0,0.69,0.69,0.16,0.16,0.11,0.11,0.41,0.32,0.1,0.04,0.5,0.35,0.76,0.73,0.55,0.75,0.77,0.55,0.55,0.62,0.42,0.58,0.44,0.92,0.5,0.769,0.337,0.469
0.9,0.9,1.0,1.0,0.7,0.7,0.16,0.16,0.12,0.12,0.43,0.3,0.12,0.06,0.75,0.35,0.76,0.73,0.54,0.75,0.77,0.54,0.54,0.63,0.42,0.59,0.43,0.92,0.5,0.853,0.308,0.43
0.89,0.89,1.0,1.0,0.71,0.71,0.18,0.16,0.12,0.12,0.43,0.3,0.12,0.07,0.75,0.36,0.77,0.73,0.53,0.76,0.78,0.53,0.53,0.63,0.41,0.6,0.43,0.91,0.5,0.889,0.3,0.425
0.87,0.87,1.0,1.0,0.73,0.73,0.18,0.18,0.13,0.13,0.43,0.29,0.13,0.09,0.75,0.36,0.78,0.73,0.53,0.77,0.78,0.53,0.53,0.64,0.41,0.61,0.42,0.9,0.5,0.943,0.318,0.422
0.83,0.83,1.0,1.0,0.76,0.76,0.34,0.33,0.11,0.11,0.44,0.29,0.13,0.09,0.5,0.36,0.77,0.74,0.52,0.76,0.78,0.52,0.52,0.64,0.41,0.61,0.42,0.89,0.5,0.959,0.33,0.423
0.79,0.79,1.0,1.0,0.79,0.79,0.28,0.28,0.12,0.12,0.44,0.29,0.13,0.09,0.5,0.37,0.77,0.74,0.53,0.76,0.78,0.53,0.53,0.64,0.41,0.61,0.42,0.88,0.5,0.988,0.357,0.431
0.73,0.73,1.0,1.0,0.84,0.84,0.29,0.29,0.13,0.13,0.46,0.27,0.54,0.49,0.5,0.33,0.76,0.71,0.55,0.74,0.77,0.55,0.55,0.91,0.29,0.88,0.3,0.82,0.5,0.993,0.388,0.442
0.67,0.67,1.0,1.0,0.89,0.89,0.23,0.23,0.23,0.23,0.59,0.14,0.81,0.81,0.5,0.29,0.73,0.68,0.56,0.72,0.74,0.56,0.56,1.0,0.21,1.0,0.21,0.78,0.5,0.993,0.417,0.457
0.66,0.66,1.0,1.0,0.89,0.89,0.16,0.16,0.26,0.26,0.62,0.11,0.81,0.81,0.5,0.29,0.71,0.68,0.56,0.71,0.71,0.56,0.56,1.0,0.21,1.0,0.21,0.74,0.5,0.993,0.452,0.471
0.62,0.62,1.0,1.0,0.93,0.93,0.16,0.16,0.27,0.27,0.62,0.11,0.81,0.81,0.5,0.28,0.57,0.67,0.56,0.56,0.57,0.56,0.56,1.0,0.21,1.0,0.21,0.47,0.5,0.993,0.49,0.494
0.59,0.59,1.0,1.0,0.95,0.95,0.16,0.16,0.3,0.3,0.64,0.09,0.81,0.81,0.5,0.27,0.52,0.67,0.56,0.51,0.52,0.56,0.56,1.0,0.21,1.0,0.21,0.27,0.42,0.993,0.522,0.515
0.58,0.58,1.0,1.0,0.96,0.96,0.16,0.16,0.31,0.31,0.65,0.08,0.81,0.81,0.5,0.27,0.49,0.66,0.56,0.49,0.49,0.56,0.56,1.0,0.21,1.0,0.21,0.15,0.39,0.993,0.555,0.531
0.58,0.58,1.0,1.0,0.96,0.96,0.72,0.71,0.11,0.11,0.44,0.29,0.81,0.81,0.5,0.26,0.6,0.66,0.56,0.6,0.6,0.56,0.56,1.0,0.21,1.0,0.21,0.1,0.38,0.993,0.583,0.545
0.58,0.58,1.0,1.0,0.96,0.96,0.32,0.32,0.14,0.14,0.45,0.28,0.81,0.81,0.5,0.26,0.8,0.66,0.44,0.8,0.79,0.44,0.44,1.0,0.21,1.0,0.21,0.06,0.38,0.993,0.608,0.565
0.58,0.58,1.0,1.0,0.96,0.96,0.22,0.22,0.22,0.22,0.45,0.28,0.66,0.66,0.75,0.24,0.96,0.64,0.29,0.96,0.96,0.29,0.29,0.99,0.26,0.99,0.26,0.06,0.48,0.993,0.635,0.582
0.59,0.59,1.0,1.0,0.95,0.95,0.78,0.77,0.14,0.14,0.43,0.3,0.38,0.39,1.0,0.23,0.97,0.64,0.3,0.97,0.97,0.3,0.3,0.8,0.34,0.81,0.33,0.1,0.53,0.993,0.655,0.59
0.58,0.58,1.0,1.0,0.96,0.96,0.31,0.31,0.22,0.22,0.44,0.28,0.43,0.4,0.75,0.24,0.97,0.65,0.31,0.97,0.97,0.31,0.31,0.84,0.32,0.82,0.33,0.13,0.54,0.993,0.663,0.594
0.58,0.58,1.0,1.0,0.96,0.96,0.23,0.23,0.26,0.26,0.45,0.27,0.33,0.25,0.75,0.29,0.97,0.68,0.34,0.97,0.97,0.34,0.34,0.77,0.35,0.72,0.37,0.14,0.55,0.993,0.673,0.601
0.58,0.58,1.0,1.0,0.96,0.96,0.16,0.16,0.31,0.31,0.44,0.28,0.0,0.0,1.0,0.31,0.97,0.69,0.34,0.97,0.97,0.34,0.34,0.36,0.82,0.35,0.83,0.39,0.54,0.989,0.68,0.603
0.58,0.58,1.0,1.0,0.96,0.96,0.16,0.16,0.32,0.32,0.44,0.28,0.0,0.0,1.0,0.32,0.98,0.71,0.43,0.98,0.98,0.43,0.43,0.45,0.64,0.45,0.64,0.52,0.5,0.974,0.683,0.614
0.58,0.58,1.0,1.0,0.96,0.96,0.16,0.16,0.31,0.31,0.46,0.27,0.21,0.24,1.0,0.32,0.98,0.7,0.42,0.98,0.98,0.42,0.42,0.69,0.39,0.71,0.38,0.52,0.5,0.951,0.688,0.613
0.58,0.58,1.0,1.0,0.96,0.96,0.16,0.16,0.32,0.32,0.46,0.26,0.28,0.33,1.0,0.28,0.98,0.67,0.36,0.98,0.98,0.36,0.36,0.74,0.37,0.77,0.35,0.31,0.45,0.932,0.7,0.602
0.58,0.58,1.0,1.0,0.96,0.96,0.16,0.16,0.32,0.32,0.47,0.26,0.31,0.36,1.0,0.27,0.98,0.67,0.36,0.98,0.98,0.36,0.36,0.76,0.36,0.79,0.34,0.33,0.47,0.906,0.702,0.593
0.58,0.58,1.0,1.0,0.96,0.96,0.16,0.16,0.32,0.32,0.45,0.27,0.34,0.39,1.0,0.29,0.98,0.68,0.38,0.98,0.98,0.38,0.38,0.78,0.35,0.81,0.34,0.3,0.43,0.884,0.717,0.587
0.58,0.58,1.0,1.0,0.96,0.96,0.16,0.16,0.33,0.33,0.47,0.26,0.31,0.33,1.0,0.26,0.98,0.66,0.34,0.99,0.98,0.34,0.34,0.76,0.36,0.77,0.35,0.26,0.46,0.869,0.73,0.58
0.57,0.57,1.0,1.0,0.96,0.96,0.16,0.16,0.31,0.31,0.49,0.23,0.49,0.46,1.0,0.25,0.97,0.65,0.35,0.97,0.98,0.35,0.35,0.88,0.31,0.86,0.31,0.08,0.48,0.86,0.753,0.582
0.57,0.57,1.0,1.0,0.96,0.96,0.87,0.87,0.19,0.19,0.49,0.24,0.48,0.45,0.75,0.29,0.77,0.68,0.49,0.75,0.78,0.49,0.49,0.87,0.31,0.85,0.32,0.1,0.38,0.829,0.773,0.575
0.57,0.57,1.0,1.0,0.96,0.96,0.16,0.16,0.3,0.3,0.53,0.2,0.46,0.43,0.75,0.29,0.8,0.68,0.48,0.79,0.81,0.48,0.48,0.86,0.31,0.84,0.32,0.08,0.36,0.786,0.788,0.564
0.57,0.57,1.0,1.0,0.97,0.97,0.16,0.16,0.35,0.35,0.54,0.18,0.43,0.38,1.0,0.29,0.81,0.68,0.47,0.8,0.82,0.47,0.47,0.84,0.32,0.8,0.34,0.07,0.35,0.757,0.797,0.561
0.58,0.58,1.0,1.0,0.96,0.96,0.87,0.87,0.28,0.28,0.48,0.25,0.43,0.43,0.75,0.29,0.74,0.68,0.44,0.73,0.76,0.44,0.44,0.84,0.32,0.84,0.32,0.06,0.34,0.732,0.81,0.548
0.6,0.6,1.0,1.0,0.95,0.95,0.96,0.96,0.29,0.29,0.47,0.25,0.46,0.46,0.75,0.3,0.72,0.69,0.44,0.71,0.73,0.44,0.44,0.86,0.31,0.86,0.31,0.07,0.32,0.716,0.822,0.552
0.6,0.6,1.0,1.0,0.95,0.95,0.96,0.96,0.29,0.29,0.47,0.26,0.48,0.48,0.75,0.3,0.72,0.69,0.44,0.71,0.73,0.44,0.44,0.87,0.31,0.87,0.31,0.07,0.32,0.701,0.83,0.555
0.58,0.58,1.0,1.0,0.96,0.96,0.34,0.34,0.22,0.22,0.49,0.23,0.42,0.38,0.75,0.3,0.8,0.69,0.44,0.79,0.81,0.44,0.44,0.83,0.33,0.8,0.34,0.06,0.33,0.685,0.832,0.558
0.58,0.58,1.0,1.0,0.96,0.96,0.16,0.16,0.3,0.3,0.51,0.21,0.36,0.3,1.0,0.3,0.8,0.68,0.48,0.79,0.81,0.48,0.48,0.79,0.35,0.75,0.36,0.06,0.33,0.689,0.838,0.569
0.58,0.58,1.0,1.0,0.96,0.96,0.16,0.16,0.3,0.3,0.51,0.21,0.28,0.22,1.0,0.33,0.73,0.71,0.54,0.72,0.74,0.54,0.54,0.74,0.37,0.7,0.38,0.19,0.32,0.665,0.85,0.561
0.59,0.59,1.0,1.0,0.95,0.95,0.47,0.46,0.2,0.2,0.51,0.22,0.21,0.15,0.75,0.36,0.72,0.73,0.56,0.7,0.74,0.56,0.56,0.69,0.39,0.65,0.41,0.42,0.28,0.66,0.858,0.567
0.61,0.61,1.0,1.0,0.94,0.94,0.16,0.16,0.3,0.3,0.48,0.24,0.02,0.02,1.0,0.33,0.81,0.71,0.56,0.81,0.81,0.56,0.56,0.56,0.44,0.56,0.44,0.77,0.5,0.66,0.863,0.57
0.88,0.88,1.0,1.0,0.71,0.71,0.16,0.16,0.22,0.22,0.43,0.3,0.0,0.0,0.75,0.33,0.82,0.71,0.56,0.82,0.83,0.56,0.56,0.54,0.48,0.53,0.48,0.87,0.5,0.636,0.87,0.554
0.92,0.92,1.0,1.0,0.68,0.68,0.16,0.16,0.2,0.2,0.42,0.31,0.0,0.0,0.75,0.33,0.86,0.71,0.56,0.86,0.87,0.56,0.56,0.5,0.54,0.5,0.55,0.9,0.5,0.631,0.868,0.556
0.92,0.92,1.0,1.0,0.68,0.68,0.16,0.16,0.18,0.18,0.4,0.32,0.0,0.0,0.75,0.33,0.85,0.71,0.56,0.85,0.86,0.56,0.56,0.53,0.48,0.53,0.49,0.9,0.5,0.625,0.868,0.565
0.92,0.92,1.0,1.0,0.68,0.68,0.16,0.16,0.17,0.17,0.39,0.34,0.0,0.0,0.75,0.33,0.84,0.71,0.56,0.84,0.85,0.56,0.56,0.54,0.47,0.53,0.48,0.9,0.5,0.609,0.882,0.563
0.9,0.9,1.0,1.0,0.7,0.7,0.16,0.16,0.17,0.17,0.39,0.34,0.02,0.0,0.75,0.33,0.84,0.71,0.56,0.83,0.85,0.56,0.56,0.56,0.44,0.54,0.46,0.91,0.5,0.602,0.888,0.555
0.83,0.83,1.0,1.0,0.76,0.76,0.16,0.16,0.28,0.28,0.63,0.1,0.04,0.0,0.75,0.33,0.8,0.71,0.56,0.79,0.82,0.56,0.56,0.58,0.44,0.55,0.45,0.9,0.5,0.604,0.887,0.553
0.87,0.87,1.0,1.0,0.72,0.72,0.16,0.16,0.32,0.32,0.68,0.05,0.06,0.0,0.75,0.34,0.82,0.72,0.56,0.81,0.83,0.56,0.56,0.59,0.43,0.55,0.45,0.91,0.5,0.595,0.865,0.551
0.88,0.88,1.0,1.0,0.72,0.72,0.16,0.16,0.31,0.31,0.68,0.06,0.03,0.0,0.75,0.35,0.82,0.72,0.56,0.81,0.83,0.56,0.56,0.57,0.44,0.54,0.47,0.91,0.5,0.597,0.862,0.548
0.88,0.88,1.0,1.0,0.72,0.72,0.16,0.16,0.33,0.33,0.68,0.06,0.07,0.02,0.75,0.35,0.82,0.73,0.56,0.81,0.83,0.56,0.56,0.6,0.43,0.56,0.45,0.92,0.5,0.606,0.867,0.545
0.87,0.87,1.0,1.0,0.72,0.72,0.16,0.16,0.31,0.31,0.65,0.09,0.13,0.07,0.75,0.36,0.8,0.73,0.56,0.79,0.82,0.56,0.56,0.64,0.41,0.6,0.43,0.92,0.5,0.619,0.872,0.545
0.85,0.85,1.0,1.0,0.74,0.74,0.16,0.16,0.3,0.3,0.61,0.12,0.15,0.09,0.75,0.36,0.8,0.73,0.56,0.78,0.81,0.56,0.56,0.65,0.41,0.61,0.42,0.9,0.5,0.616,0.875,0.549
0.84,0.84,1.0,1.0,0.75,0.75,0.16,0.16,0.31,0.31,0.59,0.14,0.18,0.12,0.75,0.37,0.78,0.74,0.56,0.76,0.79,0.56,0.56,0.67,0.4,0.63,0.41,0.9,0.5,0.616,0.868,0.556
0.83,0.83,1.0,1.0,0.76,0.76,0.16,0.16,0.3,0.3,0.59,0.15,0.18,0.13,0.75,0.37,0.77,0.74,0.56,0.75,0.78,0.56,0.56,0.67,0.39,0.64,0.41,0.89,0.5,0.627,0.865,0.558
0.82,0.82,1.0,1.0,0.76,0.76,0.16,0.16,0.23,0.23,0.43,0.3,0.18,0.13,0.75,0.37,0.76,0.74,0.54,0.74,0.78,0.54,0.54,0.67,0.39,0.64,0.41,0.88,0.5,0.686,0.845,0.545
0.79,0.79,1.0,1.0,0.79,0.79,0.23,0.23,0.13,0.13,0.33,0.4,0.18,0.15,0.5,0.36,0.67,0.73,0.54,0.65,0.69,0.54,0.54,0.67,0.39,0.65,0.41,0.87,0.5,0.745,0.828,0.534
0.78,0.78,1.0,1.0,0.8,0.8,0.24,0.24,0.13,0.13,0.32,0.41,0.2,0.15,0.5,0.36,0.66,0.73,0.56,0.64,0.68,0.56,0.56,0.68,0.39,0.65,0.4,0.86,0.5,0.776,0.815,0.538
0.76,0.76,1.0,1.0,0.82,0.82,0.24,0.24,0.14,0.14,0.3,0.43,0.18,0.15,0.5,0.36,0.66,0.74,0.56,0.63,0.68,0.56,0.56,0.67,0.39,0.65,0.4,0.85,0.5,0.809,0.8,0.538
0.73,0.73,1.0,1.0,0.84,0.84,0.24,0.24,0.15,0.15,0.29,0.44,0.16,0.13,0.5,0.37,0.67,0.74,0.56,0.64,0.69,0.56,0.56,0.66,0.4,0.64,0.41,0.83,0.5,0.834,0.787,0.53
0.72,0.72,1.0,1.0,0.85,0.85,0.22,0.22,0.15,0.15,0.29,0.44,0.15,0.13,0.5,0.37,0.67,0.74,0.56,0.64,0.69,0.56,0.56,0.65,0.4,0.64,0.41,0.82,0.5,0.849,0.765,0.534
0.72,0.72,1.0,1.0,0.85,0.85,0.21,0.21,0.16,0.16,0.3,0.43,0.15,0.12,0.5,0.37,0.67,0.74,0.56,0.65,0.69,0.56,0.56,0.65,0.41,0.63,0.41,0.81,0.5,0.885,0.742,0.534
0.7,0.7,1.0,1.0,0.86,0.86,0.2,0.2,0.16,0.16,0.31,0.42,0.13,0.1,0.5,0.37,0.68,0.74,0.56,0.65,0.7,0.56,0.56,0.64,0.41,0.62,0.42,0.77,0.5,0.9,0.708,0.538
0.69,0.69,1.0,1.0,0.87,0.87,0.16,0.16,0.16,0.16,0.32,0.41,0.1,0.09,0.75,0.38,0.68,0.75,0.55,0.66,0.7,0.55,0.55,0.62,0.42,0.61,0.43,0.74,0.5,0.916,0.687,0.537
0.69,0.69,1.0,1.0,0.87,0.87,0.16,0.16,0.17,0.17,0.31,0.42,0.09,0.06,0.75,0.39,0.68,0.75,0.53,0.66,0.7,0.53,0.53,0.61,0.42,0.59,0.43,0.71,0.5,0.934,0.658,0.528
0.68,0.68,1.0,1.0,0.88,0.88,0.16,0.16,0.17,0.17,0.3,0.42,0.07,0.04,0.75,0.4,0.68,0.76,0.52,0.67,0.7,0.52,0.52,0.6,0.43,0.58,0.44,0.69,0.5,0.939,0.633,0.513
0.66,0.66,1.0,1.0,0.9,0.9,0.19,0.19,0.17,0.17,0.31,0.42,0.07,0.03,0.75,0.41,0.69,0.77,0.52,0.68,0.71,0.52,0.52,0.6,0.43,0.57,0.44,0.68,0.5,0.956,0.597,0.498
0.63,0.63,1.0,1.0,0.92,0.92,0.19,0.19,0.18,0.18,0.31,0.41,0.06,0.03,0.75,0.42,0.67,0.78,0.51,0.66,0.69,0.51,0.51,0.59,0.43,0.57,0.44,0.6,0.5,0.969,0.57,0.486
0.62,0.62,1.0,1.0,0.93,0.93,0.19,0.19,0.19,0.19,0.32,0.41,0.04,0.03,0.75,0.44,0.66,0.79,0.5,0.65,0.66,0.5,0.5,0.58,0.43,0.57,0.44,0.46,0.5,0.977,0.535,0.482
0.61,0.61,1.0,1.0,0.93,0.93,0.19,0.19,0.19,0.19,0.32,0.4,0.04,0.03,0.75,0.45,0.61,0.8,0.54,0.61,0.62,0.54,0.54,0.58,0.44,0.57,0.44,0.27,0.29,0.974,0.52,0.477
0.61,0.61,1.0,1.0,0.93,0.93,0.19,0.19,0.2,0.2,0.33,0.39,0.04,0.04,0.75,0.42,0.6,0.78,0.56,0.6,0.61,0.56,0.56,0.58,0.44,0.58,0.44,0.18,0.35,0.974,0.492,0.463
0.6,0.6,1.0,1.0,0.94,0.94,0.16,0.16,0.25,0.25,0.2,0.53,0.07,0.07,0.75,0.42,0.65,0.78,0.54,0.64,0.66,0.54,0.54,0.6,0.43,0.6,0.43,0.14,0.4,0.956,0.468,0.447
0.58,0.58,1.0,1.0,0.96,0.96,0.16,0.16,0.38,0.38,0.01,0.73,0.09,0.09,0.75,0.41,0.7,0.77,0.53,0.69,0.71,0.53,0.53,0.61,0.42,0.61,0.42,0.11,0.46,0.948,0.455,0.422
0.57,0.57,1.0,1.0,0.96,0.96,0.16,0.16,0.43,0.43,0.03,0.71,0.1,0.1,1.0,0.38,0.81,0.75,0.5,0.8,0.81,0.5,0.5,0.62,0.42,0.62,0.42,0.09,0.51,0.942,0.445,0.416
0.56,0.56,1.0,1.0,0.97,0.97,0.16,0.16,0.55,0.55,0.06,0.67,0.2,0.16,1.0,0.26,0.96,0.66,0.3,0.96,0.96,0.3,0.3,0.68,0.39,0.66,0.4,0.04,0.6,0.932,0.438,0.418
0.56,0.56,1.0,1.0,0.98,0.98,0.16,0.16,0.58,0.58,0.09,0.65,0.22,0.15,1.0,0.25,0.97,0.65,0.29,0.97,0.97,0.29,0.29,0.7,0.38,0.65,0.41,0.04,0.79,0.924,0.435,0.427
0.56,0.56,1.0,1.0,0.98,0.98,0.16,0.16,0.36,0.36,0.35,0.37,0.27,0.15,1.0,0.24,0.97,0.64,0.29,0.97,0.98,0.29,0.29,0.73,0.37,0.65,0.41,0.03,0.67,0.915,0.425,0.434
0.56,0.56,1.0,1.0,0.98,0.98,0.16,0.16,0.37,0.37,0.35,0.37,0.25,0.15,1.0,0.23,0.97,0.64,0.28,0.97,0.98,0.28,0.28,0.72,0.37,0.65,0.41,0.03,0.63,0.91,0.422,0.433
0.55,0.55,1.0,1.0,0.98,0.98,0.16,0.16,0.38,0.38,0.35,0.37,0.24,0.13,1.0,0.23,0.97,0.64,0.29,0.97,0.98,0.29,0.29,0.71,0.38,0.64,0.41,0.02,0.61,0.896,0.422,0.419
0.56,0.56,1.0,1.0,0.97,0.97,0.46,0.46,0.25,0.25,0.35,0.38,0.16,0.12,1.0,0.25,0.94,0.65,0.31,0.94,0.95,0.31,0.31,0.66,0.4,0.63,0.41,0.03,0.58,0.889,0.43,0.415
0.47,0.47,0.86,0.86,1.0,1.0,0.16,0.16,0.36,0.36,0.35,0.37,0.12,0.06,1.0,0.24,0.97,0.64,0.27,0.97,0.97,0.27,0.27,0.63,0.41,0.59,0.43,0.03,0.58,0.879,0.425,0.417
0.48,0.48,0.88,0.88,1.0,1.0,0.16,0.16,0.35,0.35,0.34,0.38,0.12,0.09,1.0,0.23,0.97,0.64,0.3,0.97,0.97,0.3,0.3,0.63,0.41,0.61,0.42,0.02,0.59,0.866,0.423,0.416
0.58,0.58,1.0,1.0,0.96,0.96,0.52,0.52,0.16,0.16,0.33,0.39,0.12,0.12,1.0,0.34,0.79,0.71,0.49,0.77,0.8,0.49,0.49,0.63,0.41,0.63,0.41,0.17,0.66,0.853,0.422,0.417
0.59,0.59,1.0,1.0,0.95,0.95,0.59,0.59,0.14,0.14,0.34,0.39,0.12,0.16,1.0,0.36,0.8,0.73,0.44,0.78,0.81,0.44,0.44,0.63,0.41,0.66,0.4,0.11,0.67,0.841,0.415,0.419
0.59,0.59,1.0,1.0,0.95,0.95,0.18,0.18,0.23,0.23,0.33,0.4,0.09,0.09,0.75,0.37,0.73,0.74,0.55,0.72,0.75,0.55,0.55,0.61,0.42,0.61,0.42,0.23,0.6,0.824,0.407,0.427
0.69,0.69,1.0,1.0,0.87,0.87,0.16,0.16,0.2,0.2,0.32,0.41,0.04,0.06,0.75,0.38,0.82,0.75,0.51,0.81,0.83,0.51,0.51,0.58,0.44,0.59,0.43,0.7,0.5,0.808,0.402,0.423
0.92,0.92,1.0,1.0,0.68,0.68,0.16,0.16,0.15,0.15,0.32,0.4,0.03,0.03,0.75,0.36,0.85,0.74,0.56,0.84,0.87,0.56,0.56,0.57,0.44,0.57,0.44,0.86,0.5,0.782,0.408,0.425
0.92,0.92,1.0,1.0,0.68,0.68,0.16,0.16,0.13,0.13,0.34,0.39,0.02,0.0,0.75,0.36,0.83,0.73,0.56,0.82,0.85,0.56,0.56,0.56,0.45,0.55,0.45,0.89,0.5,0.758,0.413,0.434
0.92,0.92,1.0,1.0,0.68,0.68,0.16,0.16,0.12,0.12,0.34,0.39,0.02,0.0,0.75,0.36,0.82,0.73,0.56,0.81,0.84,0.56,0.56,0.56,0.45,0.54,0.47,0.91,0.5,0.706,0.403,0.45
0.92,0.92,1.0,1.0,0.68,0.68,0.16,0.16,0.12,0.12,0.35,0.38,0.02,0.0,0.75,0.36,0.81,0.73,0.56,0.8,0.83,0.56,0.56,0.56,0.45,0.54,0.47,0.91,0.5,0.67,0.408,0.45
0.92,0.92,1.0,1.0,0.68,0.68,0.16,0.16,0.12,0.12,0.35,0.38,0.02,0.0,0.75,0.35,0.81,0.73,0.56,0.8,0.82,0.56,0.56,0.56,0.44,0.54,0.46,0.91,0.5,0.664,0.422,0.436
0.91,0.91,1.0,1.0,0.69,0.69,0.16,0.16,0.13,0.13,0.34,0.38,0.02,0.0,0.75,0.35,0.81,0.72,0.56,0.8,0.82,0.56,0.56,0.56,0.45,0.54,0.47,0.91,0.5,0.654,0.428,0.434
0.9,0.9,1.0,1.0,0.7,0.7,0.16,0.16,0.14,0.14,0.35,0.38,0.0,0.0,0.75,0.34,0.81,0.72,0.56,0.8,0.82,0.56,0.56,0.55,0.45,0.53,0.49,0.92,0.5,0.637,0.418,0.432
0.87,0.87,1.0,1.0,0.72,0.72,0.16,0.16,0.14,0.14,0.36,0.37,0.0,0.0,0.75,0.34,0.8,0.72,0.55,0.79,0.81,0.55,0.55,0.55,0.45,0.54,0.47,0.91,0.5,0.636,0.405,0.427
0.86,0.86,1.0,1.0,0.73,0.73,0.16,0.16,0.15,0.15,0.36,0.37,0.02,0.0,0.75,0.34,0.8,0.72,0.55,0.79,0.81,0.55,0.55,0.56,0.44,0.55,0.45,0.91,0.5,0.649,0.403,0.427
0.88,0.88,1.0,1.0,0.72,0.72,0.16,0.16,0.14,0.14,0.37,0.36,0.03,0.0,0.75,0.34,0.8,0.72,0.55,0.79,0.81,0.55,0.55,0.57,0.44,0.55,0.46,0.91,0.5,0.672,0.397,0.421
0.87,0.87,1.0,1.0,0.72,0.72,0.16,0.16,0.14,0.14,0.37,0.36,0.03,0.0,0.75,0.34,0.79,0.72,0.55,0.78,0.8,0.55,0.55,0.57,0.44,0.55,0.45,0.91,0.5,0.703,0.385,0.424
0.84,0.84,1.0,1.0,0.75,0.75,0.16,0.16,0.14,0.14,0.39,0.34,0.06,0.03,0.75,0.34,0.78,0.72,0.54,0.77,0.79,0.54,0.54,0.59,0.43,0.57,0.44,0.91,0.5,0.729,0.363,0.425
0.82,0.82,1.0,1.0,0.77,0.77,0.16,0.16,0.24,0.24,0.63,0.1,0.09,0.06,0.75,0.35,0.78,0.73,0.54,0.77,0.79,0.54,0.54,0.61,0.42,0.59,0.43,0.9,0.5,0.752,0.348,0.415
0.83,0.83,1.0,1.0,0.76,0.76,0.16,0.16,0.26,0.26,0.63,0.1,0.12,0.09,0.75,0.37,0.78,0.74,0.54,0.77,0.79,0.54,0.54,0.63,0.41,0.61,0.43,0.9,0.5,0.806,0.36,0.405
0.84,0.84,1.0,1.0,0.75,0.75,0.16,0.16,0.26,0.26,0.6,0.13,0.12,0.09,0.75,0.37,0.78,0.74,0.53,0.77,0.79,0.53,0.53,0.63,0.41,0.61,0.42,0.89,0.5,0.869,0.37,0.39
0.84,0.84,1.0,1.0,0.75,0.75,0.16,0.16,0.25,0.25,0.59,0.14,0.12,0.09,0.75,0.37,0.78,0.74,0.52,0.77,0.79,0.52,0.52,0.63,0.41,0.61,0.43,0.89,0.5,0.916,0.372,0.403
0.83,0.83,1.0,1.0,0.75,0.75,0.16,0.16,0.26,0.26,0.57,0.16,0.15,0.1,0.75,0.38,0.78,0.75,0.51,0.77,0.79,0.51,0.51,0.65,0.41,0.62,0.42,0.89,0.5,0.944,0.397,0.413
0.83,0.83,1.0,1.0,0.76,0.76,0.16,0.16,0.26,0.26,0.58,0.15,0.16,0.1,0.75,0.39,0.78,0.75,0.51,0.77,0.79,0.51,0.51,0.66,0.4,0.62,0.42,0.87,0.5,0.961,0.42,0.419
0.79,0.79,1.0,1.0,0.79,0.79,0.16,0.16,0.26,0.26,0.55,0.18,0.15,0.09,0.75,0.41,0.78,0.77,0.5,0.77,0.78,0.5,0.5,0.65,0.41,0.61,0.42,0.82,0.5,0.958,0.45,0.433
0.8,0.8,1.0,1.0,0.78,0.78,0.16,0.16,0.25,0.25,0.6,0.13,0.12,0.09,0.75,0.41,0.78,0.77,0.5,0.77,0.78,0.5,0.5,0.63,0.41,0.61,0.42,0.81,0.5,0.966,0.485,0.445
0.79,0.79,1.0,1.0,0.79,0.79,0.16,0.16,0.14,0.14,0.47,0.26,0.06,0.04,0.75,0.43,0.75,0.78,0.51,0.75,0.75,0.51,0.51,0.59,0.43,0.58,0.44,0.79,0.5,0.971,0.508,0.458
0.73,0.73,1.0,1.0,0.83,0.83,0.2,0.2,0.16,0.16,0.5,0.23,0.06,0.03,0.75,0.43,0.75,0.79,0.52,0.75,0.75,0.52,0.52,0.59,0.43,0.57,0.44,0.79,0.5,0.965,0.527,0.47
0.72,0.72,1.0,1.0,0.84,0.84,0.19,0.19,0.17,0.17,0.51,0.22,0.07,0.03,0.75,0.43,0.77,0.78,0.52,0.77,0.77,0.52,0.52,0.6,0.43,0.57,0.44,0.79,0.5,0.964,0.538,0.476
0.69,0.69,1.0,1.0,0.87,0.87,0.26,0.26,0.17,0.17,0.52,0.21,0.06,0.03,0.75,0.42,0.79,0.78,0.51,0.78,0.79,0.51,0.51,0.59,0.43,0.57,0.44,0.74,0.5,0.968,0.545,0.491
0.65,0.65,1.0,1.0,0.91,0.91,0.24,0.23,0.17,0.17,0.53,0.2,0.06,0.03,0.75,0.45,0.78,0.8,0.5,0.77,0.79,0.5,0.5,0.59,0.43,0.57,0.44,0.65,0.5,0.974,0.568,0.501
0.66,0.66,1.0,1.0,0.9,0.9,0.16,0.16,0.2,0.2,0.53,0.2,0.04,0.03,0.75,0.43,0.79,0.79,0.52,0.78,0.8,0.52,0.52,0.58,0.44,0.57,0.44,0.62,0.5,0.977,0.592,0.506
0.66,0.66,1.0,1.0,0.89,0.89,0.16,0.16,0.21,0.21,0.51,0.22,0.03,0.04,0.75,0.43,0.8,0.79,0.51,0.79,0.8,0.51,0.51,0.57,0.44,0.58,0.44,0.59,0.5,0.985,0.617,0.509
0.64,0.64,1.0,1.0,0.91,0.91,0.16,0.16,0.22,0.22,0.51,0.22,0.04,0.04,0.75,0.44,0.79,0.79,0.51,0.78,0.79,0.51,0.51,0.58,0.44,0.58,0.44,0.48,0.5,0.993,0.635,0.504
0.61,0.61,1.0,1.0,0.93,0.93,0.16,0.16,0.23,0.23,0.5,0.22,0.07,0.06,0.75,0.45,0.74,0.8,0.52,0.73,0.75,0.52,0.52,0.6,0.43,0.59,0.43,0.27,0.45,0.993,0.635,0.506
0.59,0.59,1.0,1.0,0.95,0.95,0.16,0.16,0.24,0.24,0.51,0.21,0.13,0.09,0.75,0.42,0.76,0.78,0.49,0.74,0.77,0.49,0.49,0.64,0.41,0.61,0.42,0.16,0.41,0.993,0.642,0.516
0.58,0.58,1.0,1.0,0.96,0.96,0.16,0.16,0.26,0.26,0.52,0.21,0.15,0.1,1.0,0.37,0.81,0.74,0.44,0.8,0.83,0.44,0.44,0.65,0.41,0.62,0.42,0.09,0.41,0.993,0.672,0.541
0.57,0.57,1.0,1.0,0.96,0.96,0.16,0.16,0.27,0.27,0.51,0.21,0.15,0.1,1.0,0.33,0.86,0.71,0.39,0.86,0.87,0.39,0.39,0.65,0.4,0.62,0.42,0.06,0.41,0.993,0.687,0.563
0.57,0.57,1.0,1.0,0.97,0.97,0.16,0.16,0.28,0.28,0.52,0.2,0.16,0.1,1.0,0.32,0.87,0.7,0.39,0.86,0.88,0.39,0.39,0.66,0.4,0.62,0.42,0.05,0.41,0.993,0.695,0.585
0.57,0.57,1.0,1.0,0.97,0.97,0.16,0.16,0.3,0.3,0.52,0.2,0.16,0.09,1.0,0.33,0.85,0.71,0.41,0.84,0.87,0.41,0.41,0.66,0.4,0.61,0.42,0.05,0.39,0.986,0.69,0.618
0.57,0.57,1.0,1.0,0.97,0.97,0.16,0.16,0.3,0.3,0.51,0.21,0.16,0.09,1.0,0.39,0.77,0.75,0.44,0.74,0.79,0.44,0.44,0.66,0.4,0.61,0.42,0.06,0.4,0.966,0.702,0.672
0.57,0.57,1.0,1.0,0.97,0.97,0.16,0.16,0.31,0.31,0.51,0.22,0.16,0.09,1.0,0.4,0.76,0.76,0.43,0.74,0.78,0.43,0.43,0.66,0.4,0.61,0.42,0.06,0.4,0.945,0.728,0.723
0.57,0.57,1.0,1.0,0.97,0.97,0.16,0.16,0.34,0.34,0.5,0.22,0.16,0.09,1.0,0.4,0.76,0.76,0.42,0.74,0.78,0.42,0.42,0.66,0.4,0.61,0.42,0.05,0.4,0.93,0.767,0.757
0.57,0.57,1.0,1.0,0.97,0.97,0.16,0.16,0.35,0.35,0.5,0.22,0.16,0.09,1.0,0.34,0.86,0.72,0.35,0.86,0.87,0.35,0.35,0.66,0.4,0.61,0.42,0.04,0.38,0.906,0.787,0.763
0.57,0.57,1.0,1.0,0.97,0.97,0.35,0.35,0.24,0.24,0.48,0.25,0.16,0.09,1.0,0.29,0.93,0.68,0.31,0.92,0.93,0.31,0.31,0.66,0.4,0.61,0.42,0.03,0.39,0.871,0.802,0.752
0.59,0.59,1.0,1.0,0.95,0.95,0.16,0.16,0.34,0.34,0.49,0.24,0.13,0.06,1.0,0.34,0.89,0.72,0.38,0.88,0.9,0.38,0.38,0.64,0.41,0.59,0.43,0.04,0.41,0.842,0.798,0.735
0.63,0.63,1.0,1.0,0.92,0.92,0.16,0.16,0.34,0.34,0.49,0.23,0.1,0.04,1.0,0.39,0.81,0.76,0.47,0.8,0.83,0.47,0.47,0.62,0.42,0.58,0.43,0.11,0.42,0.802,0.803,0.721
0.61,0.61,1.0,1.0,0.93,0.93,0.16,0.16,0.33,0.33,0.49,0.23,0.09,0.04,1.0,0.39,0.79,0.76,0.51,0.77,0.8,0.51,0.51,0.61,0.42,0.58,0.44,0.19,0.45,0.774,0.807,0.702
0.63,0.63,1.0,1.0,0.92,0.92,0.16,0.16,0.3,0.3,0.48,0.24,0.04,0.02,1.0,0.39,0.79,0.76,0.52,0.77,0.81,0.52,0.52,0.58,0.44,0.56,0.45,0.48,0.5,0.746,0.818,0.675
0.68,0.68,1.0,1.0,0.88,0.88,0.16,0.16,0.25,0.25,0.46,0.26,0.0,0.0,1.0,0.37,0.82,0.74,0.54,0.8,0.84,0.54,0.54,0.55,0.46,0.54,0.47,0.73,0.5,0.729,0.82,0.655
0.81,0.81,1.0,1.0,0.78,0.78,0.16,0.16,0.2,0.2,0.46,0.26,0.0,0.0,1.0,0.34,0.85,0.72,0.55,0.85,0.86,0.55,0.55,0.51,0.52,0.51,0.53,0.87,0.5,0.7,0.83,0.634
0.88,0.88,1.0,1.0,0.72,0.72,0.16,0.16,0.17,0.17,0.44,0.28,0.0,0.0,0.75,0.33,0.85,0.71,0.56,0.85,0.86,0.56,0.56,0.51,0.52,0.51,0.54,0.92,0.5,0.678,0.835,0.617
0.87,0.87,1.0,1.0,0.73,0.73,0.16,0.16,0.17,0.17,0.43,0.29,0.0,0.0,0.75,0.33,0.84,0.71,0.56,0.84,0.85,0.56,0.56,0.52,0.51,0.51,0.53,0.92,0.5,0.654,0.842,0.605
0.87,0.87,1.0,1.0,0.72,0.72,0.16,0.16,0.17,0.17,0.43,0.3,0.0,0.0,0.75,0.33,0.82,0.71,0.56,0.82,0.83,0.56,0.56,0.54,0.47,0.53,0.49,0.92,0.5,0.646,0.842,0.598
0.85,0.85,1.0,1.0,0.74,0.74,0.16,0.16,0.16,0.16,0.42,0.3,0.03,0.02,0.75,0.32,0.81,0.71,0.56,0.81,0.82,0.56,0.56,0.57,0.44,0.56,0.45,0.92,0.5,0.635,0.838,0.594
0.82,0.82,1.0,1.0,0.77,0.77,0.18,0.16,0.19,0.19,0.46,0.27,0.04,0.02,0.75,0.33,0.8,0.71,0.56,0.79,0.8,0.56,0.56,0.58,0.44,0.56,0.44,0.92,0.5,0.624,0.827,0.592
0.81,0.81,1.0,1.0,0.77,0.77,0.16,0.16,0.21,0.21,0.49,0.23,0.04,0.02,0.75,0.33,0.79,0.71,0.56,0.78,0.8,0.56,0.56,0.58,0.44,0.56,0.44,0.91,0.5,0.636,0.822,0.585
0.83,0.83,1.0,1.0,0.76,0.76,0.16,0.16,0.31,0.31,0.62,0.12,0.04,0.02,0.75,0.35,0.8,0.72,0.56,0.79,0.8,0.56,0.56,0.58,0.44,0.56,0.45,0.91,0.5,0.623,0.817,0.571
0.83,0.83,1.0,1.0,0.76,0.76,0.16,0.16,0.31,0.31,0.61,0.12,0.06,0.02,0.75,0.36,0.8,0.73,0.56,0.79,0.81,0.56,0.56,0.59,0.43,0.56,0.45,0.92,0.5,0.602,0.812,0.56
0.83,0.83,1.0,1.0,0.75,0.75,0.16,0.16,0.31,0.31,0.6,0.13,0.04,0.0,0.75,0.37,0.8,0.74,0.56,0.79,0.81,0.56,0.56,0.58,0.44,0.55,0.45,0.92,0.5,0.589,0.81,0.555
0.83,0.83,1.0,1.0,0.76,0.76,0.16,0.16,0.32,0.32,0.59,0.14,0.04,0.0,0.75,0.37,0.81,0.74,0.55,0.8,0.81,0.55,0.55,0.58,0.44,0.55,0.45,0.92,0.5,0.59,0.8,0.557
0.82,0.82,1.0,1.0,0.76,0.76,0.16,0.16,0.34,0.34,0.61,0.12,0.12,0.04,0.75,0.37,0.81,0.74,0.56,0.8,0.81,0.56,0.56,0.63,0.41,0.58,0.43,0.92,0.5,0.61,0.803,0.554
0.82,0.82,1.0,1.0,0.77,0.77,0.16,0.16,0.34,0.34,0.57,0.16,0.13,0.06,0.75,0.38,0.8,0.75,0.56,0.79,0.81,0.56,0.56,0.64,0.41,0.59,0.43,0.91,0.5,0.624,0.798,0.557
0.82,0.82,1.0,1.0,0.76,0.76,0.16,0.16,0.34,0.34,0.54,0.18,0.18,0.09,0.75,0.38,0.8,0.75,0.55,0.78,0.81,0.55,0.55,0.67,0.4,0.61,0.42,0.9,0.5,0.637,0.792,0.565
0.81,0.81,1.0,1.0,0.78,0.78,0.16,0.16,0.32,0.32,0.53,0.2,0.2,0.1,0.75,0.38,0.78,0.75,0.54,0.76,0.79,0.54,0.54,0.68,0.39,0.62,0.42,0.89,0.5,0.671,0.795,0.573
0.81,0.81,1.0,1.0,0.77,0.77,0.16,0.16,0.32,0.32,0.53,0.19,0.21,0.12,0.75,0.38,0.77,0.75,0.53,0.75,0.78,0.53,0.53,0.69,0.39,0.63,0.42,0.88,0.5,0.721,0.792,0.576
0.82,0.82,1.0,1.0,0.77,0.77,0.16,0.16,0.31,0.31,0.51,0.22,0.21,0.12,0.75,0.38,0.77,0.75,0.53,0.75,0.78,0.53,0.53,0.69,0.39,0.63,0.41,0.88,0.5,0.783,0.778,0.586
0.81,0.81,1.0,1.0,0.77,0.77,0.16,0.16,0.21,0.21,0.0,0.74,0.2,0.12,0.75,0.38,0.76,0.75,0.52,0.75,0.77,0.52,0.52,0.68,0.39,0.63,0.41,0.87,0.5,0.824,0.782,0.589
0.84,0.84,1.0,1.0,0.75,0.75,0.16,0.16,0.26,0.26,0.05,0.69,0.12,0.04,0.75,0.39,0.78,0.76,0.52,0.77,0.78,0.52,0.52,0.63,0.42,0.58,0.44,0.88,0.5,0.838,0.783,0.587
0.81,0.81,1.0,1.0,0.77,0.77,0.16,0.16,0.27,0.27,0.07,0.66,0.16,0.09,0.75,0.39,0.79,0.76,0.51,0.78,0.79,0.51,0.51,0.66,0.4,0.61,0.42,0.87,0.5,0.85,0.778,0.585
0.75,0.75,1.0,1.0,0.82,0.82,0.16,0.16,0.29,0.29,0.09,0.64,0.2,0.12,0.75,0.39,0.8,0.75,0.51,0.79,0.8,0.51,0.51,0.68,0.39,0.63,0.42,0.83,0.5,0.86,0.768,0.583
0.79,0.79,1.0,1.0,0.79,0.79,0.16,0.16,0.27,0.27,0.04,0.69,0.2,0.12,0.75,0.39,0.8,0.76,0.51,0.79,0.8,0.51,0.51,0.68,0.39,0.63,0.42,0.81,0.5,0.868,0.755,0.578
0.75,0.75,1.0,1.0,0.82,0.82,0.16,0.16,0.25,0.25,0.07,0.66,0.16,0.09,0.75,0.4,0.79,0.76,0.51,0.78,0.79,0.51,0.51,0.66,0.4,0.61,0.42,0.76,0.5,0.888,0.737,0.57
0.78,0.78,1.0,1.0,0.79,0.79,0.16,0.16,0.23,0.23,0.09,0.65,0.15,0.07,0.75,0.42,0.78,0.78,0.49,0.78,0.78,0.49,0.49,0.65,0.41,0.6,0.43,0.73,0.5,0.904,0.72,0.565
0.72,0.72,1.0,1.0,0.85,0.85,0.16,0.16,0.21,0.21,0.43,0.3,0.15,0.06,0.75,0.42,0.72,0.78,0.5,0.71,0.73,0.5,0.5,0.65,0.4,0.59,0.43,0.71,0.5,0.919,0.702,0.561
0.75,0.75,1.0,1.0,0.82,0.82,0.16,0.16,0.36,0.36,0.54,0.19,0.13,0.06,0.75,0.45,0.72,0.8,0.5,0.71,0.73,0.5,0.5,0.64,0.41,0.59,0.43,0.56,0.5,0.934,0.692,0.555
0.69,0.69,1.0,1.0,0.87,0.87,0.16,0.16,0.36,0.36,0.49,0.24,0.09,0.04,0.75,0.45,0.7,0.8,0.49,0.69,0.71,0.49,0.49,0.61,0.42,0.58,0.44,0.4,0.2,0.956,0.68,0.539
0.68,0.68,1.0,1.0,0.88,0.88,0.16,0.16,0.36,0.36,0.49,0.24,0.09,0.04,0.75,0.46,0.69,0.81,0.49,0.68,0.7,0.49,0.49,0.61,0.42,0.58,0.44,0.38,0.23,0.962,0.658,0.537
0.68,0.68,1.0,1.0,0.88,0.88,0.16,0.16,0.36,0.36,0.46,0.27,0.09,0.04,0.75,0.46,0.68,0.81,0.48,0.67,0.69,0.48,0.48,0.61,0.42,0.58,0.44,0.37,0.22,0.969,0.638,0.528
0.64,0.64,1.0,1.0,0.91,0.91,0.16,0.16,0.36,0.36,0.45,0.28,0.09,0.04,0.75,0.47,0.68,0.82,0.49,0.67,0.69,0.49,0.49,0.61,0.42,0.58,0.44,0.26,0.24,0.981,0.622,0.513
0.63,0.63,1.0,1.0,0.92,0.92,0.16,0.16,0.36,0.36,0.44,0.29,0.1,0.07,0.75,0.48,0.66,0.82,0.5,0.65,0.67,0.5,0.5,0.62,0.42,0.6,0.43,0.17,0.31,0.988,0.6,0.498
0.62,0.62,1.0,1.0,0.93,0.93,0.16,0.16,0.38,0.38,0.44,0.29,0.13,0.1,0.75,0.48,0.69,0.82,0.5,0.68,0.71,0.5,0.5,0.64,0.41,0.62,0.42,0.13,0.4,0.993,0.583,0.499
0.6,0.6,1.0,1.0,0.94,0.94,0.16,0.16,0.4,0.4,0.43,0.3,0.13,0.1,0.75,0.46,0.73,0.81,0.5,0.71,0.75,0.5,0.5,0.64,0.41,0.62,0.42,0.12,0.44,0.993,0.563,0.495
0.61,0.61,1.0,1.0,0.94,0.94,0.21,0.21,0.17,0.17,0.32,0.41,0.12,0.1,0.5,0.43,0.68,0.79,0.48,0.67,0.7,0.48,0.48,0.63,0.41,0.62,0.42,0.09,0.47,0.993,0.562,0.514
0.61,0.61,1.0,1.0,0.93,0.93,0.23,0.22,0.18,0.18,0.31,0.42,0.1,0.1,0.5,0.43,0.67,0.78,0.48,0.66,0.68,0.48,0.48,0.62,0.42,0.62,0.42,0.09,0.5,0.993,0.537,0.571
0.62,0.62,1.0,1.0,0.93,0.93,0.18,0.18,0.2,0.2,0.31,0.41,0.09,0.1,0.75,0.42,0.7,0.78,0.49,0.69,0.71,0.49,0.49,0.61,0.42,0.62,0.42,0.09,0.53,0.993,0.523,0.586
0.61,0.61,1.0,1.0,0.94,0.94,0.22,0.22,0.21,0.21,0.06,0.68,0.1,0.12,0.75,0.41,0.73,0.77,0.48,0.73,0.74,0.48,0.48,0.62,0.42,0.63,0.41,0.09,0.53,0.993,0.493,0.595
0.59,0.59,1.0,1.0,0.95,0.95,0.16,0.16,0.32,0.32,0.0,0.77,0.12,0.13,0.75,0.38,0.73,0.75,0.51,0.73,0.74,0.51,0.51,0.63,0.42,0.64,0.41,0.08,0.53,0.993,0.477,0.599
0.59,0.59,1.0,1.0,0.96,0.96,0.16,0.16,0.33,0.33,0.0,0.74,0.12,0.13,0.75,0.38,0.78,0.75,0.48,0.78,0.78,0.48,0.48,0.63,0.41,0.64,0.41,0.08,0.54,0.993,0.475,0.585
0.58,0.58,1.0,1.0,0.96,0.96,0.16,0.16,0.33,0.33,0.0,0.77,0.12,0.13,0.75,0.38,0.77,0.75,0.5,0.76,0.77,0.5,0.5,0.63,0.41,0.64,0.41,0.09,0.54,0.993,0.46,0.578
0.58,0.58,1.0,1.0,0.96,0.96,0.16,0.16,0.28,0.28,0.17,0.55,0.13,0.13,0.75,0.38,0.71,0.75,0.52,0.71,0.72,0.52,0.52,0.64,0.41,0.64,0.41,0.09,0.53,0.993,0.45,0.557
0.59,0.59,1.0,1.0,0.95,0.95,0.16,0.16,0.24,0.24,0.39,0.33,0.1,0.1,0.75,0.38,0.7,0.75,0.52,0.69,0.71,0.52,0.52,0.62,0.42,0.62,0.42,0.1,0.52,0.993,0.407,0.49
0.59,0.59,1.0,1.0,0.95,0.95,0.16,0.16,0.24,0.24,0.45,0.27,0.09,0.09,0.75,0.38,0.71,0.75,0.52,0.7,0.72,0.52,0.52,0.61,0.42,0.61,0.42,0.1,0.52,0.993,0.373,0.435
0.6,0.6,1.0,1.0,0.94,0.94,0.16,0.16,0.25,0.25,0.49,0.24,0.1,0.1,0.75,0.38,0.71,0.75,0.52,0.7,0.72,0.52,0.52,0.62,0.42,0.62,0.42,0.1,0.52,0.993,0.358,0.418
0.6,0.6,1.0,1.0,0.94,0.94,0.16,0.16,0.23,0.23,0.41,0.31,0.1,0.1,0.75,0.38,0.7,0.75,0.52,0.69,0.71,0.52,0.52,0.62,0.42,0.62,0.42,0.1,0.52,0.993,0.35,0.415
0.6,0.6,1.0,1.0,0.94,0.94,0.16,0.16,0.25,0.25,0.54,0.18,0.1,0.1,0.75,0.38,0.69,0.75,0.53,0.68,0.7,0.53,0.53,0.62,0.42,0.62,0.42,0.1,0.51,0.993,0.347,0.406
0.6,0.6,1.0,1.0,0.94,0.94,0.16,0.16,0.25,0.25,0.53,0.19,0.12,0.1,0.75,0.39,0.69,0.75,0.53,0.68,0.7,0.53,0.53,0.63,0.42,0.62,0.42,0.1,0.5,0.986,0.345,0.395
0.62,0.62,1.0,1.0,0.93,0.93,0.69,0.69,0.11,0.11,0.37,0.35,0.15,0.16,0.75,0.4,0.69,0.76,0.48,0.68,0.71,0.48,0.48,0.65,0.41,0.66,0.4,0.13,0.49,0.983,0.343,0.393
0.6,0.6,1.0,1.0,0.94,0.94,0.2,0.2,0.22,0.22,0.38,0.35,0.1,0.1,0.75,0.39,0.69,0.76,0.54,0.68,0.7,0.54,0.54,0.62,0.42,0.62,0.42,0.14,0.46,0.951,0.35,0.396
0.61,0.61,1.0,1.0,0.94,0.94,0.4,0.4,0.15,0.15,0.36,0.36,0.1,0.13,0.75,0.4,0.69,0.76,0.53,0.68,0.7,0.53,0.53,0.62,0.42,0.64,0.41,0.15,0.44,0.91,0.357,0.402
0.6,0.6,1.0,1.0,0.95,0.95,0.16,0.16,0.24,0.24,0.37,0.36,0.09,0.09,0.75,0.38,0.69,0.75,0.55,0.69,0.7,0.55,0.55,0.61,0.42,0.61,0.42,0.15,0.43,0.873,0.363,0.413
0.6,0.6,1.0,1.0,0.94,0.94,0.68,0.68,0.2,0.2,0.36,0.36,0.1,0.15,0.75,0.38,0.7,0.75,0.5,0.69,0.71,0.5,0.5,0.62,0.42,0.65,0.4,0.15,0.42,0.847,0.37,0.419
0.64,0.64,1.0,1.0,0.91,0.91,0.97,0.97,0.25,0.25,0.36,0.36,0.1,0.18,0.75,0.41,0.64,0.77,0.48,0.63,0.64,0.48,0.48,0.62,0.42,0.67,0.4,0.15,0.42,0.822,0.375,0.435
0.63,0.63,1.0,1.0,0.92,0.92,0.96,0.96,0.25,0.25,0.36,0.36,0.12,0.18,0.75,0.42,0.62,0.78,0.48,0.62,0.63,0.48,0.48,0.63,0.42,0.67,0.4,0.15,0.41,0.819,0.385,0.464
0.6,0.6,1.0,1.0,0.94,0.94,0.31,0.31,0.18,0.18,0.37,0.36,0.12,0.13,0.75,0.41,0.71,0.77,0.52,0.7,0.72,0.52,0.52,0.63,0.41,0.64,0.41,0.15,0.42,0.818,0.388,0.525
0.6,0.6,1.0,1.0,0.94,0.94,0.63,0.63,0.21,0.21,0.36,0.37,0.1,0.16,0.75,0.38,0.68,0.75,0.5,0.67,0.69,0.5,0.5,0.62,0.42,0.66,0.4,0.15,0.42,0.821,0.39,0.549
0.61,0.61,1.0,1.0,0.93,0.93,0.92,0.92,0.21,0.21,0.36,0.36,0.12,0.18,0.75,0.4,0.66,0.76,0.48,0.65,0.67,0.48,0.48,0.63,0.42,0.67,0.4,0.14,0.42,0.816,0.397,0.543
0.6,0.6,1.0,1.0,0.95,0.95,0.25,0.25,0.21,0.21,0.37,0.36,0.12,0.12,0.75,0.39,0.7,0.76,0.53,0.69,0.71,0.53,0.53,0.63,0.42,0.63,0.41,0.14,0.42,0.815,0.407,0.528
0.59,0.59,1.0,1.0,0.95,0.95,0.18,0.18,0.23,0.23,0.37,0.35,0.09,0.09,0.75,0.38,0.71,0.75,0.54,0.7,0.72,0.54,0.54,0.61,0.42,0.61,0.42,0.14,0.42,0.818,0.403,0.511
0.59,0.59,1.0,1.0,0.95,0.95,0.16,0.16,0.24,0.24,0.36,0.36,0.09,0.09,0.75,0.37,0.72,0.74,0.54,0.71,0.73,0.54,0.54,0.61,0.42,0.61,0.42,0.14,0.42,0.819,0.4,0.515
0.59,0.59,1.0,1.0,0.95,0.95,0.16,0.16,0.25,0.25,0.36,0.37,0.09,0.09,0.75,0.37,0.72,0.74,0.54,0.71,0.73,0.54,0.54,0.61,0.42,0.61,0.42,0.14,0.42,0.816,0.402,0.51
0.59,0.59,1.0,1.0,0.95,0.95,0.16,0.16,0.26,0.26,0.3,0.42,0.07,0.09,0.75,0.37,0.72,0.74,0.54,0.71,0.73,0.54,0.54,0.6,0.43,0.61,0.42,0.14,0.42,0.813,0.405,0.504
0.58,0.58,1.0,1.0,0.96,0.96,0.16,0.16,0.26,0.26,0.3,0.42,0.07,0.09,0.75,0.37,0.71,0.74,0.55,0.71,0.72,0.55,0.55,0.6,0.43,0.61,0.43,0.14,0.42,0.81,0.407,0.494
0.58,0.58,1.0,1.0,0.96,0.96,0.16,0.16,0.26,0.26,0.3,0.42,0.07,0.09,0.75,0.37,0.71,0.74,0.54,0.71,0.72,0.54,0.54,0.6,0.43,0.61,0.42,0.14,0.42,0.802,0.408,0.494
0.58,0.58,1.0,1.0,0.96,0.96,0.16,0.16,0.26,0.26,0.36,0.36,0.09,0.09,0.75,0.37,0.71,0.74,0.53,0.71,0.72,0.53,0.53,0.61,0.42,0.61,0.42,0.14,0.42,0.803,0.42,0.495
0.58,0.58,1.0,1.0,0.96,0.96,0.16,0.16,0.28,0.28,0.38,0.34,0.09,0.09,0.75,0.36,0.73,0.74,0.53,0.72,0.74,0.53,0.53,0.61,0.42,0.61,0.42,0.13,0.44,0.794,0.415,0.49
0.58,0.58,1.0,1.0,0.96,0.96,0.16,0.16,0.29,0.29,0.39,0.33,0.09,0.09,1.0,0.36,0.74,0.73,0.54,0.73,0.75,0.54,0.54,0.61,0.42,0.61,0.42,0.13,0.45,0.789,0.418,0.492
0.58,0.58,1.0,1.0,0.96,0.96,0.16,0.16,0.3,0.3,0.4,0.32,0.09,0.09,1.0,0.35,0.74,0.73,0.53,0.73,0.75,0.53,0.53,0.61,0.42,0.61,0.42,0.12,0.45,0.779,0.415,0.491
0.57,0.57,1.0,1.0,0.96,0.96,0.16,0.16,0.3,0.3,0.4,0.32,0.1,0.09,1.0,0.35,0.74,0.73,0.53,0.73,0.75,0.53,0.53,0.62,0.42,0.61,0.42,0.12,0.45,0.783,0.418,0.49
0.57,0.57,1.0,1.0,0.97,0.97,0.16,0.16,0.3,0.3,0.4,0.32,0.09,0.09,1.0,0.35,0.74,0.73,0.53,0.73,0.75,0.53,0.53,0.61,0.42,0.61,0.42,0.11,0.46,0.786,0.425,0.496
0.57,0.57,1.0,1.0,0.97,0.97,0.16,0.16,0.31,0.31,0.4,0.33,0.09,0.09,1.0,0.36,0.75,0.73,0.54,0.74,0.76,0.54,0.54,0.61,0.42,0.61,0.42,0.25,0.48,0.781,0.425,0.499
0.6,0.6,1.0,1.0,0.94,0.94,0.53,0.52,0.17,0.17,0.36,0.37,0.07,0.09,1.0,0.38,0.77,0.75,0.55,0.76,0.78,0.55,0.55,0.6,0.43,0.61,0.42,0.56,0.5,0.779,0.42,0.491
0.92,0.92,1.0,1.0,0.68,0.68,0.16,0.16,0.27,0.27,0.33,0.4,0.0,0.0,1.0,0.37,0.89,0.74,0.56,0.88,0.89,0.56,0.56,0.53,0.5,0.53,0.49,0.73,0.5,0.781,0.42,0.491
0.92,0.92,1.0,1.0,0.68,0.68,0.16,0.16,0.23,0.23,0.33,0.39,0.0,0.0,1.0,0.36,0.9,0.73,0.56,0.89,0.9,0.56,0.56,0.5,0.55,0.5,0.54,0.79,0.5,0.782,0.422,0.495
0.92,0.92,1.0,1.0,0.68,0.68,0.16,0.16,0.22,0.22,0.34,0.39,0.0,0.0,1.0,0.36,0.9,0.73,0.56,0.89,0.9,0.56,0.56,0.49,0.57,0.5,0.55,0.82,0.5,0.777,0.415,0.493
0.92,0.92,1.0,1.0,0.68,0.68,0.16,0.16,0.2,0.2,0.33,0.39,0.0,0.0,1.0,0.36,0.88,0.73,0.56,0.87,0.89,0.56,0.56,0.49,0.57,0.5,0.55,0.83,0.5,0.774,0.413,0.497
0.92,0.92,1.0,1.0,0.68,0.68,0.16,0.16,0.2,0.2,0.33,0.39,0.0,0.0,1.0,0.36,0.88,0.73,0.56,0.87,0.89,0.56,0.56,0.49,0.56,0.5,0.55,0.83,0.5,0.774,0.417,0.496
0.92,0.92,1.0,1.0,0.68,0.68,0.16,0.16,0.22,0.22,0.33,0.4,0.0,0.0,1.0,0.36,0.88,0.73,0.56,0.87,0.89,0.56,0.56,0.49,0.56,0.5,0.55,0.84,0.5,0.771,0.42,0.497
0.92,0.92,1.0,1.0,0.68,0.68,0.16,0.16,0.21,0.21,0.34,0.39,0.0,0.0,1.0,0.35,0.87,0.73,0.56,0.86,0.88,0.56,0.56,0.5,0.55,0.51,0.53,0.84,0.5,0.769,0.42,0.497
0.91,0.91,1.0,1.0,0.69,0.69,0.16,0.16,0.21,0.21,0.34,0.39,0.0,0.0,1.0,0.35,0.87,0.73,0.56,0.86,0.88,0.56,0.56,0.5,0.54,0.51,0.52,0.84,0.5,0.767,0.42,0.497
0.91,0.91,1.0,1.0,0.69,0.69,0.16,0.16,0.2,0.2,0.34,0.39,0.0,0.0,1.0,0.35,0.87,0.72,0.56,0.86,0.88,0.56,0.56,0.5,0.54,0.52,0.52,0.84,0.5,0.768,0.422,0.497
0.91,0.91,1.0,1.0,0.69,0.69,0.16,0.16,0.19,0.19,0.34,0.39,0.0,0.0,1.0,0.35,0.87,0.72,0.56,0.86,0.88,0.56,0.56,0.51,0.52,0.52,0.5,0.85,0.5,0.769,0.423,0.495
0.89,0.89,1.0,1.0,0.71,0.71,0.16,0.16,0.17,0.17,0.34,0.38,0.0,0.0,0.75,0.35,0.84,0.72,0.55,0.83,0.86,0.55,0.55,0.52,0.51,0.52,0.5,0.85,0.5,0.739,0.42,0.507
0.89,0.89,1.0,1.0,0.71,0.71,0.16,0.16,0.15,0.15,0.36,0.37,0.06,0.03,0.75,0.35,0.81,0.73,0.55,0.79,0.83,0.55,0.55,0.59,0.43,0.57,0.44,0.85,0.5,0.72,0.415,0.519
0.89,0.89,1.0,1.0,0.71,0.71,0.16,0.16,0.14,0.14,0.36,0.37,0.09,0.06,0.75,0.35,0.78,0.73,0.55,0.76,0.79,0.55,0.55,0.61,0.42,0.59,0.43,0.85,0.5,0.711,0.418,0.509
0.87,0.87,1.0,1.0,0.72,0.72,0.16,0.16,0.13,0.13,0.35,0.38,0.1,0.07,0.75,0.36,0.73,0.73,0.54,0.72,0.75,0.54,0.54,0.62,0.42,0.6,0.43,0.85,0.5,0.712,0.42,0.505
0.89,0.89,1.0,1.0,0.7,0.7,0.16,0.16,0.11,0.11,0.36,0.36,0.15,0.1,0.5,0.37,0.72,0.74,0.53,0.71,0.74,0.53,0.53,0.65,0.41,0.62,0.42,0.84,0.5,0.71,0.415,0.501
0.9,0.9,1.0,1.0,0.7,0.7,0.16,0.16,0.1,0.1,0.37,0.35,0.15,0.12,0.5,0.39,0.72,0.75,0.51,0.71,0.74,0.51,0.51,0.65,0.41,0.63,0.42,0.83,0.5,0.705,0.405,0.502
0.89,0.89,1.0,1.0,0.71,0.71,0.16,0.16,0.1,0.1,0.38,0.35,0.15,0.12,0.5,0.4,0.72,0.76,0.51,0.71,0.73,0.51,0.51,0.65,0.41,0.63,0.41,0.83,0.5,0.711,0.398,0.485
0.88,0.88,1.0,1.0,0.72,0.72,0.16,0.16,0.09,0.09,0.38,0.34,0.13,0.12,0.75,0.4,0.72,0.76,0.51,0.71,0.74,0.51,0.51,0.64,0.41,0.63,0.41,0.82,0.5,0.711,0.397,0.471
0.86,0.86,1.0,1.0,0.73,0.73,0.16,0.16,0.1,0.1,0.39,0.34,0.13,0.12,0.75,0.4,0.72,0.76,0.51,0.71,0.74,0.51,0.51,0.64,0.41,0.63,0.42,0.81,0.5,0.752,0.39,0.465
0.82,0.82,1.0,1.0,0.76,0.76,0.16,0.16,0.11,0.11,0.39,0.34,0.1,0.1,0.75,0.4,0.72,0.77,0.51,0.71,0.74,0.51,0.51,0.62,0.42,0.62,0.42,0.8,0.5,0.774,0.387,0.463
0.8,0.8,1.0,1.0,0.78,0.78,0.16,0.16,0.12,0.12,0.39,0.34,0.06,0.06,0.75,0.4,0.73,0.76,0.51,0.72,0.74,0.51,0.51,0.59,0.43,0.59,0.43,0.73,0.5,0.794,0.378,0.457
0.78,0.78,1.0,1.0,0.8,0.8,0.37,0.37,0.12,0.12,0.39,0.34,0.0,0.0,0.75,0.44,0.71,0.79,0.53,0.69,0.73,0.53,0.53,0.54,0.48,0.55,0.45,0.66,0.5,0.807,0.378,0.46
0.68,0.68,1.0,1.0,0.88,0.88,0.26,0.26,0.15,0.15,0.39,0.33,0.0,0.04,0.75,0.45,0.7,0.8,0.53,0.68,0.72,0.53,0.53,0.55,0.45,0.58,0.44,0.53,0.5,0.821,0.383,0.46
0.66,0.66,1.0,1.0,0.89,0.89,0.16,0.16,0.19,0.19,0.4,0.32,0.02,0.06,0.75,0.43,0.74,0.78,0.53,0.73,0.76,0.53,0.53,0.56,0.45,0.59,0.43,0.44,1.0,0.832,0.382,0.464
0.65,0.65,1.0,1.0,0.91,0.91,0.16,0.16,0.21,0.21,0.41,0.32,0.09,0.09,0.75,0.38,0.8,0.75,0.5,0.79,0.82,0.5,0.5,0.61,0.42,0.61,0.42,0.37,1.0,0.844,0.387,0.465
0.63,0.63,1.0,1.0,0.92,0.92,0.16,0.16,0.24,0.24,0.4,0.33,0.13,0.1,0.75,0.36,0.87,0.73,0.5,0.85,0.89,0.5,0.5,0.64,0.41,0.62,0.42,0.3,1.0,0.854,0.39,0.466
0.61,0.61,1.0,1.0,0.93,0.93,0.16,0.16,0.26,0.26,0.39,0.33,0.16,0.06,1.0,0.34,0.89,0.72,0.5,0.87,0.91,0.5,0.5,0.66,0.4,0.59,0.43,0.21,1.0,0.869,0.388,0.464
0.6,0.6,1.0,1.0,0.94,0.94,0.16,0.16,0.28,0.28,0.4,0.33,0.18,0.03,1.0,0.29,0.95,0.68,0.37,0.94,0.96,0.37,0.37,0.67,0.4,0.57,0.44,0.11,1.0,0.898,0.392,0.472
0.58,0.58,1.0,1.0,0.96,0.96,0.16,0.16,0.32,0.32,0.41,0.31,0.0,0.0,1.0,0.24,0.98,0.64,0.29,0.98,0.98,0.29,0.29,0.36,0.82,0.31,0.92,0.11,0.77,0.936,0.395,0.479
0.57,0.57,1.0,1.0,0.96,0.96,0.16,0.16,0.34,0.34,0.43,0.29,0.0,0.0,1.0,0.23,0.98,0.64,0.28,0.98,0.99,0.28,0.28,0.31,0.92,0.31,0.92,0.11,0.64,0.96,0.4,0.485
0.57,0.57,1.0,1.0,0.97,0.97,0.16,0.16,0.34,0.34,0.44,0.29,0.0,0.0,1.0,0.23,0.99,0.63,0.27,0.99,0.99,0.27,0.27,0.31,0.92,0.31,0.92,0.08,0.59,0.983,0.415,0.478
0.57,0.57,1.0,1.0,0.97,0.97,0.16,0.16,0.34,0.34,0.44,0.28,0.0,0.0,1.0,0.22,0.99,0.63,0.27,0.99,0.99,0.27,0.27,0.35,0.83,0.31,0.91,0.07,0.64,0.993,0.43,0.485
0.56,0.56,1.0,1.0,0.97,0.97,0.16,0.16,0.36,0.36,0.44,0.28,0.0,0.0,1.0,0.22,0.98,0.63,0.27,0.98,0.99,0.27,0.27,0.45,0.64,0.42,0.71,0.05,0.61,0.993,0.437,0.498
0.57,0.57,1.0,1.0,0.97,0.97,0.76,0.58,0.22,0.22,0.42,0.31,0.0,0.0,1.0,0.27,0.98,0.67,0.28,0.98,0.98,0.28,0.28,0.44,0.66,0.43,0.68,0.04,0.57,0.993,0.448,0.509
0.56,0.56,1.0,1.0,0.97,0.97,0.16,0.16,0.31,0.31,0.44,0.28,0.04,0.0,1.0,0.25,0.97,0.65,0.27,0.97,0.98,0.27,0.27,0.58,0.44,0.54,0.46,0.04,0.57,0.993,0.468,0.517
0.49,0.49,0.9,0.9,1.0,1.0,0.16,0.16,0.32,0.32,0.45,0.28,0.13,0.06,1.0,0.23,0.98,0.64,0.26,0.98,0.98,0.26,0.26,0.64,0.41,0.59,0.43,0.03,0.56,0.993,0.485,0.524
0.56,0.56,1.0,1.0,0.98,0.98,0.16,0.16,0.3,0.3,0.45,0.28,0.16,0.12,1.0,0.3,0.9,0.69,0.37,0.89,0.9,0.37,0.37,0.66,0.4,0.63,0.41,0.07,0.52,0.993,0.508,0.523
0.57,0.57,1.0,1.0,0.97,0.97,0.16,0.16,0.28,0.28,0.44,0.28,0.22,0.16,0.75,0.35,0.73,0.73,0.51,0.72,0.74,0.51,0.51,0.7,0.38,0.66,0.4,0.15,0.44,0.993,0.525,0.528
0.6,0.6,1.0,1.0,0.95,0.95,0.63,0.63,0.11,0.11,0.45,0.28,0.33,0.3,0.75,0.37,0.6,0.74,0.56,0.58,0.62,0.56,0.56,0.77,0.35,0.75,0.36,0.41,0.33,0.984,0.553,0.529
0.76,0.76,1.0,1.0,0.81,0.81,0.24,0.23,0.17,0.17,0.44,0.28,0.18,0.2,0.75,0.37,0.65,0.74,0.56,0.63,0.67,0.56,0.56,0.67,0.4,0.68,0.39,0.66,0.5,0.958,0.582,0.526
0.92,0.92,1.0,1.0,0.68,0.68,0.16,0.16,0.16,0.16,0.44,0.29,0.22,0.21,0.75,0.32,0.73,0.7,0.56,0.72,0.74,0.56,0.56,0.7,0.38,0.69,0.39,0.78,0.5,0.924,0.608,0.53
0.92,0.92,1.0,1.0,0.68,0.68,0.16,0.16,0.13,0.13,0.43,0.29,0.38,0.36,0.5,0.32,0.7,0.7,0.56,0.7,0.7,0.56,0.56,0.8,0.34,0.79,0.34,0.85,0.5,0.892,0.625,0.532
0.92,0.92,1.0,1.0,0.68,0.68,0.16,0.16,0.12,0.12,0.43,0.3,0.49,0.48,0.5,0.31,0.67,0.69,0.56,0.67,0.67,0.56,0.56,0.88,0.3,0.87,0.31,0.89,0.5,0.838,0.652,0.52
0.92,0.92,1.0,1.0,0.68,0.68,0.16,0.16,0.11,0.11,0.42,0.31,0.54,0.51,0.5,0.3,0.64,0.69,0.56,0.64,0.64,0.56,0.56,0.91,0.29,0.89,0.3,0.9,0.5,0.798,0.672,0.51
0.91,0.91,1.0,1.0,0.7,0.7,0.16,0.16,0.11,0.11,0.41,0.32,0.54,0.52,0.25,0.3,0.61,0.68,0.56,0.61,0.61,0.56,0.56,0.91,0.29,0.9,0.3,0.91,0.5,0.761,0.695,0.504
0.9,0.9,1.0,1.0,0.7,0.7,0.16,0.16,0.1,0.1,0.4,0.33,0.54,0.52,0.25,0.29,0.59,0.68,0.56,0.58,0.59,0.56,0.56,0.91,0.29,0.9,0.29,0.91,0.5,0.724,0.708,0.502
0.88,0.88,1.0,1.0,0.72,0.72,0.16,0.16,0.1,0.1,0.39,0.33,0.54,0.52,0.25,0.29,0.59,0.68,0.56,0.58,0.59,0.56,0.56,0.91,0.29,0.9,0.3,0.91,0.5,0.701,0.718,0.505
0.86,0.86,1.0,1.0,0.73,0.73,0.16,0.16,0.11,0.11,0.38,0.34,0.51,0.49,0.25,0.29,0.59,0.68,0.56,0.58,0.59,0.56,0.56,0.89,0.3,0.88,0.31,0.91,0.5,0.694,0.72,0.504
0.82,0.82,1.0,1.0,0.76,0.76,0.21,0.21,0.12,0.12,0.38,0.35,0.48,0.43,0.25,0.3,0.58,0.69,0.56,0.57,0.59,0.56,0.56,0.87,0.31,0.84,0.32,0.91,0.5,0.693,0.723,0.503
0.79,0.79,1.0,1.0,0.79,0.79,0.21,0.21,0.13,0.13,0.38,0.35,0.45,0.4,0.25,0.3,0.58,0.69,0.56,0.57,0.59,0.56,0.56,0.85,0.32,0.82,0.33,0.91,0.5,0.675,0.718,0.501
0.78,0.78,1.0,1.0,0.8,0.8,0.16,0.16,0.14,0.14,0.37,0.36,0.38,0.34,0.25,0.32,0.58,0.7,0.56,0.56,0.59,0.56,0.56,0.8,0.34,0.78,0.35,0.91,0.5,0.671,0.715,0.508
0.75,0.75,1.0,1.0,0.82,0.82,0.2,0.2,0.13,0.13,0.37,0.36,0.38,0.33,0.25,0.32,0.54,0.7,0.56,0.52,0.56,0.56,0.56,0.8,0.34,0.77,0.35,0.9,0.5,0.681,0.712,0.509
0.76,0.76,1.0,1.0,0.82,0.82,0.2,0.2,0.14,0.14,0.36,0.36,0.38,0.33,0.25,0.33,0.54,0.71,0.56,0.52,0.56,0.56,0.56,0.8,0.34,0.77,0.35,0.89,0.5,0.689,0.728,0.52
0.75,0.75,1.0,1.0,0.82,0.82,0.2,0.2,0.14,0.14,0.35,0.37,0.34,0.33,0.25,0.33,0.54,0.71,0.56,0.52,0.56,0.56,0.56,0.78,0.35,0.77,0.35,0.88,0.5,0.701,0.743,0.525
0.74,0.74,1.0,1.0,0.83,0.83,0.2,0.2,0.14,0.14,0.35,0.38,0.34,0.31,0.25,0.34,0.52,0.72,0.56,0.5,0.54,0.56,0.56,0.78,0.35,0.76,0.36,0.86,0.5,0.714,0.758,0.534
0.7,0.7,1.0,1.0,0.86,0.86,0.21,0.21,0.16,0.16,0.3,0.43,0.31,0.3,0.25,0.35,0.55,0.72,0.56,0.52,0.57,0.56,0.56,0.76,0.36,0.75,0.36,0.84,0.5,0.726,0.773,0.539
0.65,0.65,1.0,1.0,0.9,0.9,0.16,0.16,0.23,0.23,0.0,0.75,0.33,0.33,0.5,0.35,0.58,0.72,0.56,0.57,0.6,0.56,0.56,0.77,0.35,0.77,0.35,0.81,0.5,0.769,0.788,0.555
0.66,0.66,1.0,1.0,0.89,0.89,0.16,0.16,0.24,0.24,0.0,0.77,0.34,0.33,0.5,0.35,0.62,0.72,0.56,0.61,0.64,0.56,0.56,0.78,0.35,0.77,0.35,0.8,0.5,0.809,0.793,0.559
0.66,0.66,1.0,1.0,0.89,0.89,0.16,0.16,0.26,0.26,0.0,0.77,0.28,0.27,0.5,0.35,0.62,0.73,0.56,0.61,0.64,0.56,0.56,0.74,0.37,0.73,0.37,0.77,0.5,0.825,0.768,0.563
0.64,0.64,1.0,1.0,0.91,0.91,0.16,0.16,0.26,0.26,0.0,0.78,0.25,0.22,0.5,0.35,0.62,0.73,0.56,0.6,0.65,0.56,0.56,0.72,0.38,0.7,0.38,0.75,0.5,0.853,0.752,0.569
0.66,0.66,1.0,1.0,0.9,0.9,0.29,0.29,0.17,0.17,0.32,0.41,0.2,0.18,0.5,0.36,0.61,0.73,0.56,0.59,0.64,0.56,0.56,0.68,0.39,0.67,0.39,0.75,0.5,0.886,0.733,0.575
0.67,0.67,1.0,1.0,0.88,0.88,0.19,0.19,0.17,0.17,0.36,0.37,0.1,0.1,0.5,0.36,0.67,0.73,0.56,0.65,0.68,0.56,0.56,0.62,0.42,0.62,0.42,0.73,0.5,0.907,0.72,0.569
0.66,0.66,1.0,1.0,0.89,0.89,0.16,0.16,0.18,0.18,0.37,0.36,0.12,0.12,0.75,0.36,0.68,0.73,0.56,0.66,0.7,0.56,0.56,0.63,0.41,0.63,0.42,0.7,0.5,0.924,0.703,0.558
0.67,0.67,1.0,1.0,0.89,0.89,0.34,0.34,0.16,0.16,0.37,0.36,0.1,0.1,0.75,0.37,0.69,0.74,0.56,0.68,0.71,0.56,0.56,0.62,0.42,0.62,0.42,0.64,0.5,0.94,0.685,0.552
0.66,0.66,1.0,1.0,0.9,0.9,0.34,0.34,0.15,0.15,0.38,0.35,0.13,0.12,0.75,0.39,0.66,0.76,0.55,0.64,0.68,0.55,0.55,0.64,0.41,0.63,0.42,0.57,0.5,0.946,0.67,0.539
0.64,0.64,1.0,1.0,0.91,0.91,0.22,0.22,0.18,0.18,0.38,0.34,0.12,0.09,0.75,0.4,0.67,0.76,0.55,0.65,0.68,0.55,0.55,0.63,0.41,0.61,0.42,0.54,0.5,0.952,0.645,0.526
0.63,0.63,1.0,1.0,0.92,0.92,0.19,0.19,0.19,0.19,0.38,0.34,0.12,0.07,0.75,0.41,0.65,0.77,0.54,0.64,0.66,0.54,0.54,0.63,0.42,0.6,0.43,0.49,0.5,0.961,0.608,0.516
0.62,0.62,1.0,1.0,0.93,0.93,0.18,0.18,0.2,0.2,0.37,0.35,0.1,0.07,0.75,0.42,0.65,0.78,0.52,0.64,0.66,0.52,0.52,0.62,0.42,0.6,0.43,0.45,0.5,0.969,0.58,0.503
0.61,0.61,1.0,1.0,0.94,0.94,0.16,0.16,0.21,0.21,0.37,0.36,0.1,0.07,0.75,0.42,0.66,0.78,0.54,0.65,0.67,0.54,0.54,0.62,0.42,0.6,0.43,0.32,0.25,0.971,0.535,0.497
0.6,0.6,1.0,1.0,0.94,0.94,0.16,0.16,0.23,0.23,0.37,0.35,0.18,0.16,0.75,0.38,0.74,0.75,0.52,0.73,0.75,0.52,0.52,0.67,0.4,0.66,0.4,0.14,0.45,0.961,0.518,0.485
0.59,0.59,1.0,1.0,0.95,0.95,0.16,0.16,0.24,0.24,0.37,0.35,0.21,0.2,0.75,0.36,0.76,0.73,0.5,0.75,0.77,0.5,0.5,0.69,0.39,0.68,0.39,0.1,0.56,0.961,0.49,0.471
0.58,0.58,1.0,1.0,0.96,0.96,0.16,0.16,0.25,0.25,0.37,0.35,0.2,0.2,0.75,0.33,0.81,0.71,0.46,0.81,0.82,0.46,0.46,0.68,0.39,0.68,0.39,0.08,0.57,0.959,0.463,0.462
0.56,0.56,1.0,1.0,0.97,0.97,0.16,0.16,0.25,0.25,0.37,0.35,0.2,0.16,1.0,0.25,0.94,0.65,0.3,0.94,0.94,0.3,0.3,0.68,0.39,0.66,0.4,0.03,0.57,0.958,0.437,0.454
0.56,0.56,1.0,1.0,0.98,0.98,0.16,0.16,0.27,0.27,0.37,0.35,0.2,0.12,1.0,0.24,0.96,0.64,0.27,0.96,0.97,0.27,0.27,0.68,0.39,0.63,0.41,0.02,0.59,0.959,0.435,0.453
0.49,0.49,0.91,0.91,1.0,1.0,0.16,0.16,0.29,0.29,0.37,0.35,0.21,0.1,1.0,0.23,0.97,0.63,0.26,0.97,0.98,0.26,0.26,0.69,0.39,0.62,0.42,0.02,0.61,0.955,0.425,0.459
0.56,0.56,1.0,1.0,0.97,0.97,0.46,0.46,0.2,0.2,0.36,0.37,0.22,0.18,1.0,0.24,0.95,0.64,0.29,0.95,0.96,0.29,0.29,0.7,0.38,0.67,0.4,0.02,0.61,0.958,0.422,0.471
0.56,0.56,1.0,1.0,0.98,0.98,0.16,0.16,0.3,0.3,0.35,0.38,0.22,0.15,1.0,0.24,0.96,0.64,0.28,0.96,0.97,0.28,0.28,0.7,0.38,0.65,0.41,0.02,0.61,0.944,0.41,0.475
0.56,0.56,1.0,1.0,0.98,0.98,0.16,0.16,0.33,0.33,0.35,0.37,0.22,0.16,1.0,0.23,0.97,0.64,0.27,0.97,0.97,0.27,0.27,0.7,0.38,0.66,0.4,0.02,0.61,0.922,0.402,0.472
0.46,0.46,0.84,0.84,1.0,1.0,0.16,0.16,0.34,0.34,0.36,0.36,0.22,0.2,1.0,0.23,0.97,0.64,0.28,0.97,0.97,0.28,0.28,0.7,0.38,0.68,0.39,0.02,0.6,0.894,0.38,0.465
0.46,0.46,0.84,0.84,1.0,1.0,0.16,0.16,0.35,0.35,0.36,0.36,0.21,0.13,1.0,0.23,0.97,0.63,0.27,0.97,0.97,0.27,0.27,0.69,0.39,0.64,0.41,0.02,0.59,0.874,0.362,0.471
0.46,0.46,0.84,0.84,1.0,1.0,0.16,0.16,0.34,0.34,0.36,0.36,0.2,0.13,1.0,0.22,0.97,0.63,0.27,0.97,0.98,0.27,0.27,0.68,0.39,0.64,0.41,0.02,0.58,0.864,0.352,0.487
0.46,0.46,0.85,0.85,1.0,1.0,0.16,0.16,0.33,0.33,0.36,0.36,0.2,0.15,1.0,0.23,0.97,0.63,0.28,0.97,0.97,0.28,0.28,0.68,0.39,0.65,0.41,0.02,0.57,0.859,0.343,0.487
0.46,0.46,0.85,0.85,1.0,1.0,0.16,0.16,0.32,0.32,0.36,0.36,0.2,0.15,1.0,0.23,0.95,0.64,0.31,0.95,0.95,0.31,0.31,0.68,0.39,0.65,0.41,0.02,0.56,0.842,0.342,0.496
0.58,0.58,1.0,1.0,0.96,0.96,0.53,0.52,0.16,0.16,0.37,0.35,0.2,0.18,1.0,0.34,0.83,0.71,0.42,0.83,0.84,0.42,0.42,0.68,0.39,0.67,0.4,0.07,0.56,0.834,0.342,0.493
0.58,0.58,1.0,1.0,0.96,0.96,0.21,0.21,0.24,0.24,0.38,0.35,0.15,0.15,0.75,0.35,0.79,0.72,0.48,0.78,0.79,0.48,0.48,0.65,0.4,0.65,0.4,0.09,0.55,0.825,0.325,0.49
0.58,0.58,1.0,1.0,0.96,0.96,0.16,0.16,0.24,0.24,0.38,0.35,0.13,0.15,0.75,0.37,0.75,0.74,0.49,0.74,0.76,0.49,0.49,0.64,0.41,0.65,0.41,0.12,0.56,0.807,0.317,0.482
0.6,0.6,1.0,1.0,0.94,0.94,0.16,0.16,0.23,0.23,0.37,0.36,0.06,0.09,0.75,0.4,0.73,0.76,0.53,0.72,0.75,0.53,0.53,0.59,0.43,0.61,0.43,0.48,0.5,0.794,0.31,0.476
0.78,0.78,1.0,1.0,0.8,0.8,0.16,0.16,0.18,0.18,0.37,0.36,0.04,0.07,0.75,0.38,0.81,0.75,0.53,0.81,0.82,0.53,0.53,0.58,0.44,0.6,0.43,0.71,0.5,0.778,0.303,0.48
0.92,0.92,1.0,1.0,0.68,0.68,0.16,0.16,0.14,0.14,0.37,0.36,0.0,0.0,0.75,0.37,0.86,0.74,0.54,0.85,0.87,0.54,0.54,0.55,0.45,0.55,0.45,0.85,0.5,0.761,0.302,0.482
0.92,0.92,1.0,1.0,0.68,0.68,0.16,0.16,0.11,0.11,0.37,0.36,0.0,0.0,0.75,0.37,0.81,0.74,0.56,0.8,0.82,0.56,0.56,0.55,0.46,0.54,0.46,0.9,0.5,0.746,0.307,0.483
0.92,0.92,1.0,1.0,0.68,0.68,0.16,0.16,0.1,0.1,0.36,0.36,0.1,0.07,0.75,0.36,0.77,0.73,0.56,0.76,0.78,0.56,0.56,0.62,0.42,0.6,0.43,0.9,0.5,0.738,0.315,0.483
0.92,0.92,1.0,1.0,0.68,0.68,0.16,0.16,0.08,0.08,0.36,0.36,0.13,0.1,0.5,0.36,0.73,0.73,0.56,0.72,0.75,0.56,0.56,0.64,0.41,0.62,0.42,0.9,0.5,0.729,0.325,0.483
0.89,0.89,1.0,1.0,0.71,0.71,0.21,0.21,0.13,0.13,0.29,0.43,0.15,0.12,0.5,0.36,0.72,0.73,0.55,0.71,0.74,0.55,0.55,0.65,0.4,0.63,0.41,0.91,0.5,0.699,0.338,0.486
0.87,0.87,1.0,1.0,0.72,0.72,0.16,0.16,0.2,0.2,0.32,0.4,0.16,0.13,0.75,0.36,0.73,0.73,0.54,0.72,0.74,0.54,0.54,0.66,0.4,0.64,0.41,0.9,0.5,0.694,0.345,0.483
0.85,0.85,1.0,1.0,0.74,0.74,0.16,0.16,0.27,0.27,0.3,0.42,0.16,0.13,0.75,0.36,0.73,0.73,0.54,0.72,0.74,0.54,0.54,0.66,0.4,0.64,0.41,0.9,0.5,0.671,0.357,0.468
0.85,0.85,1.0,1.0,0.74,0.74,0.16,0.16,0.26,0.26,0.29,0.44,0.16,0.13,0.75,0.36,0.73,0.73,0.53,0.72,0.74,0.53,0.53,0.66,0.4,0.64,0.41,0.9,0.5,0.665,0.368,0.469
0.84,0.84,1.0,1.0,0.75,0.75,0.16,0.16,0.28,0.28,0.28,0.44,0.18,0.13,0.75,0.37,0.73,0.74,0.52,0.72,0.74,0.52,0.52,0.67,0.4,0.64,0.41,0.87,0.5,0.669,0.385,0.473
0.83,0.83,1.0,1.0,0.76,0.76,0.16,0.16,0.23,0.23,0.43,0.29,0.2,0.18,0.75,0.37,0.72,0.74,0.51,0.71,0.73,0.51,0.51,0.68,0.39,0.67,0.4,0.87,0.5,0.662,0.387,0.47
0.8,0.8,1.0,1.0,0.78,0.78,0.16,0.16,0.24,0.24,0.67,0.07,0.2,0.18,0.75,0.37,0.71,0.74,0.51,0.7,0.72,0.51,0.51,0.68,0.39,0.67,0.4,0.86,0.5,0.669,0.388,0.468
0.81,0.81,1.0,1.0,0.78,0.78,0.16,0.16,0.24,0.24,0.69,0.04,0.2,0.18,0.75,0.37,0.72,0.74,0.51,0.71,0.73,0.51,0.51,0.68,0.39,0.67,0.4,0.86,0.5,0.676,0.39,0.471
0.82,0.82,1.0,1.0,0.77,0.77,0.16,0.16,0.24,0.24,0.69,0.05,0.2,0.16,0.75,0.37,0.73,0.74,0.51,0.72,0.74,0.51,0.51,0.68,0.39,0.66,0.4,0.85,0.5,0.686,0.398,0.473
0.79,0.79,1.0,1.0,0.79,0.79,0.16,0.16,0.2,0.2,0.5,0.23,0.18,0.15,0.75,0.38,0.74,0.74,0.51,0.73,0.75,0.51,0.51,0.67,0.4,0.65,0.4,0.8,0.5,0.719,0.407,0.477
0.76,0.76,1.0,1.0,0.81,0.81,0.23,0.23,0.13,0.13,0.38,0.35,0.1,0.09,0.75,0.38,0.73,0.75,0.51,0.72,0.74,0.51,0.51,0.62,0.42,0.61,0.42,0.71,0.5,0.74,0.437,0.481
0.73,0.73,1.0,1.0,0.84,0.84,0.21,0.21,0.14,0.14,0.39,0.34,0.09,0.06,0.75,0.39,0.72,0.76,0.52,0.71,0.73,0.52,0.52,0.61,0.42,0.59,0.43,0.66,0.5,0.763,0.468,0.482
0.7,0.7,1.0,1.0,0.86,0.86,0.18,0.18,0.17,0.17,0.39,0.34,0.09,0.04,0.75,0.4,0.7,0.76,0.52,0.69,0.71,0.52,0.52,0.61,0.42,0.58,0.44,0.66,0.5,0.799,0.497,0.478
0.67,0.67,1.0,1.0,0.88,0.88,0.16,0.16,0.19,0.19,0.38,0.34,0.09,0.03,0.75,0.4,0.74,0.76,0.52,0.73,0.75,0.52,0.52,0.61,0.43,0.57,0.44,0.66,0.5,0.846,0.513,0.477
0.65,0.65,1.0,1.0,0.9,0.9,0.16,0.16,0.2,0.2,0.38,0.35,0.07,0.03,0.75,0.4,0.74,0.76,0.52,0.73,0.75,0.52,0.52,0.6,0.43,0.57,0.44,0.66,0.5,0.913,0.517,0.482
0.64,0.64,1.0,1.0,0.91,0.91,0.16,0.16,0.21,0.21,0.38,0.35,0.09,0.03,0.75,0.4,0.74,0.76,0.52,0.73,0.75,0.52,0.52,0.61,0.42,0.57,0.44,0.63,0.5,0.953,0.537,0.491
0.62,0.62,1.0,1.0,0.93,0.93,0.16,0.16,0.23,0.23,0.38,0.34,0.07,0.02,0.75,0.46,0.7,0.81,0.51,0.69,0.72,0.51,0.51,0.6,0.43,0.56,0.44,0.42,0.2,0.984,0.553,0.497
0.6,0.6,1.0,1.0,0.95,0.95,0.16,0.16,0.27,0.27,0.38,0.35,0.07,0.03,0.75,0.44,0.69,0.79,0.53,0.68,0.7,0.53,0.53,0.6,0.43,0.57,0.44,0.18,0.17,0.993,0.562,0.506
0.58,0.58,1.0,1.0,0.96,0.96,0.16,0.16,0.63,0.63,0.21,0.52,0.1,0.06,1.0,0.43,0.84,0.79,0.44,0.83,0.85,0.44,0.44,0.62,0.42,0.59,0.43,0.15,0.29,0.993,0.582,0.525
0.59,0.59,1.0,1.0,0.95,0.95,0.16,0.16,0.69,0.69,0.21,0.52,0.13,0.09,1.0,0.39,0.92,0.76,0.38,0.91,0.92,0.38,0.38,0.64,0.41,0.61,0.42,0.11,0.37,0.993,0.598,0.532
0.58,0.58,1.0,1.0,0.96,0.96,0.16,0.16,0.72,0.72,0.24,0.49,0.13,0.09,1.0,0.36,0.93,0.73,0.37,0.92,0.93,0.37,0.37,0.64,0.41,0.61,0.42,0.09,0.4,0.993,0.613,0.544
0.57,0.57,1.0,1.0,0.97,0.97,0.16,0.16,0.35,0.35,0.38,0.34,0.15,0.1,1.0,0.27,0.95,0.66,0.31,0.95,0.95,0.31,0.31,0.65,0.41,0.62,0.42,0.04,0.42,0.993,0.613,0.541
0.46,0.46,0.84,0.84,1.0,1.0,0.16,0.16,0.41,0.41,0.37,0.35,0.16,0.13,1.0,0.24,0.97,0.64,0.28,0.97,0.97,0.28,0.28,0.66,0.4,0.64,0.41,0.03,0.45,0.993,0.618,0.544
0.46,0.46,0.83,0.83,1.0,1.0,0.16,0.16,0.45,0.45,0.36,0.36,0.21,0.12,1.0,0.23,0.97,0.64,0.28,0.97,0.98,0.28,0.28,0.69,0.39,0.63,0.41,0.03,0.49,0.993,0.617,0.545
0.46,0.46,0.83,0.83,1.0,1.0,0.16,0.16,0.45,0.45,0.35,0.37,0.22,0.12,1.0,0.23,0.98,0.63,0.28,0.98,0.98,0.28,0.28,0.7,0.38,0.63,0.42,0.03,0.56,0.993,0.612,0.545
0.46,0.46,0.84,0.84,1.0,1.0,0.16,0.16,0.44,0.44,0.34,0.38,0.28,0.13,1.0,0.23,0.98,0.63,0.29,0.98,0.98,0.29,0.29,0.74,0.36,0.64,0.41,0.03,0.58,0.993,0.617,0.548
0.46,0.46,0.85,0.85,1.0,1.0,0.16,0.16,0.44,0.44,0.33,0.39,0.28,0.13,1.0,0.23,0.97,0.63,0.29,0.97,0.98,0.29,0.29,0.74,0.36,0.64,0.41,0.03,0.61,0.993,0.623,0.549
0.47,0.47,0.86,0.86,1.0,1.0,0.16,0.16,0.43,0.43,0.33,0.39,0.27,0.13,1.0,0.23,0.97,0.63,0.29,0.97,0.98,0.29,0.29,0.73,0.37,0.64,0.41,0.03,0.61,0.993,0.632,0.549
0.47,0.47,0.86,0.86,1.0,1.0,0.16,0.16,0.43,0.43,0.32,0.4,0.27,0.12,1.0,0.23,0.97,0.63,0.29,0.97,0.98,0.29,0.29,0.73,0.37,0.63,0.41,0.03,0.63,0.984,0.66,0.554
0.56,0.56,1.0,1.0,0.98,0.98,0.16,0.16,0.43,0.43,0.32,0.4,0.27,0.12,1.0,0.23,0.97,0.63,0.29,0.97,0.98,0.29,0.29,0.73,0.37,0.63,0.41,0.03,0.64,0.953,0.675,0.558
